Codigo,Nombre,CodigoEstado
1000813-136-AG26,LP_ ADQUISICION DE MATERIALES DE OFICINA PARA EL CUARTEL GENERAL V DE compra ágil: 1000813-90-COT26,12
1000813-149-AG26,LP_ADQUISICIÓN DE ELEMENTOS PARA REPARACIÓN DE CUADRAS DE LOS SLCs DE LA 4TA BRIACO - COMPRA ÁGIL: 1000813-148-COT26,6
1000813-91-CM26,"LP_ADQUISICION DE ALIMENTO PARA PERSONA (4214) PARA SER USADO EN LA COMISION SUBSISTENCIA (RANCHO TROPA) UBICADO EN LA 4TA. BRIACO ""CHORRILLOS"" (REP. SOF. ESTEBAN MARTINEZ HIDALGO TEL. 976677017) OC MP 1000813-91-CM26 dirigida a AGROSUPER COMERCIALIZ",12
1002772-6269-AG26,"CANULA ASPIRACION YANKAUER 18 FR 6MM (PUNTA CORONA CON VENTANA)  /CANULA ASPIRACION YANKAUER 14 FR  ID:1002772-1040-COT26 (AG,TRANSV,2204005003,MTM)",6
1003473-2382-SE26,PROG. PABELLON: MAYO 2026 DESDE 1003473-207-LE25,6
1004-74-SE26,FABRICACION MANGUERAS HIDRAULICAS,4
1004-75-SE26,ORDEN DE COMPRA DESDE 1004-18-LE26 NEUMATICOS CAMION TOLVA,4
1007793-89-AG26, ALFAJORES ARTESANALES PARA ESTUDIANTES DEL CFT ESTATAL DE LA REGIÓN DE LOS LAGOS.,6
1011254-196-AG26,MANOMETROS,4
1019-164-AG26,Orden de Compra generada por invitación a compra ágil: 1019-74-COT26,6
1028871-111-SE26,P02_EE_SEP_MATERIAL ESCOLAR_FEBRERO 2026,12
1028871-118-SE26,P02_EE_SEP_ART.DEPORTIVO_FEBRERO 2026,12
1028871-314-AG26,P01_VINCULACIÓN TERRITORIAL_RESTO_PENDONES_MAYO 2026,6
1028897-364-TD26,Orden de Compra generada por Trato Directo ID 1028897-14-FTD26,6
1030-65-AG26,Orden de Compra generada por invitación a compra ágil: 1030-20-COT26,6
1035206-75-AG26,Orden de Compra generada por invitación a compra ágil: 1035206-78-COT26,4
1038-92-TD26,Orden de Compra generada por Trato Directo ID 1038-18-FTD26,12
1038-95-TD26,Orden de Compra generada por Trato Directo ID 1038-19-FTD26,4
1040758-50-AG26,exp. 33320  Materiales de Aseo; Compra ágil 1040758-56-COT26,6
1040758-51-AG26,Exp 31624 Etiquetas Autoadhesivas; Compra ágil: 1040758-53-COT26,6
1040758-58-AG26,exp. 32439  bolsas de polietileno; Compra ágil: 1040758-52-COT26,6
1057049-14818-SE26,BMC PAC ID.1057049-210-LE24 INT. 1317/2024 PROGRAMA INSUMOS MAYO - JUNIO 2026,6
1057049-14869-SE26,FCU - RE N°1652 ID 1057049-140-LE25 PAC PROGRAMA INSUMOS MAYO 2026,6
1057384-377-SE26,ORDEN DE COMPRA DESDE 1057384-36-L126,6
1057388-220-AG26,OXIMETRO,6
1057388-224-AG26,PAPEL ECOGRAFO,6
1057389-2242-AG26,INSUMOS PARA UCA,12
1057389-2317-AG26,COLUTORIO DE CLORHEXIDINA AL 0.12% 120 ML,12
1057402-2513-SE26,PABELLON.MARZO.SUTURAS.VARIAS.(INS),12
1057402-2701-AG26,"(5074) Adquisición de cables ECG de 10 derivaciones o terminales para electrocardiógrafos marca Nihon Kohden, modelo CardioFax S. Orden de Compra generada por invitación a compra ágil: 1057402-342-COT26",12
1057402-3248-AG26,(5074) Servicio de arriendo de contenedores. Compra ágil: 1057402-480-COT26,12
1057402-4408-AG26,COMP. ALT/C. AVANZADAS/ABRIL/AP. SUPRASORB X + PHMB (INS),12
1057402-4567-SE26,DIALISIS/ABRIL 2026/VENDA ADHESIVA(INS),12
1057402-4607-SE26,PABELLON.ABRIL.PARCHE.FIJACION.9X12.(INS),12
1057402-4829-AG26,(5074) Adquisicion de materiales para confección mobiliarios Pre- Quirúrgico. Compra ágil: 1057402-632-COT26,6
1057402-4858-SE26,GENERALES/MAYO 2026/PAPEL MONITOR (INS),12
1057402-4938-SE26,ESTERILIZACION/MAYO 2026/INDICADOR LAVADO(INS),6
1057402-4993-TD26,Orden de Compra generada por Trato Directo ID 1057402-179-FTD25,4
1057402-4998-SE26,CAE MUJER/MAYO/CANULA PIPELLE DE CORNIER (iNS),4
1057402-5030-SE26,ASEO QX/MAYO/TERAPIA VAC (INS),4
1057402-5033-SE26,NC/MAYO/BERIPLAST 1-3 ML (INS),4
1057402-5037-SE26,NC/MAYO/COLAGENO HEMOSTATICO (INS),4
1057402-5049-SE26,VASCULAR/MAYO/VENDA CINTELA (iNS),6
1057402-5051-SE26,VASCULAR/MAYO/CATETER SWAN GANZ 7 FR (iNS),4
1057402-5079-TD26,Orden de Compra generada por Trato Directo ID 1057402-68-FTD26,4
1057402-5087-SE26,UPC/MAYO/KIT COBERTURA ESTERIL (INS),4
1057402-5111-AG26,(5074) Suscripción de licencia ZOOM Pro. Orden de Compra generada por invitación a compra ágil: 1057402-706-COT26,4
1057402-5130-SE26,PABELLON.MAYO.ANEST.ABRIL.STIMUPLEX.(INS),6
1057402-5155-TD26,Orden de Compra generada por Trato Directo ID 1057402-71-FTD26,4
1057414-337-SE26,CS-SERVICIO DE MOVILIZACIÓN CENTRO DE APOYO COMUNITARIO MES DE ABRIL DE 2026- 22.08.007 - BDSS217819-(aag),4
1057414-338-SE26,CS-SERVICIO DE MOVILIZACIÓN CENTRO DE APOYO COMUNITARIO MES DE MARZO DE 2026- 22.08.007 - BDSS217819-(aag),4
1057417-11378-CM26,"IG msp CM Pedido Mayo, Compra Alimentos",12
1057417-11843-SE26,SG PMT LP OP TRASLADOS DE PASAJEROS LINEA N°1: DIALISIS MARZO 2026 / MEMO N°427.722,4
1057417-11844-SE26,SG PMT LP OP TRASLADOS DE PASAJEROS INCORPORACIÓN LINEA N°3: HOSPITALIZACION DOMICILIARIA MARZO 2026 / MEMO N°427.722,4
1057417-11846-SE26,SG PMT LP OP TRASLADOS DE PASAJEROS LINEA N°3: HOSPITALIZACION DOMICILIARIA MARZO 2026 / MEMO N°427.722,4
1057417-11848-SE26,SG PMT LP OP TRASLADOS DE PASAJEROS LINEA N° 4: VEHÍCULOS C.R. SALUD MENTAL - MARZO 2026 / MEMO N°427.722,4
1057417-11850-SE26,SG PMT LP OP TRASLADOS DE PASAJEROS LINEA N° 4: SALUD MENTAL (PRAIS) - MARZO 2026 / MEMO N°427.722,4
1057417-11898-AG26,"SG FVS AG NAP SDEA ADQUISICIÓN DE BICICLETA ESTÁTICA DE DISEÑO RECLINADO, SOL. N°404.514. (Orden de Compra generada por invitación a compra ágil: 1057417-1881-COT26)",6
1057417-11922-AG26,"IG jpg AG, Pedido mayo 2026 carro materno fetal",6
1057417-11926-SE26,"IG msp LP S.A. 429144, Compra de Bolsas de Poliet. Hospital de campaña",6
1057428-283-SE26,1057428-34-LP25,6
1057429-1055-AG26,ALIMENTOS VARIOS (F),12
1057429-1075-AG26, ARTICULOS DE LIBRERIA,12
1057429-1114-CM26,GAS LICUADO CALDERAS y LAVANDERÍA,12
1057429-841-AG26, ALIMENTOS VARIOS (F),12
1057429-992-SE26,"OXÍGENO DE 10M3 ENTREGA PARCIALIZADA y AIRE DE 0,7 M3",12
1057430-1263-AG26,Reposición Insumo Esterilización (Cepillo limpia lumen),6
1057434-480-AG26,VIDRIO IONOMERO CHEMFIL KIT CEMENTO MOLAR UNIDAD DENTAL CVMF 2026. ,12
1057438-93-CM26,OC: 1057438-93-CM26 Diesel ambulancias,6
1057439-2984-AG26,Orden de Compra generada por invitación a compra ágil: 1057439-2594-COT26,4
1057439-2990-AG26,Frasco 30ml Orden de Compra generada por invitación a compra ágil: 1057439-2596-COT26,4
1057439-3178-AG26,abarrotes varios mayo/ 		1057439-2820-COT26,4
1057439-3187-AG26,OVEROL DESECHABLE / 	1057439-2744-COT26,4
1057439-3191-AG26,articulos de aseo varios / 		1057439-2878-COT26,4
1057439-3207-TD26,Orden de Compra generada por Trato Directo ID 1057439-521-FTD26,4
1057439-3209-TD26,Orden de Compra generada por Trato Directo ID 1057439-525-FTD26,4
1057439-3221-AG26,CINTA DE SILICONA AZUL MINI PARA OCLUSION E IDENTIFICACION VASCULAR: 1057439-2866-COT26,6
1057439-3224-AG26,Orden de Compra generada por invitación a compra ágil: 1057439-2814-COT26,6
1057439-3228-TD26,Orden de Compra generada por Trato Directo ID 1057439-531-FTD26,4
1057439-3240-AG26,CARRO PORTA UTENSILIOS DE ASEO / 1057439-2870-COT26,4
1057439-3241-SE26,Jabón liquido Mayo ,4
1057439-3244-AG26,Orden de Compra generada por invitación a compra ágil: 1057439-2782-COT26,4
1057472-8221-SE26,Compra de Insumos Clínicos,6
1057472-8645-AG26,INSUMOS CLINICOS MAYO ,6
1057472-8711-SE26,ORDEN DE COMPRA DESDE 1057472-15-LQ24,4
1057472-8712-SE26,ORDEN DE COMPRA DESDE 1057472-15-LQ24,4
1057472-8713-SE26,ORDEN DE COMPRA DESDE 1057472-15-LQ24,4
1057472-8714-SE26,ORDEN DE COMPRA DESDE 1057472-138-LQ23,4
1057472-8715-SE26,ORDEN DE COMPRA DESDE 1057472-138-LQ23,4
1057472-8716-SE26,ORDEN DE COMPRA DESDE 1057472-138-LQ23,4
1057473-110-CM26,"Alcohol isopropilico 70%, bajada infusion, guantes de nitrilo DESPACHO PARCIAL",12
1057473-142-AG26,Gel conductor dicardio 250 ml COT 1057473-142-AG26,12
1057473-259-TD25,Orden de Compra generada por Trato Directo ID 1057473-2-FTD25,12
1057473-42-CM26,INSUMOS MEDICOS DESPACHO PARCIALIZADO,12
1057473-438-CM25,INSUMOS MEDICOS,12
1057473-519-AG25,Compra Ágil 1057473-242-COT25 Servicio Carga de Oxígeno Medicinal,12
1057473-82-CM26,"Algodon Torula, Mascarilla 3 capas, jeringas 10 ml, Aposito gasa grande",12
1057476-424-AG26,Adquisición de pases de visita (Coordinación social)l),4
1057476-84-AG26,CALIBRADOR PARA ANTIEPILEPTICO,12
1057480-1148-AG26,Orden de Compra generada por invitación a compra ágil: 1057480-276-COT26,12
1057480-1194-AG26,Orden de Compra generada por invitación a compra ágil: 1057480-280-COT26,12
1057480-1224-SE26,ORDEN DE COMPRA DESDE 1057480-10-LP26,12
1057480-1268-SE26,ECO PLÁSTICOS CHILE SPA,12
1057480-1277-SE26,PLASTICOS MUNOFER Y COMPANIA LIMITADA,12
1057489-6116-SE26,2002220071	MASCARILLA ORONASAL TIPO PHILIPS AF531 ,12
1057489-6314-SE26,O.Q PLACAS Y TUBOS AGAR.,6
1057492-1746-SE26,INSUMOS MEDICOS PROG. MAYO,6
1057492-1758-SE26,A01S0851 ASA DE POLIPECTOMIA 2.8MM (DESECHABLE) PROG. MAYO,6
1057494-1778-SE26,BOLSA DE ASPIRACION 3LT DESECHABLE,6
1057498-1590-AG26,MC INSUMOS DENTAL Orden de Compra generada por invitación a compra ágil: 1057498-1117-COT26,12
1057498-1592-AG26,MC INSUMOS DENTAL Orden de Compra generada por invitación a compra ágil: 1057498-1115-COT26,12
1057498-1824-CM26,OA VENDA NOBAFIX ROLLO GASA ELASTICADA 10 CM X 4 MT Orden de Compra: 1057498-1824-CM26,6
1057501-3527-SE26,PROGRAMACIÓN REACTIVOS HASTA ABRIL 2026,12
1057501-4190-AG26,LOGIST  COMPRA DE  HUEVOS -1384-COT26 ABRIL 2026,12
1057501-4720-SE26,ORDEN DE COMPRA DESDE 1057501-662-LP25,6
1057501-5115-SE26,RPCA MAYO,6
1057501-5128-SE26,PROGRAMACIÓN REACTIVOS HASTA MAYO 2026,6
1057501-852-SE26,COMPRA PROYECTADA ENERO A DICIEMBRE ,12
1057503-1877-AG26,MEMO N°53 SEDILE ABRIL compra ágil: 1057503-1038-COT26,12
1057503-2134-AG26,Orden de Compra generada por invitación a compra ágil: 1057503-1005-COT26,12
1057503-2160-AG26,Orden de Compra generada por invitación a compra ágil: 1057503-1198-COT26,12
1057503-2161-AG26,Orden de Compra generada por invitación a compra ágil: 1057503-1197-COT26,12
1057503-2201-AG26,Orden de Compra generada por invitación a compra ágil: 1057503-1200-COT26,12
1057503-2276-SE26,Programación mayo 2026,12
1057503-2298-CM26,Orden de Compra: 1057503-2298-CM26 (ABRIL),12
1057503-2306-AG26,Orden de Compra generada por invitación a compra ágil: 1057503-1278-COT26,12
1057503-2323-AG26,compra ágil: 1057503-1265-COT26,12
1057503-2328-SE26,TROCAR LAPAROSCOPICO 5X100MM - MAYO,12
1057503-2336-AG26,RESUCITADOR MANUAL CON VALVULA PEEP - 1057503-1287-COT26,12
1057503-2337-AG26,RESUCITADOR MANUAL DESECHABLE PEDRIATRICO Y NEONATAL - 1057503-1288-COT26,12
1057503-2376-AG26,PINZA DE AGARRE ROBIN KELLY -  1057503-1285-COT26,12
1057503-2378-SE26,LIC. 1057503-15-LQ25 (Prog. Mayo 2026),12
1057503-2427-CM26,PROG INSUMOS CLÍNICOS MAYO,6
1057509-5379-SE26,MC TARJETA FUENTE DE PODER 40W LAVADORA NRO.4 SERVICIO DE LAVANDERIA (CONV-CRASI-CCA),6
1057509-5381-SE26,MC SELLO CHAPA DE PUERTA (CONV-CRASI-CCA),6
1057509-5395-AG26,Insumo mes de  Mayo( compra agil-bodega-JOP) 1057509-489-COT26,4
1057509-5396-SE26,Insumo mes de Mayo( convenio  HCHM-Bodega-JOP),4
1057509-5397-SE26,Insumo mes de  mayo( convenio HCHM-Bodega-JOP),4
1057509-5398-TD26,Orden de Compra generada por Trato Directo ID 1057509-1258-FTD26,9
1057509-5399-SE26,INSUMO MES DE MAYO ( Convenio HCHM-bodega-JOP)	,4
1057510-1750-CM26,Ayudas Técnicas Mayo 2026,6
1057510-1759-AG26,Orden de Compra generada por invitación a compra ágil: 1057510-770-COT26; Silla de Rueda Pediatrica,6
1057511-623-CM26,PETROLEO VEHICULOS INSTITUCIONALES MAYO 2026,4
1057512-429-AG26,INSUMOS DENTALES ORTODONCIA,4
1057513-252-SE26,ARRIENDO  FOTOCOPIADORA  E  IMPRESORA ,6
1057514-175-AG26,PARLANTE Y ANILLADORA SALUD MENTAL,6
1057531-174-CC26,Lic 2-LM Elect 31 marzo al 29 abril 2026,4
1057531-175-CC26,"Servicio Desratización, Desinsectación MARZO26",4
1057531-176-CC26,Mant. Prev Plantas Tratam Agua-Mayo2026,4
1057531-177-CC26,Arriendo e Informes Electrocardiografía ABRIL26	,4
1057531-178-SE26,Lic 4 - UCA - FFVV Abril 2026 HRN,4
1057531-180-SE26,UCA - Arriendo Bandejas Térmicas ABRIL 2026 FIN LICITACION,4
1057531-181-CM26,UCA- LACTEOS COLUN ENERO - MAYO 2026,4
1057531-184-CC26,Serv Reg Inf Control Asist Reloj Ctrol Biom ABRIL2,4
1057531-185-CC26,Arriendo Impresoras Mes Marzo 2026	,4
1057532-684-SE26,CC-RVM/Convenio de Movilización Ayekan/Abril 2026,4
1057533-209-CC26,Arriendo Impresoras Multifuncional MAR26,4
1057534-557-CC26,Reactivos Convenio Mayo,6
1057536-1055-AG26,Orden de Compra generada por invitación a compra ágil: 1057536-347-COT26,12
1057536-1360-AG26,MASCARILLAS DESECHABLES,4
1057536-1361-AG26,TRAMADOL 50 MG CM/CP,4
1057536-856-AG26,Orden de Compra generada por invitación a compra ágil: 1057536-280-COT26,12
1057539-2600-AG26,INSUMOS MEDICOS ALMACEN ABRIL/2026,12
1057539-2958-AG26,SOL 2026000359 ABLACIÓN PERCUTANEA,12
1057539-3117-CM26,productos aseo_pedido aseo y ornato,12
1057539-3162-AG26,SOL 2026000265 AGUJA MICROONDAS,12
1057539-3307-SE26,"Memo 53, Eq. Industriales, Mtto. Caldera Biomasa	",6
1057539-3421-AG26,INSUMOS MEDICOS ALMACEN MAYO/2026,6
1057539-3440-SE26,1057539-187-LR24 TRASLADO DE PACIENTE EN AVION AMBULANCIA AEREA_MEMO 81,6
1057539-3441-SE26,1057539-187-LR24 TRASLADO DE PACIENTE EN AVION AMBULANCIA AEREA_MEMO 82,6
1057539-3442-SE26,1057539-187-LR24 TRASLADO DE PACIENTE EN AVION AMBULANCIA AEREA_MEMO 83,6
1057539-3443-SE26,1057539-187-LR24 TRASLADO DE PACIENTE EN AVION AMBULANCIA AEREA_MEMO 84,6
1057539-3464-AG26,contención mamo pie lavanderia 2026-25compra ágil: 1057539-1677-COT26,6
1057539-3518-SE26,INSUMOS MEDICOS MAYO/2026,4
1057539-3525-CM26,INSUMOS MEDICOS MAYO/2026,4
1057540-1270-CM26,"AUL, COMPRA INSUMOS TRANSVERSALES  P/1080",4
1057543-799-CM26,Orden de Compra: 1057543-799-CM26,6
1057544-9325-TD26,Orden de Compra generada por Trato Directo ID 1057544-85-FTD26,6
1057544-9329-SE26,ORDEN DE COMPRA DESDE 1057544-174-LR25	,6
1057545-479-CM26,Orden de Compra: 1057545-479-CM26 COMPRA PASAJES OSORNO-SANTIAGO-OSORNO IDA 13 DE MAYO Y REGRESO 16 DE MAYO FUNCIONARIO RENE FRANJOLA CONTRERAS ,12
1057545-497-AG26,SILLA ERGONOMICA GRANDE PARA FUNCIONARIO Orden de Compra generada por invitación a compra ágil: 1057545-70-COT26,6
1057545-503-SE26,Serv. Mantención Hogar Protegido Enero 26,4
1057545-504-SE26,Serv. Mantención Hogar Protegido Febrero 26,4
1057545-505-SE26,Serv. Mantención Hogar Protegido Marzo 26,4
1057547-6288-SE26,ORDEN DE COMPRA DESDE 1057547-311-LE25,12
1057547-6360-SE26,ORDEN DE COMPRA DESDE 1057547-427-LQ24,12
1057547-6496-SE26,ORDEN DE COMPRA DESDE 1057547-209-LQ25,6
1057547-6615-AG26,Orden de Compra generada por invitación a compra ágil: 1057547-980-COT26,6
1057547-6649-SE26,ORDEN DE COMPRA DESDE 1057547-513-LE25,6
1057547-6690-AG26,Orden de Compra generada por invitación a compra ágil: 1057547-1055-COT26,6
1057547-6710-TD26,Orden de Compra generada por Trato Directo ID 1057547-30-FTD26,6
1057547-6711-SE26,ORDEN DE COMPRA DESDE 1057547-399-LP24,4
1057548-425-AG26,compra ágil: Moause pad y apoya teclado 1057548-253-COT26,4
1057548-452-SE26,Manómetro/regulador de oxígeno lic 1057545-14-LQ25,4
1057548-453-CM26,Orden de Compra: Suturas clip 1057548-453-CM26,4
1057548-459-CM26,Orden de Compra: Liga clip 1057548-459-CM26,4
1057548-460-CM26,Orden de Compra: Endozime 1057548-460-CM26,4
1057548-461-CM26,Orden de Compra: Venda apósito  1057548-461-CM26,4
1057548-463-CM26,Orden de Compra:Insumos esterilización y pabellón 1057548-463-CM26,4
1057548-464-CM26,Orden de Compra:Insumos esterilización (oc parcializada en 2 entregas)1057548-464-CM26,4
1057548-465-CM26,Orden de Compra: Insumos pabellón 1057548-465-CM26,4
1057548-466-CM26,Orden de Compra: Insumos esterilización y pabellón 1057548-466-CM26,4
1057548-467-SE26,Insumos sala de lavado según lic 1057545-51-LP25,4
1057548-468-SE26,Insumos sala de lavado según lic 1057545-51-LP25,6
1057548-470-SE26,Insumos esterilización según lic 1057545-48-LP25,4
1057550-148-SE26,Convenio Suministro de Obras Menores,4
1057552-305-AG26,Orden de Compra generada por invitación a compra ágil: 1057552-166-COT26,12
1057552-325-AG26,Orden de Compra generada por invitación a compra ágil: 1057552-193-COT26,12
1057552-378-SE26,Mantención Preventiva de Equipos clínicos,4
1057627-8-AG26,ARTICULOS DE ASEO CENTRO RECREACIONAL SANTA JUANA - 177 - 1057627-15-COT26,4
1057731-16-AG26,JUEGOS DE SABANAS - BIENESTAR,6
1057804-10-AG26,1057804-10-AG26 Piscina de Pelotas COSAM,6
1057822-5-AG26,ADQUISICIÓN DE TELEVISORES PARA HGGB - PROYECTO CONSERVACIÓN PSIQUIATRÍA,6
1057931-27-AG26,JVZ Compra ágil: 1057931-21-COT26,4
1057931-28-AG26,JVZ compra ágil: 1057931-19-COT26,4
1057944-14-AG26,SILLAS CON DISEÑO ERGONOMETRICO - 1057944-14-COT26,12
1058012-1003-SE26,(FAR) COMITÉ FARMACIA MAYO/ DEUCRAVACITINIB 6 MG CM,12
1058012-1007-SE26,(FAR) FARMACIA AMBULATORIA MAYO / PANCREATINA 10.000 UI CP,12
1058012-1017-SE26,(FAR) FARMACIA AMBULATORIA MAYO / QUETIAPINA 50 MG CM LP,12
1058012-1028-SE26,(FAR) MEDICAMENTO ONCOLOGÍA MAYO / CARFILZOMIB 60 MG LIOFILIZADO SOL INY,12
1058012-1091-SE26,(FAR) STOCK CRITICO MEDICAMENTOS DE ONCOLOGIA/ BLEOMICINA 15 U.I. LIOFILIZADO PARA SOLUCION INYECTABLE,6
1058012-1095-SE26,"(FAR) FALTA CENABAST MAYO/ FOSFATO DE SODIO MONOBASICO 19 GR, FOSFATO DE SODIO DIBASICO 7 GR, CONT DE SODIO (P/DOSIS): 4,4 GR, ENEMA ADULTO",6
1058012-891-SE26,(FAR) RECETARIO MAGISTRAL NO ESTERIL MAYO / POLIESTIRENO SULFONATO DE CALCIO POTE 400 GRS,12
1058012-919-SE26,(FAR) INMUNOSUPRESORES MAYO / ALFACETOANALOGOS DE AMINOACIDOS CM,12
1058012-959-SE26,(FAR) FARMACIA DOSIS UNITARIA MAYO / CEFPODOXIMA 200 MG CM,12
1058012-962-SE26,(FAR) FARMACIA DOSIS UNITARIA MAYO / CLARITROMICINA 250 MG 5 ML FC,12
1058012-970-SE26,(FAR) FARMACIA DOSIS UNITARIA MAYO / NISTATINA 100.000 UI OV,12
1058012-978-SE26,(FAR) FARMACIA DOSIS UNITARIA MAYO / CLORAMFENICOL 1% UNGÜENTO OFTALMICO TUBO,12
1058024-762-AG26,FA CPS AG PEDIDO JUNIO 2026 ,6
1058024-767-AG26,FA JAT AG PEDIDO JUNIO 2026,6
1058028-13-AG26,AG Compra de Medicamento Zuclopentixol para el Hospital de Laja - REQ. 9 - 220400400102 - Folio 54.292 (sma),5
1058036-345-AG26,Programa ITS Recetarios Magistrales,6
1058043-922-AG26,"CIPROFLOXACINO 0.3%, DEXAMETASONA 0.1% SOL. OTICA FC 7.5 ML",6
1058043-947-AG26,ERITROMICINA ETILSUCCINATO CM 500 MG,6
1058043-969-AG26,INSULINA GLARGINA 300 UI / ML LAPICES DESECHABLES,6
1058043-972-AG26,216-0004- AGUA BIDESTILADA AM 1000 ML AM DEBE SER APIROFLEX,4
1058045-464-AG26,Orden de Compra generada por invitación a compra ágil: 1058045-293-COT26,6
1058078-1252-SE26,ORDEN DE COMPRA DESDE 1058078-17-LP26,6
1058078-1500-SE26,ORDEN DE COMPRA DESDE 1058078-90-LR25,6
1058078-1502-AG26,Orden de Compra generada por invitación a compra ágil: 1058078-375-COT26,6
1058078-1509-SE26,ORDEN DE COMPRA DESDE 1058078-69-LQ25	,6
1058078-1511-SE26,ORDEN DE COMPRA DESDE 1058078-87-LE25,4
1058078-1512-SE26,ORDEN DE COMPRA DESDE 1058078-50-LE24	,4
1058086-2374-SE26,ORDEN DE COMPRA DESDE 1058086-2-LP26,6
1058086-2385-SE26,ORDEN DE COMPRA DESDE 1058086-22-LR24,6
1058086-2388-SE26,ORDEN DE COMPRA DESDE 1058086-27-LR24,6
1058086-2390-SE26,ORDEN DE COMPRA DESDE 1058086-21-LR24,6
1058086-2391-SE26,ORDEN DE COMPRA DESDE 1058086-23-LR24,6
1058088-180-SE26,PROGRAMA MAYO/DESDE 1058088-24-LP25; M01D0273 DAPAGLIFLOZINA 10 MG/COMPRA EXTRAORDINARIA POR NO CUMPLIMIENTO CENABAST - FAVOR DESPACHAR URGENTE.,4
1058090-611-SE26,POLIESTIRENO SULFATO SODICO FCO 400 GR,6
1058094-733-AG26,LPR MEDICAMENTOS  compra ágil: 1058094-711-COT26,6
1058094-736-AG26,LPR MEDICAMENTOS compra ágil: 1058094-688-COT26,6
1058094-737-AG26,LPR MEDICAMENTOS a compra ágil: 1058094-707-COT26,6
1058094-738-AG26,LPR MEDICAMENTOS  compra ágil: 1058094-708-COT26,6
1058095-730-SE26,PROGRAMA RECETARIO MAGISTRAL MAYO 2026,6
1058095-739-SE26,PROGRAMA RECETARIO MAGISTRAL MAYO 2026,6
1058095-742-SE26,PROGRAMA RECETARIO MAGISTRAL MAYO 2026,6
1058097-451-AG26,Orden de Compra generada por invitación a compra ágil: 1058097-320-COT26,12
1058097-552-AG26,Orden de Compra generada por invitación a compra ágil: 1058097-385-COT26,6
1058103-354-AG26,FÁRMACOS SC N° 786,6
1058128-3343-AG25,KM TRIHEXIFENIDILO 2 MG. COMP,6
1058128-962-AG26,RM  1150455 POLIESTIRENO SULFONATO CALCICO MP,6
1058128-963-AG26,RM 1090075 POLIETILENGLICOL 3350 ENVASE 150 GR,6
1058128-964-AG26,RM  2157950 SODIO BICARBONATO FARMACOPEA MP,6
1058128-984-SE26,KM EVEROLIMUS 0.75MG COMP,4
1058132-434-TD26,Orden de Compra generada por Trato Directo ID 1058132-6-FTD26,12
1058132-525-TD26,Orden de Compra generada por Trato Directo ID 1058132-9-FTD26,12
1058132-621-SE26,PREP. ONCOLOGICO - MARZO 2026,12
1058132-784-AG26,Orden de Compra generada por invitación a compra ágil: 1058132-37-COT26,12
1058133-54-SE26,Medicamentos Ord N°14 Teledermatologia,4
1058133-56-SE26,Medicamentos Ord N°14 Teledermatologia,4
1058133-57-SE26,Medicamentos Ord N°14 Teledermatologia,4
1058133-58-SE26,Levocetirizina 5 mg/ml gotas Ord N°14 TDM,4
1058141-588-AG26,(APM) FALTA CENABAST ABRIL ID: 1058141-521-COT26,5
1058141-596-AG26,(APM) FALTA CENABAST ABRIL FINERENONA CM 10 MG ID: 1058141-511-COT26,4
1058141-597-AG26,(APM) FALTA CENABAST ABRIL FINERENONA CM 10 MG ID: 1058141-512-COT26,4
1058141-623-AG26,(APM) PEDIDO FARMACIA MAYO ID: 1058141-572-COT26,4
1058141-632-AG26,(JBR) PEDIDO FARMACIA MAYO ESTRADIOL ID: 1058141-546-COT26,4
1058141-633-AG26,(APM) FALTA CENABAST ABRIL  PANCREOLIPASA CP 25000 UI PM ID: 1058141-523-COT26,4
1058141-646-AG26,(APM) PEDIDO FARMACIA MAYO ID: 1058141-578-COT26,5
1058141-720-AG26,(APM) PEDIDO FARMACIA GALENICA MAYO ID: 1058141-643-COT26,6
1058141-724-SE26,(JBR) PEDIDO FARMACIA MAYO,4
1063538-3683-AG26,Orden de Compra generada por invitación a compra ágil: 1063538-986-COT26,6
1067355-159-CM26,"Artículos de aseo, Servicios Generales.",6
1067355-192-AG26, esterilizacion - pinzas y tijera,4
1067526-47-AG26,Orden de Compra generada por invitación a compra ágil: 1067526-44-COT26,12
1070329-111-AG26,JSR-SOL N°105-SERVICIO DE TAPIZADO DE SILLA  DENTAL-DESDE 1070329-64-COT26,12
1070620-4338-SE26,VCT. Reposición CAMIR 11/05/26,4
1070620-4342-SE26,VCT. REPOSICIÓN ARQUIMED BALONES 11/05/26,4
1070620-4344-SE26,vct REPOSICION ARLAB 11/05/2026,4
1075337-8049-SE26,cpt Compra de Insumos clínicos (CUBIERTA ESTERIL/ELECTRODO RADIUS) Pedido de Mayo 2026 desde 1075337-18-LR24,6
1075337-8053-SE26,cpt Compra de Insumos clínicos (EQUIPO INFUSION) Pedido de Mayo 2026 desde 1075337-18-LR24,6
1075337-8074-SE26,cpt Compra de Insumos clínicos (MANGO PARA ELECTROBISTURÍ) Pedido de Mayo 2026 desde 1075337-34-LP25,6
1075337-8075-SE26,cpt Compra de Insumos clínicos (PAPEL PARA VIDEO UPP-110 HG) Pedido de Mayo 2026 desde 1075337-34-LP25,6
1075337-8078-AG26,"rvv Compra Pedido Economato Escritorio (lápiz plumón permanente punta ultra fina negro, rojo, azul) Mayo 2026 compra ágil: 1075337-932-COT26",6
1075337-8081-SE26,cpt Compra de Insumos clínicos (HOJA DE BISTURI/ACIDO POLIGLICOLICO/OTROS) Pedido de Mayo 2026 desde 1075337-3-LR24,6
1075337-8093-SE26,cpt Compra de Insumos clínicos (APÓSITO TULL/TALONERA DE APOSITO/OTROS) Pedido de Mayo 2026 desde 1075337-40-LP25	,4
1075337-8102-SE26,cpt Compra de Insumos clínicos (KIT RIÑON ESTERIL) Pedido de Mayo 2026 desde 1075337-46-LR25,6
1075337-8121-SE26,cpt Compra de Insumos clínicos para Endoscopia (INYECTOR PARA COLONOSCOPIA) pedido de Mayo 2026 desde 1075337-50-LR25,6
1075337-8123-SE26,"cpt Compra de Insumos clínicos para Endoscopia (ASA DE POLIPECTOMÍA 2,5 MM CORTE CALIENTE) Pedido de Mayo 2026 desde 1075337-50-LR25",6
1075337-8133-SE26,cpt Compra de Insumos clínicos (TORULAS GASA ESTÉRILES CON CINTA RADIOPACA) Pedido de Mayo 2026 desde 1075337-52-LR25,6
1075337-8141-SE26,cpt Compra de Insumos clínicos para Urología (KIT TROMPETA SUCCIÓN E IRRIGACIÓN) pedido de Mayo 2026 desde 1075337-59-LR24,6
1075963-1002-AG26,Orden de Compra generada por invitación a compra ágil: 1075963-38-COT26,12
1075963-24608-SE25,ORDEN DE COMPRA DESDE 1075963-79-LE23,12
1075963-3043-SE26,ORDEN DE COMPRA DESDE 1075963-78-LQ23,12
1075963-5420-AG26,Orden de Compra generada por invitación a compra ágil: 1075963-558-COT26,12
1075963-5431-SE26,ORDEN DE COMPRA DESDE 1075963-553-LR24 REORDEN,12
1075963-5596-SE26,ORDEN DE COMPRA DESDE 1075963-505-LE25,12
1075963-5684-SE26,ORDEN DE COMPRA DESDE 1075963-290-LE25,12
1075963-5760-SE26,ORDEN DE COMPRA DESDE 1075963-118-LE24,12
1075963-5784-SE26,ORDEN DE COMPRA DESDE 1075963-371-LE25,12
1075963-5906-SE26,ORDEN DE COMPRA DESDE 1075963-634-LE24,12
1075963-5947-AG26,Orden de Compra generada por invitación a compra ágil: 1075963-619-COT26,12
1075963-5950-SE26,ORDEN DE COMPRA DESDE 1075963-554-LQ24 REORDEN,12
1075963-5956-SE26,ORDEN DE COMPRA DESDE 1075963-555-LQ24 REORDEN,12
1075963-6020-SE26,ORDEN DE COMPRA DESDE 1075963-298-LE25 SR 232246,12
1075963-6063-SE26,ORDEN DE COMPRA DESDE 1075963-78-LQ23 ,12
1075963-6067-SE26,ORDEN DE COMPRA DESDE 1075963-85-LE25,12
1075963-6084-SE26,ORDEN DE COMPRA DESDE 1075963-11-LE26,12
1075963-6089-SE26,ORDEN DE COMPRA DESDE 1075963-158-LP25,12
1075963-6096-AG26,Orden de Compra generada por invitación a compra ágil: 1075963-638-COT26,12
1075963-6108-SE26,ORDEN DE COMPRA DESDE 1075963-234-LQ24,12
1075963-6113-SE26,ORDEN DE COMPRA DESDE 1075963-402-LE25,12
1075963-6344-CM26,Orden de Compra: 1075963-6344-CM26 R: 313141,6
1075963-6351-SE26,OC DESDE 1075963-63-LE25 SR: 232919,4
1075963-6356-CM26,Orden de Compra: 1075963-6356-CM26,6
1077275-11-AG26,ALIMENTOS NO PERECIBLES - INTERVENCIONES COMUNITARIAS - PAASAM - C.A. 1077275-9-COT26,4
1077367-28-SE26,SG PMT LP OP TRASLADOS DE PASAJEROS LINEA N° 4: SALUD MENTAL (SENDA) - MARZO 2026 / MEMO N°427.722,4
1078078-1286-CM26,"SC 24045 - VIVIENDA DE EMERGENCIA - COMUNA DE ANCUD, REGION DE LOS LAGOS",6
1078078-1287-CM26,"SC 24045 - DIFERENTES KIT - COMUNA DE ANCUD, REGION DE LOS LAGOS",6
1078078-1288-CM26,"SC 24054 - VIVIENDA EMERGENCIA - COMUNA DE LOTA, REGION DEL BIOBIO",6
1078078-1289-CM26,"SC 24054 - KIT 4X4 SIN POUCH, HABITABILIDAD - COMUNA DE LOTA, REGION DEL BIOBIO",6
1079445-273-AG26,"ADQ. MATERIALES MANTENCION DE CUARTEL, PINTURA Y ACCESORIOS DEAOPERPOL",6
1079516-416-SE26," MANTENCION 60000 KM VEHICULO MAXUS MODELO D60 ELITE AT SIGLA Z-10722 DEL RETEN QUINTAY, VIN LSKG4BC15RDO49472",12
1079516-421-SE26,"MANTENCION 20000 KM VEHICULO MAXUS MODELO D60 ELITE AT SIGLA Z-10616 DE LA 3RA. COM. LIMACHE, VIN LSKG4BC10RD049380",12
1079516-84-SE26,"MANTENCION 50000 KM VEHICULO MAXUS MODELO D60 ELIT AT SIGLA Z- 10622 DEL RETEN QUINTAY,VIN LSKG4BC15RD049262.",12
1079566-180-AG26,"ADQUISICION DE CALEFONT, DESTINADO A LA COMISION POBLACIONES, DEPENDIENTE DE LA PREFECTURA DE CARABINEROS TALCA",4
1079566-185-AG26,ADQUISICION DE HENO DE ALFALFA PARA CABALLARES Y MULARES FISCALES DE LA ZONA DE CARABINEROS MAULE,4
1079689-182-SE26,ADQUISICIÓN NEUMÁTICOS TEMPORADA DE INVIERNO 2026,6
1079713-149-AG26,ADQUISICION DE SERVICO DE MANTENCION PREVENTIVO BOMBAS CENTRIFUGAS DE AGUA 18 COM. ÑUÑOA,12
1079713-194-CM26,ADQUISICION DE PINTURAS BROCHAS Y RODILLOS UNIDADES ZONA SANTIAGO ESTE,12
1084156-137-AG26,PM 22 P02 SEP - TARJETA DE ALIMENTACIÓN PARA LICEO SAN JUAN BAUTISTA DE HUALQUI,12
1084156-323-AG26,YT 29 P110 13766 FIEP 34229 TABLETS,6
1093219-2-AG25,OC generada por invitación a compra ágil: 1093219-3-COT25,12
1100719-416-SE26,VHG 619133-174-LE25 CONVENCIONALES MAYO,6
1100719-420-SE26,VHG 619133-178-LE24 CONVENCIONALES MAYO,6
1107279-36-AG26,Orden de Compra generada por invitación a compra ágil: 1107279-55-COT26,4
1113403-66-AG26,MEDALLAS JARDINES INFANTILES,6
1126920-88-SE26,RENOVACION TRANSPORTE ESCOLAR Lic 1126920-1-LR25,12
1133261-61-AG26,P01/ RIG: ADM.CENTRAL // COMPRA DE PORTACREDENCIAL MAS LANYARD PARA GESTION DE PERSONAS DEL SLEP DE ATACAMA//id: 1133261-57-COT26,6
1134432-360-AG26,Arriendo de pantalla Led para Lanzamiento Talleres Deportivos 2026 y Desfile Glorias Navales Orden de Compra generada por invitación a compra ágil: 1134432-364-COT26,6
1134883-19-AG26,Orden de Compra generada por invitación a compra ágil: 1134883-17-COT26,4
1145-72-CM26,Adquisición de Calzado de seguridad,12
1151549-103-AG26,ADQUISICIÓN DE AUTOMÁTICOS Y BARRAS PARA PROYECTOS ELÉCTRICOS  1151549-106-COT26,6
1153624-46-SE26,ORDEN DE COMPRA DESDE 1153624-16-L124,12
1153625-22-SE26,ORDEN DE COMPRA DESDE 1153625-4-LE25,12
1161-209-AG26,YHF- OSO EXPTE. N° 2801/2026 SERVICIO DE ASEO 3 MESES compra ágil: 1161-105-COT26,6
1161266-241-AG26,ADQUISICIÓN DE BATERIA 90 AMP. PARA MINIBÚS JAC SUNRAY 2.7 - PATENTE SZBH-76,6
1161266-288-CM26,ADQUISICIÓN DE 50 CANASTAS DE ALIMENTOS - ASISTENCIA SOCIAL,6
1171166-19-CM26,P02 SLEP/ CMG/ ESC ANGELINA SALAS RBD 11033-7 (Ord N°240) - ESC GASPAR CABRALES RBD 382-4 (Ord N°236) - ESC DIEGO PORTALES RBD 380-8 (Ord N°01) - ESC JOSE LUIS OLIVARES (Ord N°98) - ESC IGNACIO DOMEYKO RBD 13135-0 (Ord N°01) / UTILES DE ASEO,12
1171166-65-CM26,P02 SLEP / CMG/ ESCUELA VICENTE SEPULVEDA / RBD 406-5 / ORD N°03-FOLIO 42064 / FUNGIBLES ,12
1172239-40-AG26,CMA-P02-CA- Insumos TP - MECÁNICA AUTOMOTRIZ,12
1172239-60-TD26,Orden de Compra generada por Trato Directo ID 1172239-5-FTD26,12
1172445-72-AG26,P02 SEP/ CMG/ESCUELA GASPAR CABRALES/ RBD 382/ ORD N°29-FOLIO 45963 / INSUMOS TALLER BANDA DE GUERRA ,12
1172953-115-AG26,"Adquisición de insumos actividad 01 de Mayo internos CET, Pastelería. Orden de Compra generada por invitación a compra ágil: 1172953-115-COT26",6
1173041-8-SE26,C.E.T. LYNCH (COMPRA INSUMOS Y MAT. TALLER PANADERIA) F. 003 ENCARGADO PANADERIA,12
1173445-20-AG26,Materiales Stock Bodega:1173445-13-COT26,4
1173445-21-AG26,Papeles e Insumos Imprenta: 1173445-20-COT26,4
1173449-42-AG26,CET TALAGANTE Orden de Compra generada por invitación a compra ágil: 1173449-22-COT26,6
1173474-40-CM26,CET CCP LINARES COMPRA DE GAS SOLICITADA EN FOSOAD 71,4
1173476-14-CM26,"C.E.T Cerrado del C.P.F Talca FOSOAD  Nº67,  Compra de Abarrotes  ",12
1182-8-AG26,Orden de Compra generada por invitación a compra ágil: 1182-3-COT26,4
1201-107-SE26,SErvicio ambulancia CEM 2026,4
1201-108-SE26,"Suministro Ambulancias Pto Aysen, CEM 2026",4
1201-110-AG26,Orden de Compra generada por invitación a compra ágil: 1201-67-COT26,4
1201-111-AG26,Orden de Compra generada por invitación a compra ágil: 1201-68-COT26,4
1210674-84-SE25,Servicio de Fletes para centros de administración directa (EPC),12
1211839-273-AG26,Orden de Compra generada por invitación a compra ágil: 1211839-162-COT26,5
1213002-202-SE26,1213002-202-SE26 SERV DE EXAMEN LABORATOR FEB 2026,6
1213002-203-SE26,1213002-203-SE26 SERV DE EXAMEN LABOR. MARZO 2026,6
1216062-550-SE26,"OT: 149/ Servicio de traslado de personas, carga y",6
1216062-565-AG26,Orden de Compra generada por invitación a compra ágil: 1216062-221-COT26,6
1218392-67-AG26,MATERIALES PARA GUARDIANES DEL PATRIMONIO: 1218392-72-COT26,6
1220190-396-SE26,COMPRA PASAJE NACIONAL,4
1220190-397-SE26,COMPRA PASAJE NACIONAL,4
1220190-398-SE26,COMPRA PASAJE NACIONAL,4
1220190-399-SE26,COMPRA PASAJE NACIONAL,4
1220190-402-SE26,COMPRA PASAJE NACIONAL,4
1220190-403-SE26,COMPRA PASAJE INTERNACIONAL,4
1220190-404-SE26,COMPRA PASAJE INTERNACIONAL,4
1220190-405-SE26,COMPRA PASAJE NACIONAL,4
1220190-406-SE26,COMPRA PASAJE INTERNACIONAL,4
1220190-407-SE26,COMPRA PASAJE INTERNACIONAL,4
1220190-408-SE26,COMPRA PASAJE NACIONAL,4
1220190-409-SE26,COMPRA PASAJE NACIONAL,4
1220190-410-SE26,COMPRA PASAJE INTERNACIONAL,4
1220190-411-SE26,COMPRA PASAJE NACIONAL,4
1220190-412-SE26,COMPRA PASAJE NACIONAL,4
1220190-413-SE26,COMPRA PASAJE INTERNACIONAL,4
1220190-414-SE26,COMPRA PASAJE INTERNACIONAL,4
1220190-415-SE26,COMPRA PASAJE INTERNACIONAL,4
1220190-416-SE26,COMPRA PASAJE NACIONAL,4
1220190-417-SE26,COMPRA PASAJE INTERNACIONAL,4
1220190-418-SE26,COMPRA PASAJE INTERNACIONAL,4
1220190-419-SE26,COMPRA PASAJE INTERNACIONAL,4
1220190-420-SE26,COMPRA PASAJE INTERNACIONAL,4
1220190-421-SE26,COMPRA PASAJE INTERNACIONAL,4
1220190-422-SE26,COMPRA PASAJE INTERNACIONAL,4
1220190-423-SE26,COMPRA PASAJE INTERNACIONAL,4
1229788-56-SE26,Seguro Total de Daños Ambulancias SAMU S. S. Coquimbo,12
1233613-1014-AG26,ADQUISICIÓN LICENCIAS CREATIVE CLOUD OFICINA CENTRAL ,4
1233613-398-SE26,LIBROS DE CALIGRAFÍA ESC BERNARDO DE BRUYNE,12
1233613-528-SE26,SUMINISTRO MAT ENSEÑANZA FEB LICEO SARA BRAUN,12
1233615-162-AG26,NDF/SOL 470-478-479-480/Sala cuna para hijo de funcionaria (marzo a diciembre 2026)1233615-42-COT26,12
1233615-448-SE26,NDF/SOL 70/Servicios de Transporte para alumnos del Liceo Altos del Mackay,12
1233615-477-AG26,NDF/SOLL674/Servicio de traslado para alumnos del Liceo de Mañihuales segun detalle adjunto 1233615-115-COT26,12
1233615-551-SE26,AVT/SOL/00424/Compra de insumos computacionales Escuela Pto. Tranquilo,12
1233615-657-SE26,AVT/SOL/00109/MATERIAL DE ENSEÑANZA ESCUELA CARRETERA AUSTRAL DE BAHÍA MURTA,12
1233615-714-AG26,DMH [SOL-2026-00321] Mantenimiento flota de buses Transporte Escolar SLEP AYSEN ESCUELA DESPERTAR Detalle de la cotización 1233615-199-COT26,12
1233615-755-CM26,DMH [SOL-2026-00362] SUMINISTRO GAS GRANEL LICEO RAUL BROUSSAIN CAMPINO,4
1233616-567-SE26,LEÑA ESCUELA RIBERA DE ÑUBLE SCI N°830,12
1233616-885-SE26,ARTICULOS DE ASEO ESCUELA GUILLERMINA DRAKE SCI N°1146 PROGRAMA 02,12
1233619-477-AG26,Adquisición de Materiales didácticos para Escuela Ema Vásquez Gutiérrez,12
1233619-597-AG26,P02-Textos Escolares para Escuela Purísima Concepción,4
1233619-598-AG26,P02- Implementos para taller de malabarismo de la Escuela las Corrientes,4
1233623-195-AG26,"Orden de Compra generada por invitación a compra ágil: 1233623-139-COT26.  Servicio de Traslado de alumnos por Salida Pedagógica.  Escuela San Francisco de Chiu Chiu, RBD 252",6
1237849-92-AG26,Orden de Compra generada por invitación a compra ágil: 1237849-73-COT26,4
1239966-171-CM26,COMBUSTIBLE PARA VEHICULOS INSTITUCIONALES,6
1242121-212-CM26,F N05 TOALLAS Y ART. DE ASEO STOCK BODEGA 1242121-212-CM26,12
1242121-225-AG26,FORMULARIO N°2 SERVICIO LAVANDERIA1242121-162-COT26,12
1242121-229-AG26,FORMULARIO N°1 UNIDAD DE SERVICIO SOCIAL1242121-172-COT26,12
1242121-234-AG26,FORMULARIO N°14 ODONTOLOGIA 1242121-178-COT26,12
1242121-239-AG26,FORMULARIO N°1 SALUD OCUPACIONAL: 1242121-182-COT26,12
1245440-11-SE26,ORDEN DE COMPRA DESDE 1245440-2-LP26,12
1267885-430-CM26,SALUD-ADQUISICION DE VESTUARIO PARA FUNCIONARIOS SAR PANGUIPULLI-Orden de Compra: 1267885-430-CM26,4
1267885-431-CM26,SALUD-ADQUISICION DE GAS PARA CALEFACCION SAR PANGUIPULLI-Orden de Compra: 1267885-431-CM26,4
1267885-438-AG26,SALUD-ADQUISICION DE RELOJ PARED PARA SAR PANGUIPULLI-Orden de Compra generada por invitación a compra ágil: 1267885-135-COT26,4
1267885-443-TD26,Orden de Compra generada por Trato Directo ID 1267885-7-FTD26,4
1270792-30-AG26,Orden de Compra generada por invitación a compra ágil: 1270792-8-COT26,6
1274565-54-AG26,Orden de Compra generada por invitación a compra ágil: 1274565-46-COT26,6
1279-2-AG26,Orden de Compra generada por invitación a compra ágil: 1279-1-COT26,6
1288-133-SE26,ENLACE DEDICADO Y PUNTO A PUNTO SEDE CUMMING (GBC),12
1288-194-TD26,Orden de Compra generada por Trato Directo ID 1288-2-FTD26,4
1288-235-AG26,FORMULARIO NACIONAL ALIMENTACION/ PLAN ANUAL 2026/ CESFAM/VVS,4
1288-249-CM26,VALES DE GAS LICUADO/ ,4
1289649-29-SE26,ORDEN DE COMPRA DESDE 1289649-11-LE26,6
1293138-101-AG26,ACCESORIOS ODONTOPEDIATRÍA PULPECTOMÍA (GBC),4
1293138-99-AG26,MOCHILA  DE EMERGENCIA (GBC),4
1338-12-TD25,Orden de Compra generada por Trato Directo ID 1338-1-FTD25,12
1338-25-AG26,P03/2409903 DPTO.EDUCACIÓN. SERVICIO DE ALIMENTACIÓN PARA JORNADA REGIONAL DE ACTUALIZACIÓN DEL PLAN DE FORMACIÓN CIUDADANA. Cotizador 1338-10-COT26,12
1338-8-SE25,RENOVACIÓN CONVENIO  1338-2-LE23 01/02/08/21/2208002-2206001-999 MONITOREO ALARMAS 2025-2026-2027,12
1346283-123-AG26,"RUEDAS CON PLACAS GIRATORIA PARA EL CENTRO IP-IRC, COPIAPÓ.",6
1346283-125-AG26,"MATERIALES PARA TALLER DE VITRALES DEL CENTRO IP-IRC, COPIAPÓ.",4
1347776-12-SE26,ORDEN DE COMPRA DESDE 1347776-2-LE26,6
1350129-2-AG26,Orden de Compra generada por invitación a compra ágil: 1350129-2-COT26,6
1350296-850-SE26,"CON/ CS TECNICAS MANUALES BACT. LAB.POR 24 MESES; PLACA AGAR; UTI(L6), CANDINA(L11), GARDNERELLA(L23) Y CNA(L27); ID 1350296-78-LP25;FR 2025-1425-20;MESMAYO 2026;(3 DH);(BIOMERIEUX).",12
1359-9-SE26,ORDEN DE COMPRA DESDE 1359-9-LE26,6
1360-69-AG26,30 Unidades CALEFACTOR HALÓGENO 1000W. Orden de Compra generada por invitación a compra ágil: 1360-27-COT26,6
1366597-1032-TD26,Orden de Compra generada por Trato Directo ID 1366597-376-FTD26,12
1366597-1033-TD26,Orden de Compra generada por Trato Directo ID 1366597-969-FTD25,12
1366597-1034-TD26,Orden de Compra generada por Trato Directo ID 1366597-969-FTD25,12
1366597-1039-TD26,Orden de Compra generada por Trato Directo ID 1366597-379-FTD26,12
1366597-1043-TD26,Orden de Compra generada por Trato Directo ID 1366597-384-FTD26,12
1366597-1044-TD26,Orden de Compra generada por Trato Directo ID 1366597-385-FTD26,12
1366597-1046-TD26,Orden de Compra generada por Trato Directo ID 1366597-386-FTD26,12
1366597-1058-TD26,Orden de Compra generada por Trato Directo ID 1366597-391-FTD26,12
1366597-1064-TD26,Orden de Compra generada por Trato Directo ID 1366597-393-FTD26,12
1366597-1067-TD26,Orden de Compra generada por Trato Directo ID 1366597-394-FTD26,12
1366597-1070-TD26,Orden de Compra generada por Trato Directo ID 1366597-355-FTD26,6
1366597-981-TD26,Orden de Compra generada por Trato Directo ID 1366597-668-FTD25,12
1372647-18-AG26,TINTAS,4
1372647-19-AG26,MATERIAL DE OFICINA,4
1372647-20-AG26,"TIMBRES ,CARPETAS Y LIBRETAS",4
1375761-675-TD26,Orden de Compra generada por Trato Directo ID 1375761-33-FTD26,6
1375761-708-TD26,Orden de Compra generada por Trato Directo ID 1375761-33-FTD26,6
1375761-710-TD26,Orden de Compra generada por Trato Directo ID 1375761-33-FTD26,6
1375761-713-TD26,Orden de Compra generada por Trato Directo ID 1375761-33-FTD26,6
1377068-68-AG26,Orden de Compra generada por invitación a compra ágil: 1377068-31-COT26,6
1380-4236-SE26,DEL ID1380-170-LR25,12
1380-4761-AG26,Orden de Compra generada por invitación a compra ágil: 1380-1869-COT26,6
1380-5599-SE26,ORDEN DE COMPRA DESDE 1380-200-LQ25,12
1380-5920-TD26,Orden de Compra generada por Trato Directo ID 1380-958-FTD26,12
1380-6003-AG26,Orden de Compra generada por invitación a compra ágil: 1380-2427-COT26,6
1380-6004-AG26,Orden de Compra generada por invitación a compra ágil: 1380-2479-COT26,6
1380-6032-SE26,ORDEN DE COMPRA DESDE 1380-141-LE24,6
1380-6040-SE26,ORDEN DE COMPRA DESDE 1380-50-LE25,6
1380-6045-SE26,ORDEN DE COMPRA DESDE 1380-235-LQ25,5
1380-6048-SE26,ORDEN DE COMPRA DESDE 1380-256-LQ25,4
1381-346-CM26,Orden de Compra: 1381-346-CM26,4
1389183-255-AG26,259 CV P02 SERVICIO DE TRASLADO DE ALUMNOS DIA DEL LIBRO,6
1391-782-CM26,"C.P.F Talca FOSOAD  Nº71,  Compra frutas y verduras  para el servicio de alimentación.",12
1395-288-SE26,Cafetería 14 al 17 de abril,4
1395-301-AG26,"Adquisición e Instalación de Cortinas, con tela blackout o SUN OUT, para Dependencias de COSAM Ovalle.",4
1395-308-SE26,Arriendo de Servidores y UPS 4/60,12
1398-505-AG26,Orden de Compra generada por invitación a compra ágil: 1398-168-COT26,4
1398-506-AG26,Orden de Compra generada por invitación a compra ágil: 1398-169-COT26,4
1398-507-AG26,Orden de Compra generada por invitación a compra ágil: 1398-166-COT26,6
1398-514-SE26,ORDEN DE COMPRA DESDE 1398-159-LP24,12
1398-516-SE26,ORDEN DE COMPRA DESDE 1398-35-LE24,12
1398-517-SE26,ORDEN DE COMPRA DESDE 1398-35-LE24,12
1398-518-SE26,ORDEN DE COMPRA DESDE 1398-35-LE24	,12
1398-570-AG26,Orden de Compra generada por invitación a compra ágil: 1398-198-COT26,4
1398-571-SE26,ORDEN DE COMPRA DESDE 1398-82-LR25,4
1398-572-SE26,ORDEN DE COMPRA DESDE 1398-113-LP24,4
1402-206-CM26,"Adquisición de abarrotes para el CDP Peumo, mes de mayo, 2026 ",6
1403-115-SE26,"SERVICIO DE HOSPEDAJE Y ALIMENTACIÓN PARA FUNCIONARIO AGREGADO A PUERTO CISNES, DESDE MARZO A DICIEMBRE 2026",12
1403-281-AG26,COMPRA DE DVD Y SSD PARA DIRECCIÓN REGIONAL DE AYSEN,12
1403-307-AG26,COMPRA DE ARTICULOS DE ASEO PARA LA DIRECCIÓN REGIONAL AYSEN Y UNIDADES DEPENDIENTES ,12
1410-365-AG26,Estado Verde C.R.S. Antofagasta Adquisición de Gift Card para compra de alimentos  a compra ágil: 1410-123-COT26,12
1410-371-CM26,CPF AFTA COMPRA DE LACTEOS PARA BODEGA DE VIVERES,6
1411-1114-CM26,C.D.P. PTE. ALTO ADQ. ALIMENTO DESPACHOS PARCIALIZADOS MAYO,9
1411-1333-CM26,COLINA I ABASTECIMEINTO DE LA UNIDAD ,12
1411-1343-AG26,Orden de Compra generada por invitación a compra ágil: 1411-434-COT26,6
1413-356-AG26,Orden de Compra generada por invitación a compra ágil: 1413-115-COT26,6
1415855-9-SE25,ST 23 RENOVACIÓN DE SERVICIOS DE PRESTACIONES MÉDICICAS PARA PACIENTES BENEFICIARIOS DEL ISL CON INVERSALUD SPA Y HOSPITAL U. MAYOR COMO UTP,12
1417913-322-AG26,"SERVICIO DE OBRAS MENORES PUNTUALES, REPARACIONES E INTERVENCIONES BÁSICAS EN DEPENDENCIAS DE CORMUDESI 1417913-116-COT26",4
1422032-29-CM26,Orden de Compra: 1422032-29-CM26,4
1422039-140-AG26,Orden de Compra generada por invitación a compra ágil: 1422039-146-COT26,6
1422824-1149-CM26,(LER) CONGELADOS UCA MES DE MAYO,12
1422824-1150-SE26,(LER) CARNES UCA MES DE MAYO,12
1422824-1210-CM26,(LER) ABARROTES UCA MAYO,12
1422824-1211-TD26,Orden de Compra generada por Trato Directo ID 1422824-3-FTD26,12
1422824-1243-CM26,(LER) FRUTAS Y VERDURAS UCA MAYO,12
1422824-1319-SE26,(RMM)LABORATORIO CLINICO AREA MICROBIOLOGIA,6
1422824-1326-AG26,(RMM)1422824-859-COT26 TEST DE EMBARAZO,12
1422824-1328-AG26,(RMM)1422824-857-COT26 TEST RAPIDO DE VRDL,6
1422824-1330-AG26,(RMM)1422824-854-COT26DISCO DE OPTOQUINA PARA IDENTIFICACION DE STREPTOCOCCUS PNEUMONIAE,12
1422824-1336-SE26,(RMM)1057554-30-LP24 CLIP DE TITANIO MEDIUM-LARGE MAYO 2026,12
1422824-1338-SE26,(RMM) CLIPS DE TITANIO MAYO 2026,12
1422824-1367-SE26,(RMM) 1057554-5-LQ24 MASCARA LARINGEA DE RESCATE DESECHABLE,12
1422824-1370-SE26,(RMM) 1057554-5-LQ24 MASCARA LARINGEA REUTILIZABLE,6
1422824-1371-AG26,(RMM)1422824-869-COT26 KIT DE REACTIVO 25-OH VITAMINA D,6
1422824-1378-SE26,(RMM)1057554-129-LQ23 INSUMOS GINECO-OBSTETRICO MAYO 2026,6
1422824-1389-SE26,(DOZ) INSUMOS NEURORRADIOLOGIA INTERVENCIONAL,6
1422824-1407-AG26,(LER) 1422824-916-COT26 CONTROL LAVADORAS ULTRASONICAS Y TERMODESINFECTADORAS STOCK PARA 2 MESES,6
1422824-1423-AG26,"(ETL)1422824-897-COT26 Guía hidrofílica 0,035 x150 cms con punta J [222P232] SOLICITA ANGIOGRAFIA",6
1422824-1439-AG26,(RPB)-1422824-948-COT26-SISTEMA MOTORIZADO DE BIOPSIA PARA LESION OSEA + AGUJAS,6
1422824-1440-TD26,Orden de Compra generada por Trato Directo ID 1422824-9-FTD26,6
1422824-1443-AG26,(FCR) 1422824-944-COT26 BRAZALETE DE IDENTIFICACION ROJO,6
1422824-875-CM26,(LER) FRUTAS VERDURAS Y HUEVOS ABRIL UCA,12
1422824-877-CM26,(LER) COMPOTAS ABRIL UCA,12
1422824-885-CM26,(LER) MANJAR ABRIL UCA,12
1422825-921-AG26,(RCP) Ruedas para Cama Mecánica,12
1422825-922-AG26,(RCP) Fuente de Poder para Ventilador Mecánico,12
1422830-110-SE26,(KAC) Clavos Femorales,12
1422830-436-TD25,Orden de Compra generada por Trato Directo ID 1422830-21-FTD25,12
1422832-115-SE26,(ASA) EXAMEN DE PET-CT,6
1422832-116-SE26,(ASA) EXAMEN DE PET-CT,6
1422832-117-SE26,(ASA) EXAMEN DE PET-CT,6
1430709-115-AG26,ADQUISICION DE EXAMENES DE LABORATORIO,4
1432083-574-CM26,FS-RBD 6916 SOL-1317 ADQUISICIÓN DE MATERIAL DE ASEO  PARA ESC. ALBERTO CORDOVA LATORRE - LANCO,12
1432083-655-CM26,"AN, RBD 6764, S.C. 964, SUB.GRAL, GAS A GRANEL, 2203003, ESCUELA ESPAÑA ",12
1432083-656-CM26,"AN, MULTI-RBD, S.C. 1056-1400-1351-1398-8, SUB.GRAL, GAS GRANEL, 2205003, DA VINCI-EL BOSQUE-TTE.MERINO-BICENTENARIO-SANTA MARIA.",12
1432083-753-CM26,"AN, RBD 6751, S.C. 1590, SUB.GRAL, GAS A GRANEL, 2205003,INSTITUTO COMERCIAL VALDIVIA",12
1432083-774-CM26," AN, MULTI-RBD, S.C. 1609-1615-1616-1617, SUB.GRAL, GAS GRANEL, 2205003, L.TÉCNICO, DEPORTIVO, MEXICO.",12
1432083-832-CM26,"AN, RBD 6780-6777-6753, S.C. 1716-1719-1723, SUB.GRAL, GAS A GRANEL, 2205003, ESC. FDO.SANTIVAN, FEDOR DOSTOIEVSKI., LICEO STA. MARIA.",12
1432083-988-AG26,MC- RBD 6899 SC 1935 SERVICIO DE TRASLADO DE ESTUDIANTES PARA SALIDA PEDAGÓGICA LRB 2208999 Orden de Compra generada por invitación a compra ágil: 1432083-529-COT26,6
1447928-8-AG26,Orden de Compra generada por invitación a compra ágil: 1447928-11-COT26,6
1460278-147-CM26,Orden de Compra: 1460278-147-CM26,6
1460278-148-SE26,ORDEN DE COMPRA DESDE 1460278-22-L126,6
1461054-147-AG26,ADQUISICIÓN DE MATERIALES DE LIBRERÍA Y ESCRITORIO PARA COLEGIO JOSÉ MIGUEL CARRERA Orden de Compra generada por invitación a compra ágil: 1461054-140-COT26,6
1463-202-AG26, materiales MANTENCION,4
1465-168-SE26,LP FARMACIA: OXIGENO 0.7 M3 VALVULA PIN),12
1465-19-SE26,LP FARMACIA: OXÍGENO 10 M3,12
1469-1143-AG26,2-41280 Orden de Compra generada por invitación a compra ágil: 1469-1234-COT26,6
1469-1169-AG26,2000041377 Orden de Compra generada por invitación a compra ágil: 1469-1293-COT26,4
1471-35-AG26,ADQUISICION DE MATERIALES PARA CONFECCION DE CREDENCIALES - MICAS TERMOLAMINADORA,6
1481-4-SE26,ORDEN DE COMPRA DESDE 1481-1-L126,6
1485217-63-AG26,ARF/ MANTENCIÓN Y REPARACIÓN SALVAESCALERA/ JSC/1485217-19-COT26,4
1488587-52-SE26,Var de Obra Normalización Eléctrica Casino Central,4
1488-664-SE26,Convenio de Aluminio mes de Abril de 2026,12
1491849-3-AG26,"Orden de Compra generada por invitación a compra ágil: 1491849-3-COT26 Adquisición de Títere para Proyecto VcMyExt 2026 denominado ""Puentes de creatividad: estrategias colaborativas entre la Universidad y la Escuela",6
1499-1908-CM26,ALIMENTACIÓN 1499-1908-CM26,12
1499-2094-CM26,JGS NUTRICION  ,12
1499-2282-SE26,AOH Regularización Dispositivo Electrofisiologia,12
1499-2360-CM26,JGS NUTRICION,12
1499-2412-SE26,JGS REGULARIZACIÓN HEMODINAMIA,12
1499-2413-SE26,RSS REGULARIZACIÓN HEMODINAMIA ,12
1499-2427-SE26,JGS REGULARIZACIÓN HEMODINAMIA,12
1499-2431-SE26,JGS REGULARIZACIÓN HEMODINAMIA,12
1499-2435-CM26,JGS NUTRICION,12
1499-2564-SE26,RSS MAGNESIO (FARMACIA),12
1499-2608-SE26,EML NUTRICION,6
1499-2616-SE26,MCP LICENCIA DE PLATAFORMA DIGITAL 08/24,4
1499887-347-SE26,San Joaquín - Saldo Serv. de Lavadería731-240-SE24,6
1501717-53-AG26,Orden de Compra generada por invitación a compra ágil: 1501717-48-COT26,6
1511-517-CM26,"OC. RESMA DE PAPEL DE OFICIO, CARTA Y OTROS ARTICULOS DE LIBRERIA PARA ABASTECER BODEGA DE ECONOMATO DEL HOSPITAL DE CONSTITUCION ",6
1511-526-CM26,OC. LECHE DESCREMADA PARA LA BODEGA DE ECONOMATO DEL HOSPITAL DE COSTITUCION . ,6
1514-1964-TD26,Orden de Compra generada por Trato Directo ID 1514-85-FTD26,4
1523-11913-CM25,Orden de Compra: 1523-11913-CM25,12
1524054-21-AG26,PENDON Y MINI PENDON PARA PROGRAMA SENDA PREVIENE,6
1524054-24-AG26,LIMPIEZA DE CAÑON Y ESTUFAS PARA USUARIOS PRLAC,6
1532-314-AG26,Orden de Compra generada por invitación a compra ágil: 1532-93-COT26,4
1532-431-SE26,REQ 289 - ORDEN DE COMPRA DESDE 1532-10-LQ25,6
1532-455-SE26,REQ 306 - ORDEN DE COMPRA DESDE 1532-38-LQ25,6
1540-1130-AG26,1540-626-COT26 TEJIDO TUBULAR5X25. STOCK 3 MESES. MAYO 2026. FARMACIA,6
1540-1147-SE26,"1540-94-LE25 CONV. SUMINISTRO PRODUCTO DE NUTRICION ORAL PARA USUARIOS SEDILE/CEFE, MAYO 2026. ALIMENTACION Y NUTRICION.",4
1549-2028-CM26,ADQUISICION DE SONDAS FOLEY,6
1549-2030-AG26,"PAC < 100 UTM - 217-5025 GEL P/PROCTOLOGIA 1 K  - 1549-1833-COT26  ""DESPACHOS PARCIALES""",6
1549-2041-AG26,"EXT./ MENOR A 100 UTM, SOLICITUD EXTRAORDINARIA SEGÚN MEMORÁNDUM N° 3/26 UNIDAD DE ALMACENAMIENTO Y DISTRIBUCION, COD.103-9185 TIMBRE AUTOMATICO RECTANGULAR,  1549-1953-COT26",6
1549-5829-CM25,"PAC/ Orden de Compra: 1549-5829-CM25, SE REQUIERE LA COMPRA DE MANZANA/PLATANO/ZAPALLO ITALIANO/DURAZNO PLATANO/NARANJA/PALTA/TOMATE/PEREJIL",12
1549-644-AG26,PAC: 226-9737 COIL DE LIBERACION CONTROLADA 0.035 - 0.018 / 226-9724 MOCROCATETER VASCULAR / 226-9850 SET LIBERADOR P/COIL  1549-127-COT26,6
1552-190-CM26,SUMINISTRO COMBUSTIBLE DIESEL,6
1554-409-CM26,Orden de Compra: 1554-409-CM26,12
1554-647-AG26,REQUERIMIENTO REPARACION BAÑOS  1554-171-COT26,12
1555-1779-AG26,ELECSYS HCG + BETA CALSET II - CELLPACK DCL 20L (DCL-300A),12
1555-1780-AG26, REACTIVOS BIOQUIMICA,6
1557-147-AG26,Orden de Compra generada por invitación a compra ágil: 1557-58-COT26,5
1557-149-AG26,Orden de Compra generada por invitación a compra ágil: 1557-57-COT26,6
1559-277-SE26,"RECETARIOS MAGISTRALES ID 1559-21-LQ25 (LC,FARM,220400400102,JRT)	",12
1563-24-AG26,Adquisición y distribución de extintores para Sucursales de la DZCS,4
1602-176-SE23,ARRRIENDO DE MAQUINAS DISPENSADORAS (177),12
1605-117-SE26,GC-4520 Implementación Nueva funcionalidad Inclusiones centralizadas y Mejoras al Sistema de Inclusiones Masivas,4
1605-182-SE25,LP-3208 Mantención preventiva Climatización ,12
1605-226-SE24,LP-2308 Soporte y Mantención Plataforma GeoServer ,12
1609-112-TD26,Orden de Compra generada por Trato Directo ID 1609-4-FTD26,12
1609-119-AG26,Orden de Compra generada por invitación a compra ágil: 1609-23-COT26,6
1618-138-SE26,Servicio de Telefonía Fija -abril 2026,6
1622-614-AG26,CONTENCIÓN PARA INMOVILIZACIÓN DE MANOS O PIES ADULTO. Compra ágil: 1622-324-COT26,6
1622-617-CM26,COMBUSTIBLE MAYO,6
1624-94-SE26,ADQUISICION INSUMOS REACTIVOS Y EQUIPOS LABORATORI,6
1627-639-AG26,Orden de Compra generada por invitación a compra ágil: 1627-240-COT26,6
1641-12691-SE26,M.H.V/1641-209-LR24/ABLACION X MICROONDA/PER.MAR.26,6
1641-12692-SE26,M.H.V/1641-209-LR24/HONORARIOS MEDICOS/PER.MAR.26,6
1641-13202-SE26,MVU/2026 - INTRODUCTOR ARTERIAL VALVULA 6 FR 11 CM Y OTRAS MEDIDAS. 1641-516-LP25.,12
1641-13906-SE26,"MOC/MAYO 2026 MARCADOR DE TEJIDO,CANISTER,CASETTE ",12
1641-13907-SE26,MOC/MAYO 2026 AGUJA DE BIOPSIA COAXIAL DESECHABLE ,12
1641-13908-SE26, MOC/MAYO 2026 AGUJA PARA BIOPSIA OSEA DESECHABLE 11GX15 CM 1641,12
1641-14031-AG26,MGM CP 05/2026 INTRODUCTOR DE VAINA 6 Y 8.5 FR a compra ágil: 1641-2527-COT26,12
1641-14034-AG26,MGM CP 05/2026 SUTURAS MANUALES Y REGULADOR  PRECISION  a compra ágil: 1641-2491-COT26,12
1641-14068-SE26,"MOC/MAYO 2026 MARCADOR DE TEJIDO,CANISTER,CASETTE ",12
1641-14127-CM26,amv/ 02-001-003-019	KIT CURACION ESTERIL DESECHABLE Orden de Compra: 1641-14127-CM26,12
1641-14129-SE26,MOC/MAYO 2026 SUMINISTRO DE FILTROS DESLEUCOCITADO,12
1641-14139-AG26,MVU/2026 - PROGRAMA MAYO 2026 -a compra ágil: 1641-2426-COT26 - KIT ASPIRACION TRAQUEAL,12
1643-1100-SE26,GASES CLÍNICOS SEGÚN 1643-119-LP25 mayo,4
1643-1111-AG26,Adquisición de Ligadura Extracción Sangre Libre de Látex con Despacho Incluido: 1643-566-COT26,5
1660-346-AG26,50 Condoneras,6
1661-289-TD26,Orden de Compra generada por Trato Directo ID 1661-120-FTD26,4
1662-634-AG26,SERVICIO RASTREO SATELITAL PLATAFORMA SMARTGPS,12
1662-654-SE26,MANTENCION PREVENTIVA DE EQUIPOS MEDICOS ,12
1662-799-AG26,COMPRA DE EUGENOL,12
1662-858-SE26,ARRIENDO CONTENEDORES - ABRIL 2026,12
1662-859-SE26,ARRIENDO DE ORDENADORES - ABRIL 2026,12
1662-862-AG26,COMPRA DE SERVICIO DE TAXI,12
1662-870-SE26,SERVICIO DE LAVANDERIA - ABRIL 2026,12
1662-875-AG26,COMPRA DE AGUJA HIPODERMICA DESECH.18 GX1 1/2,12
1662-876-AG26, COMPRA DE BOLSA DE ASPIRACION 1.8 LITROS,12
1662-877-AG26,COMPRA DE TELFA CLEAR 30 X 30 CM,12
1662-878-AG26,COMPRA DE RINON DESECHABLE,12
1662-882-CM26,COMPRA DE TROCAR DE PABELLON,12
1662-888-AG26,COMPRA DE GUANTES NITRILO TALLA M,12
1662-925-SE26,COMPRA DE FORMULARIOS,12
1662-930-TD26,Orden de Compra generada por Trato Directo ID 1662-49-FTD26,6
1662-948-AG26,ARTICULOS DE FERRETERIA LAVANDERIA BODEGA PRIMERA ETAPA,4
1662-950-AG26,PENDON TIPO ROLLER UNIDAD DE SALUD MENTAL,4
1681-276-SE26,ARRIENDO CASA MARIO DUEÑAS MES DE ABRIL 2026,6
1681-285-SE26,ARRIENDO CASA MARIO DUEÑAS MES DE FEBRERO 2026,6
1691-680-TD26,Orden de Compra generada por Trato Directo ID 1691-203-FTD26,12
1691-757-SE26,AMM-SOL. COMPRA LABORATORIO N°1938,12
1691-767-TD26,Orden de Compra generada por Trato Directo ID 1691-225-FTD26,12
1691-780-AG26,JMSS - REPOSICIÓN DE INSUMOS CLÍNICOS,6
1691-866-CM26,TRM-SOL.COMPRA N°2125 - CATETER CENTRAL VENOSO 3 LUMEN 7 FR 20 CM,6
1691-872-AG26,Orden de Compra generada por invitación a compra ágil: 1691-540-COT26,4
1691-931-AG26,SOVM-COMERCIALIZACION INSUMOS MEDICOS LTDA. ,4
1691-932-AG26,SOVM-ALLMEDICA S.A.-06/05/26,4
1691-936-AG26,SOVM- LIFEMED SOLUTIONS SPA-06/05/26,4
1691-972-AG26,SOVM-SUR SPA-12/05/26,4
1692-271-AG26,"ADQUISICION DE CAMILLAS CLINICAS PARA LAS POSTAS DE SALUD RURAL, Orden de Compra generada por invitación a compra ágil: 1692-187-COT26",6
1692-275-AG26,SERVICIO DE ARRIENDO DE 8 DOSÍMETROS PARA FUNCIONARIOS DEL HOSPITAL DE COCHRANE,12
1692-285-SE26,SERVICIO DE REHABILITACIÓN FIJA PACIENTE VFB,12
1692-286-SE26,SERVICIO DE REHABILITACIÓN FIJA PACIENTE LVR,12
1692-287-SE26,SERVICIO DE REHABILITACIÓN FIJA PACIENTE EST,12
1700-34-CM26,Carga de gas a granel para el Juzgado de Letras y Garantía de Coelemu 1700-34-CM26,6
1700-35-CM26,Carga de gas a granel para el Juzgado de Letras y Garantía de Quirihue 1700-35-CM26,6
1702-231-AG26,SERVICIOS GENERALES. CIERRE JARDIN TERAPEUTICO RHB,12
1702-259-SE26,CAPACITACION. SERVICIO DE ALIMENTACION CURSOS SEGUN ORDEN DE COMPRA DESDE 1702-13-L126,12
1704-113-AG26,CIRCUITO CON PIEZA EN T CLASICO/KIT RESUCITACION S/MASCARA NEONATAL NEOPUFF Orden de Compra generada por invitación a compra ágil: 1704-65-COT26,12
1704-1713-AG26,CANASTOS BATAS USADAS 1704-1068-COT26,12
1704-2012-AG26,CAJONERA MOVIL 3 CAJONES DE MELAMINA O METAL CON LLAVE 1704-1234-COT26,12
1704-2113-AG26,CARTAS DE RESGUARDO 1704-1290-COT26,12
1704-2203-AG26,Orden de Compra generada por invitación a compra ágil: 1704-1467-COT26,12
1704-2205-AG26,ONDANSETRIN Orden de Compra generada por invitación a compra ágil: 1704-1469-COT26,12
1704-2257-TD26,Orden de Compra generada por Trato Directo ID 1704-455-FTD26,6
1704-2277-AG26,QUETIAPINA Orden de Compra generada por invitación a compra ágil: 1704-1513-COT26,12
1704-2301-AG26,CAPA PARA LA LLUVIA 1704-1494-COT26,12
1704-2380-CM26,CARNES MAYO,12
1718-444-AG26,Orden de Compra generada por invitación a compra ágil: 1718-479-COT26,4
1718-445-AG26,Orden de Compra generada por invitación a compra ágil: 1718-473-COT26,6
1740-53-SE25,SERVICIO DE DEFENSA PENAL PÚBLICA LICITADA. ID N°1740-3-LR25. Z1-OSORNO - DG,12
1741-154-AG26,RESMAS CARTA Y OFICIO  - SERVICIOS GENERALES N° 5 ,6
1746-294-SE25,SERVICIO DE ASEO DEPENDENCIAS SEREMI DE SALUD AYSEN AÑO 2026,12
1750-154-SE26,"Concursos ADP Consultoras Eval., Reclu y Bus. Esp",4
1750-155-SE26,"Concursos ADP Consultoras Eval., Reclu y Bus. Esp",4
1754-331-AG26,LEVONOGESTREL  (1754-306-COT26),6
1758-26-AG26,MONTAJE Y BALANCEO DE NEUMATICOS,12
1758-37-TD26,Orden de Compra generada por Trato Directo ID 1758-9-FTD26,12
1758-44-CM26,Orden de Compra: 1758-44-CM26,12
1776-34-SE26,ADENDUM ONEM 2025 DRA PUNTA ARENAS,12
1776-38-CM26,COMPRA DE PETRÓLEO MAYO 2026,12
1850-8-TD26,Orden de Compra generada por Trato Directo ID 1850-2-FTD26,6
188-345-AG26,Orden de Compra generada por invitación a compra ágil: 188-247-COT26,4
188-350-SE26,AUMENTO DE CONTRATO ,6
1887-27-TD25,Orden de Compra generada por Trato Directo ID 1887-2-FTD25,12
1906-24-SE26,SERVICIO ALARMA OFICINAS SRCEI ARAUCANIA,6
1947-1118-SE26,400-0400_ADQ. BOLSAS DE 90X100 TRANSPARENTE- VARIAS UNIDADES- CAMPAÑA INVIERNO-(JVA),4
1947-2197-SE26,720_ADQ SENSORES Y CONECTORES FALTANTES-EQUIPOS MEDICOS-CAMPAÑA INVIERNO (JVA),4
1947-2204-CM26,221- ADQUISICIÓN POR JERINGA DESECH. 10 CC - MAYO- UNIDADES VARIAS - BCZ,6
1947-2266-SE26,"221 - ADQUISICIÓN POR TROCAR DE ACCESO VIDEOCIRUGIA 10-11MM DIAM, PUNTA ROMA, LARGO 100 MM - MAYO - PABELLONES - BCZ",6
1947-2286-CM26,221- ADQUISICIÓN POR SONDAS DE ALIMENTACIÓN NO ENFIT DIFERENTES MEDIDAS - MAYO - UNIDADES VARIAS - JVC,6
1947-2314-AG26,221 -340 ADQ DE FRESAS Y SIERRAS PARA NEUROCIRUGÍA - PABELLÓN - AUT SDA - Compra ágil: 1947-524-COT26 (GRS),4
1950-1031-AG26,(FMC) BROMURO DE IPRATROPIO 20 MCG/DO AEROSOL PARA INHALACION: 1950-386-COT26,6
1950-983-CM26,(poa) Orden de Compra: 1950-983-CM26,12
1953-796-CM26,502/ADQUISICION DE RELLENO DE GAS A GRANEL PARA BOMBONA DEL CP VALPARAISO,12
1953-799-TD26,Orden de Compra generada por Trato Directo ID 1953-48-FTD26,6
1968-1073-CM26,Adquisición de abarrotes para el servicio de alimentación del Centro de Detención Preventiva de Angol,6
1968-1078-CM26,C.C.P TEMUCO ADQUISICION DE FRUTAS Y VERDURAS PARA CENTRAL ALIMENTACION,4
1969-480-AG26,SERVICIO EJECUCIÓN EMPALME ELÉCTRICO PARA SALA DE VENTAS DEL C.E.T YUMBEL; compra ágil: 1969-191-COT26,6
1973-1564-SE26,(MPC) SERVICIO DESDE 1973-53-LP25,4
1973-1566-SE26,(MFC) SERVICIO DESDE 1973-100-LE24,4
1973-1567-SE26,(MFC) SERVICIO DESDE 1973-85-LE24,4
1973-1568-SE26,(MFC) SERVICIO DESDE 1973-24-LP25,4
1973-1569-TD26,Orden de Compra generada por Trato Directo ID 1973-26-FTD25,4
1973-1590-SE26,(MPC) SUMINISTRO DESDE 1973-64-LQ24,4
1978-384-AG26,CA/CASA DEL DONANTE/JABON LIQUIDO 350 ML/MAYO,6
1987-26-AG26,Compra ágil: 1987-14-COT26 - ADQUISICION BRAZOS HIDRAULICOS DIRECCION REGIONAL DE LOS LAGOS.,4
2004-15-AG26,Orden de Compra generada por invitación a compra ágil: 2004-5-COT26,12
2013-734-AG26,Orden de Compra generada por invitación a compra ágil: 2013-544-COT26,6
2018-91-CM26,Pasajes Eduardo Ibarra y Rodrigo Berrios,6
2046-226-TD26,Orden de Compra generada por Trato Directo ID 2046-4-FTD26,4
2048-1326-AG26,Orden de Compra generada por invitación a compra ágil: 2048-240-COT26,6
2062-20-AG26,COMPRA PROYECTO SAAT LIGRA (ART.LIMPIEZA) Orden de Compra generada por compra ágil: 2062-26-COT26,6
2063-15-AG26,2063-18-COT26 Lápices - SC29,6
2066-226-AG26,Orden de Compra generada por ADQUISICION DE ARTICULOS DE ESCRITORIO PARA EL H. GALVARINO invitación a compra ágil: 2066-80-COT26,6
2067-271-CM26,PECHERA PLASTICA UD CON MANGA,6
2069-3584-SE26,MVP-CP-052026-INSUMOS CLINICOS-LP,6
2069-3609-SE26,MVP-CP-052026-INSUMOS CLINICOS-LQ,6
2069-3773-SE26,PMH-CP-05-2026-INSUMOS CLINICOS LP24,6
2069-3775-SE26,PMH-CP-05-2026-INSUMOS CLINICOS LR23,6
2069-3801-SE26,PMH-CP-05-2026-ISUMOS CLINICOS LP25,6
2069-3805-SE26,PMH-CP-05-2026-INSUMOS CLINICOS-LR24,6
2069-4136-AG26,JRS-CP-052026-PROGRAMA MAYO 2026 FARMACOS-AG,6
2069-4201-TD26,Orden de Compra generada por Trato Directo ID 2069-146-FTD26,6
2069-4215-AG26,GMC-CP-052026-INSUMOS CLINICOS MAYO-AG,6
2069-4241-AG26,JRS-CP-052026-PROGRAMA MAYO 2026 FARMACOS-AG,5
2069-4255-AG26,JRS-CP-052026-PROGRAMA MAYO 2026 FARMACOS-AG,5
2078-793-AG26, Insumos Sección Microbiología de Alimentos y Aguas del Laboratorio de Salud Ambiental de Concepción SC131 / Compra Ágil: 2078-83-COT26,6
2080-2265-SE26,SET DE PERAS  Y ELECTRODOS,12
2080-4195-SE26,CANULA ASPIRACION ENDOMETRIAL DESECHABLE 3.0 MM,6
2099-178-SE26,ADQ. REACTIVOS E INSUMOS MICROBIOLOGIA XII REGION,6
2099-179-SE26,ADQ. REACTIVOS E INSUMOS MICROBIOLOGIA XII REGION,4
2099-180-SE26,ADQ. REACTIVOS E INSUMOS MICROBIOLOGIA XII REGION,4
2099-181-SE26,ADQ. REACTIVOS E INSUMOS MICROBIOLOGIA XII REGION,4
2099-182-SE26,ADQ. REACTIVOS E INSUMOS MICROBIOLOGIA XII REGION,4
2099-183-SE26,ADQ. REACTIVOS E INSUMOS MICROBIOLOGIA XII REGION,6
2099-184-SE26,ADQ. REACTIVOS E INSUMOS MICROBIOLOGIA XII REGION,4
2099-185-SE26,ADQ. REACTIVOS E INSUMOS MICROBIOLOGIA XII REGION,4
2109-653-AG26,INSUMOS GRAFICOS Y/O DE OFICINA,6
2109-923-AG26,TAPA BRANULA (2109-284-COT26).,6
2111-8662-SE26,Mantención Correctiva Cama Linet SN 20080085957 COT.1668 ID 2111-118-LE24,6
2111-8663-SE26,Mantención Correctiva Cama Linet SN 20080085867 COT.1667 ID 2111-118-LE24,6
2111-8665-SE26,Mantención Correctiva Cama Linet SN 20080085885 COT.1669 ID 2111-118-LE24,6
2111-8812-AG26,3403400184 - PROTESIS PARA VARICES ESOFAGICAS:  2111-648-COT26,6
2115-365-SE26,AVASTIN 11.05,4
2115-366-AG26,ELECTROBISTURÍ / 2115-132-COT26,4
2115-367-SE26,2.-Serv. Vigilancia y Seguridad - Abr.2026,4
2122-71-AG26,SERVICIOS DE ALOJAMIENTO Y ALIMENTACIÓN (SALUD Y PUEBLOS INDIGENAS),6
2122-74-AG26,COMPRA DE SERVICIOS DE CALIBRACIÓN (USO),6
2136-102-CM26,COMPRA APOSITO CURACION AVANZADA,12
2136-104-AG26,COMPRA TEJIDO TUBULAR,12
2146-135-SE26,ORDEN DE COMPRA DESDE 2146-47-LE25 MES ABRIL,12
2146-156-SE26,ORDEN DE COMPRA DESDE 2146-5-LE25 CAMIONETA TPCR-3,12
2176-229-SE26,OT visita de emergencia Quilpue,6
2176-230-SE26,OT BOMBAS GARANTIA DE LA LIGUA,6
2178-119-AG26,Mezclador y Amplificador Salas de Audiencia,12
2181-103-AG26,Orden de Compra generada por invitación a compra ágil: 2181-66-COT26,6
2201-281-SE26,Servicio de Limpieza y Lavado de cámaras de Alcantarillado INRPAC Mayo,4
2201-334-AG26, ADQUISICION THERMOLYN CLEAR 15MM COD 616T83=15 (SKU 111P6815) 2201-195-COT26,4
2201-335-AG26,ADQUISICION DE POLIPROPILENO THERMOLYN PP HOMOPOLIMERO 5MM COD 616T20=2000X5  2201-196-COT26,4
2201-336-AG26,Adquisición de boquillas plásticas para válvula Nif Tee2201-202-COT26,4
2201-337-AG26,ADQUISICION DE CHATAS DESECHABLES 2201-203-COT26,4
2201-338-AG26,ADQUISICION DE PATOS URINARIOS DESECHABLES 2201-204-COT26,4
2201-340-SE26,SERVICIOS PROFESIONALES MÉDICOS TRANSITORIOS ABRIL,4
2202-531-AG26,Orden de Compra generada por invitación a compra ágil: 2202-194-COT26,4
2202-533-AG26,Orden de Compra generada por invitación a compra ágil: 2202-144-COT26,4
2202-535-SE26,ORDEN DE COMPRA DESDE 2202-14-LE26,4
2241-14-AG26,Orden de Compra generada por invitación a compra ágil: 2241-16-COT26,4
2258-1081-SE26,INSUMOS PABELLON CARDIOLOGIA,12
2258-2187-AG26,Bolsas de polietileno transparentes Orden de Compra generada por invitación a compra ágil: 2258-251-COT26,12
2258-2402-SE26,INSUMOS DIALISIS CON DESPACHO PARCIAL,12
2258-2563-SE26,OC para 2258-78-LQ25,12
2258-2636-SE26,OC para 2258-92-LQ25,12
2258-28646-AG25,Orden de Compra generada por invitación a compra ágil: 2258-1303-COT25,12
2258-3044-AG26,Orden de Compra generada por invitación a compra ágil: 2258-345-COT26,12
2258-3067-SE26,OC para 2258-53-LQ25,12
2258-3078-AG26,Orden de Compra generada por invitación a compra ágil: 2258-358-COT26,12
2258-3088-SE26,ORDEN DE COMPRA DESDE 2258-172-LR25,12
2258-3121-SE26,OC para 2258-247-LQ25 MARZO 2026,12
2258-3175-AG26,Orden de Compra generada por invitación a compra ágil: 2258-379-COT26,12
2258-3212-AG26,Orden de Compra generada por invitación a compra ágil: 2258-382-COT26,12
2258-3217-CM26,Orden de Compra: 2258-3217-CM26,12
2258-3271-TD26,Orden de Compra generada por Trato Directo ID 2258-16-FTD26,4
2258-3293-AG26,224-0439	STAPLER AUTOMATICO LAPAROSCOPICO TIPO ECHELON 3000 COD REF E,12
2258-3364-AG26,Orden de Compra generada por invitación a compra ágil: 2258-389-COT26,12
2258-3446-SE26,PROGRAMA BODEGA ABRIL 2026,12
2258-3456-CM26,INSUMOS VARIOS LOGISTICA FARMACIA,12
2258-3457-CM26,PROGRAMACION LOGISTICA FARMACIA,12
2258-3467-SE26,PACIENTE 86113 cx 30/04/2026,12
2258-3477-SE26,CINTAS DE FLUORESCEINA,12
2258-3486-SE26,FLUORESCEINA AMP 10%/5ML,12
2258-3500-SE26,SUTURAS VARIAS,12
2258-3511-SE26,ORDEN DE COMPRA DESDE 2258-118-LQ24,12
2258-3516-SE26,INSUMOS UROLOGICOS,12
2258-3521-SE26,CANASTILLO DORMIA,12
2258-3524-SE26,ORDEN DE COMPRA DESDE 2258-136-LR24,12
2258-3525-SE26,CANASTILLO DORMIA NGAGE,12
2258-3526-SE26,CIRCUITO ANESTESIA ADULTO,12
2258-3528-AG26,Orden de Compra generada por invitación a compra ágil: 2258-413-COT26,12
2258-3530-SE26,SUTURAS VARIAS LOGISTICA,12
2258-3541-SE26,CANULA Y TUBO,12
2258-3548-AG26,Orden de Compra generada por invitación a compra ágil: 2258-391-COT26,12
2258-3549-SE26,ORDEN DE COMPRA DESDE 2258-92-LR24,12
2258-3555-SE26,BOLSA RECOLECTORA ORINA,12
2258-3564-SE26,CATETER SWANZ GANZ HEMODINAMIA,12
2258-3568-SE26,FORMALDEHIDO PARA ANATOMIA PATOLOGICA,12
2258-3569-SE26,"MANTAS TERMICAS, DESDE 2258-91-LQ24",12
2258-3680-SE26,ORDEN DE COMPRA DESDE 2258-236-LE24,12
2258-3694-SE26,VITAMINA D 300.000 GOTAS,12
2258-3709-SE26,PICOSULFATO SODIO SOBRES,12
2258-3771-SE26,PCS; OC DESDE 2258-146-LP24.FEB.2026 PLAGAS,12
2258-3772-SE26,PCS; OC DESDE 2258-146-LP24.MARZ.2026 PLAGAS,12
2258-3774-SE26,ORDEN DE COMPRA DESDE 2258-260-LE22,6
2258-3801-SE26,2258-45-LR22 AEROAMBULANCIA FEBRERO 2026,12
2258-3856-AG26,Orden de Compra generada por invitación a compra ágil: 2258-461-COT26,6
2258-3876-SE26,ORDEN DE COMPRA DESDE 2258-224-LQ24,6
2258-3878-AG26,Orden de Compra generada por invitación a compra ágil: 2258-458-COT26,4
2258-3879-SE26,ORDEN DE COMPRA DESDE 2258-4-LE25,4
2258-3881-SE26,OC SERVICIO LAVANDERÍA MARZO 2026,4
2258-9275-AG25,Orden de Compra generada por invitación a compra ágil: 2258-177-COT25,12
2271-62-AG26,Orden de Compra generada por invitación a compra ágil: 2271-40-COT26,6
2271-64-AG26,Orden de Compra generada por invitación a compra ágil: 2271-43-COT26,6
2279-230-AG26,SP 230 SEGURIDAD PÚBLICA DIR. DE PROTECCIÓN CIVIL Y SEG. PÚBLICA Orden de Compra generada por invitación a compra ágil: 2279-220-COT26,6
2279-237-AG26,SP 218 compra ágil: 2279-230-COT26,6
2281-620-AG26,"S.P 1216 Compra de focos Led, destinados a Parques Municipales de Valdivia Orden de Compra generada por invitación a compra ágil: 2281-878-COT26",6
2281-622-AG26,S.P 1226  ADQUISICIÓN MUEBLERÍA PAI-PR Orden de Compra generada por invitación a compra ágil: 2281-871-COT26,6
2289-458-AG26,Orden de Compra generada por invitación a compra ágil: 2289-187-COT26,6
2291-554-CM26,NP/124 DIDECO - ADQ. DE ALIMENTOS C.M 2291-554-CM26,12
2291-630-CM26,"NP Nº110 DIDECO, ADQ. DE ALIMENTOS: 2291-630-CM26",12
2291-779-AG26,"NP Nº17 DESARROLLO ECONOMICO, ADQ. DE PENDONES ROLLER: 2291-365-COT26",6
2292-6494-AG26," ADQUISISCIÓN DE SERVICIO DE MANTENCIÓN DE ESTUFA EMPOTRADA A GAS CESFAM LA FLORIDA, CESFAM CARLOS TRUPP, CESFAM ASTABURUAGA Y CECOSF NUEVO HORIZONTE, PEDIDO 001597(VLN)Orden de Compra generada por invitación a compra ágil: 2292-276-COT26",6
2294-379-AG26, MATERIALES DE ENSEÑANZA. SEP. ESCUELA CENTINELA. NP 3,6
2306-289-AG26,PROV.E INST.QUEMADOR CALDERA ESC.LUZ Y SABER CANCURA.ID 2306-252-COT26,4
2306-299-AG26," SERVICIO SALIDA PEDAGOGICA ESC.RURAL PELLECO, FONDOS SEP  Orden de Compra generada por invitación a compra ágil: 2306-282-COT26",4
2306-307-CM26,ADQUISICION DE DIESEL VEHICULOS DEPTO.EDUCACION FONDOS DAEM Orden de Compra: 2306-307-CM26,6
2341-187-AG26,Orden de Compra generada por invitación a compra ágil: 2341-160-COT26,6
2345-776-AG25,ADQUISICIÓN DE MATERIALES PARA HABILITACIÓN DE REDES COMPUTACIONALES.:C.A. 2345-654-COT25,12
2348-213-SE26,ORDEN DE COMPRA DESDE 2348-10-LE26,6
2360-268-AG26,MATERIALES ELECTRICOS PARA MEJORAMIENTO TABLETO ATS POSTA TUMBES desde compra ágil: 2360-113-COT26,6
2360-270-AG26,ADQUSICION DE PINTURAS PARA TRATAMIENTO DE HUMEDAD EN SALA DE ESTIMULACION TEMPRANA CESFAM LOS CERROS desde compra ágil: 2360-115-COT26,6
2366-299-AG26,ALPRAZOLAM DROGUERIA CENTRAL MEMO 282  2366-235-COT26,4
2385-164-AG26,COMPRA DE MANTELES M-63: 2385-110-COT26,6
2385-321-AG26,BLOCK TAMAÑO OFICIO M-34 a compra ágil: 2385-206-COT26,4
2385-322-AG26,Compra de carretillas: 2385-230-COT26,4
2389-270-AG26,Orden de Compra generada por invitación a compra ágil: 2389-228-COT26,5
2393-557-AG26,Orden de Compra generada por invitación a compra ágil: 2393-612-COT26,6
2395-369-AG26,"Adq. Agujas Cortas, Orden de Compra generada por invitación a compra ágil: 2395-366-COT26",6
2408-211-SE26,ORDEN DE COMPRA DESDE 2408-13-LE26,6
2409-372-AG26,PRUEBAS INFORMALES PEDAGÓGICAS MAS PAUTAS PARA LICEO TÉCNICO BICENTENARIO,6
2421-520-SE26,INSUMOS DAS,6
2421-531-SE26,INSUMOS DAS,6
2428-427-AG26,CALZADO DE SEGURIDAD - DIRECCIÓN DE GESTIÓN DE RIESGOS Y EMERGENCIAS Orden de Compra generada por invitación a compra ágil: 2428-490-COT26,6
2429-484-AG26,Orden de Compra generada por invitación a compra ágil: 2429-370-COT26,4
2440-384-AG26,91716  CONTENEDORES DE BASURA LICEO FERNANDO LAZCANO DE CURICÓ   por invitación a compra ágil: 2440-338-COT26,6
2440-455-SE26,ORDEN DE COMPRA DESDE 2440-24-L126,9
2446-515-SE26,OC N°6 2446-362-LP25,4
2450-516-AG26,Orden de Compra generada por invitación a compra ágil: 2450-408-COT26,6
2495-165-AG26,Orden de Compra generada por invitación a compra ágil: 2495-219-COT26,6
2505-91-AG26,Orden de Compra generada por invitación a compra ágil: 2505-41-COT26,6
2513-61-AG25,Orden de Compra generada por invitación a compra ágil: 2513-13-COT25,12
2553-5-CM26,Combustible Diesel Oficina Provincial Elqui - SIRE N°60,6
2553-6-CM26,Gasolina 95 octanos para embarcación YUNKO II - SIRE N°61.,6
2582-167-SE26,OC DESDE 2582-7-LR24 Reparación 2026,12
2583-152-AG26,Orden de Compra generada por invitación a compra ágil: 2583-140-COT26 S/P 102 SERVICIO DE AVISAJE INFORMATIVO EN MEDIOS DE COMUNICACION NACIONALES / COMUNICACIONES-ALCALDIA / SBN ,6
2585-347-AG26,"ADQ. DIFERENTES ARTICULOS, ORD N° 1283, DIDECO, NNR, IMA. 2585-307-COT26",6
2585-372-AG26,"ADQ. CONOS DE SEÑALIZACIÓN, DIMAO, ORD N° 371/2026, LSV, IMA, compra ágil: 2585-383-COT26",6
2585-378-AG26," ADQ. POLERAS, EVENTOS, MEMO N° 181/2026, LSV, IMA, compra ágil: 2585-356-COT26",4
2591-380-AG26,"Adquisición de Implementos Deportivos para Talleres de Fútbol de Pozo Almonte, La Tirana y Baquedano",6
2608-17-TD26,Orden de Compra generada por Trato Directo ID 2608-5-FTD26,4
2624-11-CM26,Orden de Compra: 2624-11-CM26 Pasajes Nacional Directora Regional Milisa Ostojic,6
2626-486-SE25,INSUMOS PARA CONCEJO EN TERRENO,12
2626-503-SE25,INSUMOS VETERINARIA MUNICIPAL,12
2626-505-SE25,INSUMOS PARA CONCEJO MUNICIPAL EN TERRENO,12
2664-342-SE26,INSUMOS DENTALES N°2703-2026 DESDE 2664-13-LE26-jsv,6
2664-348-SE26,INSUMOS DENTALES N°2703-2026 DESDE 2664-13-LE26-JSV,6
2664-354-AG26,"MEDICAMENTOS FARMACIA POPULAR, SP N° 050426compra ágil: 2664-290-COT26",4
2664-355-AG26,"MEDICAMENTOS FARMACIA POPULAR, SP N° 050326 a compra ágil: 2664-289-COT26",4
2664-356-AG26, INSUMOS CLINICOS-HABILITACIÓN SUR-BTA/SP-06/05-N°2/JSV- 2664-294-COT26,4
2674-394-AG26,ADQUISICION DE CUCHILLA DE ACERO DE ALTO CARBONO PARA MAQUINARIA INDUSTRIAL: 2674-352-COT26,12
2674-397-AG26, REPUESTO PARA MAQUINA JOHN DEERE 310 SVWK-66: 2674-365-COT26,4
2674-398-AG26,"MEDALLAS Y GALVANOS PARA ""GRAN FONDO MELIPILLA"": 2674-366-COT26",4
2674-399-AG26, INSUMOS Y EQUIPOS DE TRABAJO PARA BACHEO: 2674-356-COT26,6
2674-402-AG26, IMPLEMENTOS DEPORTIVOS DE FUERZA: 2674-361-COT26,4
2674-407-CM26,SERVICIO DE RESPALDO EN LA NUBE Y RECUPERACIÓN ANTE DESASTRES PARA LA INFRAESTRUCTURA TI DE LA MUNICIPALIDAD DE MELIPILLA POR UN PERIODO DE 12 MESES. 2674-407-CM26,6
2674-408-AG26, CAMION TOLVA CON CONDUCTOR : 2674-372-COT26,4
2674-413-AG26,ADQUISICIÓN DE MATERIALES PARA LABORES DE REPARACIÓN Y MANTENCIÓN 2674-367-COT26,6
2674-416-AG26,ADQUISICIÓN DE ESCOBAS DE RAMAS Y PALAS PLÁSTICAS DE ASEO 2674-384-COT26,6
2687-41-SE26,"CONTRATO DE SUMINISTRO TINTAS, TÓNER Y TAMBOR AÑO 2026",12
2688-137-SE26,MANTENCION CORRECTIVA MOVIL 4,6
2701-260-AG26,"Archivadores de Letras, Dirección de Tránsito, Orden de Compra generada por invitación a compra ágil: 2701-243-COT26",6
2704-841-TD26,Orden de Compra generada por Trato Directo ID 2704-46-FTD26,6
2704-867-AG26,(SC 1862) CONTRABAJOS:  2704-718-COT26,6
2705-554-AG26,Orden de Compra generada por invitación a compra ágil: 2705-546-COT26,6
2709-292-SE25,SERVICIO DE ARRIENDO DE VEHICULOS PARA I.MUNICIPALIDAD DE OVALLE 2709-190-LR24,12
2713-519-AG26,Seguridad pública - Patrullaje - 567 - Tablets grado militar y elementos complementarios ID 2713-566-COT26 OC 2713-519-AG26 dirigida a ITC SPA,4
2713-520-AG26,DIDECO - Asistencial - 539 - Material de impresión ID 2713-543-COT26 OC 2713-520-AG26 dirigida a ÁLVARO HUGO MIZGIER HOCHSCHILD,4
2713-913-SE25,FOLIO 1081 DAF SEGUROS PARA BUS Y STATION WAGON ,12
2719-251-AG26,MATERIAL DIDACTICO EDUCATIVO USUARIOS PROGRAMA VINCULOS,9
2719-273-SE26,CATERING DIA DEL PATRIMONIO 2026,6
2734-278-AG26,GDA-52174-EGR-DU-FAR-DS SELLO CARRO PARO,6
2735-131-SE26,ORDEN DE COMPRA DESDE 2735-223-LE25,12
2735-505-AG26,ADQUISICIÓN DE: TORULAS Y VASOS INSUMOS DENTALES,6
2757-170-AG26,Adquisición de apositos (matriz cicatrizante microadherente) para insumos de curaciones de ulcera venosa para red de salud de San Antonio.Orden de Compra generada por invitación a compra ágil: 2757-177-COT26,12
2757-181-AG26,Adquisición de insumos médicos (detergente y gel bidon) para red de salud de San Antonio.Orden de Compra generada por invitación a compra ágil: 2757-189-COT26,12
2757-185-AG26,"Adquisición de insumos médicos (pecheras, porta objeto y set nebulizador) para red de salud de San Antonio.Orden de Compra generada por invitación a compra ágil: 2757-193-COT26",12
2757-188-AG26,Adquisición de insumos médicos (sobres de papel) para red de salud de San Antonio.Orden de Compra generada por invitación a compra ágil: 2757-196-COT26,12
2757-189-AG26,"Adquisición de insumos médicos (sonda foley, nasogastrica y nelaton) para red de salud de San Antonio.Orden de Compra generada por invitación a compra ágil: 2757-197-COT26",12
2765-192-AG26,"Bolsas de tela (100) ,compra ágil: 2765-191-COT26",6
2766-263-SE26,ORDEN DE COMPRA DESDE 2766-51-LE26,4
2785-314-AG26,"SDA 5819, 5822/ CORCHETERA Y PERFORADORA ALTA CAPACIDAD a compra ágil: 2785-316-COT26",6
2785-317-AG26,SDA 5885/ ARTICULOS DE LIBRERIA PARA PROGRAMA SOMOS BARRIO a compra ágil: 2785-329-COT26,6
2793-406-AG26,Orden de Compra generada por invitación a compra ágil: 2793-360-COT26,6
2825-162-AG26,MEDICAMENTO EMPAGLIFOZINA,6
2827-359-SE26,DISPOSICION DE RESIDUOS DOMICILIARIOS,6
2833-389-AG26,"Toner para Colegio Republica de Mexico, Orden de Compra generada por invitación a compra ágil: 2833-347-COT26",6
2833-403-AG26,"Material Didáctico (Área Pedagógica, Escuela Nuestro Mundo y Superior Nro 1), Orden de Compra generada por invitación a compra ágil: 2833-358-COT26",6
2859-364-AG26,Orden de Compra generada por invitación a compra ágil: 2859-301-COT26,6
2885-239-SE26,CANASTAS DE ALIMENTOS TIPO 1 ,4
2917-129-AG26,Materiales de Oficina DESAM,6
2923-348-AG26,Orden de Compra generada por invitación a compra ágil: 2923-335-COT26,6
2923-353-AG26,Orden de Compra generada por invitación a compra ágil: 2923-341-COT26,4
2923-354-AG26,Orden de Compra generada por invitación a compra ágil: 2923-340-COT26,4
2934-49-AG26, MEDICAMENTOS CANASTA PARA BOTIQUIN FARMACIA APS2934-34-COT26,4
2941-138-AG26,Orden de Compra generada por invitación a compra ágil: 2941-139-COT26,4
2941-139-AG26,Orden de Compra generada por invitación a compra ágil: 2941-140-COT26,4
2950-223-CM26,ADQUISICION DE VIVERES.,6
2961-333-AG26,INSUMOS DE TALLERES,6
2983-89-SE26,REPARACION NISSAN NP300 BRIANCOPAR,4
2989-254-AG26,Orden de Compra generada por invitación a compra ágil: 2989-163-COT26,6
2994-180-SE26,"CONVENIO SUMINISTRO COCTAIL, RESTORANT",4
2994-181-SE26,CONVENIO SUMINISTRO ARRIENDO DE FURGON,4
3030-192-SE26,TELEMEDICINA HOLTER DE PRESION,6
3030-204-SE26,ARRIENDO DE OXIGENO MES DE ABRIL ,5
3047-211-AG26,ADQUISICIÓN MATERIALES PARA ENSEÑANZA CURSO PRACTICOS PARA LA ACADEMIA POLITECNICA NAVAL,4
3085-191-AG26,"SEPARADOR AGUA ACEITE COPEC: 3085-143-COT26, TI 332007-100",6
3085-286-AG26,"BEBESTIBLES COT: 3085-222-COT26, TI 311149-771",4
3105-61-AG26,ADQUISICION DE VENTANA PARA SALA DE INFORMATICA,6
3110-115-AG26,ADQUISICIÓN DE COMPUTADOR PARA DIREBIEN,6
3129-28-SE26,ARRIENDO DE FOTOCOPIADORA,12
3129-42-SE26,ARRIENDO DE FOTOCOPIADORA,12
3130-5856-SE26,INSUMOS CLÍNICOS (31693-31760),9
3134-55-AG26,INSTRUMENTOS DE MEDICIÓN.,12
3134-64-SE26,SERVICIOS DE COMUNICACIÓN SATELITAL IRIDIUM TELEFO,12
3134-87-SE26,SEGUROS DE VEHÍCULOS MARÍTIMOS ,4
3151-264-AG26,Orden de Compra generada por invitación a compra ágil: 3151-267-COT26,6
3152-185-SE26,MEDICAMENTOS FARMACIA DEL CESFAM DE SALUD MACHALI ,4
3152-186-SE26,MEDICAMENTOS FARMACIA DEL CESFAM DE SALUD MACHALI ,4
3166-208-AG26,"servicio de mantención y radiadores de la IDISMAG, Orden de Compra generada por invitación a compra ágil: 3166-125-COT26",12
3166-219-AG26, ADQUISICIÓN DE LUBRICANTES COMNAVDAWOrden de Compra generada por invitación a compra ágil: 3166-120-COT26,4
3166-220-AG26, ADQUISICIÓN DE LUBRICANTES LM ANGAMOS Orden de Compra generada por invitación a compra ágil: 3166-112-COT26,4
3167-77-AG26,ADQUISICION BASUREROS PLASTICOS a compra ágil: 3167-79-COT26,4
3167-78-AG26,ADQUISICION SOBRE SACO a compra ágil: 3167-78-COT26,4
3172-120-SE26,ADQ. DE TONERS NEGRO Y COLOR DEPTO. CUARTELES L.1.,4
3172-121-AG26,SERVICIO DE MANTENCION DE MOTOR ELÉCTRICO EN EL DEPTO. ADQUIS. Y ABAST. L.2,4
3191-2188-SE26,CS (FAR2) ADQUISICION DE FARMACOS 3191-16-LR23,6
3191-2230-TD26,Orden de Compra generada por Trato Directo ID 3191-106-FTD26,6
3201-122-AG26,"IMPLEMENTACIÓN DEPORTIVA ESCUELA ARAUCARIAS, LONCOCHE",4
3206-177-SE26,SERVICIOS PROFESIONALES,4
3235-156-SE26,DIMACOFI MARZO,12
3235-203-AG26,ADQUISICION DE PINTURAS,12
3241-107-AG26,ADQUISICION DE ELEMENTOS PARA INSTALACION DE PUERTAS DESDE 3241-43-COT26,4
3241-108-AG26,ADQUISICION DE ELEMENTOS DE SEGURIDAD DESDE 3241-44-COT26,4
3241-109-SE26,ADQUISICIÓN DE MERCADERÍA PARA PANADERÍA NAVAL,4
3241-110-SE26,ADQUISICIÓN DE MERCADERÍA PARA PASTELERÍA,4
3241-111-SE26,ADQUISICIÓN DE MERCADERÍA PARA PUNTO DE VENTA ,4
3241-112-SE26,ADQUISICIÓN DE MERCADERÍA PARA PUNTO DE VENTA ,4
3241-113-SE26,ADQUISICIÓN DE MERCADERÍA PARA PASTELERÍA,4
3244-183-AG26,IMPLEMENTOS DEPORTIVOS ESC. CLAUDIO VICUÑA (SEP),6
3246-141-AG26,G31 (131) GMC 17 ADQ. BOMBONA DE GAS REFRIGERANTE FACH AFTA compra ágil: 3246-176-COT26,6
3246-144-AG26,G31 (800-801) GMC 15 ADQ. DE TALADRO FACH AFTA. compra ágil: 3246-172-COT26,6
3250-164-AG26,3250-160-COT26 CAPUERTOVAR - MANT. PREVENTIVA L-1352,12
3250-245-AG26,3250-208-COT26 CAPUERTOVAR - MANT. CORRECTIVA L-344,12
3250-294-AG26,MARITGOBPMO - ADQUISICIÓN DE VÍVERES ESPECIALES PARA LA REPARTICIÓN Y SUS PAÑOLES PERIFÉRICOS,6
3251-138-AG26,Orden de Compra generada por invitación a compra ágil: 3251-28-COT26,5
3268-263-AG26,300 301 EM 011/2026 ADQ. MATERIALES DE REPARACION Orden de Compra generada por invitación a compra ágil: 3268-256-COT26,6
3268-275-AG26,400 413 SB 053-2026 ADQ. DE PILAS Orden de Compra generada por invitación a compra ágil: 3268-219-COT26,6
3274-113-SE26,MANTENCION VEH.FIS. CA-9079 / CA-9080 BRIANT CALAMA,4
3274-114-SE26,ADQUISION DE PARABRISA J-11076,4
3280-134-SE26,SERVICIO DE ENLACE DE TELECOMUNICACIONES,6
3288-575-SE26,ADQUISICIÓN PASAJES AÉREOS INTERN. SCL-HEL-VAA-SRP,12
3288-585-SE26,ADQUISICIÓN PASAJES AÉREOS INTERN. SCL-JAX-SCL,12
3288-586-SE26,ADQUISICIÓN PASAJES AÉREOS INTERN. SCL-JAX-SCL,12
3288-588-SE26,ADQUISICIÓN PASAJES AÉREOS INTERN. SCL-JAX-SCL,12
3309-134-AG26,BATAS DESECHABLES SALA MAMOGRAFO por invitación a compra ágil: 3309-141-COT26,4
3328-234-CM26,RTR/SOLICITUD DE ADQUISICIÓN N°1 PROGRAMA DE ALIMENTACIÓN ENERO. ,12
3328-236-SE26,RTR/SOLICITUD DE ADQUISICIÓN N°1 PROGRAMA DE ALIME,12
3328-248-AG26,RTR/SOLICITUD DE ADQUISICIÓN N°2 PROGRAMA DE ALIMENTACIÓN ENERO,12
3328-287-SE26,JAG/SSGG/STI/REQ.13034/LIC. 83LE25/ARRIENDO MINI P,12
3328-316-SE26,DNF/SDAO/REQ. INSUMOS Nº 9388/PC/INSUMOS ESTERILIZACIIÓN (165LE23),12
3328-563-AG26,DNF/SDAO/REQ. INSUMOS Nº 9388/PC/HOJA SIERRA (ágil: 3328-309-COT26),12
3328-656-CM26,RTR/DAG/REQ.N°37626/PROGRAMA DE ALIMENTACIÓN/MES MARZO.,12
3328-657-CM26,RTR/DAG/REQ.N°37626/PROGRAMA DE ALIMENTACIÓN/MES MARZO.,12
3328-667-CM26,RTR/DAG/REQ.N°37626/PROGRAMA DE ALIMENTACIÓN/MES MARZO.,12
3328-678-CM26,RTR/DAG/REQ.N°37626/PROGRAMA DE ALIMENTACIÓN/MES MARZO.,12
3328-679-CM26,RTR/DAG/REQ.N°37626/PROGRAMA DE ALIMENTACIÓN/MES MARZO.,12
3333-189-AG26,ADQUISICION DE MATERIALES PARA TRABAJOS EN SEGURIDAD VIAL DE LA COMUNA DE OLMUE.,6
3334-190-SE26,ORDEN DE COMPRA DESDE 3334-4-LP26,6
3335-471-AG26,INSUMOS MUSICALES PARA LICEO R.A.A.C. ORD. N°157 LEY S.E.P. Orden de Compra generada por invitación a compra ágil: 3335-425-COT26,6
3335-473-AG26,"ADQUISICIÓN DE PAN PARA INTERNDO URBANO MES DE MAYO Y JUNIO ORD. N°10 LICEO RAAC SUBV. REGULAR, PROVENIENTE DE COTIZACIÓN ÁGIL 3335-446-COT26.",6
3343-86-AG26,ADQ DE AGENDAS DE SALUD INTEGRAL Orden de Compra generada por invitación a compra ágil: 3343-61-COT26,12
3378-3979-SE26,ADQUISICION DE INSUMOS LIC. 3378-8-LR25,6
3378-4034-SE26,SERVICIO TV CABLE PARA EL HMS,6
3378-4160-SE26,ADQUISICION DE INSUMOS LIC. 3378-37-LR23,6
3391-287-AG26,Orden de Compra generada por invitación a compra ágil: 3391-156-COT26,4
3391-291-AG26,Orden de Compra generada por invitación a compra ágil: 3391-160-COT26,4
3391-292-AG26,Orden de Compra generada por invitación a compra ágil: 3391-159-COT26,4
3391-294-AG26,Orden de Compra generada por invitación a compra ágil: 3391-169-COT26,4
3391-295-AG26,Orden de Compra generada por invitación a compra ágil: 3391-162-COT26,4
3407-93-AG26,CASINO MILITAR SUBOFICIALES (FI),6
3409-74-AG26,ADQUISICION DE BANDERAS PARA EL PATIODEL DESMOT,6
3413-25-AG26,ADQUISICIÓN DE ELEMENTOS DE ASEO PARA EL CASINO GUARNICIONAL HUAYQUIQUE Orden de Compra generada por invitación a compra ágil: 3413-27-COT26,6
3413-26-AG26,ADQUISICIÓN DE MATERIALES DE GASFITERIA Orden de Compra generada por invitación a compra ágil: 3413-32-COT26,6
3416-194-CM26,F1.VIVERES ,6
3434-50-SE26,IMPRESORAS,5
3436-311-AG26,Arriendo de baños químicos para alumnos,4
3436-326-CM26,Elementos aseo rancho aLumnos CC 1100065012 ,4
3436-330-AG26,Adquisición de gata bus Hyundai Universe CC 1100065012 ,4
3436-331-AG26,Bebidas casino de oficiales CC 1100035010,4
3439-46-AG26,RECARGA DE BIDONES 20 LITROS AGUA PURIFICADA,6
3444-41-AG26, SERVICIO DE MANTENIMIENTO Y RECARGA DE EXTINTORES,6
3447-979-AG26,Orden de Compra generada por invitación a compra ágil: 3447-127-COT26,12
3450-32-AG26,Adquisicion de materiales de mantenimiento y reparacion para dependencias del contingente de la ESCTEL por invitación a compra ágil: 3450-25-COT26,4
3463-52-TD26,Orden de Compra generada por Trato Directo ID 3463-19-FTD26,4
3471-1527-SE26,INSUMOS MEDICOS 2605746,6
3471-1596-SE26,SEDILE 2605750,4
3471-1599-SE26,INSUMOS MEDICOS 2605721,4
3471-1600-SE26,INSUMOS MEDICOS 2605721,4
3471-1601-SE26,SEDILE 2605750,4
3471-1602-SE26,SEDILE 2605750,4
3477-363-AG26,AQUISICION DE LICENCIA DE SOFTWARE DE VIDEOCONFERENCIA / Orden de Compra generada por invitación a compra ágil: 3477-252-COT26,6
3478-130-AG26,OPI N°14274-TENENCIA RESPONSABLE(ALIMENTOS PARA MASCOTAS),12
3478-146-AG26,OPI N°14281-DEMAO(PLANTAS Y ESPECIES VEGATALES PARA REFORESTACION DE PLAZA DE ARMAS),6
3485-348-AG26,Orden de Compra generada por invitación a compra ágil: 3485-369-COT26,4
3486-210-AG26,Orden de Compra generada por invitación a compra ágil: 3486-131-COT26,4
3502-191-TD26,Orden de Compra generada por Trato Directo ID 3502-23-FTD26,4
3502-192-TD26,Orden de Compra generada por Trato Directo ID 3502-24-FTD26,4
3505-128-AG26,Servicio de reparacion con repuetos  de Camion Chevrolet y camioneta Nissan Navara orden de compra generada por invitación a compra ágil ID 3505-102-COT26,6
3508-423-AG26,PLANCHAS DE TERCIADO ESTRUCTURAL 18 MM,4
3508-424-AG26,ENSAMBLE MOTOR,4
3511-141-CM26,Orden de Compra: 3511-141-CM26,5
3516-305-AG26,Orden de Compra generada por invitación a compra ágil: 3516-269-COT26,4
3516-306-AG26,Orden de Compra generada por invitación a compra ágil: 3516-267-COT26,4
3516-307-AG26,"SERVICIO DE ALIMENTACIÓN CENTRO COMUNITARIO DE CUIDADOS , Orden de Compra generada por invitación a compra ágil: 3516-236-COT26",4
3516-308-AG26,Orden de Compra generada por invitación a compra ágil: 3516-234-COT26,4
3540-267-SE26,"Útiles aseo J. Coyhaique, ID3540-83-L125 (P.1853)",6
3565-305-AG26,Orden de Compra generada por invitación a compra ágil: 3565-155-COT26,6
3572-10-SE26,SERVICIO RECOLECCION DE BASURA CARAHUE.,12
359-1336-SE26,ORDEN DE COMPRA DESDE 359-26-LP26 MAYO 2026,6
3597-322-AG26,Orden de Compra generada por invitación a compra ágil: 3597-363-COT26,6
3598-407-AG26,Reparacion Camioneta Maxus LVYH82-2 compra ágil: 3598-140-COT26,4
3649-159-AG26,Adquisición de Baterías,6
3649-179-AG26,"SERVICIO DE COFFE PARA ENCUENTRO CON EMPRENDEDORES, PROGRAMA OMIL QUILLECO",6
3661-264-AG26,"Orden de Compra generada por invitación a compra ágil: 3661-211-COT26 Orden de Compra codigo: 3661-264-AG26 dirigida a SOCIEDAD CYR PRODUCCIONES LIMITADA, SERVICIO APLIFICACION DESFILE EN HONOR AL DIA DE LAS GLORIAS NAVALES, SEGUN SOLICITUD MEMORANDUM N°5",6
3663-251-AG26,INSUMOS QUIRURGICOS,4
3671-37-SE26,ORDEN DE COMPRA DESDE 3671-17-LE26,6
3682-419-TD26,Orden de Compra generada por Trato Directo ID 3682-300-FTD26,12
3694-126-AG26,"ADQUISICION DE BETONERA PARA USO DEL VIVERO MUNICIPAL, LIRIO COSTERO. DIMAO. compra ágil: 3694-178-COT26",6
3694-128-AG26,ADQUISICIÓN DE RESMAS DE PAPEL FOTOCOPIA PARA PROGRAMA SOCIOEDUCATIVO SABERES compra ágil: 3694-167-COT26,6
3695-177-TD26,Orden de Compra generada por Trato Directo ID 3695-29-FTD26,6
3699-71-AG26," Adquisición de Pendon Roller para Programa 4 a 7, invitación a compra ágil: 3699-66-COT26",6
3707-248-AG26, ADQUISICIÓN DE VIN DE 1000 LITROS SOLICITADO POR ENCARGADO DE MOVILIZACIÓN EN REQUERIMIENTO 29.2026 Orden de Compra generada por invitación a compra ágil: 3707-247-COT26,6
3707-255-AG26, ADQUISICIÓN Y SERVICIO DE ALINEAMIENTO Y BALANCEO DE NEUMATICOS DE ACUERDO A LO SOLICITADO EN REQUERIMIENTO 35.2026 POR ENCARGADO DE MOVILIZACIÓN Orden de Compra generada por invitación a compra ágil: 3707-240-COT26,6
3709-410-SE26,Servicio de Desratizacion Jardín abejitas ,4
3710-259-SE26,Insumos para el Servicio de Esterilización del CESFAM Victoria,6
3712-345-SE26,"Servicio de movilización, Oficina de la Mujer. ",6
3729-48-SE26,SERVICIO DE PRODUCCIÓN ACTIVIDAD PASANDO AGOSTO,6
3734-327-AG26,ADQ OFRENDA FLORAL,6
3756-336-AG26,"Adquisición de indumentaria institucional para el equipo del Programa Red Local de Apoyos y Cuidados (PRLAC), compra ágil: 3756-335-COT26",6
3768-11-SE26,LIBROS Y MATERIALES PARA PROG. PEQUEÑAS LOCALIDAD,6
377-191-AG26,ADQUISICION DE MOTOR DE CALEFACCION CON SERVICIO DE INSTALACION Orden de Compra generada por invitación a compra ágil: 377-158-COT26,6
3776-256-CM26,Adquisición de combustible para vehículos municipales.-,6
3780-218-AG26,"Lidocaina, Sol. N° 116, Sergio Álvarez.",6
3784-176-AG26,Orden de Compra generada por invitación a compra ágil: 3784-123-COT26,12
3791-525-CM26,Orden de Compra: 3791-525-CM26,4
3794-3222-SE26,REEMISION TICKET NOSHOW,6
3796-246-AG26,Solista Masculino 3796-307-COT26,6
3810-426-SE26,"ADQUISICION DE INSUMOS PARA LA REALIZACIÓN DE DOS COFFEE BREAKS, DESTINADOS A LOS TALLERES PARA EMPRENDEDORES LOCALES QUE SE LLEVARÁN A CABO LOS DÍAS JUEVES 14 Y MARTES 19 DE MAYO EN EL AUDITORIO MUNICIPAL . SOLICITUD N° 568/26 DIDEL ",4
3813-27-SE26,ARRIENDO Y MANTENCIÓN DE GABINETE PSICOSENSOMETRIC,6
3813-28-SE26,SERVICIO DE ARRIENDO MENSUAL,4
3834-125-AG26,"ADQ. DE EQUIPAMIENTO DE  CAMIONES ALJIBES,  SC N°  11,  DIMAO., compra ágil: 3834-43-COT26",6
3850-197-AG26,Orden de Compra generada por invitación a compra ágil: 3850-150-COT26,6
3853-261-AG26,"Provisión, instalación, alineación y balanceo de 4 neumáticos 245/75/R16 Camioneta Mitsubishi Patente JZYH-15",6
3888-328-AG26, adquisicion de trajes para personal de caminos y puentes  443/3888-428-COT26,6
3897-279-TD26,Orden de Compra generada por Trato Directo ID 3897-200-FTD26,4
3899-61-SE26,SERVICIOS DE DESRATIZACION DE EDIFICIOS MUNICIPALES 2026,12
3921-239-AG26,Leña para combustión lenta para CESFAM LICAN RAY -  CESFAM VILLARRICA Y CECOSF 3921-153-COT26,6
3922-401-AG26,"Adquisición de Parches para equipo DEA del Liceo Politécnico Villarrica, Fondos PRORETENCIÓN",6
3922-402-AG26,"Parches para desfibrilador del Liceo Bicentenario Alexander Graham Bell, fondos Pro-retención",6
3947-358-AG26,PROVISIÓN E INSTALACIÓN DE AIRES ACONDICIONADO MUNICIPALIDAD DE SANTA JUANA COMPRA ÁGIL: 3947-327-COT26,4
3951-102-SE26,"SERVICIO DE MONITOREO DE ALARMA DE SEGURIDAD CON VIDEO VERIFICACIÓN Y MANTENCIÓN DE BOTONES DE PÁNICO DEL CONSULTORIO VÍCTOR DOMINGO SILVA, ABRIL 2026",6
3962-179-AG26,Orden de Compra generada por invitación a compra ágil: 3962-142-COT26,6
3977-34-AG26,Adquisición de Cámaras de seguridad y otros para Postas de Salud Rural de Santa Bárbara. OP N°41. Orden de Compra generada por invitación a compra ágil: 3977-25-COT26,6
3996-227-AG26,"Curso ""Manejo seguro de Autoclaves de Vapor""",4
4034-195-CM26,"ADQUISICIÓN DE RESMAS DE PAPEL TAMAÑO OFICIO Y CARTA PARA ESCUELA F-839, SEGÚN ORD N° 52  - FONDOS SEP 90%",6
4036-235-AG26,Orden de Compra generada por invitación a compra ágil: 4036-116-COT26,4
407-496-SE26,MTTO PLANTA TRATAMIENTO DE AGUA TPC CUOTA 18,6
4075-63-AG26,Orden de Compra generada por invitación a compra ágil: 4075-29-COT26,12
4075-65-AG26,Orden de Compra generada por invitación a compra ágil: 4075-28-COT26,12
4077-61-AG26,Adquisición de balanza mecánica,6
407-91-TD26,Orden de Compra generada por Trato Directo ID 407-4-FTD26,6
4090-131-AG26,SILLAS SALA DE ESPERA,5
4099-196-AG26,Orden de Compra generada por invitación a compra ágil: 4099-46-COT26,12
4104-79-AG26,"TRASLADOS PARA  ACTIVIDADES  DE ESCUELAS PRESBITERO, LICARAYEN Y CUARTA FAJA",4
411-211-SE26,"CONV DE ABARROTES, FIAMBRERIA, PANADERIA, PROG CED",4
4112-52-SE26,ORDEN DE COMPRA DESDE 4112-2-LE26,6
4113-330-AG26,Orden de Compra generada por invitación a compra ágil: 4113-214-COT26,4
4123-145-SE26,Mantención Vehículo patente LZGZ-95,12
4123-148-AG26,"MANTENCIÓN PREVENTIVA EQUIPOS ELECTROCARDIOGRAFOS, compra ágil: 4123-82-COT26",12
4144-118-AG26,Orden de Compra generada por invitación a compra ágil: 4144-128-COT26,4
4157-332-SE26,Material Pedagógico para Jardín Infantil Ilusiones Req 960305-3(49) ,4
4157-334-AG26,Alimentos para día de la familia y la Convivencia Escolar Escuela Mata Redonda Req. N° 960211-12(283),4
4161-170-AG26," COMPRA DE INSUMOS PARA SERVICIOS DE TE, LICEO CLAUDIO ARRAU LEON,Orden de Compra generada por invitación a compra ágil: 4161-159-COT26",6
4170-127-AG26,Orden de Compra generada por invitación a compra ágil: 4170-110-COT26,12
4174-149-SE26,MANTENCIÓN DE VEÍCULOS MUNICIPALES - 203,12
418-1268-CM26,LPC-R-696-2204005003-PAPEL GRADO MEDICO-Orden de Compra: 418-1268-CM26,12
418-1275-AG26,LCM-CATETER ARTERIAL UD 22,12
418-1399-CM26,LCM-PAPEL HIGIENICO 500 MTS,12
418-1438-SE26,LCM-FRUTAS/VERDURAS,12
418-1440-SE26,LCM-POSTA ENTERA,12
418-1443-SE26,LPC-PAN HALLULLA/INTEGRAL-LIC.,12
418-1444-SE26,LCM-PAN BLANCO-LIC.,12
418-1445-SE26,LCM-PEDIDO MENSUAL ABARROTES-LIC,12
418-1461-TD26,Orden de Compra generada por Trato Directo ID 418-555-FTD26,12
418-1467-CM26,LCM-CLORO LIQUIDO 1 LT,12
418-1490-AG26,LPC-R-696-2204005003-PINZA QUIRURGICA- a compra ágil: 418-658-COT26,12
418-1507-TD26,Orden de Compra generada por Trato Directo ID 418-574-FTD26,4
418-1508-TD26,Orden de Compra generada por Trato Directo ID 418-575-FTD26,4
418-1510-TD26,Orden de Compra generada por Trato Directo ID 418-577-FTD26,4
418-1512-TD26,Orden de Compra generada por Trato Directo ID 418-579-FTD26,4
418-625-AG26,ECM -ALOJAMIENTO USUARIO GES- R-3-2212999018 compra ágil: 418-289-COT26,12
418-814-CM26,LCM-SABANILLA MEDICA ,12
418-892-AG26,Orden de Compra generada por invitación a compra ágil: 418-287-COT26,12
418-893-AG26,Orden de Compra generada por invitación a compra ágil: 418-284-COT26,12
4190-104-AG26,Implementos Estimulación PRLAC,6
4190-105-AG26,Pendón Roller Programa Mujeres Jefas de Hogar,6
4193-188-SE26,Papel higiénico para la dependencia DSM Caldera ,9
4195-564-AG26,Orden de Compra generada por invitación a compra ágil: 4195-427-COT26,6
4201-237-AG26,COMPRA DE ALIMENTOS PARA CÓCTEL CEREMONIA PMJH 2026 Orden de Compra generada por invitación a compra ágil: 4201-195-COT26,4
4230-19-AG26,ADQUISICIÓN DE SERVICIO DE INTERNET PARA LA OFICINA CURRICULAR Y SALAS DE CLASES DE LOS CARABINEROS ALUMNOS DE LA ESCUELA DE FORMACIÓN DE CARABINEROS “GRUPO VALDIVIA”.,12
4230-55-AG26,"ADQUISICIÓN DE PELLET PARA LAS ESTUFAS QUE CALEFACCIONAN LOS DORMITORIOS Y EL COMEDOR DE LOS CARABINEROS ALUMNOS Y ALUMNAS DE ESTE PLANTEL DE ESTUDIO, DE LA ESCUELA DE FORMACIÓN DE CARABINEROS “GRUPO VALDIVIA”.",12
4236-287-AG26,Orden de Compra generada por invitación a compra ágil: 4236-187-COT26,4
426-107-SE26,Convenio de suministro de detergentes industriales,12
4291-417-AG26,GRIFO 1 SALIDA HORIZONTAL (FACIMAR),6
4291-431-AG26,PERIFERICOS,6
4308-49-AG26,Orden de Compra generada por invitación a compra ágil: 4308-40-COT26,6
4309-2129-SE26,ORDEN DE COMPRA DESDE 4309-267-LP25,6
4309-2151-SE26,ORDEN DE COMPRA DESDE 4309-14-LE26,6
4314-145-TD26,Orden de Compra generada por Trato Directo ID 4314-33-FTD26,12
4314-150-AG26,Compra ágil 4314-99-COT26:Arriendo de dos pantallas LED de 2x3 metros ,12
4314-159-AG26,Compra kit de cocina para Programa Familias ,6
4326-27-SE23,Servicio Defensa Penal General Zona 8 Curacaví,12
4326-30-SE23,Servicio Defensa Penal General Zona 4 Puente Alto,12
4357-126-AG26,Orden de Compra generada por invitación a compra ágil: 4357-94-COT26,6
4357-128-AG26,Orden de Compra generada por invitación a compra ágil: 4357-97-COT26,6
4367-205-AG26, Insumos de papelería para Programa Acompañamiento Psicosocial por incendios año 202,6
4375-760-AG26,Instrumental gasto SENDA 4375-217-COT26,12
4414-579-AG26,MATERIAL DE FERRETERIA  PARA LA CONSTRUCCION DE VALLAS PARA CIERRE DE CALLES DISTINTAS ACTIVIDADES MUNICIPALES - DIMAAO,4
4419-7-AG26,CNR- SERVICIO DE CATERING 12-05-26 PURRANQUE,6
4438-5-SE26,Despacho Correspondencia ABRIL,12
4454-383-AG26,ARRIENDO LOCAL-DIDEL,6
4462-55-AG26,ADQUISICION PAÑALES INFANTILES CESFAM CARAMPANGUE Orden de Compra generada por invitación a compra ágil: 4462-25-COT26,12
4463-313-AG26,NOTA N°09/ 26-03-26/ compra ágil: 4463-263-COT26,12
4463-374-CM26,PROG. SUPLEMENTOS 04-2026/ Orden de Compra: 4463-374-CM26,12
4463-375-CM26,PROG. SUPLEMENTOS 04-2026/ Orden de Compra: 4463-375-CM26,12
4463-81-CM26,PROG. SUPLEMENTOS 01-2026/ Orden de Compra: 4463-81-CM26,12
4464-166-SE26,ORDEN DE COMPRA DESDE 4464-53-LP25/FEBRERO 2026,6
4486-127-AG26,SERVICIO DE AMPLIFICACIÓN E ILUMINACIÓN PARA ACTIVIDAD MUNICIPAL,4
4486-128-AG26,COMPRA DE ALIMENTOS PARA CERTIFICACIÓN,6
4486-129-AG26,COMPRA DE TORTAS PARA ENCUENTRO MUJERES,4
4486-134-AG26,ARRIENDO LOCAL PARA JORNADA DE AUTOCUIDADO.,4
4486-135-AG26,ADQUISICIÓN MOBILIARIO PARA SALA DE CONCEJO,4
4486-136-TD26,Orden de Compra generada por Trato Directo ID 4486-9-FTD26,4
4487-181-AG26,Basica sc 40,6
4488-83-AG26,MATERIAL DE FERRETERIA CEMENTERIO,6
4594-407-SE26,DESAMU COIHUECO ,6
4594-416-SE26,DESAMU COIHUECO ,6
4596-318-AG26,INSUMOS DEPORTIVOS PARA TALLERES DE ESCUELA LA LOMA DE SAN NICOLAS: 4596-257-COT26,6
4635-141-AG26,2604395-2605107 INSUMOS DENTALES PARA LA SUBDIRECCION ODONTOLOGICA,4
4644-11-AG26,Tablas deck Reserva Nacional Rio Simpson sIC 326 sIRE 303,4
4650-41-AG26,4650-12-COT26-Bolsas de polietileno Arqueología,6
4707-163-AG26,VASOS DESECHABLE TRANSPARENTES,6
4728-136-AG26,AAE- SOLICITA ADQUISICIÓN DE TINTAS PARA PLOTTER EN UOT,4
4728-137-AG26,AAE/ SERVICIOS DE RETIRO Y DESTRUCCIÓN DE DOCUMENTOS BODEGA RANCAGUA SUBSECRETARÍA DE PESCA Y ACUICULTURA,6
4733-146-SE26,ORDEN DE COMPRA DESDE 4733-20-LE26,4
4733-154-AG26,Orden de Compra generada por invitación a compra ágil: 4733-156-COT26,4
4733-156-SE26,Obra extra. const. mirador cuesta San Sebastián,4
4777-390-AG26,GRUA ELECTRICA PAARA PASCENTES DE ELEAM SANTA ELISA,6
4778-133-TD26,Orden de Compra generada por Trato Directo ID 4778-51-FTD26,12
4778-212-TD26,Orden de Compra generada por Trato Directo ID 4778-84-FTD26,12
4778-627-TD25,Orden de Compra generada por Trato Directo ID 4778-450-FTD25,12
4778-91-AG26,Orden de Compra generada por invitación a compra ágil: 4778-12-COT26,6
4817-1657-SE26,AGUJAS HIPODÉRMICAS EQUIPO DE INFUSIÓN Y JERINGAS,6
4817-1706-AG26,Orden de Compra generada por invitación a compra ágil: 4817-236-COT26,6
4817-1722-AG26,Orden de Compra generada por invitación a compra ágil: 4817-256-COT26,6
4817-1726-SE26,CATÉTERES,6
4817-1730-SE26,DISPOSITIVOS MEDICOS VARIOS HOSPITAL DE LINARES	,6
4879-58-SE26,"Coffe, Formación archivo regional",6
4889-43-AG26,"P04 - S22 - 22 - 11 - 999 - Plan de gestión para espacio cultural en Pto Cisnes ""Taller la Chalupa - compra ágil: 4889-1-COT26",4
4889-44-CM26,P1-S2409087-PASAJE RCV - DELEGACION ARTESANAS TEXTILES IQUIQUE,6
4906-115-SE26,Servicio de Vigilancia,4
4906-116-AG26,Orden de Compra generada por invitación a compra ágil: 4906-36-COT26,4
4940-456-AG26,"PROGRAMA MAYO, DESDE AG ",6
4968-125-AG26,(pdc) ARRIENDO CONTAINER PARA FICHAS CLÍNICAS / ENERO - DICIEMBRE 2026/ C.A: 4968-51-COT26,12
5020-45-AG26,Adquisición de elementos útiles de aseo para las dependencias del CCM P.A por invitación a compra ágil: 5020-34-COT26,4
5020-46-AG26, Adquisición de bolsas de basura para el CCM P.A por invitación a compra ágil: 5020-35-COT26,4
5020-47-AG26,Adquisición de elementos de aseo para el CCM P.A por invitación a compra ágil: 5020-36-COT26,4
5035-35-CM26,Insumos de Aseo - Facultad de Arquitectura UV,12
5052-442-AG26,Orden de CCA/2204999/MESA DE PING PONG/ABRL,6
5052-515-AG26,CA/2204999/STEP AEROBICO/MAYO,6
5052-516-AG26,CA/2204999/PESAS/MAYO,6
5056-104-SE26,5056-87-LQ24/221299900201/EXAMEN INVITAE/NOVIEMBRE ,12
5056-1210-SE26,5056-95-LQ24/221299900201/EXAMEN CINTIGRAMA OSEO/ABRIL,12
5056-121-SE26,5056-87-LQ24/221299900201/ESTUDIO DE AGREGACION DE VARIANTES DE INVITAE/NOVIEMBRE,12
5056-1296-SE26,5056-87-LQ24/221299900201/EXAMEN PANEL GENÉTICO INVITAE/ABRIL,12
5056-1393-SE26,5056-95-LQ24/221299900201/EXAMEN CINTIGRAMA OSEO/ABRIL,12
5056-3313-SE25,5056-87-LQ24/221299900201/EXAMEN INVITAE/OCTUBRE/2026,12
5056-894-SE26,5056-89-LE25/2209005002/ARRIENDO DE LABORATORIO VASCULAR/ENERO,6
5060-239-AG26, SOL. N°005 ADQUISICIÓN DE VESTUARIO PARA TALLERES PARA ESCUELA ANDRÉS BELLO 5060-242-COT26,6
5061-235-CM26,SCH N°19 Adquisición de carga N°2 de gas a granel para calefacción de Cecosf Arquenco,4
507428-483-AG26,DOCENTE VII JORNADA DE SALUD RENAL,6
509149-16-SE25,ORDEN DE COMPRA DESDE 509149-1-LE25,12
509149-20-AG24,Orden de Compra generada por invitación a compra ágil: 509149-6-COT24,12
514848-303-AG26,Orden de Compra generada por invitación a compra ágil: 514848-176-COT26,5
514862-265-SE26,10032431 TRASLADO PACIENTES EN AMBULANCIA BÁSICA,6
514862-326-TD26,Orden de Compra generada por Trato Directo ID 514862-83-FTD26,4
5178-1406-AG26,770201/B1/SP 1043355 MH a compra ágil: 5178-1938-COT26,12
5178-1865-AG26,340214/B1/SP 1045823/CJ,6
5178-1906-AG26,400160/B1/SP 1045727/DS 5178-2239-COT26,6
5178-1948-AG26,110107/B1/SP1049085/ 5178-2651-COT26/CM,6
5178-1954-AG26,610101/B5/SP 1049549/ID 5178-2615-COT26 JL,6
5188-250-AG26," ESTANTE INFANTIL // MESA DE REUNIONES REDONDA BLANCA ID:5188-203-COT26 (AG,PSIQUIATRIA,2204001,MTM)",6
520149-60-SE26,"BRZ_PC N°6086_DINFRA_Provisión de materiales de ferretería, de construcción y eléctricos, desde lic. ID 520149- 15-LE26",6
5215-217-AG26,Orden de Compra generada por invitación a compra ágil: 5215-235-COT26,6
5215-233-AG26,Orden de Compra generada por invitación a compra ágil: 5215-297-COT26,4
5240-233-SE25,H/H PARA SOPORTE DE MANTENCION ERP SAP S/A HANA,12
5251-337-AG26,MOCHILAS CON LOGO INSTITUCIONAL BORDADO - POSTGRADO,4
525800-140-AG26,Compra ágil: 525800-164-COT26 NP 333,6
529318-78-AG26,ADQUISICIÓN DE TRACTOR CORTA CESPED Orden de Compra generada por invitación a compra ágil: 529318-89-COT26,6
5326-613-AG26,Adquisición de Medicamento (Inmunoglobulina) mes de Mayo 2026,5
5349-627-SE26,SERVICIO DE INTERVENCIONES QUIRURGICAS CATARATA JORNADA 11/04/2026,4
5349-921-SE26,SUMINISTRO DE BATERÍAS PARA EQUIPOS MÉDICOS DEL HPH,6
5349-923-SE26,SUMINISTRO DE LENTES ÓPTICOS DE BAJA DIOPTRÍA Y ALTA DIOPTRÍA,6
5349-924-SE26,SERVICIO DE INTERVENCIONES QUIRURGICAS CATARATA JORNADA 18/04/2026,4
5349-925-SE26,SERVICIO DE INTERVENCIONES QUIRURGICAS CATARATA JORNADA 25/04/2026,4
5349-927-SE26,EXAMENES DE LABORATORIO MES MARZO 2026,4
536674-6-SE26,Servicio de Transporte Terrestre. ,12
536674-7-SE26,Costo variable de combustible. Oct a Dic 2025. TGW,12
539119-1499-SE26,"SUMINISTRO DE  ART. DE FERRETERIA PARA LA COMISION COMPLEJO LIMACHE SEGUN SOLICITUD DE PEDIDO ADJUNTA, CORRESPONDIENTE AL MES DE MAYO DE 2026, DESDE LICITACION 539119-35-LQ25. LINEA 3",6
539119-1501-SE26,"B.1 SUMINISTRO DE  ART. DE FERRETERIA PARA LA COMISION COMPLEJO LIMACHE SEGUN SOLICITUD DE PEDIDO ADJUNTA, CORRESPONDIENTE AL MES DE MAYO DE 2026, DESDE LICITACION 539119-35-LQ25. LINEA 4",6
5394-197-AG26,SOLICITUD N°157206 – ADQUISICIÓN DE MATERIAL DIDÁCTICO PARA ACTIVIDAD DEL PROGRAMA DE INDAGACIÓN PARA LAS PRIMERAS EDADES (PIPE) DE LA UNIVERSIDAD DE MAGALLANES,6
5394-201-AG26,"ADQUISICIÓN DEL SERVICIO DE TRASLADOS DE ESTUDIANTES DE LICEOS PACE DE PUNTA ARENAS, SOL. 157252",6
542343-9-AG26,Servicio Lavandería 542343-2-COT26,12
542429-116-AG25,SERVICIO DE COURIER Y ENCOMIENDA PARA LAS DEPENDENCIAS DE LOS TRIBUNALES TRIBUTARIOS Y ADUANEROS AG ID 542429-35-COT25,12
542429-119-CC24,SERVICIO DE TELEFONÍA MÓVIL Y BANDA ANCHA MÓVIL,12
542429-5-TD26,Orden de Compra generada por Trato Directo ID 542429-1-FTD26,12
5485-295-AG26,Orden de Compra generada por invitación a compra ágil: 5485-299-COT26,4
5500-7-AG26,Orden de Compra generada por invitación a compra ágil: 5500-7-COT26,9
5517-171-AG26,"Sol 474, Mobiliaria, Operaciones e Infraestructura",6
5520-1867-AG26,Adquisición de Mobiliario para Uso Institucional compra ágil 5520-260-COT26,12
5520-1926-TD26,Orden de Compra generada por Trato Directo ID 5520-240-FTD25,12
5520-2351-SE26,Suministro de bolsas y mangas de polietileno transparentes. Licitación 5520-23-LE24,12
5520-2516-AG26,Servicio de Desarrollo de Plataforma Web para Monitoreo y Visualización de Datos compra ágil 5520-341-COT26,6
5520-2951-TD26,Orden de Compra generada por Trato Directo ID 5520-44-FTD26,12
5520-2954-CM26,Adquisición de computadores,4
552757-123-AG26,ADQUISICIÓN DE RESMAS CARTA Y OFICIO PARA USO DEL DEPTO. DE SALUD PICHILEMU.,4
5575-66-AG26,Orden de Compra generada por invitación a compra ágil: 5575-75-COT26,6
557639-774-AG26,SERVICIO TRASLADO ALUMNOS A VALPARAISO - LCDP CDP 1026,4
557639-799-AG26,SILLAS Y MESAS - COL VIRGINA BRAVO  CDP 1025,4
557639-800-AG26,PANTALLA INTERACTIVA - COL PATRICIO MEKIS CDP 1020,4
557639-801-AG26,SILLAS Y MESAS DE REUNIÓN - LCDP CDP 1018,4
557639-802-SE26,AUMENTO DE CONTRATO COCINA BAÑO LCDP -CDP 1070-349,6
557639-803-AG26,TINTAS PARA IMPRESORA - ITMBO CDP 1021,4
5586-1263-AG26,M/D  DIVISION TABIQUE Orden de Compra generada por invitación a compra ágil: 5586-994-COT26,6
5586-1280-CM26,M/D  PASAJES NACIONALES Orden de Compra: 5586-1280-CM26,6
5590-207-AG26,SC 19590 CC 3103 MIGUEL ARREDONDO,4
559511-423-AG25,Orden de Compra generada por invitación a compra ágil: 559511-157-COT25,12
5609-53-AG26,Vasos térmicos y revolvedores Orden de Compra generada por invitación a compra ágil: 5609-54-COT26,6
564162-254-AG26,11 - 90529 - Perforadora con repuestos y discos,6
564162-288-AG26,16 - 90706 - notebook,6
564953-443-AG26, 2 REFRIGERADORES CLINICOS DE UNA PUERTA THERMO SCIENTIFIC .386 LITROS - CESFAM ARIZTIA,4
564953-444-AG26,BALONES Y BOLSOS CAMPEONATOS,4
5651-33-SE26,SICR 312-2026 Mantención 40.000 kms Suzuki SZWY-71,12
5657-86-AG26,"DVM folio 31 SIC 616 - SIRE 711 SERVICIO DESRATIZACIÓN, SANITIZACIÓN Y DESINSECTACIÓN PARA VIVERO Y HUERTO HUILLILEMU: 5657-21-COT26",12
5668-17-AG26,Orden de Compra generada por invitación a compra ágil: 5668-5-COT26,6
568658-719-AG26,Orden de Compra generada por invitación a compra ágil: 568658-710-COT26,12
5701-49-AG26,ADQUISICIÓN DE EQUIPOS MENORES DIPECAR ,4
5733-57-AG26,Orden de Compra generada por invitación a compra ágil: 5733-32-COT26,4
5737-30-SE25,Servicio de tamizaje de Traumatología,12
5737-36-SE25,SERVICIO PRESTACIÓN AREA TRAUMATOLOGÍA SSMM,12
5737-89-SE25,Servicio Courier para Junaeb Los Ríos ,12
5737-9-SE26,"SUMINISTRO, REPOSICIÓN, REPARA.Y DIST. LENTES SSMM",12
574-172-AG26,Reactivos para Laboratorio,6
5742-20-AG26,C.A 5742-10-COT26 MATERIALES PARA JORNADA DE EQUIPOS TERRITORIALES MINEDUC,4
5742-4-SE26,SERVICIOS DE ASEO 2026 SECREDUC Y DEPROV VALDIVIA ,12
5742-5-SE26,SERVICIOS DE ASEO EN DEPENDENCIAS DEPROV RANCO 202,12
5827-20-AG26,Servicio de mantenimiento de extintores MZS Coyhaique compra ágil: 5827-21-COT26,6
584264-92-SE26,"27-R122 "" Sum. y serv. de señalizacion demarcación 2022-2026 EP43",4
584264-93-SE26,"""9-LQ25"" MANTENCIÓN DEL SISTEMA DE CONTROL DE TRÁNSITO EP11",4
5855-87-TD26,Orden de Compra generada por Trato Directo ID 5855-10-FTD26,12
5942-70-TD26,Orden de Compra generada por Trato Directo ID 5942-15-FTD26,12
600644-14-SE26,ORDEN DE COMPRA DESDE 600644-2-LE26,12
608-5701-CM26,ERN BODEGA CENTRAL - MAYO// CDP 731,6
611136-16-AG26,Dispensadores de Papel Higiénico,6
618472-16-AG26,Adquisición de altavoces 2.1 compra ágil: 618472-13-COT26,6
619133-1917-TD26,Orden de Compra generada por Trato Directo ID 619133-441-FTD26,6
619133-2406-SE26,(JCTL) ARRIENDO DE IMPRESORAS E IMPRESIÓN DE HOJAS MES DE ABRIL 2026  DESDE 619133-106-LE24,6
619133-2509-TD26,Orden de Compra generada por Trato Directo ID 619133-515-FTD26,4
622-162-AG26,SS648/2026 Compra frutas y verduras para Jardin Infantil,12
622-204-CM26,Compra de artículos de aseo para Stock de bodega ,6
622-234-SE24,IMPRESIÓN Y CONFECCIÓN DE CHEQUES FISCALES ,12
622-9-SE22,TD Confección de timbres para TGR,12
624-66-CM26, PASAJE AEREO GOBERNADOR Y EQUIPO GABINETE,12
626152-2-TD26,Orden de Compra generada por Trato Directo ID 626152-1-FTD26,9
626152-3-TD26,Orden de Compra generada por Trato Directo ID 626152-2-FTD26,9
627025-336-TD25,Orden de Compra generada por Trato Directo ID 627025-32-FTD25,12
627025-53-SE26,SERVICIO DE ASEO PARA EDIFICIOS DE LA DIRECCIÓN DE EDUCACIÓN Y CENTRO DE EDUCACIÓN A DISTANCIA,12
627025-75-AG26,ADQUISICIÓN DE MATERIAL DE FERRETERÍA,12
627025-84-SE26,SERVICIO DE TELEFONÍA,12
628-245-AG25,Servicio de retiro de residuos. C.A.: 628-60-COT25,12
630424-256-AG26,COMPRA DE ALIMENTOS ESCUELA RURAL RIÑINAHUE  ,4
633-236-SE26,"SIC N°2300 - REFUNDIDO N°1870 - INCORPORACIÓN DE EMBARCACIONES DE LAS REGIONES DE AYSÉN, LOS LAGOS, MAGALLANES Y VALPARAÍSO AL SEGURO DE EMBARCACIONES DE CONAF - DEPTO. DE ÁREAS SILVESTRES PROTEGIDAS.- ",6
643-94-AG26,SERVICIO DE MANTENCIÓN 10.000 KMS VEHÍCULO MOTORIZADO VSBV71,12
682264-6-CM26,Orden de Compra: 682264-6-CM26,4
682935-16-SE26,SERVICIO DE TAXI,6
682941-13-AG26,Orden de Compra generada por invitación a compra ágil: 682941-10-COT26,6
682958-14-AG26,Orden de Compra generada por invitación a compra ágil: 682958-24-COT26,4
682960-21-AG26,Orden de Compra generada por invitación a compra ágil: 682960-9-COT26,4
691232-100-SE26,REGULARIZA HOPITALIZACIONES DE PACIENTES SISAN,12
691232-1261-SE24,PRESTACIONES MÉDICAS ONCOLOGÍA PACIENTES SISAN,12
691232-138-TD26,Orden de Compra generada por Trato Directo ID 691232-59-FTD26,12
691232-139-TD26,Orden de Compra generada por Trato Directo ID 691232-60-FTD26,12
691232-145-TD26,Orden de Compra generada por Trato Directo ID 691232-64-FTD26,12
691232-146-TD26,Orden de Compra generada por Trato Directo ID 691232-65-FTD26,12
691232-159-SE22,ATENCIONES MEDICAS PARA PACIENTES SISAN EN LA REGI,12
691232-173-SE26,REGULARIZA EXÁMENES SEP A ENE 26,12
691232-211-SE26,REGULARIZA ATENCIONES DENTALES SEPTIEMBRE 2025,12
691232-222-SE26,REGULARIZA ATENCIONES DENTALES JULIO 2025,12
691232-223-SE26,REGULARIZA ATENCIONES DENTALES DICIEMBRE 2025,12
691232-247-SE26,REGULARIZA ATENCIONES KINESIOLOGÍA MARZO 26,12
691232-31-TD26,Orden de Compra generada por Trato Directo ID 691232-21-FTD26,12
691232-6-TD26,Orden de Compra generada por Trato Directo ID 691232-4-FTD26,12
691232-7376-SE25,PET-CT PACIENTES SISAN,12
697-143-SE26,PLAN DE DATOS PARA ESTACIONES METEOROLÓGICAS DESDE 697-11-LE26,6
699866-6206-SE26,699866-44-LE25/2204003002/SENSIDISCOS/MAYO,6
699866-6211-SE26,699866-111-LP25/2204005003/BOLSA DE PAPEL 1/4 KG/MAYO,6
702988-247-AG26,Orden de Compra generada por invitación a compra ágil: 702988-111-COT26,6
702988-249-AG26,Orden de Compra generada por invitación a compra ágil: 702988-114-COT26,6
702988-250-AG26,Orden de Compra generada por invitación a compra ágil: 702988-115-COT26,6
702988-251-AG26,Orden de Compra generada por invitación a compra ágil: 702988-116-COT26,6
705290-887-TD26,Orden de Compra generada por Trato Directo ID 705290-61-FTD26,6
705290-888-SE26,"SERVICIOS DE CONSULTAS MÉDICAS ONCOLOGICAS DESDE 705290-5-LP26 MARZO 2026(LIC,2212999018,SRL)	",6
705290-893-SE26,"AC ANTIACUAPORINA 4 Y ANTIMOG EN SANGRE ID: 705290-30-LE25 (LC,CAAE NEUROLOGIA ADULTO,221299900201,RRC)",6
705290-894-SE26,"Panel de miopatías inflamatorias para el paciente hospitalizado ID:705290-30-LE25 (LC,CAAE NEUROLOGIA ADULTO,221299900201,RRC)",6
705290-936-SE26,"PRESTACION DE TRANSPORTE DE PACIENTES DE DIALISIS, MES DE ABRIL 2026, ID LICITACION 705290-61-LP25,ITEM 2212999010,SRL	",4
707425-82-AG26, Instalacion Montaje de Equipo de Aires Acondicionados_JI LUZ DE LUNA 707425-46-COT26,6
711-183-CM26,Orden de Compra: 711-183-CM26,4
722640-55-AG26,"Orden de Compra generada por invitación a compra ágil: 722640-58-COT26, kit de reparacion del sillon dental ",6
729-2-AG26,Orden de Compra generada por invitación a compra ágil: 729-25-COT26,4
730736-145-AG26,Orden de Compra generada por invitación a compra ágil: 730736-92-COT26,6
732465-13-AG26,Orden de Compra generada por invitación a compra ágil: 732465-14-COT26,4
732465-14-AG26,Orden de Compra generada por invitación a compra ágil: 732465-15-COT26,4
732465-15-AG26,Orden de Compra generada por invitación a compra ágil: 732465-16-COT26,4
732465-16-AG26,Orden de Compra generada por invitación a compra ágil: 732465-20-COT26,4
732465-17-AG26,Orden de Compra generada por invitación a compra ágil: 732465-21-COT26,4
734-271-AG26,Orden de Compra generada por invitación a compra ágil: 734-36-COT26,6
734-274-SE26,Salidas a Terreno Sr. BORIS REYES VELOSO,4
734-275-TD26,Orden de Compra generada por Trato Directo ID 734-154-FTD26,4
741488-6-AG26,COMPRA MATERIALES SERVICIO ASEO TOP COYHAIQUE,4
741488-7-AG26,COMPRA MATERIALES COMPUTACIÓN TOP COYHAIQUE,4
741488-8-AG26,COMPRA MATERIALES OFICINA TOP COYHAIQUE,4
742-11-SE25,CONTRATO DE ASEO AREA COYHAIQUE 2025-2026 DESDE 742-2-LE25,12
742-27-AG26,SERVICIO DE CATERING Y ARRIENDO DE LOCAL CAR CADA,12
742-28-AG26,Servicio de Catering en reunión CADA AYSEN,12
744835-234-AG26,RESMAS DE PAPEL/ ROLLOS DE CINTAS/PILAS,6
746483-26-AG26,Orden de Compra generada por invitación a compra ágil: 746483-10-COT26,4
757-226-AG26,[DGP] SC N°1152 EXP 31757/2026 00018 Curso Interpretación y análisis del sistema de Gestión de la calidad ISO 9001:2015 compra ágil: 757-133-COT26,6
758-478-SE24,ADQUISICIÓN TARJETAS SIM Y SERVICIOS SATELITALES INMARSAT ,12
758-749-SE24,SC 17344 SERVICIO SATELITAL INMARSAT COSTO VARIABLE,12
759916-16-AG26,GLUCOSA/ CESFAM ANDES/VVS,4
759916-17-AG26,APOSITOS / CESFAM ANDES/VVS,5
759916-18-CM26,Orden de Compra: 759916-18-CM26,4
761391-545-AG26, BAEB-GTT/GUB/70/PLF/SERVICIO DE MANTENCIÓN PLATAFORMA DE LEVANTE HIDRÁULICO DE CAMIÓN. 761391-351-COT26,6
766031-9-AG26,Orden de Compra generada por invitación a compra ágil: 766031-6-COT26,6
766405-3-AG26,ADJUDICACIÓN DE INSUMOS DE ASEO,6
768-144-SE26,SERVICIO DE RECARGA AGUA MES ABRIL  2026,12
770645-4-AG26,Orden de Compra generada por invitación a compra ágil: 770645-3-COT26,5
777304-1876-AG26,Orden de Compra generada por invitación a compra ágil: 777304-1630-COT26,6
777304-1893-SE26,DESDE 777304-64-LR25_ADQUISICIÓN DE AUDÍFONOS DE HIPOACUSIA Y REHABILITACIÓN AUDITIVA_MARZO 2026,4
777304-1901-SE26,DESDE 777304-64-LR25_ADQUISICIÓN DE AUDÍFONOS DE HIPOACUSIA Y REHABILITACIÓN AUDITIVA_ABRIL 2026,4
777304-1906-CM26,Orden de Compra: 777304-1906-CM26,4
777304-1916-SE26,DESDE 777304-39-LP24 INSUMOS DE LABORATORIO,4
799512-414-AG26,CEMENTERIOS REQUIERE COMPRAR MATERIALES PARA TABIQUERIA CEMENTERIO N°3 compra ágil: 799512-463-COT26,6
800-2743-AG26,VCC_100636 100639 SONDAS PROSTATICAS_800-3151-COT26_OCI 214804  ,6
800-2755-AG26,NGG_CONSUMO PABELLON_214833_800-3247-COT26,6
804962-68-SE26,ADQUISICION DE EXAMENES DE IMAGENOLOGIA MARZO,4
804962-71-SE26,ADQUISICION DE EXAMENES DE LABORATORIO ABRIL,6
808211-46-AG26,COMPRA VESTUARIO PROEMPLEO,6
812261-729-AG26,Orden de Compra generada por invitación a compra ágil: 812261-243-COT26,4
812261-732-AG26,Orden de Compra generada por invitación a compra ágil: 812261-244-COT26,6
812261-733-AG26,Orden de Compra generada por invitación a compra ágil: 812261-242-COT26,4
812261-734-SE26,DESDE 812261-44-LR25 SERV. DESPACHO DE MEDICAMENTO A DOMILICIO ABRIL 2026,4
812261-735-AG26,Orden de Compra generada por invitación a compra ágil: 812261-237-COT26,4
824773-58-AG26,Orden de Compra generada por invitación a compra ágil: 824773-54-COT26,6
831-114-AG26,P01 MNS PUBLICACION DIARIO: 831-76-COT26,4
837-265-AG26,CDP 286 ADQUISICION DE NEUMATICOS CAMIONETA SML PUERTO NATALES a compra ágil: 837-157-COT26,6
837322-50-SE26,AC N.°019-2026 CG 80715 PATE DE TERNERA ,6
838104-365-CM26,CRTC ADQUISICION DE PULPAS Y PESCADOS CONGELADOS ,12
838104-414-CM26,CRTC ADQUISICION DE CARBON ,12
848-82-CM26,CE- Material de oficina P01,6
848-89-CM26,RRFF Gas granel JI Betty,4
848-90-CM26,RRFF Gas granel JI Ankatu,4
85-374-TD25,Orden de Compra generada por Trato Directo ID 85-33-FTD25,12
85-375-TD25,Orden de Compra generada por Trato Directo ID 85-33-FTD25,12
854-70-CM26,GAS GRANEL JARDIN INFANTIL ARCO IRIS JUNJI XI ABACO 60.056,4
856-236-CM26, RRFF_CARGA GAS GRANEL_JARDIN INFANTIL 13124034_SC 59.845.,6
872-230-AG26,Mascarillas y Cofias (872-162-COT6),6
885-397-AG26,Orden de Compra generada por invitación a compra ágil: 885-298-COT26,6
886954-2766-SE26,225-610-00//TIRA ADHESIVA PARA APROXIMACIÓN DE BOR,6
886954-2799-SE26,"222-302-04//ESTILETE INTUB, 12 FR",6
886954-2801-SE26,222-1208-00/‌/TUBO SILICONA DE 5 X 8 MM X 3 METROS,6
886954-2803-SE26,222-340-01/‌/IMPLANTE ONCOLOGICO(CATETER C/IMPLANT,6
889473-649-AG26,SC 7604 - CDP 3612 - Provisión e Instalación Lámina Control Solar,6
889473-660-CM26,SC 7725 - CDP 4189 - Art. de aseo (CM),6
898-1465-AG26, Sonda tipo Foley urológica diferentes medidas.Compra ágil: 898-474-COT26,6
898-1487-AG26, GASA ESTERIL NO TEJIDA (SINTETICA) 4 PLIEGUES 10 X 10 CM ENVASADA ENSOBRE DE 2 UNIDADES compra ágil: 898-527-COT26,6
898-1524-SE26,CINTIGRAMA,6
898-1581-CM26,Agua mayo,4
899-294-AG26,COMPRA BOLSAS AMARILLAS ,4
899-296-AG26,COMPRA CIRCUITOS VENTILATORIOS ADULTO/PEDIÁTRICO Y NEONATAL,4
900-517-AG26,"HDS - COMPRA DE INSUMOS PARA TALLER DE JABONES, T.O. UPFT",6
900-527-CM26,Compra de carnes congelados y queso miércoles 13 de mayo,4
900-528-CM26,Compra de carnes miércoles 13 de mayo,4
907562-58-SE26,REAS 12/24,12
924-69-SE25,Licencias antivirus 1 año más consola de administración centralizada para equipamiento institucional,12
931-38-SE26,Adjudicación 931-11-LP26 Convenio Suministro Arbitraje y kinesiol 2026,6
935-170-SE26,CONTRATACION TRABAJOS GIMNASIO FISCAL,4
938614-7602-SE26,TORRE C SERV. REPARACION CALDERAS,12
938614-7664-SE26,VMO SERV. GUARDIA DE SEGURIDAD,12
938614-7670-SE26,VME SERV. MANTENCION SIST. IMPULSIÓN DE AGUA,12
948354-676-SE26,ORDEN DE COMPRA DESDE 948354-43-LE25,6
948354-750-SE26,ORDEN DE COMPRA DESDE 948354-12-LR23,4
948354-751-AG26,Orden de Compra generada por invitación a compra ágil: 948354-159-COT26,4
948354-752-SE26,ORDEN DE COMPRA DESDE 948354-183-LR24,4
948356-1607-SE26,TEST REPORTADO LABORATORIO ABRIL,6
948356-1619-SE26,948356-85-LR22,6
948356-1621-SE26,948356-133-LR23,6
948356-1623-SE26,948356-25-LE26,6
948356-1626-SE26,948356-85-LR22,6
948356-1627-SE26,948356-104-LP25,4
948356-1628-SE26,948356-93-LE23,4
948356-1629-SE26,948356-104-LP25,4
948806-1740-SE26,"INSUMOS EN CONSIGNACIÓN, FIC 1253",4
948806-1741-SE26,"INSUMOS EN CONSIGNACIÓN, FIC 1253",4
948806-1742-SE26,"INSUMOS EN CONSIGNACIÓN, FIC 1253",4
948806-1743-SE26,"INSUMOS EN CONSIGNACIÓN, FIC 1253",4
951405-139-CM26,(PRESUP) JAL_ADQUISICIÓN MATERIALES Y ÚTILES DE ASEO PARA EL FUNCIONAMIENTO DEL CMC ,4
953-249-SE25,Serv. Aseo y Apoyo Atención Gabinete DPR,12
956-248-AG26,"Id 956-161-COT26, Servicio traslado enseres medico EDF RVG, dia 02/05/2026, trayecto Origen Belloto Sur, destino Nuñoa",12
956-802-TD25,Orden de Compra generada por Trato Directo ID 956-31-FTD25,12
975-140-AG26,Servicio de tapizado de sillas (38 unidades).,4
979-555-TD26,Orden de Compra generada por Trato Directo ID 979-9-FTD26,6
985448-32-AG26,"Adquisición de caja porta guantes para la EM ""Chorrillos"" por invitación a compra ágil: 985448-31-COT26",12
991328-10-AG26,APORTE A E CORTES,6
997-48-SE24,"AGUA PURIFICADA  EN BOTELLONES, VIALIDAD O´HIGGINS DESDE 997-7-LE24",12
998-330-SE25,ORDEN DE COMPRA DESDE 998-50-LP25,12
