Codigo,Nombre,CodigoEstado
1000813-155-CM26,FI_ ADQUISICION DE MATERIAS PRIMAS Y SEMIELABORADAS PARA LA COMISION PANADERIA DE LA 4TA BRIACO CHORRILLOS,12
1002772-20149-AG25,"AGUJA DE ANESTESIA ESPINAL 25G X 3 1/2 PUNTA LAPIZ  ID: 1002772-2819-COT25 (AG,PAB,2204005003,CBO) ",6
1002772-3225-SE26,"BOLSA ASPIRACION DESECHABLE 3000CC ID: 1002772-116-LQ25 (LC,Pabellon Central y Anestesia,2204005003,RRC)",12
1002772-5685-SE26,"SONDA ALIMENTACION ADULTO 15 FRENCH ENFIT 15 FR   (2-20)/SONDA ALIMENTACION PEDIATRICA 6FR 50CMS ENFIT    (2-20) ID: 1002772-101-LR25 (LC,TRANSV,2204005003,MTM)",12
1002772-6151-SE26,"MIEL DE ULMO 30ML USO MEDICINAL ID: 1002772-83-LR25 (LC,CUID.PIEL ,2204004003,APG)",12
1002772-6211-AG26,"SONDA FOLEY 6FR CON BALON 5 ML 2 VIAS SILICONA DESECHABLE ESTERIL,ID 1002772-1232-COT26,(AG,UPC PEDIATRICA,2204005003,MMC)",12
1002772-6477-AG26,"LAPIZ MARCADOR DE PIEL ESTERIL (2-17) ID:1002772-1394-COT26 (AG,PAB.CENTRAL,2204005003,MTM)",6
1002772-6560-SE26,"TEST DE EMBARAZO EN ORINA ID 1002772-850-COT25 (AG,URGENCIA GINECO OBSTETRICA,2204005003,APG)",4
1002772-6561-SE26,"TAPA JERINGA ENFIT (CAJA) ( 2 - 22) ID:1002772-61-LR25 (LC,ALIMENTACION,2204005003,APG)",4
1002772-6562-SE26,"CONECTOR DESECHABLE BLANDON NEONATAL P/CIRCUITO BABY FLOW,ID 1002772-97-LQ25,(LC,NEONATOLOGIA,2204005003,APG)",4
1002772-6563-CM26,"CONTROL BIOLOGICO LECTURA EXTRA RAPIDA (CM,2204005003,Unidad de EsterilizacionRRC)",4
1003473-2086-AG26,PROG. PABELLON: ABRIL 2026 a compra ágil: 1003473-1865-COT26,6
1003473-2317-AG26,PROG.ESTERILIZACION MAYO 2026 -compra ágil: 1003473-2164-COT26,6
1003473-2343-AG26,PROG.ESTERILIZACION MAYO 2026-compra ágil: 1003473-2188-COT26,6
1003473-2345-AG26,PROGESTERILIZACION MAYO 2026 -compra ágil: 1003473-2186-COT26,6
1003473-2350-AG26,PROG.ESTERILIZACION MAYO 2026-compra ágil: 1003473-2175-COT26,6
1003473-2568-AG26,PROG DENTAL 05/25 compra ágil: 1003473-2350-COT26,6
1003473-2569-AG26,PROG DENTAL 05/26 compra ágil: 1003473-2355-COT26,6
1003473-2674-AG26,PROG. ANTISEPTICOS MAYO 2026 compra ágil: 1003473-2398-COT26,4
1006-4-TD26,Orden de Compra generada por Trato Directo ID 1006-1-FTD26,4
1006-5-TD26,Orden de Compra generada por Trato Directo ID 1006-2-FTD26,6
1008790-68-AG26,"Servicio Traslado y aridos, y soldadura (504066-71): 1008790-90-COT26",6
1013609-71-AG26,Adquisición de elementos de aseo para el casino de suboficiales ,6
1016414-36-CM26,Viaje Concepcion 1p 1016414-36-CM26,6
1017-27-AG26,CAJAS TRANSFERENCIA DOCUMENTAL CA: 1017-30-COT26,4
1028871-246-SE26,P02_SERVICIOS DE ALIMENTACIÓN_ABRIL 2026,12
1037202-14-SE26,ORDEN DE COMPRA DESDE 1037202-1-LE26,4
1037202-15-SE26,ORDEN DE COMPRA DESDE 1037202-1-LE26,4
1037202-16-SE26,ORDEN DE COMPRA DESDE 1037202-1-LE26,4
1038-102-AG26,Pellet para calefacción PNTP Sic 819,4
1043-20-AG26,"Orden de Compra generada por invitación a compra ágil: 1043-15-COT26 DESMALEZADORA TIRO A TRACTOR, Ad. Directa",12
1043-29-AG26,Orden de Compra generada por invitación a compra ágil: 1043-27-COT26 materiales menores Ad. Directa,12
1047027-266-SE26,(JVF) ALPRAZOLAM 0.5MG CM. 1047027-8-LP25,5
1048-188-SE26,ADQUISICION DE 100 CONTENEDORES PARA RSD EL TABO,6
1049-909-AG26,OC 56656 MANTENCION 140.000KM CAMIONETA  KCRY-30 PUNTA ARENAS,6
1051765-404-AG26,Dirreg Ñuble/Adquisición de materiales de ferretería para USEP Chillán1051765-127-COT26,6
1057049-12903-SE26,MES INT 146/2026 RES 276 ID 1057049-347-LE25 (OC FORMALIZACION DE CONTRATO) PAC INSUMOS MARZO -ABRIL 2026.,6
1057049-14398-SE26,MES INT. 473 RES 978/2026 DESDE ID 1057049-369-LP25 PAC INSUMOS MARZO-ABRIL 2026 (FORMALIZACION CONTRATO),6
1057049-14950-SE26,"JAC INSUMOS VARIOS PARA LOS SERVICIOS PEDIATRICOS DESDE 1057049-156-LP25, PROGRAMA INSUMOS MAYO JUNIO 2026",6
1057049-15083-SE26,JAC INT 1172/2025 RX 2172 DESDE 1057049-160-LQ25. PROGRAMA INSUMOS MAYO JUNIO 2026,6
1057049-15095-SE26,JAC. PAC ID.1057049-163-LE24 INT. 1161/2024 PROGRAMA INSUMOS MAYO JUNIO  2026,6
1057049-15193-SE26,BMC ADQ. RETRACTORES DRENAJES Y OTROS INSUMOS DESDE 1057049-271-LQ25. PROGRAMA INSUMOS MAYO - JUNIO 2026,6
1057049-15194-SE26,BMC ADQ. RETRACTORES DRENAJES Y OTROS INSUMOS DESDE 1057049-271-LQ25. PROGRAMA INSUMOS MAYO - JUNIO 2026,6
1057049-15222-SE26,BMC INT. 19 RE 155/2025 DESDE 1057049-294-LQ25 PROGRAMA PAC MAYO - JUNIO 2026,6
1057049-15250-SE26,JAC. PAC. ID.1057049-359-LQ24 INT. 2091/2024 PROGRAMA INSUMOS MAYO JUNIO 2026,6
1057049-15321-SE26,JAC PAC ID.1057049-393-LP24 INT. 130/2025 PROGRAMA INSUMOS MAYO JUNIO 2026,6
1057049-15343-SE26,JAC PAC ID. 1057049-406-LP24 INT. 9/2025 PROGRAMA PAC MAYO JUNIO 2026,6
1057049-15346-SE26,JAC RE N°45 ID.1057049-406-LP24 PAC PROGRAMA INSUMOS MAYO JUNIO 2026,6
1057049-15376-SE26,MES  INT. 859 RE 1745 DESDE 1057049-63-LP25 PAC PROGRAMA INSUMOS MAYO - JUNIO 2026,6
1057049-15378-SE26,MES INT 1131 RE N°2371 ID 1057049-64-LP25 PAC PROGRAMA INSUMOS MAYO - JUNIO 2026,6
1057049-15392-SE26,MES RE N°1268 ID 1057049-95-LE24 PAC PROGRAMA INSUMOS MAYO - JUNIO 2026,6
1057049-15426-SE26,JAC RE N°167 ID 1057049-300-LQ25 PAC PROGRAMA INSUMOS MAYO JUNIO 2026.,6
1057055-523-SE26,SHV RES 521 DESDE 1057055-4-LE26 PAC MAYO 2026 AMBRISENTAN 10 MG. ,4
1057055-710-SE26,SHV 1057055-15-LP26 PAC MAYO 2026 ADQUISICION RAZOXANE 500 MG - CARDIOXANE,4
1057055-764-TD26,Orden de Compra generada por Trato Directo ID 1057055-29-FTD25,6
1057055-788-SE26,SHV INT 1538/2024 1057055-95-LQ24 PAC MAYO  2026 NIVOLUMAB 100 MG FA (HOSP). CENABAST SUSPENDIDO,6
1057062-127-AG26,Pasajes estudiantes en práctica_URY 2295_FISABS 1425_compra ágil: 1057062-109-COT26,12
1057062-134-AG26, Servicio de coffe break para el 29 de abril en Coyhaique según fisabs 1468_ Sub-URY2395 a compra ágil: 1057062-112-COT26,12
1057062-155-AG26,"Servicio de diseño gráfico para Ferias Laborales UAysén, Proyecto URY 2295, según compra ágil ID 1057062-139-COT26",12
1057379-241-SE26,COMPRA DE CARNE PARA ALIMENTACIÓN 25-05-2026 - HSAP ,6
1057379-242-SE26,COMPRA DE VERDURA CONGELADA PARA ALIMENTACIÓN 25.05.2026 - HSAP,6
1057385-146-SE26,SUMINISTRO DE FRUTAS Y VERDURAS,4
1057385-149-SE26,SUMINISTRO DE OXIGENO MEDICINAL,4
1057385-359-AG25,"SERVICIO DE CONTROL DE PLAGAS,DESRATIZACION,DESINSECCION Y DESINFECCION",12
1057387-256-AG26,INSUMOS REENVASADORA AUTOBAG (FARMACIA),12
1057389-2415-SE26,Bajada Volumat fotosensible,4
1057389-2476-AG26,KIT CIRCUITO PURITAN BENNETT 840,4
1057389-2488-SE26,Silla de Ruedas Estandar GES,4
1057389-2489-SE26,Ayudas Técnicas GES,4
1057389-2490-SE26,Cojin Antiescaras Celdas de Aire,4
1057389-2491-SE26,Suministro de Higiénicos ,4
1057389-2492-SE26,Suministro de Higiénicos Sabanillas de Papel ,4
1057389-2501-AG26, Formularios de Imprenta,6
1057389-2543-SE26,CIRCUITO DE RESPIRACION CORRUGADO DE 180 CM,6
1057389-2544-SE26,SISTEMA DE SUCCION CERRADO ENDOTRAQUEAL 14 FR/4.6m,4
1057389-2545-AG26, Pañales,6
1057389-2546-CM26,Artículos de Aseo e Higiene ,4
1057402-2478-SE26,(MIS) PEDIDO ASEO MARZO/CARRO ESTRUJADOR/UPC,12
1057402-3471-SE26,(MIS) PEDIDO ASEO ABRIL,12
1057402-3472-SE26,(MIS) PEDIDO ASEO ABRIL/BOLSAS BASURA,12
1057402-4318-SE26,(MIS) ALIMENTOS PACIENTES MAYO/F. Y VERDURAS,12
1057402-4320-SE26,(MIS) ALIMENTOS PACIENTES MAYO/F. Y VERDURAS,12
1057402-4322-SE26,(MIS) ALIMENTOS PACIENTES MAYO/F. Y VERDURAS,12
1057402-4354-SE26,(MIS) ALIMENTOS FUNCIONARIOS MAYO/F. Y VERDURAS,12
1057402-4356-SE26,(MIS) ALIMENTOS FUNCIONARIOS MAYO/F. Y VERDURAS,12
1057402-4362-SE26,(MIS) ALIMENTOS FUNCIONARIOS MAYO/F. Y VERDURAS,12
1057402-4655-SE26,(MIS) PEDIDO ASEO MAYO/BOLSAS BASURA,12
1057402-4671-SE26,(MIS) PEDIDO LAVANDERÍA MAYO/DETERGENTES,12
1057402-5211-AG26,COMPRA ALTERNATIVA/PROTESIS ESOFAGICA PCTE. C.S.A. RP 904385 (PROT),6
1057402-5510-SE26,(MIS)ESCRITORIO/HOJAS CLINICAS/JUNIO,6
1057402-5522-SE26,(MIS)ESCRITORIO/REC.DOSIS UNICA/JUNIO,4
1057402-5566-SE26,"(FAR) URGENTE INSUMO MAYO/ Absorbente de cal sodada grado médico, en forma de gránulos, para eliminación de dióxido de carbono en sistemas de circuitos de anestesia y equipos de terapia respiratoria",6
1057404-605-AG26,PEDAL PARA BICICLETA ESTATICA - Orden de Compra generada por invitación a compra ágil: 1057404-430-COT26,4
1057404-612-AG26,RESORTES DE GAS - Orden de Compra generada por invitación a compra ágil: 1057404-433-COT26,6
1057417-11793-SE26,SG FPM LP MANT MANTENCION DE INSTRUMENTAL QUIRURGICO,6
1057417-11884-AG26,IG rrr AG SA N°422763 Y SA N°422456,6
1057417-11949-AG26,"SG FVS AG NAP CRSM SERVICIO DE INTERNET MÁS TELEFONÍA POR 36 MESES PARA CENTRO DE REHABILITACIÓN DIURNO, SOL. N°429.384. (Orden de Compra generada por invitación a compra ágil: 1057417-1900-COT26)",4
1057417-12144-CM26,"IG msp CM Pedido Junio, Compra Alimentos",6
1057417-12146-CM26,"IG msp CM Pedido Junio, Compra Alimentos",6
1057417-12151-CM26,"IG msp CM Pedido Junio, Compra Alimentos",6
1057417-12154-CM26,"IG msp CM Pedido Junio, Compra Alimentos",6
1057417-12159-CM26,"IG msp CM Pedido Junio, Compra insumos de aseo",6
1057417-12256-SE26,"SG FPM LP TIC (CS) CONVENIO ARRIENDO DE IMPRESORAS ABRIL 2026, MEMO 429773",4
1057417-12268-SE26,"SG FPM LP MANT MANTENCION DE INSTRUMENTAL QUIRURGICO, MEMO 430.539",6
1057417-12270-SE26,"SG FPM LP MANT MANTENCIÓN CORRECTIVA DE LOS EQUIPOS MÉDICOS INCUBADORA NEONATAL, MEMO. 430.804",4
1057420-373-SE26,CS- LEÑA ITEM 22.03.003 HFCH52396 (scch),6
1057420-374-SE26,"CS- FRUTAS, VERDURAS Y OTROS ALIMENTOS ITEM 22.01.001.001 HFCH52392 (ism)",6
1057421-316-SE26,"CS- COFFE BREAK CAPACITACION PLAN ANUAL DE CAPACITACION 2026 GESTION DE LA ATENCION CON ENFOQUE EN DIGNIDAD, HUMANIZACIÓN Y BUEN TRATO-FOLIO N°54.544- REQ.32- ITEM 2201001003 (ila)",6
1057421-317-SE26, CS- COFFE BREAK CURSO PAC 2026 LIDERAZGO Y COMUNICACIÓN PARA EQUIPOS DE SALUD- FOLIO N°54.543- REQ. 32- ITEM 2201001003 (ila),6
1057422-340-SE26,CS- Adq. Bateria Desf. -2206006004-HFCY65.887-(hv),4
1057422-341-SE26,CS- Reparacion Desf. -2206006004-HFCY65.888-(hv)	,4
1057422-342-SE26,CS-INSUMOS LAB-2204003002-HFCY65.891-(hvsm)	,4
1057429-1120-AG26,ALIMENTOS BIMENSUALES 3 (F) MAYO-JUNIO,6
1057429-1168-CM26,JAMÓN DE PAVO LAMINADO (P),6
1057429-1177-SE26,"FRUTAS Y VERDURAS F, ENTREGA MIERCOLES 20-05",6
1057429-1179-SE26,"FRUTAS Y VERDURAS P, ENTREGA MIERCOLES 20-05",6
1057429-1180-SE26,"FRUTAS Y VERDURAS F, ENTREGA VIERNES 22-05",6
1057429-1181-SE26,FRUTAS Y VERDURAS P. ENTREGA VIERNES 20-05,6
1057429-1206-SE26,"FRUTAS Y VERDURAS F, ENTREGA LUNES 18-05",6
1057429-1207-CM26,ALIMENTOS BIMENSUALES 2 (P) MAYO -JUNIO,6
1057429-1214-CM26,DURAZNO INDIVIDUAL 113 GRS. (F),6
1057429-1223-AG26, BOLSAS TRASNPARENTES 80 X 110 CMS. SUPERIOR A 60 MICRONES. ENTREGAS PARCIALIZADAS.,6
1057429-1224-AG26, TIMBRES AUTOMÁTICOS REDONDOS (imagenología),4
1057429-1237-SE26,SERVICIOS ELECTRICOS EN MANTENCION MES DE MAYO,9
1057429-1238-SE26,SERVICIOS DE GASFITERÍA EN MANTENCION MES DE MAYO,6
1057429-1242-SE26,SERVICIOS ELECTRICOS EN MANTENCION MES DE MAYO,4
1057430-1376-SE26,Reposición Insumos Tubos Endo	,6
1057431-1447-AG26,Orden de Compra generada por invitación a compra ágil: 1057431-101-COT26,12
1057431-1483-AG26,Orden de Compra generada por invitación a compra ágil: 1057431-103-COT26,12
1057431-1527-SE26,OC DESDE  2157-258-LQ24,4
1057432-109-SE24,ORDEN DE COMPRA DESDE 1057432-12-L124,12
1057432-110-AG26,Orden de Compra generada por invitación a compra ágil: 1057432-48-COT26,12
1057432-114-SE26,REAS SAMU 21.02.2026 HASTA 20.03.2026,12
1057432-122-AG26,Orden de Compra generada por invitación a compra ágil: 1057432-57-COT26,12
1057432-140-AG26,Orden de Compra generada por invitación a compra ágil: 1057432-93-COT26,12
1057432-146-SE26,ORDEN DE COMPRA DESDE 1057432-48-LE24,12
1057432-148-SE25,ORDEN DE COMPRA DESDE 1057432-13-LE25,12
1057432-165-SE26,OC  LICNECIAS MEDICAS SSC,6
1057432-166-SE26,OC LICNECIAS MEDICAS PRAIS,6
1057432-177-SE26,MANTENCIÓN REPARATIVA DE VEHÍCULOS DSSC,6
1057432-17-SE26,ORDEN DE COMPRA DESDE 1057432-106-LP25,12
1057432-27-SE26,ORDEN DE COMPRA DESDE 1057432-109-LE25,12
1057432-58-AG26,ADQUISICIÓN DE EQUIPOS COMPUTACIONALES PORTÁTILES - DEPTO. SALUD MENTAL,12
1057432-65-SE26,ORDEN DE COMPRA DESDE 1057432-1-LP26,12
1057432-68-SE25,ORDEN DE COMPRA DESDE 1057432-4-LE25,12
1057434-440-AG26,COMPRA SILLA ERGONOMICA SALA DE ADMISION MODULO 2 ABRIL 2026,6
1057434-543-SE26,CONVENIO DE SUMINISTRO INSUMOS CLINICOS DENTALES CVMF.,12
1057439-3071-CM26,Orden de Compra: 1057439-3071-CM26,6
1057439-3171-CM26,Orden de Compra: 1057439-3171-CM26,6
1057439-3418-CM26,Orden de Compra: 1057439-3418-CM26,6
1057439-3506-CM26,Orden de Compra: 1057439-3506-CM26,4
1057439-3510-AG26,INS-4021 CATETER VENOSO CENTRAL PEDIATRICO DOBLE LUMEN 5 FR * 8 CM. 1057439-3145-COT26,6
1057439-3511-AG26,INS-5759 CATETER VENOSO CENTRAL PEDIATRICO INSERCION PERIFERICA 4 FR DOBLE LUMEN 1057439-3144-COT26,6
1057439-3524-SE26,Microbiología - Abril,4
1057439-3525-TD26,Orden de Compra generada por Trato Directo ID 1057439-566-FTD26,4
1057468-62-SE25,Servicio de provisión instalación monitoreo y mantención de sistemas de seguridad ,12
1057474-96-AG26, INSUMOS VARIOS PARA REHABILITACIÓN RURAL,6
1057476-491-AG26,CAMARA FOTOGRAFICA SGDP,4
1057480-1236-AG26,Orden de Compra generada por invitación a compra ágil: 1057480-292-COT26,12
1057480-1387-SE26,BARRON VIEYRA INTERNATIONAL SPA,12
1057480-1425-AG26,Orden de Compra generada por invitación a compra ágil: 1057480-328-COT26,4
1057480-1426-SE26,PROCESADORA DE ALIMENTOS TRES EFE LIMITADA,4
1057480-1427-SE26,PROCESADORA DE ALIMENTOS TRES EFE LIMITADA,4
1057489-5306-SE26,IC 2003470158 	BOLSA DE SUCCION 3000ML ,12
1057489-5727-SE26,IC 2003460003 PERFLUOROCARBONO 99% 5-7ML P/CIRUG VITREORETINA ,12
1057489-5781-SE26,2002220197 FILTRO HEMODIALISIS TIPO FX CORDIAX 80,12
1057489-6499-SE26,SERVICIO PREV. Y CORREC CENTRIFUGAS AGITADORES HDS CUOTA 23 MARZO 2026,6
1057489-6501-SE26,SERVICIO PREV. Y CORREC CENTRIFUGAS AGITADORES HDS CUOTA 24 ABRIL 2026,6
1057489-6525-SE26,2002220075	MASCARILLA FACIAL TOTAL VMNI MULTI PCTE,6
1057489-6561-SE26,2002257737 BOLSA DE EXTRACCION LAPAROSCOPICA,6
1057489-6564-SE26,CONSIGNACION INSUMOS PROCEDIMIENTO RADIOLOGIA INTERVENCIONAL,6
1057489-6570-CM26,2002220022	CATETER VENOSO CENTRAL 3 LUMEN 7FR X8 (20CM),6
1057489-6577-SE26,2002249799 CERA DE HUESOS 2.5 GRS,6
1057489-6580-SE26,2003470235 FORRO FELPA C/DORSO ESPUMA ABIERTA AUTO,6
1057489-6581-SE26,KIT DE TRAQUEOSTOMIA CON ENDOCANULA Y ASPIRACION S,6
1057489-6582-SE26,2002229938 INTRODUCTOR HEMOSTATICO 8.5FR,6
1057489-6584-SE26,2002260013 INACTIVADOR OPA GLICINA 1 LT	,6
1057489-6585-SE26,IC  2003400195 	SET INTRODUCTOR VENOSO SWAN GANZ 8.5FR X 10CM (TX HEPATICO) ,6
1057489-6586-SE26,IC 2002230045 SUJETADOR PARA TUBO ENDOTRAQUEAL TIPO ANCHORFAST ,6
1057489-6592-SE26,2002257511 TELA MICROPOROSA BLANCA 5CM X 9.1MT (TIPO 1535-2),6
1057489-6595-SE26,2002240332 RECAMBIO SONDA GASTROSTOMIA C/BALON 24F,6
1057489-6597-SE26,2002257754 CREMA DE MANOS UREA 10% 800 ML,6
1057489-6599-SE26,2002260031 CLORHEXIDINA 2% JABONOSA 950ML BOLSA CO,6
1057489-6602-SE26,SET DE MICROPUNCION C/VAINA HIDROFILICA,6
1057489-6604-SE26,IC INSUMOS PARA SERVICIO DE ODONTOLOGÍA 1057489-502-LP25,6
1057489-6608-SE26,IC 2002223512 INTRODUCTOR VIA AREA DIFICIL TIPO BOUGIE 15FR X 70 CM ,6
1057489-6611-SE26,2003409991 ESCAROTOMO DESECHABLE CON MANGO,6
1057489-6612-SE26,IC 2002246961 LIGACLIP DE TITANIO PARA CIRUGIA LAPAROSCOPICA ,6
1057489-6613-SE26,IC CIRCUITOS VENTILATORIO Y DE ANESTESIA 1057489-531-LQ24 ,6
1057489-6617-SE26,"2002240022 CINTA DE IDENTIFICACION VENOSA TIPO MEDILOOPS CALIBRE 1,0 X 1,5 MM COLOR AZUL ",6
1057489-6626-SE26,IC 2003409908 AGUJA DE ESCLEROTERAPIA PARA ENDOSCO ,6
1057489-6627-SE26,2003401452 HUMIDIFICADOR PRELLENADO 500ML	,6
1057491-2916-AG26,MPO/PROGRAMA IMG(DESPACHO PARCIALIZADO/MAYO 2026,12
1057491-2952-SE26,SSA/PROGRAMA QUIMICOS/JUNIO 2026,6
1057491-2961-AG26,MPO/PROGRAMA IMG/MAYO 20256,6
1057491-2990-AG26,MPO/F.PROGRAMA ESTERILIZACION 2328620/MAYO 2026,6
1057491-3001-AG26,SSA/PROGRAMA QUIMICOS/JUNIO 2026,6
1057491-3007-SE26,MPO/INSTALACION  MAQUINAS DE RECREACION PLAZA HOSPITAL/MAYO 2026,6
1057492-1903-SE26,A01S0927 FILTRO ESTERIL P/INSUFLADOR EXTRA,6
1057494-1645-SE26,Insumos Cx columna LACG,6
1057494-1895-AG26, Menaje para pacientes compra ágil: 1057494-293-COT26,6
1057494-1909-SE26,ALLPLEX RV MASTER ASSAY (CAJA),6
1057494-1914-AG26,AGENTE DE ABULTAMIENTO PARA TRATAMIENTO DE REFLUJO VESICOURETERAL Y AGUJA compra ágil: 1057494-291-COT26,6
1057494-1916-AG26,Orden de Compra generada por invitación a  compra ágil: 1057494-297-COT26,4
1057495-596-SE26,"ADQUISICIÓN DE CINTA REACTIVA DE GLICEMIA Y LANCETAS PARA EL HDLC, DESDE LA LIC:  1057495-6-LE26",9
1057496-1003-AG26,ADQUISICION DISPOSITIVO ACOLCHADO PARA YESO 20 CM 1057496-592-COT26,4
1057496-998-AG26,SPE N° 614 ADQUISICION DISPOSITIVO 2240789 CLIP LIGADURA DE TITANIO MEDIANA-GRANDE PARA CLIPERA ETHICON LT300 1057496-590-COT26,6
1057498-1614-AG26,MC INSUMOS DENTAL Orden de Compra generada por invitación a compra ágil: 1057498-1100-COT26,6
1057498-1937-AG26,Orden de Compra generada por invitación a compra ágil: 1057498-1420-COT26,6
1057498-1946-TD26,Orden de Compra generada por Trato Directo ID 1057498-384-FTD26,4
1057498-1947-AG26,Orden de Compra generada por invitación a compra ágil: 1057498-1419-COT26,4
1057499-211-AG26,Orden de Compra generada por invitación a compra ágil: 1057499-109-COT26MEDICAMENTOS PARA USUARIOS PRAIS,12
1057501-32189-SE25,PROTESIS 12 AL 26-09-2025 LIC.1057501-10-LQ25,6
1057501-3542-SE26,PROTESIS 05 A 25-02-2026 LIC. 1057501-143-LQ23,12
1057501-5395-AG26,COMPRA ÁGIL DESDE 1057501-1616-COT26  PROGRAMACION REACTIVOS HASTA MAYO 2026 ,6
1057501-5488-SE26,PROTESIS 06-08-25 A 19-03-26 LIC.1057501-250-LE25,6
1057501-5498-TD26,Orden de Compra generada por Trato Directo ID 1057501-79-FTD26,5
1057501-5504-SE26,PROTESIS 27-08-25 A 02-01-26 LIC.1057501-327-LE25,6
1057501-5505-SE26,PROTESIS 17-07-25 A 16-03-26 LIC.1057501-423-LE25,6
1057501-5506-SE26,PROTESIS 12-09-25 A 28-03-26 LIC.1057501-424-LE25,6
1057501-5522-SE26,CLAVE 20-222 SCE 421365- 421362 ONCOLOGÍA AMBULATORIA,6
1057501-5597-SE26,PROTESIS 15-10 A 18-11-2025 LIC.1057501-604-LE25,6
1057503-2481-AG26,MEMO N°114 UGCM (Ca de Mamas) 13.04.2026 a compra ágil: 1057503-1322-COT26,6
1057509-5631-TD26,Orden de Compra generada por Trato Directo ID 1057509-1384-FTD26,12
1057509-5640-TD26,Orden de Compra generada por Trato Directo ID 1057509-1395-FTD26,6
1057509-5659-SE26,ADQ. DE INSUMOS VENTILACION (LIC-EQUIPOS-CCA),6
1057509-5760-CM26,"Alimentos No perecibles Junio 2026 (CM, PRM)",6
1057509-5794-TD26,Orden de Compra generada por Trato Directo ID 1057509-1420-FTD26,6
1057509-5800-TD26,Orden de Compra generada por Trato Directo ID 1057509-1425-FTD26,6
1057509-5812-TD26,Orden de Compra generada por Trato Directo ID 1057509-1432-FTD26,6
1057509-5815-TD26,Orden de Compra generada por Trato Directo ID 1057509-1436-FTD26,6
1057509-5832-TD26,Orden de Compra generada por Trato Directo ID 1057509-1449-FTD26,6
1057509-5849-SE26,TRABAJO DE REPARACION DE SILLAS DE RUEDAS MES DE ABRIL 2026 (CONV-CRASI-CCA),4
1057509-5850-SE26,"Perecibles 27 Mayo a 2 Junio 2026 (Conv, PRM)",4
1057509-5851-SE26,"BIO. MOLECULAR MAYO 2026(CONV,LABCL,NVS)	",4
1057510-1848-SE26,Caja Humero Proximal Distal PCte. Estela P.B /F.:30-12-2025,6
1057510-1850-SE26,Caja Humero Proximal Distal 3.5 Pcte. Juana J.S /F.:23-12-2025,6
1057510-1878-AG26,COMPRA MATERIALES ELECTRICOS ,6
1057510-1893-SE26,"MANTENCION PREVENTIVA GRUPOS ELECTRÓGENOS, MAYO 2026",6
1057510-1897-CM26,"Ayudas Tecnicas Mayo 2026, Bastones Codera Movil ",4
1057512-405-CC26,FRENOS CON EXCESIVO DESGASTE Y LUCES HYUNDAY SOLATI H-350 LXWK35,12
1057512-408-CC26,MANTENCION PREVENTIVA CICLICA 40.000 KM MERCEDEZ BENZ SPRINTER 415 HPVD29,12
1057512-409-CC26,FRENOS EN MAL ESTADO MERCEDES BENZ SPRINTER 415 HP,12
1057512-410-CC26,CREMALLERA DE DIRECCIÓN Y CAZOLETAS DE SUSPENSION EN MAL ESTADO MERCEDES BENZ SPRINTER 415 HPVD29,12
1057512-411-CC26,"ROTULAS, VASO REFRIGERANTE MOTOR, CORREA AUXILIAR, RODILLO LISO GRANDE, RODILLO GUIA PK, TENSOR AUTOMATICO CORREA AUXILIAR, CAMILLA CABINA SANITARIA Y BALIZAS EN MAL ESTADO. MERCEDES BENZ SPRINTER 415 HPVD29",12
1057512-412-CC26,"PERDIDA DE AGUA, FOCO MAYOR IZQUIERDO Y DERECHO EN MAL ESTADO MERCEDES BENZ SPRINTER 415 HPVD29",12
1057512-413-CC26,"RUIDO EN PARTIDA, GOLPETEO EN TREN DELANTERO Y TRASERO, DIRECCION Y TIRON EN TRANSMISION MERCEDES BENZ SPRINTER 415 HHPY68",12
1057512-414-CC26,MANTENCION PREVENTIVA CICLICA 30.000 KM MERCEDES BENZ SPRINTER 315 4X4 GZXP33,12
1057512-415-CC26,MANTENCION PREVENTIVA CICLICA 30.000 KM MERCEDES BENZ SPRINTER 415 HHPY68,12
1057512-416-CC26,"REPARACION DE LUCES, PLUMILLAS, PANEL DE INSTRUMENTOS Y LUCES ESTRODOSCOPICAS MERCEDES BENZ SPRINTER 415 HHPY68",12
1057512-420-SE26,SERVICIO DE ASEO Y LIMPIEZA HOSPITAL YUNGAY MES DE ABRIL 2026,12
1057532-727-SE26,CC-RUA/Mant. Correctiva Toyota Rav-4; PPU: HS.XX-7,9
1057533-126-CC26,Informes ECG ENE26,6
1057533-230-AG26,FSC-93|YRV|1057533-117-COT26|CARNES Y CONGELADOS JUNIO,4
1057535-146-CC26,SERV. ARRIENDO EQ. ECG E INFORMES ECG ENERO 2026,6
1057536-1373-AG26,LEVETIRACETAM 500 MG CM,12
1057536-1406-AG26,BOTIQUINES DE PRIMEROS AUXILIOS,6
1057539-20624-AG25,INSUMOS MEDICOS AGOSTO/2025,12
1057539-21290-AG25,INSUMOS MEDICOS SEPTIEMBRE/2025,12
1057539-2768-CM26,INSUMOS MEDICOS ALMACEN ABRIL/2026,12
1057539-2904-CM26,INSUMOS MEDICOS ALMACEN ABRIL/2026,12
1057539-3007-AG26,INSUMOS MEDICOS ABRIL/2026,12
1057539-3183-CM26,INSUMOS MEDICOS ABRIL/2026,12
1057539-3557-AG26,INSUMOS MEDICOS MAYO/2026,12
1057539-3596-AG26,Adquisición de implementos terapéuticos/ Kinesiología,6
1057539-3650-SE26,1057539-133-LR24SISTEMA INFORMATICO HIS/MES ABRIL MEMO 104,4
1057539-3675-SE26,ALCON LIOS DESDE  10  al 16 ABRIL ,4
1057539-3676-SE26,ALCON LIOS DESDE 17 al 29 DE ABRIL,4
1057539-3833-CM26,INSUMOS MEDICOS MAYO/2026,6
1057539-3848-CM26,INSUMOS ESTERILIZACION PEDIDO 400287,6
1057539-3850-SE26,INSUMOS HEMODINAMIA PEDIDO 400883 LIC 1057539-101-LR25 ,6
1057539-3856-AG26,insumos lab-clinico pedido de mayo 2026. PEDIDO 400796,4
1057539-3857-AG26,insumos lab-clinico pedido de mayo 2026. PEDIDO 400796 ,4
1057539-3858-AG26,Estadia paciente_santiago compra ágil: 1057539-1944-COT26,4
1057540-1240-AG26,MAH COMPRA DE SUTURAS P/1080,6
1057540-1337-SE26,PNS REPARACIÓN TECHOS DESDE 1057540-43-L126,6
1057540-1348-SE26,HLR CORRECTIVO CCTV SEDILE,6
1057540-1349-SE26,HLR CORRECTIVO CCTV ESTACIONAMIENTO,6
1057544-7541-SE26,ORDEN DE COMPRA DESDE 1057544-56-LP26,9
1057544-8817-CM26,Orden de Compra: 1057544-8817-CM26,6
1057544-9006-SE26,ORDEN DE COMPRA DESDE 1057544-246-LP25  RENOVACION	,12
1057544-9172-SE26,PROGRAMA INSUMOS CLINICOS MAYO,9
1057544-9290-SE26,ORDEN DE COMPRA DESDE 1057544-63-LP25	,6
1057544-9365-SE26,ORDEN DE COMPRA DESDE 1057544-112-LP25,6
1057544-9474-SE26,ORDEN DE COMPRA DESDE 1057544-138-LP25,12
1057544-9534-SE26,ORDEN DE COMPRA DESDE 1057544-384-LP25,6
1057544-9537-SE26,ORDEN DE COMPRA DESDE 1057544-243-LE25,6
1057544-9538-SE26,ORDEN DE COMPRA DESDE 1057544-142-LE25,6
1057544-9552-SE26,ORDEN DE COMPRA DESDE 1057544-174-LR25,6
1057544-9575-TD26,Orden de Compra generada por Trato Directo ID 1057544-90-FTD26,4
1057544-9580-SE26,ORDEN DE COMPRA DESDE 1057544-307-LE25	,6
1057544-9589-SE26,ORDEN DE COMPRA DESDE 1057544-63-LP25	,6
1057544-9604-SE26,ORDEN DE COMPRA DESDE 1057544-147-LP24	,6
1057544-9607-SE26,ORDEN DE COMPRA DESDE 1057544-28-LE25	,6
1057547-3454-SE26,ORDEN DE COMPRA DESDE 1057547-426-LP25	,12
1057547-5987-SE26,ORDEN DE COMPRA DESDE 1057547-148-LQ25 CONSIGNA,12
1057547-6022-SE26,ORDEN DE COMPRA DESDE 1057547-14-LQ25 CONSIGNACION,12
1057547-6041-SE26,ORDEN DE COMPRA DESDE 1057547-475-LR23,12
1057547-6265-SE26,ORDEN DE COMPRA DESDE 1057547-86-LP25,12
1057547-6507-SE26,ORDEN DE COMPRA DESDE 1057547-475-LR23,12
1057547-6620-SE26,ORDEN DE COMPRA DESDE 1057547-308-LR25,12
1057547-6823-CM26,Orden de Compra: 1057547-6823-CM26,12
1057547-7014-AG26,Orden de Compra generada por invitación a compra ágil: 1057547-991-COT26,12
1057547-7183-AG26,Orden de Compra generada por invitación a compra ágil: 1057547-1071-COT26,6
1057547-7233-SE26,ORDEN DE COMPRA DESDE 1057547-526-LP23,12
1057547-7234-SE26,ORDEN DE COMPRA DESDE 1057547-526-LP23,12
1057547-7235-SE26,ORDEN DE COMPRA DESDE 1057547-526-LP23,12
1057547-7236-SE26,ORDEN DE COMPRA DESDE 1057547-526-LP23,12
1057547-7237-SE26,ORDEN DE COMPRA DESDE 1057547-530-LP23,12
1057547-7238-SE26,ORDEN DE COMPRA DESDE 1057547-530-LP23,12
1057547-7239-SE26,ORDEN DE COMPRA DESDE 1057547-539-LE23,12
1057547-7240-SE26,ORDEN DE COMPRA DESDE 1057547-540-LE23,12
1057547-7242-SE26,ORDEN DE COMPRA DESDE 1057547-530-LP23,12
1057547-7243-SE26,ORDEN DE COMPRA DESDE 1057547-513-LP23,12
1057547-7358-SE26,ORDEN DE COMPRA DESDE 1057547-212-LE25,12
1057547-7359-SE26,ORDEN DE COMPRA DESDE 1057547-212-LE25,12
1057547-7504-TD26,Orden de Compra generada por Trato Directo ID 1057547-2-FTD26,6
1057547-7506-TD26,Orden de Compra generada por Trato Directo ID 1057547-152-FTD25,6
1057547-7508-TD26,Orden de Compra generada por Trato Directo ID 1057547-21-FTD25,6
1057547-7509-TD26,Orden de Compra generada por Trato Directo ID 1057547-2-FTD26,6
1057547-7511-TD26,Orden de Compra generada por Trato Directo ID 1057547-152-FTD25,6
1057547-7513-TD26,Orden de Compra generada por Trato Directo ID 1057547-21-FTD25,6
1057547-7514-TD26,Orden de Compra generada por Trato Directo ID 1057547-2-FTD26,6
1057547-7515-TD26,Orden de Compra generada por Trato Directo ID 1057547-152-FTD25,6
1057547-7521-SE26,ORDEN DE COMPRA DESDE 1057547-35-LR25,4
1057547-7522-AG26,Orden de Compra generada por invitación a compra ágil: 1057547-1113-COT26,4
1057547-7523-SE26,ORDEN DE COMPRA DESDE 1057547-120-LR25,4
1057547-7524-AG26,Orden de Compra generada por invitación a compra ágil: 1057547-1112-COT26,4
1057547-7525-SE26,ORDEN DE COMPRA DESDE 1057547-102-LE26,4
1057547-7526-SE26,ORDEN DE COMPRA DESDE 1057547-120-LR25,4
1057547-7527-AG26,Orden de Compra generada por invitación a compra ágil: 1057547-1125-COT26,4
1057547-7528-SE26,ORDEN DE COMPRA DESDE 1057547-120-LR25,4
1057547-7529-SE26,ORDEN DE COMPRA DESDE 1057547-181-LR24,4
1057547-7530-SE26,ORDEN DE COMPRA DESDE 1057547-102-LE26	,4
1057547-7531-SE26,ORDEN DE COMPRA DESDE 1057547-120-LR25,4
1057547-7532-SE26,ORDEN DE COMPRA DESDE 1057547-120-LR25,4
1057547-7533-SE26,ORDEN DE COMPRA DESDE 1057547-120-LR25,4
1057547-7534-SE26,ORDEN DE COMPRA DESDE 1057547-181-LR24,9
1057547-7535-SE26,ORDEN DE COMPRA DESDE 1057547-120-LE26,4
1057547-7538-SE26,ORDEN DE COMPRA DESDE 1057547-181-LR24,4
1057547-7539-SE26,ORDEN DE COMPRA DESDE 1057547-120-LR25	,4
1057548-488-AG26,loza desechable a compra ágil: 1057548-264-COT26,6
1057548-489-AG26,cucharas para alimentacion a compra ágil: 1057548-283-COT26,4
1057548-490-AG26,ropa HODOM compra ágil: 1057548-266-COT26,6
1057548-493-AG26,insumos urologia compra ágil: 1057548-282-COT26,6
1057548-528-CM26,Orden de Compra: Carnes 1057548-528-CM26,6
1057548-530-CM26,Orden de Compra: Insumos clínicos 1057548-530-CM26,6
1057548-533-CM26,Orden de Compra: Insumos aseo 1057548-533-CM26,6
1057548-536-CM26,Orden de Compra:Artículos de aseo 1057548-536-CM26,5
1057551-244-AG26,VENDA TUBULAR (URGENCIAS) a compra ágil: 1057551-133-COT26,6
1057552-322-AG26,Orden de Compra generada por invitación a compra ágil: 1057552-191-COT26,12
1057552-394-SE26,ORDEN DE COMPRA DESDE 1057552-44-LP25,6
1057552-397-AG26,Orden de Compra generada por invitación a compra ágil: 1057552-230-COT26,6
1057552-400-AG26,Orden de Compra generada por invitación a compra ágil: 1057552-235-COT26,6
1057553-185-AG26,SERVICIOS DE COFFEE BREAK PARA ACTIVIDADES DE CAPACITACIÓN PERÍODO 2026 compra ágil: 1057553-37-COT26,6
1057997-52-SE26,SUMINISTRO DE INSUMOS DE LABORATORIO,4
1057997-53-SE26,CONVENIO SUMINISTROS DE CARTRIDGE PARA EQUIPO POINT OF CARE,4
1058012-1123-SE26,"(FAR) MEDICAMENTO Cx OFTALMOLOGÍA MAYO / MITOMICINA 400 MCG + SOLVENTE 1 CC (0,04%)",12
1058012-1130-SE26,(FAR) STOCK CRITICO F. DOSIS UNITARIA/COTRIMOXAZOL 400/80 MG SOLUCION INYECTABLE AMP/FA (COTRIXELL),6
1058012-1131-SE26,(FAR) RECETARIO MAGISTRAL NO ESTERIL JUNIO/ POLIESTIRENO SULFONATO DE CALCIO POTE 400 GRS,6
1058012-854-SE26,(FAR) FALTA CENABAST FARMACIA AMBULATORIA ABRIL / PREGABALINA 75 MG CM,12
1058012-906-SE26,(FAR) INSULINAS MAYO / INSULINA ASPARTICA MEZCLA 30/70 100 UI ML FLEXPEN,12
1058012-958-SE26,(FAR) FARMACIA DOSIS UNITARIA MAYO / ZUCLOPENTIXOL DECANOATO SSUP INY 200 MG ML AM,12
1058039-40-AG26,A-G-L COMP. Nº 2 CARDIOVASCULAR FARMACOS 2026 MAYO,5
1058039-41-AG26,COMPRA FARMACOS SAR 2026 MAYO  ,5
1058039-42-AG26, A-G-L COMP. Nº 1 MEJORAMIENTO FARMACOS VESPERTINO 2026 MAYO,5
1058043-1048-TD26,Orden de Compra generada por Trato Directo ID 1058043-80-FTD26,4
1058044-742-AG26,Fármacos Stock Mayo 2026,6
1058078-1523-AG26,Orden de Compra generada por invitación a compra ágil: 1058078-381-COT26,12
1058078-1577-SE26,ORDEN DE COMPRA DESDE 1058078-36-LQ25,12
1058078-1578-SE26,ORDEN DE COMPRA DESDE 1058078-36-LQ25	,12
1058078-1581-SE26,ORDEN DE COMPRA DESDE 1058078-36-LQ25,12
1058078-1586-SE26,ORDEN DE COMPRA DESDE 1058078-36-LQ25	,12
1058078-1587-SE26,ORDEN DE COMPRA DESDE 1058078-36-LQ25,12
1058078-1614-CM26,Orden de Compra: 1058078-1614-CM26,6
1058078-1615-SE26,ORDEN DE COMPRA DESDE 1058078-36-LQ25	,6
1058078-1623-CM26,Orden de Compra: 1058078-1623-CM26,6
1058078-1629-AG26,Orden de Compra generada por invitación a compra ágil: 1058078-407-COT26,6
1058078-1630-AG26,Orden de Compra generada por invitación a compra ágil: 1058078-408-COT26,4
1058078-1631-AG26,Orden de Compra generada por invitación a compra ágil: 1058078-409-COT26,4
1058078-1632-CM26,"225-E064	APOSITO CON PLATA AG MESH 10 X 12,7 CMS. REF: 90501((URGUTUL AG SILVER)",4
1058078-1633-SE26,medicamentos e insumos- OCI,4
1058085-1155-SE26,MED 3002198819 NIVOLUMAB 40 MG/4ML SOLUCIÓN INYECT,6
1058094-795-AG26,LPR MEDICAMENTOS compra ágil: 1058094-769-COT26,6
1058094-797-AG26,LPR MEDICAMENTOS  compra ágil: 1058094-774-COT26,5
1058094-800-AG26,LPR MEDICAMENTOS compra ágil: 1058094-776-COT26,6
1058094-801-AG26,LPR MEDICAMENTOS  compra ágil: 1058094-768-COT26,6
1058097-531-SE26,SUEROS MAYO 2026,12
1058097-542-SE26,MAGISTRALES JUNIO 2026,12
1058097-578-AG26,Orden de Compra generada por invitación a compra ágil: 1058097-428-COT26,12
1058097-617-AG26,Orden de Compra generada por invitación a compra ágil: 1058097-449-COT26,6
1058102-433-AG26,Orden de Compra generada por invitación a compra ágil: 1058102-215-COT26,4
1058102-446-CC26,FARMACIA MES DE MAYO(CONVENIO SSÑ-BODEGA-NAO),6
1058102-447-AG26,Orden de Compra generada por invitación a compra ágil: 1058102-228-COT26,6
1058102-450-SE26,FARMACIA MES DE MAYO(CONVENIO-BODEGA-NAO),4
1058102-451-AG26,Orden de Compra generada por invitación a compra ágil: 1058102-235-COT26,4
1058102-452-CC26,FARMACIA MES DE MAYO(CONVENIO SSÑ-BODEGA-NAO),4
1058102-453-CC26,FARMACIA MES DE MAYO(CONVENIO SSÑ-BODEGA-NAO),4
1058125-29-SE26,Medicamentos Farmacia Mayo,4
1058125-30-SE26,Medicamentos Farmacia Mayo,4
1058125-31-SE26,Medicamentos Farmacia Mayo,4
1058125-32-SE26,Medicamentos Farmacia Mayo	,4
1058125-33-SE26,Medicamentos Farmacia Mayo,4
1058125-34-SE26,Medicamentos Farmacia Mayo,4
1058128-1038-AG26,KM  2179518 AMBROXOL 30 MG / 5 ML. SOL 1058128-932-COT26  ORAL,6
1058128-1044-AG26,KM  1165832 DIMETILFUMARATO 120MG COMP RECUB1058128-927-COT26,4
1058128-1045-AG26,"KM  2110192 AGUA OXIGENADA 10 VOL. 110 ML 1170550 DICLOFENACO 12,5 MG. SUPOSITORIO 1058128-937-COT26",5
1058128-1046-AG26,KM  1143050 MEDROXIPROGESTERONA 10 MG. COMP1058128-928-COT26,4
1058128-1047-AG26,KM  1140087 ETINILESTRADIOL/LEVONORGESTREL 30MCG/150MCG S DE M 1058128-934-COT26,5
1058131-175-SE26,azelastatina,6
1058132-859-SE26,PAC 2026 - MAYO,4
1058132-860-SE26,PAC 2026 - MAYO,4
1058132-861-SE26,PAC 2026 - JUNIO,4
1058132-862-SE26,PAC 2026 - JUNIO,4
1058132-863-SE26,PAC 2026 - JUNIO,4
1058132-864-SE26,PAC 2026 - JUNIO,4
1058132-865-SE26,PAC 2026 - JUNIO,4
1058132-866-SE26,PAC 2026 - JUNIO,4
1058132-867-SE26,PAC 2026 - JUNIO,4
1058132-868-SE26,PAC 2026 - JUNIO,4
1058132-870-SE26,PAC 2026 - JUNIO,4
1058132-874-SE26,PAC 2026 - JUNIO,4
1058132-875-SE26,PAC 2026 - JUNIO,4
1058132-876-SE26,PAC 2026 - JUNIO,4
1058134-838-SE26,ORDEN DE COMPRA DESDE 1058134-29-LQ24/MAYO 2026.,12
1058134-844-SE26,ORDEN DE COMPRA DESDE 1058134-7-LP25/MAYO 2026.,12
1058134-847-SE26,ORDEN DE COMPRA DESDE 1058134-23-LR25/MAYO Y JUNIO 2026.,12
1058134-848-SE26,ORDEN DE COMPRA DESDE 1058134-77-LR25/MAYO 2026.,12
1058134-850-SE26,ORDEN DE COMPRA DESDE 1058134-105-LP25/MAYO 2026.,12
1058134-907-SE26,ORDEN DE COMPRA DESDE 1058134-92-LQ24/MAYO Y JUNIO 2026.,6
1058134-921-SE26,ORDEN DE COMPRA DESDE 1058134-23-LR25/MAYO 2026.,6
1058134-922-SE26,ORDEN DE COMPRA DESDE 1058134-20-LP25/MAYO 2026.,6
1058141-2228-AG25,(APM) PEDIDO EXTRA FARMACIA PNH 16733 ETIPOSIDO 10 MG/ML SOLUCION ORAL ID: 1058141-1342-COT25,12
1058141-725-AG26,( JBR) PEDIDO FARMACIA SUEROS ID: 1058141-611-COT26,6
1058141-728-AG26,(JBR) PEDIDO FARMACIA SUEROS ID: 1058141-648-COT26,12
1058498-21-CC26,ARRIENDO DE IMPRESORAS LASERJET CUOTA 24/36 ABRIL  2026 (INFORMATICA),6
1062448-1481-CC26,COMPRA DE INSUMOS MEDICOS,12
1062448-1487-CM26,COMPRA DE INSUMOS MEDICOS,12
1062448-1505-AG26,COMPRA DE INSUMOS MEDICOS,12
1063535-6377-SE26,FARMACOS MAYO,4
1063535-6378-SE26,FARMACOS MAYO,4
1063535-6379-SE26,FARMACOS MAYO,4
1063535-6380-SE26,FARMACOS MAYO,4
1063535-6381-SE26,FARMACOS MAYO,4
1063535-6382-SE26,FARMACOS MAYO,6
1063538-3815-AG26,Orden de Compra generada por invitación a compra ágil: 1063538-1038-COT26,6
1063538-3848-SE26,ORDEN DE COMPRA DESDE 1063538-274-LP24	,6
1063538-3849-SE26,ORDEN DE COMPRA DESDE 1063538-61-LE25	,6
1063538-3851-SE26,ORDEN DE COMPRA DESDE 1063538-208-LP25	,6
1063538-3852-SE26,ORDEN DE COMPRA DESDE 1063538-214-LP25	,6
1063538-3871-CM26,Orden de Compra: 1063538-3871-CM26,6
1063538-3877-SE26,ORDEN DE COMPRA DESDE 1063538-224-LR24,6
1067355-239-AG26,Desincrustante para instrumental quirúrgico espuma.,4
1069417-449-AG26,TINTA Y YONER PARA CESFAM QUINCHAMALI compra ágil: 1069417-271-COT26,12
1069417-514-AG26," MANTENCIÓN DE LOS 65.000 KILÓMETROS PARA VEHICULO HYUNDAI PATENTE RBSZ-61, del CESFAM UltraEstación 010104",4
1069417-515-AG26, Convenio Insumos para Cirugía Menor en Salas de Procedimientos Cutáneos Menores de los CESFAM,4
1069417-519-SE26,SERVICIOS DE SISTEMAS COMPUTACIONALES PARA DISAMU CHILLÁN - MES: ABRIL 2026,4
1069417-520-SE26,SERVICIO DE MONITOREO EN LÍNEA DE TEMPERATURA Y HUMEDAD PARA DROGUERÍA MUNICIPAL DE CHILLÁN - MES: ABRIL 2026,4
1069417-523-AG26,MANTENCIÓN PREVENTIVA PARA EQUIPOS MULTIPARÁMETROS PARA CESFAM QUINCHAMALÍ Y CEO-Orden de Compra generada por invitación a compra ágil: 1069417-399-COT26,4
1069417-536-AG26,HOSTING WEB PARA DISAMU CHILLAN compra ágil: 1069417-407-COT26,4
1069417-538-CM26,COMPRA DE INSUMOS QUIRURGICOS DISAMU CHILLAN,4
1070329-133-AG26,JSR-SOL PLAN N°158-JABÓN GLICERINA 1000 ML BOLSA PARA DISPENSADOR-DESDE 1070329-73-COT26,6
1070331-35-CC26,JSR-SOL N°147-MANTENIMIENTO CORRECTIVO VEHICULO DE TRANSPORTE FURGON HPWW-17-DESDE 1031849-7-LE24,6
1070620-4581-SE26,rvc insumo generales- CAMPAÑA INVIERNO 2026,4
1070620-4583-CM26,RVC INSUMOS GENERALES - CAMPAÑA INVIERNO - DESPACHO PARCIALIZADO - 1070620-4583-CM26,6
1070620-4589-AG26,RVC INUSMOS PABELLON - CAMPAÑA INVIERNO - 1070620-1612-COT26,6
1070620-4688-SE26,VCT. Reposición TERUMO 20/05/2026,4
1070620-4690-SE26,VCT. REPOSICIÓN CAMIR.20.05.26,6
1070620-4691-SE26,VCT. REPOSICIÓN ABBOTT BALONES 20/05/26,4
1070620-4692-SE26,VCT. REPOSICION ABBOTT.CATÉTER OCT.20.05.26,4
1070620-4694-SE26,XAR Programa ESTERILIZACION,6
1070620-4697-SE26,VCT.REPOSICIÓN ARLAB 20.05.26,4
1070620-4700-SE26,VCT Reposición MEDTRONIC 20/05/2026,4
1070620-4702-AG26, YHC. EXAMEN ELASTOGRAFIA HEPATICA,6
1070620-4703-SE26,vct. REPOSICIÓN BALÓN - MEDTRONIC 20/05/26,6
1070620-4705-AG26,"YJF- COMPRA PROGRAMA FARMACIA, MAYO 2026 compra ágil: 1070620-1559-COT26",4
1070620-4707-AG26,"YJF- COMPRA PROGRAMA FARMACIA, MAYO 2026 compra ágil: 1070620-1541-COT26",4
1070620-4709-AG26,"YJF- COMPRA PROGRAMA FARMACIA, MAYO 2026 compra ágil: 1070620-1542-COT26",4
1070620-4711-AG26,"YJF- COMPRA PROGRAMA FARMACIA, MAYO 2026 compra ágil: 1070620-1560-COT26",6
1070620-4719-SE26,"YJF- ADQ. PRÓTESIS MAMARIA, UNIDAD PATOLOGÍA MAMARIA",4
1070620-4723-SE26,"YJF- ADQ. EXPANSOR MAMARIO, UNIDAD PATOLOGÍA MAMAR",4
1070-92-SE26,dquisición de Elementos de Protección Personal,4
1075337-7794-CM26,"rvv Compra Pedido Alimentación Frutas y Verduras Pacientes (perejil, betarraga, cebollín, ajo otros) Mayo 2026",12
1075337-7796-CM26,"rvv Compra Pedido Alimentación Frutas y Verduras Funcionarios (perejil, betarraga, cebollín, ajo, otros) Mayo 2026",12
1075337-8208-SE26,ycc SUMINISTRO COMBUSTIBLE PARA CALDERA HOSPITAL ANGOL MAYO 2026 DESDE 1075337-58-LQ24,12
1075914-1-SE26,CONTRATACIÓN DE APOYO PROFESIONAL EJECUCIÓN PROGRAMA FNDR COQUIMBO / PROGRAMA FNDR / SEGÚN SAD-DAF-1872-2025 / CPI,12
1075963-3512-CM26,Orden de Compra: 1075963-3512-CM26,12
1075963-4205-AG26,Orden de Compra generada por invitación a compra ágil: 1075963-451-COT26,12
1075963-6406-SE26,OC DESDE 1075963-30-LE25 SR: 232606,12
1075963-6623-SE26,OC DESDE 1075963-181-LE24 R: 313721,6
1075963-6645-SE26,ORDEN DE COMPRA DESDE 1075963-242-LE24 SR. 233715,6
1075963-6647-SE26,ORDEN DE COMPRA DESDE 1075963-407-LE25 SR. 233715,6
1075963-6684-SE26,stock bodega,6
1075963-6696-SE26,stock bodega,6
1075963-6701-SE26,ORDEN DE COMPRA DESDE 1075963-149-LE26,6
1075963-6708-SE26,stock bodega,6
1075963-6717-SE26,ORDEN DE COMPRA DESDE 1075963-141-LP25,6
1075963-6760-SE26,ORDEN DE COMPRA DESDE 1075963-380-LE25,6
1077275-12-CM26,CHOCOLATE - DIA DEL PADRE - BIENESTAR,4
1077908-93-AG26,Orden de Compra generada por invitación a compra ágil: 1077908-36-COT26,4
1078177-321-AG26,"ADQUISICIÓN DE CAMPANA DE COCINA PARA LA VIVIENDA FISCAL UBICADA EN PASAJE ACANTILADO PONIENTE N°650, LOMAS DE MIRASUR, DE LA COMISIÓN VIVIENDAS DE LA PREFECTURA CAUTÍN.",12
1078177-389-SE26,SERVICIOS DE MANTENCION Y REPARACION PARA LAS GRUAS AG-037 Y AG-038 DE CARGO DE LA SECCION LOGISTCIA,6
1078177-401-AG26,ADQUISICIÓN DE MATERIALES DE OFICINA PARA LA ZONA ARAUCANÍA.,4
1078630-5-SE26,MENSURA 172 CASOS CONADI 7,4
1078886-63-AG26,Orden de Compra generada por invitación a compra ágil: 1078886-42-COT26,6
1079454-179-AG26,Adquisición de alimento destinado a los CANES 2026. D/E N.C.U. 254054399. Orden de Compra generada por invitación a compra ágil: 1079454-293-COT26,6
1079505-217-AG26,ADQUISICIÓN DE REPUESTOS PARA VEHÍCULOS DE LAS UNIDADES DEPENDIENTES PREFECTURA LIMARÍ,4
1079505-219-AG26,ADQUISICIÓN DE CÁMARAS DE SEGURIDAD PARA EL TALLER TIC COQUIMBO,4
1079505-220-AG26,ADQUISICIÓN DE REPUESTOS PARA VEHÍCULOS DE LAS UNIDADES DEPENDIENTES PREFECTURA COQUIMBO,4
1079505-234-AG26,MATERIALES DE CONSTRUCCIÓN PARA LOS BASTIDORES DE LA PRÁCTICA DE TIRO DEL GOPE COQUIMBO,4
1079516-231-SE26,MANTENCION 70000 KM VEHICULO TOYOTA COROLLA CROS 2.0 CVT SIGLA Z-9614 DE LA TENENCIA RECREO,12
1079639-249-AG26,ADQUISICION DE MATERIALES DE OFICINA A A F F PALENA: 1079639-321-COT26,12
1079639-287-AG26,ADQUISICIÓN INSUMOS COMPUTACIONALES PARA LA SECCIÓN SIPOLCAR OSORNO: 1079639-315-COT26,12
1079639-309-AG26,ADQUISICIÓN DE MENAJE DE COCINA PARA LA SECCIÓN SAICAR LLANQUIHUE: 1079639-336-COT26,12
1079639-331-CM26,ADQUISICIÓN ÙTILES DE ASEO PARA LA PREFECTURA OSORNO Nº24,12
1079659-184-AG26,ADQUISICIÓN Y DESPACHO DE MATERIALES DE CONSTRUCCION A FAVOR ASESORÍA ZONAL ZONA C.O.P. E INTERV. SUR (OFICINA MALLECO).,6
1079689-196-AG26,ADQUSICION MATERIALES DE ESCRITORIO PARA AUTORIDADES FISCALIZADORAS DE LA ZONA AYSEN.,4
1079689-197-AG26," ADQUISICION SERVICIO HABILITACION CON MATERIALES INCLUIDOS DE SISTEMA RED DE AGUA, ESTANQUE, SISTEMA DE FILTACION DESDE POZO PROFUNDO A RETEN LAGO CASTOR.",4
1080093-54-SE26,Pañales PRAIS,6
1080095-235-SE26,Abarrotes HDD-CD-Quemanta 1080089-96-LQ24,6
1080095-242-SE26,Greda y Yeso UPFHI,4
1080095-244-SE26,"Articulos para manualidades, UPHFI",4
1080286-169-CM26,"COLACIONES CONCIERTO MILO J, PARA LA PREFECTURA FUERZAS ESPECIALES",6
1082957-143-AG26,Servicio de mantención de vehículo institucional asignado a la Dirección Regional de ProChile en la ciudad de Copiapó,6
1084156-310-CM26,KG 22 P02 15005 MANTENIMIENTO MATERIALES DE FERRETERIA,6
1084156-385-AG26,KG 29 P01 13524 LICENCIAS ZOOM PARA EL SLEP AS,6
1087-99-AG26,Arriendo de 2 camionetas 4x4 por día convenio de conaf conadi 2025 1087-86-COT26,6
1096974-26-AG26,Servicio de manejo de residuos solidos no peligrosos,4
1107276-124-AG26,Orden de Compra generada por invitación a compra ágil: 1107276-170-COT26,12
1108338-486-SE24,ORDEN DE COMPRA DESDE 1108338-85-LE24,12
1110404-371-SE26,"FAF, PUNTUAL, SOL-2026-0222, SEP, ADQ MATERIAL ESCOLAR ESC. REP. DE FRANCIA PERT. SLEPCH - CONVENIO DE SUMINISTROS - PROVENIENTE DE LA LICITACION ID: 1110404-1-LP26",12
1110404-418-SE26,"PTG - PUNTUAL - SOL-2026-0493 y SOL-2026-0538 - SEP ""ADQUISICIÓN DE PACK DE RECURSOS PARA LA IMPLEMENTACIÓN DE UNA SALA DE CALMA EN LA ESCUELA RÓMULO PEÑA MATURANA, PERTENECIENTE AL SLEP DE CHINCHORRO"" OC GENERADA DESDE COMPRA ÁGIL ID: 1110404-224-COT26",6
1110404-697-SE24,"MBS, SC 1267, SERVICIO DE ASESORÍA EN INSPECCIÓN TÉCNICA DE OBRAS PARA ESCUELA DARIO SALAS, PERTENECIENTE AL SLEP CHINCHORRO, ARICA",12
1113144-4-AG26,Orden de Compra generada por invitación a compra ágil: 1113144-5-COT26,12
1113159-20-SE26,ORDEN DE COMPRA DESDE 1113159-5-L126,6
1116005-39-SE26,"Servicio de Implementación de Monitoreo UPS, Electricidad Aeroportuaria.",4
1116005-42-AG26,Servicio de mantenimiento de planta de tratamiento para el AD. Melinka ,4
1116006-17-AG26,"Mantenimiento caldera, compra ágil: 1116006-43-COT26",4
1125-33-SE26,Servicios mantención equipos aire acondicionado.,6
1138297-36-AG26,"SERVICIO DE MATERIAL PROTOCOLAR PARA LA CEREMONIA DE APERTURA Y CLAUSURTA DEL “COMITÉ DE INTEGRACIÓN ATACALAR CHILE – ARGENTINA, ATACAMA 2026”",6
1142-132-AG26,30 EXHIBIDORES PORTA NOMBRE Y CARGO EN MATERIAL ACRÍLICO,5
1142-133-SE26,Servicio de Mantención de Equipos y Sistemas MAYO 2026 - CF PEHUENCHE,6
1145-95-SE26,ADQUISICIÓN DE COMBUSTIBLE DE AVIACIÓN JET-A1,4
1151549-118-AG26,"Prensa hidraulica, actuador, llave de paso, compresimetro y alexometro 1151549-121-COT26",6
1159-106-CM26,MOSCA MONTE PATRIA- VEGA SUR SC N°121 EPP.,6
1161-182-AG26,LPAT Exp 2470/2026 NO PAC Compra ágil compra de letrero para oficina SAG Chaiten,12
1161-239-AG26,JGN-EXP 2990/2026-COMPRA NO PAC -  SERVICIO DE SANITIZACION Y DESRATIZACION PARA OFICINA SAG RIO NEGRO,6
1161266-309-AG26,"O.a compra ágil: 1161266-299-COT26 ADQUISICIÓN DE ALIMENTOS PARA EL 26 DE MAYO DE 2026, SENDA PREVIENE. ",4
1169971-158-SE25,Insumos traumatologicos,12
1169971-176-SE25,Insumos traumatologicos,12
1169971-177-SE25,insumos traumatologicos,12
1169971-223-SE25,Insumos traumatologicos,12
1169971-224-SE25,Insumos traumatologicos,12
1169971-234-SE25,Insumos traumatologicos,12
1169971-243-SE25,Insumos traumatologicos,12
1169971-245-SE25,Insumos traumatologicos,12
1169971-246-SE25,Insumos traumatologicos,12
1169971-247-SE25,Insumos traumatologicos,12
1169971-36-SE26,INSUMOS TRAUMATOLOGICOS,12
1169971-37-SE26,Insumos traumatologicos,12
1169971-3-SE26,Insumos traumatologicos,12
1171142-1901-AG26, CATETER POWER PICC 5FR DOBLE LUMEN/1171142-1140-COT26/BODEGA INSUMOS MEDICOS,6
1171142-1904-AG26, CATETER ARTERIAL RADIAL TECNICA SELDINGER UD 20 G/1171142-1143-COT26/STOCK BODEGA INSUMOS ,6
1171142-831-SE26,CX REALIZADAS EN ENERO Y FEBRERO 2025 PARA CAPLC DESDE ID 1171142-33-LQ2023,6
1172239-16-SE26,IGA-P02-LP-IMPRESORA ,12
1172239-35-SE26,IGA-P02-LP-IMPRESORA SEP,12
1172239-36-SE26,IGA-P02-LP-IMPRESORA JUNJI,12
1173416-9-AG26,"C.C.P. Nueva Imperial, Adquisición de Detergente en polvo, Chisperos y Cajas plásticas para el Centro de Educación y Trabajo, Orden de Compra generada por invitación a compra ágil: 1173416-4-COT26",6
1173463-55-CM26,"503/Orden de Compra: 1173463-55-CM26, Insumos taller de reposteria del CET Camino la Polvora",6
1175-10-TD26,Orden de Compra generada por Trato Directo ID 1175-2-FTD26,6
1175-402-SE26,CDP N°476/25 Mantención preventiva у correctiva as,4
1175-409-TD26,Orden de Compra generada por Trato Directo ID 1175-2-FTD26,6
1180825-9-SE26,Equipos Endoscopias H. Illapel,6
1180885-19-SE26,COLCHONETA GRANDE - SET ESTIMULACIÓN TEMPRANA,6
1182102-24-AG26,Orden de Compra generada por invitación a compra ágil: 1182102-13-COT26 ADQUISICIÓN DE MATERIALES DE CONSTRUCCIÓN,12
1182102-27-AG26,Orden de Compra generada por invitación a compra ágil: 1182102-14-COT26 HERRAMIENTAS DE CONSTRUCCIÓN,12
1183926-206-SE25,ORDEN DE COMPRA DESDE 1183926-29-LE25,12
1183926-56-AG26,Orden de Compra generada por invitación a compra ágil: 1183926-63-COT26,12
1184-22-AG26,RECARGA EXTINTORES SEREMI MOP AYSEN,6
1186229-122-AG26,Orden de Compra por Compra ágil: 1186229-53-COT26 Insumos para Capacitación DGDP,4
1191449-36-AG26,Planificación Estrategica_SINAR,6
1191449-37-AG26,Produccion encuentro Osinar,12
1191449-38-AG26,EEPP,12
1195104-151-SE26,Servicio de arriendo de impresoras multifuncionales (abril 2026),6
1199-112-SE26,ORDEN DE COMPRA DESDE 1199-9-LE26,4
1208089-22-AG26,Provisión y Montaje de alimentos para el Primer Encuentro Local de la Unidad de Participación. Orden de Compra generada por invitación a compra ágil: 1208089-20-COT26,4
1208100-16-AG26,Orden de Compra generada por invitación a compra ágil: 1208100-4-COT26,4
1208107-27-SE26,Servicio de catering anual ,6
1208107-28-SE26,Servicio de catering anual ,6
1211992-92-AG26,Orden de Compra generada por invitación a compra ágil: 1211992-113-COT26,6
1213444-210-AG26, TALONARIOS RECETAS DE LENTES compra ágil: 1213444-108-COT26,4
1214069-52-CM26,Adquisicion de Limpiadores de heridas para centros de salud de la comuna de Conchali,6
1214102-999-AG26,RML/SP15 CAPA - GRASA LUBRICANTE 1214102-576-COT26,6
1216062-371-CM26,Orden de Compra: 1216062-371-CM26,6
1216062-593-SE26,MANTENCIÓN DE VEHICULOS/OT 35628; 35637; 35678; 35,6
1216071-22-CM26,MEMO 155/ VALES DE GAS/ ADM CENTRAL,12
1216085-100-SE26,SERVICIO ALIMENTACION SAPU,12
1216085-167-SE26,MANTENCION CORRECTIVA DE SILLONES DENTALES,6
1216094-34-AG26,SaaS SurveyMonkey. Compra ágil: 1216094-22-COT26,4
1216094-35-AG26,Impresión de piezas gráficas. Compra ágil: 1216094-25-COT26,4
1218393-180-CM26,INSUMOS TOMA DE MUESTRA  CEV,6
1218393-2173-CM25,Combustible Diesel para vehículos CEV,12
1221016-204-CM25,Orden de Compra generada por la Gran Compra: 75924,12
1224953-337-AG26,Orden de Compra generada por invitación a compra ágil: 1224953-185-COT26,6
1224982-76-AG26,BAÑOS QUIMICOS DIA DEL PATRIMONIO,6
1233613-1030-SE26,SUMINISTRO TINTAS - ABRIL - JI NUBES AUSTRALES,6
1233613-1033-TD26,Orden de Compra generada por Trato Directo ID 1233613-25-FTD26,6
1233615-790-AG26,DMH [SOL-2026-00907] JUEGOS DE MESA PARA ESTUDIANTES LICEO MAÑIHUALES DE VILLA MAÑIHUALES Detalle de la cotización 1233615-242-COT26,6
1233615-803-AG26,AVT/SOL 898/Compra de cuerdas de guitarra para Escuela Gabriela Mistral/1233615-250-COT26,4
1233616-170-CM26,CRÉDITOS AMAZON AWS SLEP SCI N°03 PROGRAMA 01,12
1233616-6355-SE25,SERVICIO MANTENCIÓN PREVENTIVA MENSUAL DE ASCENSOR EDIFICIO 1233616-18-L125,12
1233616-6604-SE25,SERVICIO DE ASEO Y MANTENCIÓN SLEP DESDE 1233616-26-LE25,12
1233616-963-SE26,SERVICIO MANTENIMIENTO Y LIMPIEZA DE FOSAS EE.EE ,6
1233619-217-SE26,"SERVICIO DE TRANSPORTE ESCOLAR LÍNEA N°23 ESCUELA ENRIQUE DONN, COMUNA DE CONSTITUCIÓN ",12
1233619-258-SE26,SERVICIO DE TRANSPORTE ESCOLAR LÍNEA N° 66 CARMIN - CERRO DE PIEDRA - PERALILLO,12
1233619-260-SE26,SERVICIO DE TRANSPORTE ESCOLAR LÍNEA N°68 RAHUE / LOS MEDANOS / POLHUIN / MARGARITAS. COMUNA DE CHANCO,12
1233619-273-SE26,"SERVICIO DE TRANSPORTE ESCOLAR LÍNEA N°85 CARDONAL A ESCUELA GLADYS CANALES, COMUNA DE PELLUHUE",12
1233619-274-SE26,"SERVICIO DE TRANSPORTE ESCOLAR LÍNEA N°86  SALTO DE AGUA-ESCUELA GLADYS CANALES PAREDES DE CURANIPE, COMUNA PELLUHUE",12
1233829-221-TD26,Orden de Compra generada por Trato Directo ID 1233829-1-FTD26,6
1233829-222-TD26,Orden de Compra generada por Trato Directo ID 1233829-1-FTD26,6
1237849-97-AG26,Orden de Compra generada por invitación a compra ágil: 1237849-79-COT26,6
1239966-184-AG26,Orden de Compra generada por invitación a compra ágil: 1239966-237-COT26,4
1239966-185-AG26,Orden de Compra generada por invitación a compra ágil: 1239966-238-COT26,4
1242131-520-AG26,Orden de Compra generada por invitación a compra ágil: 1242131-276-COT26,12
1242131-642-AG26,Orden de Compra generada por invitación a compra ágil: 1242131-338-COT26,6
1242131-663-SE26,ORDEN DE COMPRA DESDE 1242131-5-LR25 MAYO 2026,6
1242131-665-SE26,ORDEN DE COMPRA DESDE 1242131-5-LR25 MAYO 2026,6
1260497-3-SE26,MENSURA 172 CASOS  ap.solic.,4
1261592-185-SE26,ORDEN DE COMPRA DESDE 1261592-9-LP25,12
1261592-186-SE26,ORDEN DE COMPRA DESDE 1261592-9-LP25,12
1261592-189-SE26,ORDEN DE COMPRA DESDE 1261592-9-LP25,12
1261592-190-SE26,ORDEN DE COMPRA DESDE 1261592-9-LP25,12
1261592-191-SE26,ORDEN DE COMPRA DESDE 1261592-9-LP25,12
1261592-192-SE26,ORDEN DE COMPRA DESDE 1261592-9-LP25,6
1261592-193-SE26,ORDEN DE COMPRA DESDE 1261592-9-LP25,12
1261592-194-SE26,ORDEN DE COMPRA DESDE 1261592-9-LP25,12
1261592-195-SE26,ORDEN DE COMPRA DESDE 1261592-9-LP25,12
1261592-196-SE26,ORDEN DE COMPRA DESDE 1261592-9-LP25,12
1271356-70-CM26,MEMO 37/ VALES DE GAS/ DIRECCION DE SALUD,12
1271357-59-TD26,Orden de Compra generada por Trato Directo ID 1271357-13-FTD26,12
1271359-147-SE26,Mº 14/ADQUISICION DE FARMACOS PARA BODEGA DE MEDICAMENTOS/DIRESAL COMUNAL/1271359-41-R126,12
1272260-15-CM26,ECONOMATO DEL C.C.P. DE TALCA FOSOAD N° 87 COMPRA MERCADERIA PARA ABASTECIMIENTO ,6
1272271-37-CM26,502/ADQUISICION DE INSUMOS PARA EL ECONOMATO DEL CPV,12
1272271-42-CM26,502/ADQUISICION DE INSUMOS PARA EL ECONOMATO DEL CPV,6
1272271-45-CM26,502/ADQUISICION DE INSUMOS PARA EL ECONOMATO DEL CPV,6
1273-15-TD26,Orden de Compra generada por Trato Directo ID 1273-6-FTD26,6
1274907-227-SE26,Materiales de Aseo CESFAM UCE CINTEC Mayo 26,6
1274907-230-SE26,"Arriendo de Ambulancia Enero, Febrero  y Marzo ",4
1281680-21-AG26,Orden de Compra generada por invitación a compra ágil: 1281680-22-COT26,4
1282-1-SE25,Servicio de Aseo y Sanitización SEA Atacama 2025-2026,12
1282238-24-AG26,Orden de Compra generada por invitación a compra ágil: 1282238-29-COT26,6
1288505-62-AG26,Adquisición de catridge (cintas térmicas) para impresión de etiquetas de inventario del Museo Regional de Magallanes 1288505-49-COT26,12
1298354-190-AG26,"EDU - Orden de Compra generada por invitación a compra ágil: 1298354-187-COT26, jfh.",4
1298354-191-AG26,"EDU - Orden de Compra generada por invitación a compra ágil: 1298354-191-COT26, jfh.",4
1298355-284-AG26,Orden de Compra generada por invitación a compra ágil: 1298355-402-COT26,12
1298355-313-AG26,Orden de Compra generada por invitación a compra ágil: 1298355-440-COT26,12
1298355-337-AG26,Orden de Compra generada por invitación a compra ágil: 1298355-474-COT26,12
1298355-343-CM26,Orden de Compra: 1298355-343-CM26,12
1298355-350-AG26,Orden de Compra generada por invitación a compra ágil: 1298355-486-COT26,12
1298355-365-CM26,Orden de Compra: 1298355-365-CM26,12
1298355-369-AG26,Orden de Compra generada por invitación a compra ágil: 1298355-509-COT26,12
1298355-379-AG26,Orden de Compra generada por invitación a compra ágil: 1298355-525-COT26,6
1298355-393-AG26,Orden de Compra generada por invitación a compra ágil: 1298355-529-COT26,4
1315526-14-AG26,"SERVICIO DE IMPRESIÓN, INSTALACIÓN Y MANTENCIÓN DE MÓDULOS DE EMPRENDEDORES Orden de Compra generada por invitación a compra ágil: 1315526-15-COT26",6
1317925-42-AG26,"SHJ-PUNTUAL-SOL-2026-305-242-254-264-302-304-313-JUNJI-EQUIPOS MENORES A 3 UTM- JARDINES INFANTILES JUNJI, ID: 1317925-15-COT26",12
1335444-22-AG26,Orden de Compra generada por invitación a compra ágil: 1335444-16-COT26,12
1346282-212-AG26,Compra ágil: 1346282-77-COT26 (Futon y Mesas Centro) Para LAE-IP,6
1346283-102-CM26,ADQUISICION DE ALIMENTOS PARA EL CENTRO IP-IRC COPIAPO,12
1346283-117-AG26,ADQUISICION DE INSUMOS COMPUTACIONALES ,12
1346283-118-AG26,LAVALOZA INDUSTRIAL PARA EL IP-IRC,12
1346283-124-AG26,"MANTENCIÓN DE AIRE ACONDICIONADO CENTRO IP-IRC, COPIAPÓ.",12
1346283-132-AG26,ADQUISICIÓN DE ENVASES PARA CASINO PARA EL CENTRO IP-IRC COPIAPÓ,4
1346283-175-SE25,"SERVICIO DE SUMINISTRO DE FRUTAS, VERDURAS Y OTROS",12
1346283-53-CM26,ALIMENTOS PARA EL CENTRO IP-IRC COPIAPO MARZO 2026,12
1346283-94-AG26,MANTENCION DE GENERADOR ELECTRICO  CENTRO IP-IRC COPIAPO,12
1346283-99-CM26,ADQUISICION DE ALIMENTOS PARA EL CENTRO IP-IRC COPIAPO,12
1347772-34-AG26,Compras Insumos Enfermeria Rio Seco,4
1349-37-AG26,Mantención de Cortinas Metalicas.-,6
1350296-698-SE26,"CON/ NUTRICIÓN ENTERAL Y FÓRMULAS;ENTEREX DIABETIC(L8),ENTEREX TOTAL(L13),ABINTRA(L15);1350296-104-LQ24; FR 2024-1299-33; MES ABRIL 2026;MEGALABS CHILE S.A;(3 días hábiles/$300.000 MD)",12
1350296-743-AG26,"ADQ/""ADQUISICION DE PENDRIVES PARA LA UNIDAD DE COMUNICACION Y SATISFACCIÓN USUARIA DEL HOSPITAL ALTO HOSPICIO, FR 2026-333, 3 DH""",12
1350296-754-CM26,"ADQ/ ADQUISICIÓN DE BANDEJAS DE HUEVOS PARA LA UNIDAD DE ALIMENTACIÓN Y SERVICIO DIETETICO DE LECHE PARA HOSPITAL DE ALTO HOSPICIO; FR 2026-255;2DH""",12
1350296-796-SE26,"CON/ NUTRICIONES ENTERALES LIQUIQUIDAS; Osmolite(L1),Jevity(L2) y Glucerna 1.0(L4);1350296-104-LQ24; FR 2024-1299-35; MES ABRIL 2026; 3 DÍAS HÁBILES; MMD $300.000; ABBOTT.	",12
1350296-803-AG26,"ADQ/""ADQUISICION DE VERDURAS PARA LA UNIDAD DE ALIMENTACIÓN Y SERVICIO DIETETICO DE LECHE DEL HOSPITAL DE ALTO HOSPICIO; FR2026-255; 2DH""",12
1350296-917-SE26,CON/ CS TEST RAPIDOS; VIRUS RESPIRATORIO (L16); 1350296-79-LP25; MES MAYO 2026; FR 2025-1674-14; INMUNODIAGNOSTICO; MM$0 2DH.,12
1350296-926-CM26,ADQ/ ADQUISICIÓN DE KIT TROCAR QUIRÚRGICO KANGJI PARA LA UNIDAD BODEGA DE MEDICAMENTOS DEL HOSPITAL ALTO HOSPICIO; FR2026-649; 2DH,6
1350767-71-CM26,REPOSICIÓN DE STOCK PARA CANTINA,6
1351461-25-AG26,Adquisición de micrófonos externos para dispositivos móviles y cámaras.,4
1366597-1127-TD26,Orden de Compra generada por Trato Directo ID 1366597-560-FTD25,12
1366597-1133-TD26,Orden de Compra generada por Trato Directo ID 1366597-206-FTD26,4
1375746-61-AG26,Orden de Compra generada por invitación a compra ágil: 1375746-26-COT26,6
1375761-785-SE26,SERVICIOS SANITARIOS PARA ESTABLECIMIENTOS,6
1375761-807-SE26,"CONTROL DE PLAGAS, ESTABLECIMIENTOS DE LA COMUNA DE BULNES",6
1380-1283-AG26,Orden de Compra generada por invitación a compra ágil: 1380-223-COT26,12
1380-5621-AG26,"RESOLUCION N°7373, SERVICIO UPC NEONATAL, REF. CECILIA AGUAYO MORAGA. Orden de Compra generada por invitación a compra ágil: 1380-2315-COT26",6
1380-5850-AG26,Orden de Compra generada por invitación a compra ágil: 1380-2357-COT26,12
1380-5970-SE26,ORDEN DE COMPRA DESDE 1380-295-LE25,12
1380-6178-AG26,Orden de Compra generada por invitación a compra ágil: 1380-2496-COT26,12
1380-6220-AG26,Orden de Compra generada por invitación a compra ágil: 1380-2201-COT26,12
1380-6270-AG26,Orden de Compra generada por invitación a compra ágil: 1380-2449-COT26,12
1380-6295-SE26,ORDEN DE COMPRA DESDE 1380-88-LQ25,12
1380-6351-TD26,Orden de Compra generada por Trato Directo ID 1380-1036-FTD26,12
1380-6380-AG26,Orden de Compra generada por invitación a compra ágil: 1380-2538-COT26,12
1380-6387-TD26,Orden de Compra generada por Trato Directo ID 1380-1037-FTD26,6
1380-6396-AG26,Orden de Compra generada por invitación a compra ágil: 1380-2096-COT26,12
1380-6400-SE26,ORDEN DE COMPRA DESDE 1380-324-LE24,12
1380-6402-AG26,Orden de Compra generada por invitación a compra ágil: 1380-2551-COT26,12
1380-6442-TD26,Orden de Compra generada por Trato Directo ID 1380-1043-FTD26,12
1380-6471-TD26,Orden de Compra generada por Trato Directo ID 1380-1051-FTD26,12
1380-6540-AG26,Orden de Compra generada por invitación a compra ágil: 1380-2649-COT26,6
1380-6541-AG26,Orden de Compra generada por invitación a compra ágil: 1380-2650-COT26,6
1380-6544-SE26,ORDEN DE COMPRA DESDE 1380-185-LQ25,4
1380-6545-SE26,ORDEN DE COMPRA DESDE 1380-185-LQ25,4
1380-6546-SE26,ORDEN DE COMPRA DESDE 1380-185-LQ25,4
1380-6547-SE26,ORDEN DE COMPRA DESDE 1380-185-LQ25,4
1380-6548-SE26,ORDEN DE COMPRA DESDE 1380-185-LQ25,4
1380-6549-SE26,ORDEN DE COMPRA DESDE 1380-185-LQ25,4
1380-6550-SE26,ORDEN DE COMPRA DESDE 1380-185-LQ25,4
1380-6551-SE26,ORDEN DE COMPRA DESDE 1380-185-LQ25,4
1380-6552-SE26,ORDEN DE COMPRA DESDE 1380-185-LQ25,4
1380-6566-SE26,ORDEN DE COMPRA DESDE 1380-333-LR24,4
1380-6567-TD26,Orden de Compra generada por Trato Directo ID 1380-1071-FTD26,6
1380-6570-SE26,ORDEN DE COMPRA DESDE 1380-333-LR24,4
1380-6571-SE26,ORDEN DE COMPRA DESDE 1380-333-LR24,4
1380-6573-SE26,ORDEN DE COMPRA DESDE 1380-333-LR24,4
1380-6576-SE26,ORDEN DE COMPRA DESDE 1380-333-LR24,4
1380-6578-SE26,ORDEN DE COMPRA DESDE 1380-333-LR24,4
1380-6579-SE26,ORDEN DE COMPRA DESDE 1380-333-LR24,4
1380-6580-SE26,ORDEN DE COMPRA DESDE 1380-333-LR24,4
1380-6581-SE26,ORDEN DE COMPRA DESDE 1380-333-LR24,4
1380-6582-SE26,ORDEN DE COMPRA DESDE 1380-333-LR24,4
1380-6584-SE26,ORDEN DE COMPRA DESDE 1380-333-LR24,4
1380-6585-SE26,ORDEN DE COMPRA DESDE 1380-333-LR24,4
1380-6586-TD26,Orden de Compra generada por Trato Directo ID 1380-1074-FTD26,4
1380-6587-SE26,ORDEN DE COMPRA DESDE 1380-333-LR24,4
1380-6588-SE26,ORDEN DE COMPRA DESDE 1380-333-LR24,4
1380-6590-SE26,ORDEN DE COMPRA DESDE 1380-333-LR24,4
1380-6591-SE26,ORDEN DE COMPRA DESDE 1380-333-LR24,4
1380-6592-TD26,Orden de Compra generada por Trato Directo ID 1380-1075-FTD26,4
1380-6593-SE26,ORDEN DE COMPRA DESDE 1380-333-LR24,4
1380-6595-SE26,ORDEN DE COMPRA DESDE 1380-333-LR24,4
1380-6597-SE26,ORDEN DE COMPRA DESDE 1380-165-LP24,4
1381-386-AG26,Orden de Compra generada por invitación a compra ágil: 1381-236-COT26,4
1382-459-SE26,"RC 462, servicio traslados muestras ABR 2026, desde LIC ID 1382-30-LP25",4
1383-146-SE26,"ARRIENDO DE PLANTA MODULAR, RESOL N°132",6
1385462-46-SE26,ADQUISICIÓN DE SMARTPHONES PARA MONITOREODESDE 1385462-2-LE26,12
1388974-158-TD26,Orden de Compra generada por Trato Directo ID 1388974-25-FTD26,6
1389183-272-SE26,041 157 181 NF P02 ADQUISICIÓN DE PETRÓLEO DIÉSEL PARA CALDERAS DE EE SLEP AC,6
1391-724-CM26,"CRS LINARES, FOSOAD N° 10, MATERIALES DE OFICINA P02",12
1391-906-CM26,CCP PARRAL FOSOAD 042 COMPRA DE ALIMENTOS AREA DE ALIMENTACION,6
1391-914-CM26,CCP LINARES COMPRA DE VERDURAS SOLICITADAS EN FOSOAD 79 SERVICIO DE ALIMENTACION,6
1393093-112-SE26,P02-SG-TRANSPORTE ESCOLAR-RBD8047,12
1393093-166-TD26,Orden de Compra generada por Trato Directo ID 1393093-21-FTD26,12
1393093-219-TD26,Orden de Compra generada por Trato Directo ID 1393093-50-FTD26,12
1393093-258-TD26,Orden de Compra generada por Trato Directo ID 1393093-77-FTD26,12
1393093-340-TD26,Orden de Compra generada por Trato Directo ID 1393093-97-FTD26,12
1393093-464-SE26,P02-SG-CAMARAS DE SEGURIDAD-RBD 8255,6
1393495-326-AG26,SC-48164/9873-6/SEP/ADQ. MATERIALES TALLER DE CIENCIAS/DMG,6
1403-40-AG26,CONTRATACIÓN DE SERVICIO DE ASEO PARA DEPENDENCIAS DEL CAIS COYHAIQUE,12
1411-1423-CM26,COLINA 1 COMPRA PARA ENTREGA PARCIALIZADA EN MES DE MAYO 2026,6
1411-1424-CM26,COLINA 1 COMPRA PARA ENTREGA PARCIALIZADA EN MES DE MAYO 2026,6
1413-443-CM26,CCP OSORNO ADQUIERE ABARROTES PARA LA UNIDAD Orden de Compra: 1413-443-CM26,6
1422824-1513-AG26,(FCR) 1422824-986-COT26 NYLON 3/0,6
1422824-1536-AG26,(FCR) 1422824-1001-COT26 AGUJAS HIPODERMICAS ,6
1422824-1566-AG26,(FCR) 1422824-1020-COT26 PROTECTOR CUTANEO TRANSPARENTE EN SACHET INDIVIDUAL,6
1422824-1577-SE26,(DOZ) INSUMOS NEURORRADIOLOGIA INTERVENCIONAL,4
1422824-1579-SE26,(DOZ) INSUMOS NEURORRADIOLOGIA INTERVENCIONAL,4
1422824-1581-CM26,(LER) LECHE 200 CC Y ABARROTES UCA MES DE JUNIO,5
1422824-1582-CM26,(LER) ABARROTES Y LECHES CHOCOLATADAS UCA MES DE JUNIO,6
1422825-956-AG26,BOTONERA PARA MONITOR MULTIPARAMETRO - HCVB - 1422825-649-COT26,12
1422825-980-AG26,(RCP) Servicio de firmas electrónicas con token,6
1426098-100-CM26,"P.02 IP-IRC CORONEL// REQ, 06 COMPRA TRIMESTRAL DE FRUTAS Y VERDURAS",12
1426098-12-CM26,P.02 IP-IRC CORONEL// COMPRA TRIMESTRAL DE CARNES Y EMBUTIDOS,12
1426098-25-CM26,P.02 IP-IRC CORONEL// COMPRA TRIMESTRAL DE CONGELADOS,12
1426098-30-CM26,P.02 IP-IRC CORONEL// COMPRA TRIMESTRAL DE HELADOS Y JUGOS,12
1426098-34-CM26,P.02  LAE IP CONCEPCION// REQ. 09 COMPRA ANUAL  DE PANADERIA,12
1426098-5-CM26,P.02 IP-IRC CORONEL// COMPRA TRIMESTRAL DE  HUEVOS,12
1426098-82-CM26," P.02 IP-IRC CORONEL, REQ. N° 6// COMPRA TRIMESTRAL DE CARNES BLANCAS, ROJAS Y EMBUTIDOSOrden de Compra: 1426098-82-CM26",12
1426098-83-CM26,"P.02 IP-IRC CORONEL, REQ. N° 6// COMPRA TRIMESTRAL DE CARNES BLANCAS, ROJAS Y EMBUTIDOS",12
1426394-36-AG26,Orden de Compra generada por invitación a compra ágil: 1426394-7-COT26,6
1430705-133-AG26,Reactivos Laboratorio Abril 2026,12
1430705-140-SE26,Reactivos Laboratorio Mayo 2026	,12
1430705-163-SE26,Reactivos Laboratorio Mayo 2026	,12
1430705-169-AG26,Reactivos Laboratorio Mayo 2026,12
1430705-171-AG26,Reactivos Laboratorio Mayo 2026,12
1430705-173-AG26,Reactivos Laboratorio Mayo 2026,12
1430707-1183-SE26,INSUMO STOCK ABRIL 2026,12
1430707-1436-AG26,REQUERIMIENTO UNIDAD UTIA ,12
1430707-1449-AG26,REQUERIMIENTO UNIDAD DENTAL ,12
1430707-1559-SE26,INSUMOS STOCK MAYO 2026,12
1430707-1585-SE26,INSUMO STOCK MAYO 2025,12
1430707-1589-SE26,INSUMOS STOCK MAYO 2026,12
1430707-1631-SE26,INSUMOS STOCK MAYO 2026,12
1430707-1632-SE26,GEL HIALURONATO STOCK MAYO 2026,12
1430707-1633-SE26,ETILO CLORURO STOCK MAYO 2026,12
1430707-1684-SE26,INSUMO STOCK MAYO 2026,12
1430707-1738-AG26,INSUMO STOCK MAYO 2026,12
1430707-1744-SE26,INSUMO STOCK MAYO 2026,12
1430707-1747-AG26,REQUERIMIENTO UNIDAD MEDICINA FISICA y REHABILITACION,12
1430707-1753-AG26,INSUMO STOCK MAYO 2026,12
1430707-1754-SE26,VALVULA DVP STOCK MAYO 2026,12
1430707-1766-AG26,CATETER C/BALON STOCK MAYO 2026,12
1430707-1767-AG26,CANASTILLO DORMIA STOCK MAYO 2026,12
1430707-1768-SE26,INSUMO STOCK MAYO 2026,12
1430707-1769-AG26,INSUMOS STOCK MAYO 2026,12
1430707-1770-SE26,INSUMO STOCK MAYO 2026,12
1430707-1771-SE26,INSUMO STOCK MAYO 2026,12
1430707-1772-SE26,INSUMO STOCK MAYO 2026,12
1430707-1773-SE26,INSUMO STOCK MAYO 2026,12
1430707-1782-SE26,GUANTE EXAMINACION NITRILO STOCK MAYO 2026,12
1430707-1783-CM26,GUANTE QUIRÚRGICO STOCK MAYO 2026,12
1430707-1786-AG26,INSUMO STOCK MAYO 2026,12
1430707-1819-AG26,REQUERIMIENTO PABELLON CENTRAL,12
1430710-358-SE26,PEDIDO SEMANAL N°21 HUEVOS,6
1430713-2-AG26,KIT ACOMPAÑAMIENTO EMOCIONAL - HOSPITAL AMIGO ,6
1430715-106-AG26,Orden de Compra generada por invitación a compra ágil: 1430715-173-COT26,6
1431841-388-AG26,"EDUCACION - VARIOS ESTABLECIMIENTOS, REPACION Y MANTENCION DE IMPRESORAS. 1431841-381-COT26",12
1431841-452-CM26,OC N° 135  SM 46246  DIDECO RESIDENCIA TERAPEUTICA apickett@recoleta.cl alimentos ,6
1431841-454-CM26, 1431841-454-CM26  OC N° 136  SM 46246  DIDECO RESIDENCIA TERAPEUTICA ALIMENTOS  apickett@recoleta.cl,6
1432083-1054-AG26,"CC, RBD 7026-7023-7030-7050-7083, SOL 1751-2054-1980-1968-1436, SEP-GENERAL, TINTAS Y TONERS PARA CORRAL Y PANGUIPULLI, 22-04-009 Orden de Compra generada por invitación a compra ágil: 1432083-582-COT26",6
1432083-1123-AG26,"NM, RBD 6815 6804 6770 6787, SC. 1705 1772 1773 1774 1964, 2147, 2132 SUBVENCION GENERAL, ADQ. MATERIAL DE OFICINA DIFERENTES UNIDADES EDUCATIVAS, 2204001001.",6
1432083-960-AG26,"NM, RBD 6752 6774 36127, SC. 1409 1619 1704, SUBVENCIÓN GENERAL Y JUNJI, MANTENCIÓN Y RECARGA DE EXTINTORES,",12
1441-8-AG26,Orden de Compra generada por invitación a compra ágil: 1441-7-COT26,6
1443565-18-AG26,MATERIALES E INSUMOS PARA TALLERES DE CAPACITACION GRUPAL TAS CRI INIA URURI,6
1456840-20-AG26,Cámara Fotográfica y Accesorios para Comunicaciones - Orden de Compra generada por invitación a compra ágil: 1456840-9-COT26,6
1464-757-AG26,Medicamentos 2026,6
1465-195-AG26,AG FARMACIA: SOLUCIONES PARA LA LIMPIEZA DE HERIDAS,12
1465-19-SE26,LP FARMACIA: OXÍGENO 10 M3,12
1469-1308-AG26,Orden de Compra generada por invitación a compra ágil: 1469-1415-COT26,6
1469-890-AG26,2000040940 Orden de Compra generada por invitación a compra ágil: 1469-952-COT26,6
1479098-39-AG26,PTR N° 316. ID: 1479098-20-COT26. -SUMINISTRO. -ADQUISICIÓN DE ARTICULOS DE ASEO PARA BAÑOS. COMO GOMAS PARA URINARIOS Y CEPILLOS CON BASE PARA INODOROS.,6
1480972-205-AG26,P02-CSS-MATERIAL LABORATORIO COLEGIO LUIS CRUZ MARTINEZ-RBD-1881-3,4
1488-436-TD26,Orden de Compra generada por Trato Directo ID 1488-87-FTD26,12
1488-463-TD26,Orden de Compra generada por Trato Directo ID 1488-91-FTD26,12
1488-525-SE26,Repuestos Convenio Ecógrafos Philips,12
1499-2741-SE26,RSS INSUMOS CLÍNICOS,6
1499-2749-SE26,EML INSUMOS DE BODEGA,6
1499-2759-SE26,"MCP Arriendo Polisomnógrafo 05/12, ABRIL 2026",6
1501468-121-CM26,OC 1501468-121-CM26 Adquisición de gas a granel para JI Tipitin P02/5704001/JUNJI/ATCR/ABRIL/2026,12
1504119-24-AG26,Compra de materiales de mantenimiento del Punto de Cultura  1504119-33-COT26,6
1514-2093-SE26,ORDEN DE COMPRA DESDE 1514-146-LR24,6
1514-2095-SE26,ORDEN DE COMPRA DESDE 1514-66-LQ25,6
1521-15-AG26,Orden de Compra generada por invitación a compra ágil: 1521-11-COT26,12
1528-74-AG26,TARJETA CREDENCIAL CON DISEÑO  Orden de Compra generada por invitación a compra ágil: 1528-47-COT26,6
1529-60-AG26,ADQUISICION DE 1 GUILLOTINA PARA C.A.E ,12
1532-488-AG26,REQ 314 ROLLO PAPEL TERMICO 1532-126-COT26,6
1532-497-CM26,REQ 332 - Orden de Compra: 1532-497-CM26,6
1532-505-AG26,REQ 305 - Compra ágil: 1532-141-COT26,6
1536-112-AG26,Orden de Compra generada por invitación a compra ágil: 1536-66-COT26,6
1540-1184-AG26,"1540-679-COT26, COMPRA DE NEUMÁTICOS CON CLAVOS, MAYO 2026, SUBDIRECCION ADMINISTRATIVA",6
1540-1187-AG26,"1540-683-COT26 COMPRA ARTICULOS DE ASEO, MAYO 2026. ABASTECIMIENTO.",6
1540-1190-SE26,"1540-186-LQ23. SERVICIO DE ARRIENDO DE CAJAS QUIRUGICAS, CUOTA: 17/24. CORESPONDIENTE AL MES DE MAYO 2026. FARMACIA.",6
1540-1191-CM26,PLANA QUIRURGICA KIT UNIVERSAL. STOCK 3 MESES. MAYO 2026.FARMACIA,4
1546-17-SE24,L1-2011 ARRIENDO ESTACIONAMIENTO PARA VEHÍCULO DE LA UNIDAD DE MELIPILLA ,12
1552-157-AG26,INSUMOS DE OFICINA - COSAM- compra ágil: 1552-50-COT26,12
1552-175-SE26,SET DE INMOVILIZACIÓN,6
1552-208-CM26,SILLA DE RUEDAS ESTANDAR - NEUROLOGICAS,4
1552-210-SE26,ANDADOR ARTICULADO  Y DE PASEO DESDE 1552-43-LR24	,4
1552-211-SE26,BASTONES DESDE 1552-43-LR24,4
1552-214-CM26,BENEFICIO DE ALIMENTACION - JUNIO 2026,4
1554-796-SE26,SERVICIO MES FEBRERO,6
1555-1890-AG26, POLIVITAMINICO,4
1555-1891-AG26, METOTREXATO 15 MG SC,4
1555-1892-AG26, ISOSORBIDE DINITRATO CM 10 MG,4
1557-122-SE26,ORDEN DE COMPRA DESDE 1557-7-L126,12
1557-128-CM26,Orden de Compra: 1557-128-CM26,12
1557-138-AG26,Orden de Compra generada por invitación a compra ágil: 1557-56-COT26,12
1557-140-SE26,ORDEN DE COMPRA DESDE 1557-10-LE26,12
1557-143-SE26,1557-10-LE26,12
1557-144-AG26,Orden de Compra generada por invitación a compra ágil: 1557-46-COT26,12
1557-154-SE26,ORDEN DE COMPRA DESDE 1557-27-LE25,12
1557-167-CM26,Orden de Compra: 1557-167-CM26,6
1557-33-CM26,Orden de Compra: 1557-33-CM26,12
1558-164-AG26,Compra de dispensador para jabón,6
1559-1041-SE25,"RECETARIOS MAGISTRALES ID 1559-71-LQ22 (LC,FARM,220400400102,JRT)",12
1559-317-SE26,"ERITROPOYETINA 4000 UI SOL INY AM 1 ML ID 1559-65-LQ22 (LC,FARM,220400400102,JRT)",12
1576-78-CM26,RRFF - RECARGA BOMBONA JI ABASTIBLE,12
1588-58-SE26,ORDEN DE COMPRA DESDE 1588-1-LE26,12
1591-70-AG26,CURSO AVANZADO PARA FISCALES EN SUMARIOS ADMINISTRATIVOS,4
1605-104-SE24,TD-2162 “Servicio de Transporte de hijos e hijas de funcionarios/as al Jardín Infantil y Sala Cuna Institucional,12
1605-91-SE23,LP-411 Servicio de Ciberinteligencia,12
1606-183-CM26,SIC15/89/2026 2 PASAJES A VALDIVIA CLETS,12
1606-184-CM26,SIC15/89/2026 2 PASAJES A SANTIAGO CLETS,12
1609-142-AG26,Orden de Compra generada por invitación a compra ágil: 1609-39-COT26,4
1620-108-CM26,Bobinas Con Fuelle 15 CM. & 25 CM. & 10 CM.,12
1621-143-AG26,Guantes nitrilo M ,6
162-178-AG26,Orden de Compra generada por invitación a compra ágil: 162-47-COT26,4
162-190-AG26,Insumos Publicitarios para Programa Elige Vivir Sano,4
162-191-AG26,Tótem para Programa Salud Mental,4
162-192-AG26,Dispensadores de Toalla de Papel y Papel Higienico,6
162-193-AG26,Impresos para Programa EVS,6
1622-682-AG26,PROTECTORES OCULARES PARA FOTOTERAPIA. Compra ágil: 1622-366-COT26,6
1623-207-AG26,"Camilla de examen y escabel, compra ágil: 1623-154-COT26",6
1638-222-AG26,"ADQUISICION DE ACEITE, GRASA Y COMBUSTIBLE PROGRAMA MEJORAMIENTO QUINTA LOS CHAÑARES SM 3595 SECPLA Orden de Compra generada por invitación a compra ágil: 1638-324-COT26",5
1638-257-AG26,"Adquisición de artículos viales, Para dirección de administración y finanzas transito y transporte publico, Dpto. transito, Unidad vialidad, SM N°08175 / 1638-357-COT26",6
1641-14847-AG26, amv/ CEPILLO DE LIMPIEZA MULTIPROPOSITO DE CILINDROS MH- 50 Orden de Compra generada por invitación a compra ágil: 1641-2854-COT26,6
1641-14931-SE26,ODP-CP 06-2026/ORTOFTALALDEHIDO 0.55% BI 3.8 LT/LIC.1641-82-LR23,6
1641-14948-SE26,"MJA CP 06/2026 GADOBUTROL 1 MMOL/ML SOL INY FA 7,5 ML. LIC. 1641-436-LP25",6
1641-14964-AG26,MGM CP 06/2026 SETA ARTERIAL 20 G X 80 MM  a compra ágil: 1641-2943-COT26,6
1641-14968-SE26,MGM CNP N°128873 VALVULA BIOLOGICA AORTICA N°25 MM  1641-181-LR24,6
1641-14969-SE26,MGM CNP N°128874 VALVULA BIOLOGICA AORTICA N°25 MM  1641-181-LR24,6
1641-14970-SE26,MGM CNP N°128874 PROTESIS DACRON N°30 MM ID 1641-2-LE25,4
1641-14971-AG26,ODP-CNP 05-2026/ALCOHOL 100° PUREVIEW (PV1000) 3.8 LITROS/compra ágil: 1641-2834-COT26,5
1641-14972-SE26,MGM CNP N°128871 PROTESIS MAMARIA 1641-48-LE25,4
1641-14973-AG26,ODP-CNP 05-2026/ABEMACICLIB 150 MG CP/compra ágil: 1641-2894-COT26,4
1641-14976-AG26,ODP-CP 05-2026/PREPARADOS MAGISTRALES Y OFICINALES/compra ágil: 1641-2899-COT26,4
1641-14977-AG26,ODP-CNP 05-2026/POMALIDOMIDA 4 MG/compra ágil: 1641-2934-COT26,4
1641-14978-AG26,MGM CP 06/2026 ADAPTADOR PERFUSION AORTICO EN Y a compra ágil: 1641-2921-COT26,4
1641-14980-AG26,ODP-CNP 05-2026/TRASTUZUMAB SOL INY EV FA 440 MG/compra ágil: 1641-2896-COT26,4
1641-14981-AG26,ODP-CNP 05-2026/AFATINIB 40 MG CM/compra ágil: 1641-2895-COT26,4
1643-1056-AG26,Adquisición de Tubo Nasal CPAP Distintas Medidas con Despacho Incluido: 1643-527-COT26,6
1643-1192-AG26,Adquisición de Dimero D para laboratorio Orden de Compra generada por invitación a compra ágil: 1643-618-COT26,4
1650-212-AG26,Medicamentos ,5
1660-384-AG26,12.000 Unid. GUANTES NITRILO TALLA XS,4
1660-385-AG26,SONDA NASOGASTRICA LEVIN 14FR Y 18 FR,4
1660-386-AG26,100und. LIBRETAS ECOLOGICAS,4
1662-1001-AG26,COMPRA DE RINON DESECHABLE,6
1662-1006-AG26,COMPRA DE TIJERA TÁCTICA DE TRAUMA,4
1662-1014-AG26,COMPRA DE SAL INDUSTRIAL GRUESA DIALISIS,6
1662-1016-SE26,"COMPRA DE FENILEFRINA 0,05% 1 ML SOL. INYECTABLE",6
1662-938-AG26, COMPRA DE NYLON 3-0 AZUL AGUJA 3/8 24 MM 75 CM,12
1662-974-AG26,COMPRA DE FILTRO DE PAPEL PARA ESTERILIZADO A VAPOR,12
1662-975-SE26,COMPRA APOSITOS GASA TEJIDA,12
1662-977-SE26,COMPRA DE ALCOHOL PAD,12
1662-978-AG26, COMPRA DE INDICADOR QUIMICO COMPLY,12
1662-984-AG26, COMPRA DE POLIGLACTINA 3-0 C/TRICLOSAN VIOLETA,6
1662-985-AG26, COMPRA DE CLORHEXIDINA 2% TINTURA ALCOHOLICA ,6
1662-986-AG26, COMPRA DE POLIGLECAPRONE 3/0 INCOLORO C/TRICLOSAN ,6
1662-988-AG26,COMPRA DE BOLSA RECOL. ORINA DES. PEDIATRICA,6
1662-989-AG26,"COMPRA DE PAPEL UPP-110HD ,",12
1662-993-AG26,COMPRA DE PINZAS TOMA DE BIOPSIA CON ESTILETE,6
1663-484-AG26,CANDADOS DE SEGURIDAD - PPTO OP 22.04.009,6
1663-527-SE26,INSUMOS CURACIONES-OP-22.04.004.003,4
1663-528-SE26,INSUMOS CURACIONES-OP-22.04.004.003,4
1664-387-AG26,INSUMOS DE CURACION AVANZADA DE HERIDAS,6
1671-89-SE26,USO/Arriendo de 3 camionetas  pickup 4x4 con kit minero y barra antivuelco,4
1671-90-SE26,Continuidad - Administración y Funciones de Apoyo/ Arriendo de 3 camionetas pickup 4x4 con kit minero y barra antivuelco.,4
1681-377-CM26,ALIMENTACIÓN Y NUTRICIÓN JUNIO 2026,4
1681-378-SE26,PETROLEO PARA CALDERA DE MANTENIMIENTO MM N° 160,4
1686-8-AG26,CA-4841 - 1686-6-COT26 PARAFINA ,12
1691-1033-AG26,TRM-SOL.COMPRA N°2125 TEJIDO TUBULAR RLL 15 CM X 25 MT Y 3 CM X 25 MT,6
1692-341-AG26,SERVICIO DE MANTENCIÓN PREVENTIVA DE AIRE ACONDICIONADO PSR PUERTO BERTRAND,6
1702-275-AG26,HOSPITAL AMIGO. Biombos clínicos,6
1702-304-CM26,ALIMENTACION RECARGA TARJETA FUNCIONARIO MES DE JUNIO,4
1704-1690-TD26,Orden de Compra generada por Trato Directo ID 1704-331-FTD26,12
1704-1765-SE26,INSUMOS BAJADA BOMBA INFUSION CONTINUA PARENTERAL,12
1704-2013-SE26,INSUMOS CLINICOS 1704-47-LR22,12
1704-2074-SE26,MANGAS Y MEDIAS COMPRESION 1704-33-LR23,12
1704-2217-AG26,BIOMBO CLINICO 1704-1335-COT26,6
1704-2243-SE26,INSUMOS BAJADA BOMBA INFUSION CONTINUA PARENTERAL ,12
1704-2370-SE26,MANGAS Y MEDIAS COMPRESION 1704-33-LR23,12
1704-2395-SE26,INSUMOS BAJADA BOMBA INFUSION CONTINUA PARENTERAL ,12
1704-2739-AG26,CAPSULA GEL Orden de Compra generada por invitación a compra ágil: 1704-1739-COT26,6
1704-2745-AG26,DOLUTEGRAVIR Orden de Compra generada por invitación a compra ágil: 1704-1745-COT26,4
1704-2748-TD26,Orden de Compra generada por Trato Directo ID 1704-572-FTD26,4
1704-765-TD26,Orden de Compra generada por Trato Directo ID 1704-106-FTD26,12
1705-339-AG26,COMPRA DE INSUMOS CLINICOS MEMO N°14: 1705-203-COT26,6
1709-193-SE26,"2°ESTADO DE PAGO - TÉCNICO DENTAL PARA CANASTA DE SUMINISTRO, MANTENCIÓN Y REPARACIÓN DE EQUIPOS DENTALES- PROGRAMA ODONTOLÓGICO - Orden de Compra generada por invitación a compra ágil: 1709-105-COT25.",4
1718-481-CM26,Orden de Compra: 1718-481-CM26,6
1718-486-AG26,Orden de Compra generada por invitación a compra ágil: 1718-483-COT26,4
1743-254-SE26,ORDEN DE COMPRA DESDE 1743-38-LP26,6
1743-255-SE26,ORDEN DE COMPRA DESDE 1743-39-LE26,6
1746-115-AG26,DISEÑO E IMPRESIÓN DE TRIPTICOS,6
1746-117-AG26, 1746-100-COT26 TAMBOR PARA IMPRESORA   P. 202,4
1755-146-AG26,IMPLEMENTOS DEPORTIVOS. IMPLEMENTAR PROYECTOS DE A.T.P A E.E EPJA VIDA ACTIVA Y SALUDABLE(VAS). SOL047_EDUC26_JCC,6
1755-148-AG26,MATERIALES DE OFICINA. IMPLEMENTAR PROYECTOS DE A.T.P A E.E EPJA OFICIO 2026. SOL049_EDUC26_JCC,6
1758-54-AG26,Orden de Compra generada por invitación a compra ágil: 1758-44-COT26  ADQUISICION DE PELLET  PARA PRIMERA JORNADA  INSTITUCIONAL  DEG,6
1759-66-SE26,SS DE CAFETERIA MEMO 23 CAR,4
1759-67-SE26,SS DE CAFETERIA MEMO 20 CAR,4
1759-68-SE26,"SS CAFETERIA MEMO N°21, J. VERA, SECREDUC XII",4
1800-17-AG26,"Desratización y desinsectación, compra ágil: 1800-11-COT26, SOL 12518",12
1860-41-CM26,COMPRA  EPP PEE CONAF CHILOE 2026,6
1866-13-CM24,"(vca) Seguro Colectivo de vida con adicional de salud y catastrófico para beneficiarios del Fondo de Bienestar de Corfo, Orden de Compra generada por la Gran Compra: 71939",12
1878-8-AG26,SERVICIO DESRATIZACIÓN,12
1907-32-TD26,Orden de Compra generada por Trato Directo ID 1907-3-FTD26,4
1943-164-SE26,SUMINISTRO ARRIENDO EQUIPOS NOTEBOOKS DEPRIF - 08/05/2026 al 07/06/2026,6
1943-166-AG26,Orden de Compra generada por invitación a compra ágil: 1943-55-COT26,6
1947-2378-SE26,244- Adquisición de Reactivos para Exámenes Bioquímicos- consumo abril- Lab. Qca. (CFO),12
1947-2379-SE26,244 Adquisición de Reactivos para Determinaciones de Exámenes de Gases y Electrolitos |ABRIL| Lab. Qca. (CFO),12
1947-2434-SE26,221- ADQUISICIÓN POR CLIPS DIFERENTES MEDIDAS - MAYO - UNIDAD DE PABELLÓN - JVC,6
1947-2463-SE26,810- Contratación Servicio de Hospedaje y Alimentación para Pacientes y Acompañante de Regiones - Abril 2026 - Unidad de Servicio Social Pacientes (MMT),6
1951-345-SE26,OXIGENO,12
1952-1172-SE26,1952-79-LQ24 SERVICIO DE IMPRESION 3/26 SG,6
1952-1327-SE26,1952-53-LP25 RESONANCIAS MAGNÉTICAS sg,4
1952-1367-AG26,1952-666-COT26 - CIRCUITO RESPIRATORIO COMPLETO NEONATAL (IM),6
1952-1371-SE26,1952-159-LE25 SERV REPARACION INSTRUMENTAL  sg,4
1952-1377-SE26,1952-21-LP25 CONSULTAS MEDICAS sg,6
1952-1408-SE26,1952-111-LE23 - SONDAS PARA HV (IM),6
1953-851-SE26,"517/ADQUISICION DE FRUTAS Y VERDURAS SEMANA DEL 18 AL 24 DE MAYO SEGUN MINUTA N°60, CDP PETORCA",12
1953-885-CM26,502/adquisición de viveres para el CPV,6
19-54-SE26,AZM REG INSUMO DIALISIS PERITONEAL RES 2049-20.05.2026,4
19-55-SE26,AZM REG INSUMOS Y PROTESIS PARA CIRUGIA TORACICA RES 2043/20.05.2026,4
1968-1184-CM26,Adquisición de frutas y verduras para el servicio de alimentación del Centro de Detención Preventiva de Angol,6
1968-874-CM26,Adquisición de gas a granel para el Area de alimentación del Centro de Detención Preventiva de Angol,6
1973-1670-SE26,(MFC) ORDEN DE COMPRA DESDE 1973-14-LE26,6
1973-1700-SE26,(MPC) SUMINISTRO DESDE 1973-69-LP24,6
1978-455-SE26,1978-14-LE26/COMPRA DE PARCHE DE BUPRENORFINA PROGRAMA CUIDADOS PALIATIVOS,6
1978-459-SE26,1978-11-LE26/ COMPRA DE HALOPERIDOL (PROGRAMA CUIDADOS PALIATIVOS),6
1979-2280-SE26,FARMACOS DESDE ID 1979-183-LQ24; 1979-197-LQ24,4
1979-2282-SE26,FARMACOS DESDE ID 1979-114-LQ24,4
1979-2305-SE26,FARMACOS DESDE ID 1979-114-LQ24,6
1979-2370-SE26,INSUMOS DENTALES DESDE ID 1979-17-LP26,6
1979-2392-SE26,FARMACOS DESDE ID 1979-116-LQ24,4
1979-2395-SE26,FARMACOS DESDE ID 1979-118-LQ24,4
1979-2396-SE26,FARMACOS DESDE ID 1979-174-LQ24,4
1979-2397-SE26,FARMACOS DESDE ID 1979-117-LQ24,4
1979-2398-SE26,FARMACOS DESDE ID 1979-173-LQ24,4
1979-2408-TD26,Orden de Compra generada por Trato Directo ID 1979-30-FTD26,6
1979-2415-SE26,INSUMOS DESDE ID 1979-71-LQ25,4
1980-44-SE26,Adquisicion de servicio de mantenimiento GGEE,6
1989-71-AG26,Insumos computacionales para impresoras y rotuladoras desde compra ágil: 1989-59-COT26,6
1989-74-AG26,Capucha con filtro para escape de incendios desde  compra ágil: 1989-63-COT26,4
1989-76-AG26,Adquisición de 02 Linternas STREAMLIGHT SURVIVOR -X USB  desde compra ágil: 1989-61-COT26,4
1994-45-SE26,Timbres Delegada - DPP,4
2013-803-AG26,Orden de Compra generada por invitación a compra ágil: 2013-659-COT26,6
2015-1000-AG26,Orden de Compra generada por invitación a compra ágil: 2015-203-COT26,6
2018-93-AG26,ADQUISICIÓN DE CINTILLOS HEADSET,6
2021-107-AG26,DAG N°10000/38 SERVICIO DE MANTENIMIENTO PREVENTIVO PARA TERMOS ELECTRICOS DEL EMCO,6
2026-691-AG26,45 Kits de Parto Básico para Ambulancias Red Samu SSVQP Orden de Compra generada por invitación a compra ágil: 2026-286-COT26,6
2033-27-AG26,ARTICULOS TECNOLOGICOS Y TERMOS - SAAT CEIA TOME,6
2046-235-SE26,ORDEN DE COMPRA DESDE 2046-3-LE25,12
2046-236-SE26,ORDEN DE COMPRA DESDE 2046-3-LE25,12
2046-237-SE26,ORDEN DE COMPRA DESDE 2046-3-LE25,12
2048-1127-SE26,ORDEN DE COMPRA DESDE 2048-75-LE25,12
2048-1225-SE26,ORDEN DE COMPRA DESDE 2048-40-LE24	,12
2048-1305-SE26,ORDEN DE COMPRA DESDE 2048-91-LP24,12
2048-1309-AG26,Orden de Compra generada por invitación a compra ágil: 2048-230-COT26,12
2048-1341-AG26,Orden de Compra generada por invitación a compra ágil: 2048-236-COT26,12
2048-1389-SE26,ORDEN DE COMPRA DESDE 2048-102-LP24,12
2048-1437-SE26,ORDEN DE COMPRA DESDE 2048-111-LP24 MOVIL 5 LPXW-7,6
2048-1438-AG26,Orden de Compra generada por invitación a compra ágil: 2048-200-COT26,9
2048-1461-SE26,ORDEN DE COMPRA DESDE 2048-52-LE25,6
2048-1474-TD26,Orden de Compra generada por Trato Directo ID 2048-330-FTD26,4
2048-1480-TD26,Orden de Compra generada por Trato Directo ID 2048-337-FTD26,4
2048-606-TD26,Orden de Compra generada por Trato Directo ID 2048-147-FTD26,12
2059-116-CM26,R 44 ARTICULOS DE ASEO MARZO A JUNIO 2059-116-CM26,12
2059-127-CC26,ECG Urgencia /Enero 2026,6
2059-226-CM26,R 74 ARTICULOS ASEO ,12
2059-233-SE26,Carnes / Mayo 2026,12
2059-234-SE26,FRUTAS Y VERDURAS / MAYO 2026,12
2059-235-SE26,Congelados / Mayo 2026,12
2059-244-AG26,R/63 Compra de Rollo Térmico 2059-84-COT26,6
2065-332-AG26," Apósito espuma de poliuretano, cotización compra ágil: 2065-209-COT26",6
2065-334-AG26," Esponja con jabón, cotización compra ágil: 2065-211-COT26",6
2066-249-SE26,COMPRA DE PAN MES DE ABRIL DEL 2026 SEGUN CONVEN,6
2066-251-AG26,Orden de Compra generada por COMPRA DE PRESOSTATOS PARA AUTOCLAVES invitación a compra ágil: 2066-83-COT26,6
2069-4149-SE26,SAR-CP-052026-PROGRAMA MAYO 2026 FARMACOS-LP,6
2069-4254-AG26,SAR-CP-052026-PROGRAMA MAYO 2026 FARMACOS-AG,6
2069-4284-SE26,CGM-042026-MANTENCIÓN PREVENTIVA ECOGRAFO-.LP24,6
2069-4373-AG26,GMC-CP-052026-INSUMOS CLINICOS MAYO-AG,6
2069-4448-SE26,IGS-CP-052026-PROGRAMA LABORATORIO MAYO 2026,4
2069-4454-SE26,IGS-CE-052026-COMPRA EXTRA LABORATORIO CENTRAL N°31834,4
2069-4459-TD26,Orden de Compra generada por Trato Directo ID 2069-167-FTD26,4
2069-4466-AG26,JRS-CX-052026-EXTRA PROGRAMA N°31080 MAYO 2026 FARMACOS-AG,5
2080-3013-SE26,INSUMOS HEMODIALISIS,12
2080-3074-SE26,"TÓRULAS DE ALGODÓN 0,5 GRAMOS",12
2080-3145-SE26,TET VARIOS ,12
2080-3778-AG26,AGUJA MARCACION MAMA ,12
2080-3780-AG26,SET CATETERES ARTERIALES ,12
2080-4025-SE26,CONSUMO PAN,12
2080-4155-AG26,CATETERES UMBILICALES ,12
2080-4239-SE26,IMPLANTES NEUROCIRUGIA,9
2080-4314-SE26,MANTA CALEFACTORA ,12
2080-4333-SE26,CAFEINA Y AZUL METILENO,4
2080-4362-CM26,HOJA DE BISTURI Y GORRO DESECHABLE ,12
2080-4398-SE26,FILTRO DESECHABLE,12
2080-4440-SE26,CUOTA 8 DE 24 ABRIL 2026,6
2080-4454-SE26,FENOL 6% 10 ML,4
2080-4482-SE26,SONDA FUJI,12
2080-4523-AG26,TUBOS KHAN DE POLIPROPILENO 12X 75 MM: 2080-448-COT26,6
2080-4530-SE26,"CLORURO DE BENCETONIO 0,02%  250ML",4
2080-4597-CM26,APOSITO Y CANULA MAYO 2,6
2080-4600-CM26,JERINGA INSULINA 100UI ,6
2080-4616-SE26,HEMODINAMIA JUNIO ,6
2080-4618-SE26,HEMODINAMIA JUNIO ,6
2080-4622-SE26,HEMODINAMIA JUNIO ,6
2080-4632-AG26,MASCARILLA CON VISOR,12
2080-4672-SE26,CANASTILLO Y OTROS,6
2098-1012-SE26,LE-KMS- 3°PEDIDO-REACTIVOS GASES PARA LABORATORIO CLINICO,12
2098-1093-SE26,LP- KMS- CONVENIO TOALLA JUMBO- MEMO N°232/2098-114-LP25,6
2098-1132-TD26,Orden de Compra generada por Trato Directo ID 2098-25-FTD26,6
2098-1133-TD26,Orden de Compra generada por Trato Directo ID 2098-25-FTD26,6
2098-717-AG26,AG-RESUCITADOR MANUAL NEONATAL PARA UNIDAD DE GINECOLOGIA Y OBSTETRICIA/AMD,6
2098-780-AG26,AG-TUBO DE SILICONA PARA SERVICIO DE ESTERILIZACIÓN,6
2098-809-SE26,LP-REACTIVOS PARA LABORATORIO/2098-18-LP26/ABRIL 2026,12
2098-919-SE26,LE; 2098-20-LE26 ADQUISICIÓN DE LLAVE 3 PASOS PARA LABORATORIO CLÍNICO - PAC N°20 / TJS,12
2099-202-TD26,Orden de Compra generada por Trato Directo ID 2099-86-FTD26,6
2101-598-SE26,CORCHETES N°10 1000 UNIDADES POR CAJAORDEN DE COMPRA DESDE 2101-35-L126,6
2101-714-SE26,CONVENIO DE ALIMENTOS SEMANAS ABRIL,6
2101-780-SE26,CONVENIO DE ALIMENTOS SEMANAS MAYO,6
2101-810-CM26,SUMINISTRO DE ALIMENTOS JOSE SUAZO Orden de Compra: 2101-810-CM26,6
2101-863-SE26,INSUMOS UMT,6
2101-865-SE26,CONVENIO DE ALIMENTOS SEMANA 13-05-2026,6
2109-584-AG26,SUTURAS QUIRURGICAS (2109-176-COT26).,12
2109-667-SE26,MASCARILLA VENTURI.,6
2109-759-AG26,Paño seco 30 x 40cm  (2109-261-COT26),12
2109-897-TD26,Orden de Compra generada por Trato Directo ID 2109-139-FTD26,12
2111-9027-AG26,Trituradora Optimum Autofeed + 600x Challa Orden de Compra generada por invitación a compra ágil: 2111-606-COT26,6
2111-9081-SE26,"ANGIOGRAFÍA ID 2111-263-LQ24, LÍNEA 2, GUÍAS 13345 - 13445 - 13496",12
2111-9084-SE26,"ANGIOGRAFÍA ID 2111-144-LP25, LÍNEAS 1, 2 Y 5, GUÍAS 13446 - 13346",12
2111-9086-SE26,"ANGIOGRAFÍA ID 2111-82-LP25, LÍNEA 3, GUÍA 47170",12
2111-9089-TD26,Orden de Compra generada por Trato Directo ID 2111-3-FTD26,6
2111-9093-SE26,0029440106 PACK ROPA ARTROSCOPIA DE RODILLA (DESECHABLE) desde ID 2111-154-LP24,6
2111-9113-SE26,2259650540 - GASA LARGA 5 CM.X 70 CM C/HILO RADIOPACO X 5 UNID P/EMPAQUE LIC. 2111-82-LQ23 LINEA 1,6
2111-9115-SE26,"TRAUMATOLOGIA ID 2111-79-LP25, LÍNEA 2, GUIA 6034",12
2111-9117-SE26,"TRAUMATOLOGIA ID 2111-10-LP25, LINEA 3, GUIA 5979",12
2111-9125-SE26,"ANGIOGRAFÍA ID 2111-388-LP25, LÍNEA 1, GUÍAS 60300 - 60286",12
2111-9126-SE26,2522520018 BANDEJA DE CURACIÓN BASICA ID 2111-362-LQ23,6
2111-9130-AG26, 2441081000 TIRA REACTIVA 10 PARAMT. X 100 TIRAS compra ágil: 2111-694-COT26,6
2115-136-CM26,DESPACHOS PARCIALIZADOS,12
2115-2-CM26,RECARGA BIDONES DE AGUA 20LT,12
2115-362-AG26,Fresas para prótesis fijas - Desde 2115-128-COT26,12
2115-369-AG26,Orden de Compra generada por invitación a compra ágil: 2115-141-COT26,12
2115-377-AG26,PILOCOARPINA / 2115-130-COT26,12
2123-101-AG26,E1O2RT9 DAS spp INSUMOS MEDICOS (SAR 802),4
2123-102-AG26,E1O2RT8 DAS spp BATERIAS Y CARGADOR (SAR 808-838-849-894-897),4
2125-991-AG26,"Compra de insumos clinicos - medias, recolector de orina y cubre calzado",6
2133-1167-SE26,ORDEN DE COMPRA DESDE 2133-96-LP25,6
2137-389-AG26,Orden de Compra generada por invitación a compra ágil: 2137-223-COT26 Alcohol pads,6
2137-390-AG26,Orden de Compra generada por invitación a compra ágil: 2137-224-COT26 Papel termico ECG- Papel electrocardiografico,6
2140-308-AG26,"Reloj Control, Orden de Compra generada por invitación a compra ágil: 2140-61-COT26, Hospital Futaleufu",12
2140-342-AG26,"Insumos Laboratorio temperatura ambiente, Orden de Compra generada por invitación a compra ágil: 2140-62-COT26, Hospital Futaleufu",12
2145-464-SE26,Suministro Pasajes Pacientes interconsulta - Abril,4
2145-467-SE26,Arriendo Cilindros Gases desde 2145-49-LE25 Feb,4
2145-468-SE26,Arriendo Cilindros Gases desde 2145-49-LE25 Marzo,4
2145-469-SE26,Arriendo Cilindros Gases desde 2145-49-LE25 Abril,4
2145-476-TD26,Orden de Compra generada por Trato Directo ID 2145-147-FTD26,4
2171-191-SE26,CARNES Y CONGELADOS,12
2176-252-AG26,CORRESPONDE AL TRASLADO DE DOS GIGANTOGRAFÍAS EN 2 ETAPAS.,6
2179-38-AG26,"Reemplazo cubierta transparente Juzgado de Letras de Loncoche, asociado a compra ágil: 2179-22-COT26",12
2180-59-SE26,traslado Fiscal Judicial a Panguipulli 7/5/26,4
2180-60-SE26,traslado Fiscal Judicial a Rio Bueno 6/5/26,4
2180-61-SE26,traslado Ministra a Los Lagos 7/5/26,4
2180-62-SE26,"traslado Fiscales Judicial a notarias, mayo 2026",4
2186-433-AG26,KIT MUEBLE LAVAPLATOS 120 CM IZQUIERDO CON REBALSE.,6
2186-441-AG26,EPP MAYO PECHERAS PLÁSTICAS,6
2199-16-CM26,Productos Carneos ,12
2199-286-AG26,Venda Elastica 10cmx5mts,12
2199-289-SE26,Baston movil aluminio adulto,9
2199-62-CM25,Ser. Mant Plataforma WEB 24 meses,12
2199-852-CM25,"Pescado, Mariscos, y carnes varias ",12
2200-139-SE26,COMPLEMENTESE OC 2200-47-TD26 POR TRATO DIRECTO DEL SERVICIOS DE GUARDIAS PARA EL COMPLEJO DE SALUD DR. LUIS GAJARDO GUERRERO - UAI,12
2201-360-AG26,Adquisición de Insumos clínicos para Heridas 2201-219-COT26,6
2202-444-SE26,ORDEN DE COMPRA DESDE 2202-18-L126,12
2202-556-AG26,Orden de Compra generada por invitación a compra ágil: 2202-190-COT26,12
2202-573-SE26,ORDEN DE COMPRA DESDE 2202-65-LE25,4
2215-544-CM26,PAPEL POLIPROPILENO 120X120 CM,6
2216-232-AG26,Orden de Compra generada por invitación a compra ágil: 2216-83-COT26,6
2258-3843-SE26,PCS; OC DESDE 2258-245-LR24 ABRIL.2026 OXIGEN,12
2258-3918-SE26,ORDEN DE COMPRA DESDE 2258-264-LE25,12
2258-3971-SE26,2258-45-LR22 AEROAMBULANCIA MARZO 2026,12
2258-4001-SE26,ORDEN DE COMPRA DESDE 2258-121-LQ24,6
2258-4003-SE26,OC para 2258-213-LQ24 ABRIL 2026,12
2258-4016-SE26,Oc para 2258-8-LP26 TEST PERIODO ABRIL,12
2258-4129-AG26,Orden de Compra generada por invitación a compra ágil: 2258-486-COT26,6
2258-4138-CM26,PROGRAMACION LOGISTICA FARMACIA,6
2258-4154-SE26,"CUBREMESA ARSENALERA, DESDE 2258-300-LP25",6
2258-4165-SE26,"MANTAS TERMICAS, DESDE 2258-91-LQ24",6
2258-4199-SE26,ORDEN DE COMPRA DESDE 2258-2826-SE26,6
2258-4201-SE26,ORDEN DE COMPRA DESDE 2258-136-LR24,6
2258-4205-SE26,ORDEN DE COMPRA DESDE 2258-13-LQ24,6
2258-4206-SE26,"Amiosyme detergente enzimatico, desde 2258-300-lp2",6
2258-4213-SE26,ORDEN DE COMPRA DESDE 2258-151-LP24,6
2258-4239-SE26,ORDEN DE COMPRA DESDE 2258-157-LQ24,6
2258-4241-SE26,ORDEN DE COMPRA DESDE 2258-157-LQ24,6
2258-4247-SE26,ORDEN DE COMPRA DESDE 2258-172-LR25,6
2258-4250-SE26,ORDEN DE COMPRA DESDE 2258-166-LR25,6
2258-4254-SE26,ORDEN DE COMPRA DESDE 2258-155-LE24,5
2258-4256-SE26,ORDEN DE COMPRA DESDE 2258-166-LR25,6
2258-4263-SE26,ORDEN DE COMPRA DESDE 2258-41-LQ24,6
2258-4271-SE26,ORDEN DE COMPRA DESDE 2258-50-LQ25,6
2258-4275-SE26,ORDEN DE COMPRA DESDE 2258-172-LR25,6
2258-4287-SE26,ORDEN DE COMPRA DESDE 2258-54-LQ25,6
2258-4346-SE26,Cloroex Jabon antiseptico clorhexidina despacho fraccionado,6
2258-4348-CM26,Pasajes aereos: 2258-4348-CM26,6
2258-4349-CM26,Pasajes aereos: 2258-4349-CM26,6
2258-4351-CM26,Pasajes aereos: 2258-4351-CM26,6
2258-4352-CM26,Pasajes aereos: 2258-4352-CM26,6
2258-4354-CM26,Pasajes aereos: 2258-4354-CM26,6
2258-4355-CM26,Pasajes aereos: 2258-4355-CM26,6
2273-295-AG26,ARTICULOS DE OFICINA EXP 3885 MEMORANDUM 12668  2273-320-COT26ear,6
2281-600-AG26,"S.P 1167 ADQUISICION DE 2 BASUREROS, PARA COMPLEJO ANFA Orden de Compra generada por invitación a compra ágil: 2281-806-COT26",12
2288-430-AG26,Orden de Compra generada por invitación a compra ágil: 2288-361-COT26,6
2288-439-AG26,Orden de Compra generada por invitación a compra ágil: 2288-364-COT26,6
2291-867-AG26,"NP/56 ASEO,ORNATO Y MEDIO AMBIENTE - ARRIENDO DE VEHICULO CON CHOFER Y OTROS REQUISITOS EN ARCHIVO ADJUNTO  2291-443-COT26",4
2291-872-AG26,NP 54 ASEO Y ORNATO.RECETARIO MEDICO: 2291-461-COT26,6
2292-6540-AG26,"ADQUISICIÓN DE MATERIALES DE FERRETERIA, PEDIDO 013002(VLN)Orden de Compra generada por invitación a compra ágil: 2292-311-COT26",6
2292-6542-AG26, ESTUFA DE INCUBACION INSTALADA - OP 1622 (NMC) - LCCT-VILLA MAGISTERIO Orden de Compra generada por invitación a compra ágil: 2292-309-COT26,6
2294-392-AG26,INSUMOS COMPUTACIONALES INSUCO // SEP // NP 18 //  compra ágil: 2294-388-COT26,4
2294-404-AG26,EQUIPOS AMPLIFICACION Y SONIDOS INSUCO // SEP // NP 13 //  compra ágil: 2294-382-COT26,4
2294-452-AG26,Compra ágil: 2294-409-COT26 - NP 3 - LIC. CARLOS CONDELL - PRO RETENCIÓN ,6
2294-487-AG26,NP2 - ESC GUIDO GOOSSENS - ÚTILES ESCOLARES - LEY SEP,6
2294-520-AG26,INSUMOS COMPUTACIONALES ESCUELA VILLA CULENAR // SEP // NP 16 // compra ágil: 2294-493-COT26,4
2294-521-AG26,MATERIAL DIDACTICO Y DE ENSEÑANZA ESCUELA VILLA CULENAR // SEP // NP 17 // compra ágil: 2294-481-COT26,4
2307-616-AG26,COMPRA DE SOAP PARA FURGON DESMO (REQ.3661) AAL,6
2318-285-AG26,Orden de Compra generada por invitación a compra ágil: 2318-214-COT26,12
2318-341-AG26,Orden de Compra generada por invitación a compra ágil: 2318-240-COT26,12
2318-368-AG26,Orden de Compra generada por invitación a compra ágil: 2318-262-COT26,6
2320-196-AG26,Implementos Deportivos y Recreativos Talleres + AMA a compra ágil: 2320-69-COT26,6
2324-663-CM26,"ADQUISICION ALIMENTOS Y BEBIDAS PARA ACTIVIDADES SEGUNDO SEMESTRE 2026, DIDECO / Orden de Compra: 2324-663-CM26",6
2324-665-TD26,Orden de Compra generada por Trato Directo ID 2324-57-FTD26,4
2324-666-TD26,Orden de Compra generada por Trato Directo ID 2324-58-FTD26,4
2332-517-SE26,FÁRMACOS DE ARSENAL DE TELEDERMATOLOGÍA y UAPORRINO 2_KETOCONAZOL 2% S-7082,12
2332-520-SE26,"FÁRMACOS DE ARSENAL DE TELEDERMATOLOGÍA y UAPORRINO 1_ADAPALENO 0,3% 4_ ADAPALENO 0,1% PEROXIDO DE BENZOLIO 2,5% S-7082",12
2332-521-SE26,ADQUISICION DE INSUMOS FOFAR PARA RED DE ATENCIÓN PRIMARIA DE PUERTO MONTT 3_APOSITO PLATA NANOCRISTALINA  S-7072,12
2332-522-SE26,ADQUISICION DE INSUMOS FOFAR PARA RED DE ATENCIÓN PRIMARIA DE PUERTO MONTT 2_APOSITO ESPUMA HIDROFILICA CON PLATA  5_APOSITO EN GEL DE MIEL DE ULMO S-7072,12
2332-525-CM26,INSUMOS ODONTOLÓGICOS PARA RED APS PUERTO MONTT S-7236,6
2332-544-CM26,Compra Dycal e ionómero liner S-7279,6
2333-320-SE26,SUMINISTRO DE TINTAS Y TONER,6
2343-191-CM26,Orden de Compra: 2343-191-CM26/ Dideco-Sub. De Desarrollo Social	658	4261604	19,6
2343-632-CM25,Orden de Compra: 2343-632-CM25/Pedido 1484/ IDOC: 4219153/ CTA 51,12
2358-140-AG26,?SC 34-DSP-PROG. PREV VIOLENCIA-ADQUISICION DE ALIMENTOS VARIOS - compra ágil: 2358-175-COT26,4
2359-347-SE24,"AMPLIACIÓN DE CONTRATO N°2, LICITACIÓN 2359-43-LR23, SERVICIO DE PROVISIÓN DE EQUIPAMIENTO COMPUTACIONAL, MANTENCIÓN Y SOPORTE PARA LA MUNICIPALIDAD DE TALCAHUANO. (HASTA 7.5% DEL CONTRATO PRIMITIVO)",12
2359-52-AG26,Servicio de líneas telefónicas móviles con plan multimedia de voz e internet y un plan de internet móvil - compra ágil: 2359-35-COT26,12
2360-296-AG26,Orden de Compra generada por invitación a compra ágil: 2360-133-COT26,4
2366-310-AG26,"ADQUISICIÓN DE MOVILIARIOS Y BASUREROS, MEMO 199, CESFAM RSM a compra ágil: 2366-247-COT26",6
2369-94-SE25,PP 52 SERV. ARRIENDO EQUIPO TELECOMUNICACIONES,12
2378-160-AG26,Orden de Compra generada por invitación a compra ágil: 2378-56-COT26,6
2380-856-AG26," ADQUISICIÓN DE CATRE CLINICO MÁS COLCHON ANTIESCARA PARA CASO SOCIAL, DIDECO SEGÚN OS N°152199",6
2380-878-AG26,"ADQUISISICÓN DE DISPENSADOR, PARA USO EN DEPENDENCIAS DE DIRECCIÓN DE OBRAS, SEGÚN OS N° 150379, (R.M.M.).",6
2380-910-AG26," ADQUISICION DE TONNER PARA IMPRESORA DE PERSONAL DE DIRECCION DE RECURSOS HUMANOS, SEGUN OS 151159 (A.T.A)",6
2381-510-AG26,ADQUISICION REPUESTOS PARA REPARACION DE AUTOCLAVE DE LOS CESFAM EL PALOMAR Y PAIPOTE,12
2381-588-AG26, ADQUISICION TALADRO PARA LA UNIDAD DE MANTENCION,12
2381-595-AG26,ADQUISICIÓN INSUMOS PARA EL VACUNACIÓN DEL PNI,12
2381-603-SE26,ORDEN DE COMPRA DESDE 2381-20-LE26,4
2381-604-SE26,ORDEN DE COMPRA DESDE 2381-20-LE26,4
2381-605-SE26,ORDEN DE COMPRA DESDE 2381-20-LE26,4
2381-606-SE26,ORDEN DE COMPRA DESDE 2381-20-LE26,4
2381-607-SE26,ORDEN DE COMPRA DESDE 2381-20-LE26,4
2381-608-SE26,ORDEN DE COMPRA DESDE 2381-20-LE26,4
2381-609-SE26,ORDEN DE COMPRA DESDE 2381-20-LE26,4
2381-610-SE26,ORDEN DE COMPRA DESDE 2381-20-LE26,4
2381-611-SE26,ORDEN DE COMPRA DESDE 2381-20-LE26,4
2381-612-SE26,ORDEN DE COMPRA DESDE 2381-20-LE26,4
2381-613-SE26,ORDEN DE COMPRA DESDE 2381-20-LE26,4
2381-614-SE26,ORDEN DE COMPRA DESDE 2381-20-LE26,4
2381-615-SE26,ORDEN DE COMPRA DESDE 2381-20-LE26,4
2381-616-SE26,ORDEN DE COMPRA DESDE 2381-20-LE26,4
2381-617-SE26,ORDEN DE COMPRA DESDE 2381-20-LE26,6
2381-618-SE26,ORDEN DE COMPRA DESDE 2381-20-LE26,4
2381-619-SE26,ORDEN DE COMPRA DESDE 2381-20-LE26,4
2381-620-SE26,ORDEN DE COMPRA DESDE 2381-20-LE26,6
2381-621-SE26,ORDEN DE COMPRA DESDE 2381-20-LE26,4
2381-622-SE26,ORDEN DE COMPRA DESDE 2381-20-LE26,4
2381-623-SE26,ORDEN DE COMPRA DESDE 2381-20-LE26,4
2381-624-SE26,ORDEN DE COMPRA DESDE 2381-20-LE26,4
2381-625-SE26,ORDEN DE COMPRA DESDE 2381-20-LE26,4
2381-626-SE26,ORDEN DE COMPRA DESDE 2381-20-LE26,4
2381-627-SE26,ORDEN DE COMPRA DESDE 2381-20-LE26,4
2381-629-SE26,ORDEN DE COMPRA DESDE 2381-21-LE26,4
2385-262-AG26,Mobiliario: 2385-176-COT26,6
2385-352-AG26, MATERIAL DE ASEO M-737 a compra ágil: 2385-248-COT26,4
2385-354-AG26, MATERIAL DE OFICINA M-320  a compra ágil: 2385-247-COT26,4
2389-285-AG26,Orden de Compra generada por invitación a compra ágil: 2389-241-COT26,5
2395-458-AG26, (SOL. PED.548 ) TRASLADO E INSTALACIÓN DE CLÍNICA MÓVIL/ DIRECCIÓN DE SALUD.Orden de Compra generada por invitación a compra ágil: 2395-442-COT26,6
2401-495-AG26,COMPUTADORES DE ESCRITORIO Y NOTEBOOK TIPO WORKSTATION - SECPLAC,6
2403-221-AG26,Adquisición de equipos de audio para el Depto. de Educación Ambiental. Compra ágil: 2403-365-COT26,12
2407-308-AG26,MANTENCION POR KILOMETRAJE DE CAMIONETA TOYOTA (70.000 KILOMETROS) SP 247 - IDDOC 261663,4
2409-413-AG26,ADQUISICION DE MATERIALES PARA TALLER DE ARTESANIA ALUMNOS ESCUELA F-883 21 DE MAYO.,6
2409-436-AG26,ADQ DE REPELENTES PARA CONTROL DE PLAGAS MURCIELAGOS Y ROEDORES PARA ESTABLECIMIENTOS EDUCACIONALES DAEM.,6
2416-111-AG26,"ADQUISICION DE ALIMENTOS CA: 2416-106-COT26, MEMO N°227, CAEVG",6
2418-34-AG26,Orden de Compra generada por invitación a compra ágil: 2418-26-COT26,6
2421-575-SE26,ARTICULOS ESCRITORIO SAR TUCAPEL (MAY. 2026),6
2421-576-SE26,ARTICULOS ESCRITORIO CESFAM TUCAPEL (MAY. 2026),6
2421-577-SE26,ARTICULOS ESCRITORIO CESFAM PEDRO DE VALDIVIA (MAY. 2026),6
2421-578-SE26,ARTICULOS ESCRITORIO CESFAM JUAN SOTO FERNANDEZ (MAY. 2026),6
2421-579-SE26,ARTICULOS ESCRITORIO CESFAM CENTRO DE REFERENCIA (MAY. 2026),6
2421-580-SE26,ARTICULOS ESCRITORIO CESFAM LZO ARENAS (MAY. 2026),6
2421-581-SE26,ARTICULOS ESCRITORIO CESFAM OHIGGINS (MAY. 2026),6
2421-582-SE26,ARTICULOS ESCRITORIO CESFAM STA SABINA (MAY. 2026),6
2421-583-SE26,ARTICULOS ESCRITORIO CESFAM ADM CENTRAL (MAY. 2026),6
2424-660-SE26,ORDEN DE COMPRA DESDE 2424-30-L126,6
2427-428-AG26,"ADQUISICION DE HERRAMIENTAS PARA LA MANTENCIÓN DE ASCENSORES, SECCION ADMINISTRACIÓN DE ASCENSORES.",6
2427-436-AG26,ADQUISICIÓN BOLSAS DE COLOSTOMIA-DIDECO,6
2429-544-AG26,Orden de Compra generada por invitación a compra ágil: 2429-376-COT26,4
2429-545-AG26,Orden de Compra generada por invitación a compra ágil: 2429-425-COT26,4
2429-546-AG26,Orden de Compra generada por invitación a compra ágil: 2429-424-COT26,4
2436-557-TD26,Orden de Compra generada por Trato Directo ID 2436-4-FTD26,6
2440-577-AG26,Orden de Compra generada por invitación a compra ágil: 2440-582-COT26,6
2440-616-AG26, Equipos y antenas de Red para internet De Colegio Rayen Mapu de Curicó: 2440-568-COT26,6
2440-657-AG26,Orden de Compra generada por invitación a compra ágil: 2440-634-COT26,6
2440-658-AG26,Orden de Compra generada por invitación a compra ágil: 2440-635-COT26,6
2446-568-SE26,REQUERIMIENTO DESFILE GLORIAS NAVALES,6
2448-78-TD26,Orden de Compra generada por Trato Directo ID 2448-2-FTD26,12
2450-563-AG26,Orden de Compra generada por invitación a compra ágil: 2450-441-COT26,6
2458-136-AG26,A-133 REPTOS MANTENCION STOCK,6
2460-428-AG26,Adquisición de atriles para Barrios y Patrimonio,6
2460-438-AG26,Adquisición de soportes para distintas Unidades Municipales,6
2484-119-CM26,Orden de Compra: 2484-119-CM26,6
2492-2-CC26,SERVICIO DE VIGILANCIA 2026 PARA SEREMI AGRICULTUR,12
2493-47-AG26,Orden de Compra generada por invitación a compra ágil: 2493-46-COT26,6
2495-191-AG26,MATERIALES DE OFICINA,6
2495-200-AG26,Orden de Compra generada por invitación a compra ágil: 2495-258-COT26,6
2495-201-AG26,Orden de Compra generada por invitación a compra ágil: 2495-262-COT26,6
2504-45-AG26,Orden de Compra generada por invitación a compra ágil: 2504-29-COT26,4
2546-483-AG26,ADQUISICION DE MATERIALES DE OFICINA PARA PROGRAMA PREVENCION DE LAS VIOLENCIAS DE GENERO Orden de Compra generada por invitación a compra ágil: 2546-520-COT26,6
2563-26-SE25,ORDEN DE COMPRA DESDE 2563-11-LE25,12
2580-142-TD26,Orden de Compra generada por Trato Directo ID 2580-33-FTD26,12
2580-36-CC25,SERVICIO DE TELEFONÍA MÓVIL Y BANDA ANCHA MÓVIL,12
2580-69-SE26,Mantención de equipos y componentes del sistema de climatización periodo enero-julio 2026,12
2580-97-SE26,"Servicio de limpieza, gestión de residuos y labores complementarias oficina regional de la Serena mes de abril, cuota 1-12, proveniente de Licitación Pública ID 2580-4-LE26",12
2585-433-AG26,"ADQ. IMPRESORA E INSUMOS DE IMPRESIÓN, MEMO N°64 Y IT N°5, DAF, SRR 1, IMA",6
2585-441-AG26,"ADQ. REPUESTOS PARA CAMION, DIMAO, ORD N° 464/2026, LSV, IMA, compra ágil: 2585-469-COT26",6
2585-443-AG26,"ADQ DE ALIMENTOS,MEMO N°191 GABINETE ALCALDIA,REC,IMA, Orden de Compra generada por invitación a compra ágil: 2585-403-COT26",4
2591-400-AG26,"ADQUISICIÓN INSUMOS ALIMENTICIOS, PARA LA PREPARACIÓN DE  DESAYUNOS, ALMUERZOS Y CENAS PARA LA USUARIAS DE LA RESIDENCIA  TRANSITORIA. ",4
2591-403-AG26,Adquisición de velas para jornada participativa con mujeres de centros  de madres y agrupaciones de la Oficina Comunal de la Mujer,4
2594-363-AG26,"SERVICIO DE COFFE, GALA DEL EMPRENDEDOR. Orden de Compra generada por invitación a compra ágil: 2594-253-COT26",12
2594-432-AG26,MOBILIARIO DE OFICINA. ABASTECIMIENTO. Orden de Compra generada por invitación a compra ágil: 2594-307-COT26,6
2594-441-SE26,CONTRATO DE SUMINISTRO ARIDOS ,6
2594-446-AG26,"MATERIALES DE CONSTRUCCION, DIMAO. Orden de Compra generada por invitación a compra ágil: 2594-317-COT26",4
2594-447-AG26,"TROVICEL PERSONALIZADO, DIDECO. Orden de Compra generada por invitación a compra ágil: 2594-326-COT26",4
2605-37-AG26,COMPRA CADENAS Y CANDADOS ALTA SEGURIDAD C.G.A.: (2605-29-COT26),6
2608-19-AG26,"Orden de Compra generada por invitación a compra ágil: 2608-15-COT26, TARJETA PREPAGO O CUPON ELECTRONICO MESA DE ARTES ",12
2609-21-AG26,Orden de Compra generada por invitación a compra ágil: 2609-6-COT26,4
2656-608-AG26,Orden de Compra generada por invitación a compra ágil: 2656-499-COT26,6
2658-616-AG26,Orden de Compra generada por invitación a compra ágil: 2658-616-COT26,6
2658-618-AG26,Orden de Compra generada por invitación a compra ágil: 2658-594-COT26,6
2658-626-AG26,Orden de Compra generada por invitación a compra ágil: 2658-606-COT26,6
2658-642-AG26,Orden de Compra generada por invitación a compra ágil: 2658-655-COT26,6
2663-135-AG26,Orden de Compra generada por invitación a compra ágil: 2663-83-COT26,12
2663-162-AG26,Orden de Compra generada por invitación a compra ágil: 2663-98-COT26,12
2663-208-AG26,Orden de Compra generada por invitación a compra ágil: 2663-126-COT26,12
2663-223-AG26,Orden de Compra generada por invitación a compra ágil: 2663-130-COT26,12
2663-229-AG26,Orden de Compra generada por invitación a compra ágil: 2663-131-COT26,12
2663-230-AG26,Orden de Compra generada por invitación a compra ágil: 2663-134-COT26,12
2663-242-SE26,Contrato de servicio de limpieza de baños quimicos,12
2663-256-AG26,Orden de Compra generada por invitación a compra ágil: 2663-155-COT26,12
2663-257-AG26,Orden de Compra generada por invitación a compra ágil: 2663-144-COT26,12
2663-284-SE26,Contrato materiales de aseo,6
2664-393-AG26, INSUMOS CLINICOS-HABILITACIÓN SUR-BTA/SP-06/05 (2)-JSV-2664-314-COT26,6
2677-124-SE26,ORDEN DE COMPRA DESDE 2677-11-LP25,6
2686-288-AG26,ADQUISICION DE MONITORES PARA PC Y SOPORTE  compra ágil: 2686-197-COT26,6
2687-85-SE26,"ADQUISICIÓN DE HERRAMIENTAS, MATERIALES E INSUMOS PARA LA ESPECIALIDAD DE ELECTRICIDAD COLEGIO CARLOS ALESSANDRI ALTAMIRANO",6
2688-142-AG26,ADQUISICION GUANTES NITRILO PARA CESFAM,6
2688-143-AG26,ADQUISICION INSUMOS CESFAM,6
2694-72-AG26,Orden de Compra generada por invitación a compra ágil: 2694-93-COT26. APOSITOS CLINICOS,5
2701-304-AG26,"Silla de escritorio, compra ágil: 2701-273-COT26, solicitado por Departamento de Rentas.-",6
2704-958-AG26,SC 2731 Orden de Compra generada por invitación a compra ágil: 2704-853-COT26,6
2708-289-AG26,ADQUISICION DE BOMBA SUMERGIBLE PARA EXTRACCION DE AGUAS LLUVIAS PERIODO INVIERNO 2026,6
2710-235-AG26,"EQUIPOS MENORES, ORDEN INTERNA 14 LASER DE MEDICION, UNIDAD PLANIFICACION DE PROYECTOS, ENTREGAR EN GABRIELA MISTRAL 41 CON GUIA PARA DAR VB Y LUEGO SE DARA EL OK PARA FACTURAR, 2710-166-COT26",6
2713-478-AG26,DIDECO - OMIL - 515 - Seguro contra accidentes y enfermedades ID 2713-526-COT26 OC 2713-478-AG26 dirigida a DIVINA PASTORA SEGUROS DE VIDA S.A,12
2713-535-AG26,DIDECO - Hogar San Bernardo - 594 - Lavadora y Microondas ID 2713-593-COT26 OC 2713-535-AG26 dirigida a SOC COMERCIAL LA CASCADA LIMITADA,12
2713-559-AG26,"DAOMA SOL. 561, Adquisición de impelmentos taller mecanico.Orden de Compra generada por invitación a compra ágil: 2713-571-COT26",4
2713-560-AG26,"DIDECO/Of. Adulto mayor, adquisicion alimentos premios bingo recreativos, solicitud folio 551, compra ágil: 2713-589-COT26",4
2735-1450-SE25,ORDEN DE COMPRA DESDE 2735-112-LR25,12
2735-548-AG26,ADQUISICIÓN DE PRODUCTOS ELÉCTRICOS,6
2737-297-AG26,Orden de Compra generada por invitación a compra ágil: 2737-264-COT26,6
2757-187-AG26,Adquisición de insumos médicos (sabanillas) para red de salud de San Antonio.Orden de Compra generada por invitación a compra ágil: 2757-195-COT26,9
2762-351-AG26,Orden de Compra generada por invitación a compra ágil: 2762-197-COT26,6
2765-216-AG26,"Aceite de motor, compra ágil: 2765-210-COT26",4
2776-315-AG26," S.P.N°173979, SEGURIDAD PUBLICA. CONTRATA SERVICIO DE PUBLICACION DE NOTICIA DE INAUGURACION DE PROYECTO DE ALARMAS COMUNITARIAS EN VIÑEDOS DE RENGO, SEGÚN LO ESTABLECIDO EN LOS TERMINOS DE REQUERIMIENTO ADJUNTOSOrden de Compra generada por invitación a ",6
2777-274-AG26,Orden de Compra generada por invitación a compra ágil: 2777-215-COT26,6
2777-278-AG26,Orden de Compra generada por invitación a compra ágil: 2777-212-COT26,4
2777-279-AG26,Orden de Compra generada por invitación a compra ágil: 2777-220-COT26,4
2793-449-AG26,Orden de Compra generada por invitación a compra ágil: 2793-398-COT26,6
2803-317-AG26,ADQUISICIÓN DE VASOS PLÁSTICOS DE 120 CC  PARA UNIDAD DENTAL ,4
2805-219-AG26,COMPRA DE BALDES PARA UNIDAD DE ESTERILIZACION ,6
2832-436-AG26,REQ 395 TINTAS Y TONER ,6
2859-411-AG26,SERVICIO DE ALIMENTACION PACE,6
2885-249-AG26, ADQUISICION DE NEUMATICOS Y SERVICIOS PARA EL CAMBIO,6
2885-252-SE26,CANASTAS DE ALIMENTOS TIPO 1 ,6
2886-79-AG26,Orden de Compra generada por invitación a compra ágil: 2886-55-COT26,4
2916-31-CC26,"Servicio de impresión, variable, Abril 2026",9
2916-32-CC26,"Servicio de impresión, variable, Abril 2026	",4
2921-20-AG26,Orden de Compra generada por invitación a compra ágil: 2921-18-COT26,6
2929-302-AG26,Equipos Informáticos - Centro Comunitario de Cuidados,6
2942-178-SE26,ORDEN DE COMPRA DESDE 2942-5-LE26,4
2961-362-AG26,PENDONES Y OTROS,4
2961-363-AG26,TIERRA DE HOJAS,4
2963-44-CM26,Orden de Compra: 2963-44-CM26,6
2986-119-SE26,ORDEN DE COMPRA DESDE 2986-3-LE26,6
2986-146-AG26,Orden de Compra generada por invitación a compra ágil: 2986-124-COT26,4
2992-107-SE26,ORDEN DE COMPRA DESDE 2992-23-LE26,12
2992-153-AG26,Orden de Compra generada por invitación a compra ágil: 2992-73-COT26,6
2992-43-SE26,ORDEN DE COMPRA DESDE 2992-71-LR25,12
2992-44-SE26,ORDEN DE COMPRA DESDE 2992-71-LR25,12
2992-45-SE26,ORDEN DE COMPRA DESDE 2992-71-LR25,12
2992-46-SE26,ORDEN DE COMPRA DESDE 2992-71-LR25,12
2992-47-SE26,ORDEN DE COMPRA DESDE 2992-71-LR25,12
2992-48-SE26,ORDEN DE COMPRA DESDE 2992-71-LR25,12
2992-50-SE26,ORDEN DE COMPRA DESDE 2992-71-LR25,12
2992-51-SE26,ORDEN DE COMPRA DESDE 2992-71-LR25,12
2992-52-SE26,ORDEN DE COMPRA DESDE 2992-71-LR25,12
2992-53-SE26,ORDEN DE COMPRA DESDE 2992-71-LR25,12
2992-54-SE26,ORDEN DE COMPRA DESDE 2992-71-LR25,12
2992-55-SE26,ORDEN DE COMPRA DESDE 2992-71-LR25,12
2992-56-SE26,ORDEN DE COMPRA DESDE 2992-71-LR25,12
2992-57-SE26,ORDEN DE COMPRA DESDE 2992-71-LR25,12
2992-58-SE26,ORDEN DE COMPRA DESDE 2992-71-LR25,12
2992-59-SE26,ORDEN DE COMPRA DESDE 2992-71-LR25,12
2992-60-SE26,ORDEN DE COMPRA DESDE 2992-71-LR25,12
2992-61-SE26,ORDEN DE COMPRA DESDE 2992-71-LR25,12
2992-62-SE26,ORDEN DE COMPRA DESDE 2992-71-LR25,12
3000-591-AG26,"Materiales de Construcción, CAMPING-ESTADIO",4
3013-405-AG26,Orden de Compra generada por invitación a compra ágil: 3013-349-COT26,4
3013-406-AG26,Orden de Compra generada por invitación a compra ágil: 3013-350-COT26,4
3038-122-SE26,INSUMOS LICEO DE LOLOL,6
3046-186-AG26,002034001002007044140012152208001000  CHINQ-06-MM-ADQ SVCO Orden de Compra generada por invitación a compra ágil: 3046-158-COT26,6
3047-249-AG26,ADQUISICIÓN DE VESTUARIO PARA COCINEROS (Compra Ágil: 3047-134-COT26),6
3076-152-AG26,"ADQUISICIÓN DE FILTROS, Orden de Compra generada por invitación a compra ágil: 3076-59-COT26",6
3085-301-CM26,"CARNES COT: 3085-301-CM26, TI 322101-1781",6
3085-302-CM26,"VIVERES COT: 3085-302-CM26, TI 322101-1777",6
3085-311-AG26,"MATERIALES NEF: 3085-240-COT26, TI 311149-760",4
3085-312-AG26,"BEBESTIBLES COT: 3085-245-COT26, TI 322101-1782",4
3117-665-SE26,REPARACIÓN DE FILTRACIÓN ,4
3117-666-SE26,REPARACIÓN DE FILTRACIÓN ROTURA CAÑERÍA,4
3117-667-SE26,REPARACIÓN DE SISTEMA DE ALCANTARILLADO,4
3117-668-SE26,REPARACIÓN DE SISTEMA DE ALCANTARILLADO,4
3117-669-SE26,REPARACIÓN DE FILTRACIÓN SECTOR COCINA,4
3117-670-SE26,REPARACIÓN Y TERMINACIÓN DE BAÑOS,4
316-302-AG26,Orden de Compra generada por invitación a compra ágil: 316-272-COT26,6
3178-1385-AG26,ADQ. AISLADOR DE PRESION  a compra ágil: 3178-378-COT26,6
3181-374-SE25,"ELABORACIÓN PROYECTO DE INGENIERÍA PARA REPOSICIÓN DE CALZADA COYA, DESDE LICITACIÓN PÚBLICA ID 3181-21-LP25, SOLICITADO POR SECPLAN SEGÚN DOCUMENTO ADJUNTO.",12
3185-59-AG26,ADQUISICIÓN DE MATERIALES PARA EL MANTENIMIENTO DE SUPERFICIE DE UNIDAD MARÍTIMA DEFENDER PM2502 AG: 3185-46-COT26,6
3201-150-AG26,"MATERIALES DE LIBRERÍA,JARDÍN COLOR ESPERANZA",4
3201-152-AG26,15 TERCIADOS Y 1 PAR DE PLATILLOS PARA BANDA DE ESCUELA  ALBORADA,4
3201-153-AG26,IMPLEMENTOS PARA TALLER DE BANDA ESCUELA ARAUCARIAS,4
3206-184-AG26,Orden de Compra generada por invitación a compra ágil: 3206-102-COT26,6
3223-81-AG26,MANTENIMIENTO PREVENTIVO HORNO LAINOX C.J.A.,6
3251-143-SE26,ORDEN DE COMPRA DESDE 3251-10-LP26,9
3251-195-SE26,MEDICAMENTOS E INSUMOS,6
3251-202-SE26,MEDICAMENTOS E INSUMOS,6
3251-207-SE26,MEDICAMENTOS E INSUMOS,6
3251-208-SE26,MEDICAMENTOS E INSUMOS,6
3251-212-SE26,MEDICAMENTOS E INSUMOS,6
3251-216-SE26,MEDICAMENTOS E INSUMOS,6
3251-218-SE26,MEDICAMENTOS E INSUMOS,6
3251-221-SE26,ORDEN DE COMPRA DESDE 3251-10-LP26,4
3260-59-AG26,Contenedor de Basura,6
3263-20-SE26,ARRIENDO DE IMPRESORAS,12
3285-195-AG26,Orden de Compra generada por invitación a compra ágil: 3285-104-COT26,12
3285-215-AG26,ARTICULOS DE ASEO PROGRAMA CQC,12
3299-168-AG26,MATERIAL MULTICOPIADO LICEO BICENTENARIO AUGUSTO SANTELICES VALENZUELA Orden de Compra generada por invitación a compra ágil: 3299-102-COT26,4
3299-169-AG26,COLACIONES ESTUDIANTES ACTIVIDADES EXTRAESCOLAR Orden de Compra generada por invitación a compra ágil: 3299-100-COT26,4
3310-106-SE26,Pasaje Aéreo UIO-GYE-SCL,12
3310-108-SE26,Pasaje Aéreo UIO-GYE-SCL,12
3310-109-SE26,Servicio de Agencia Pasaje Aéreo,12
3310-112-SE26,Pasaje Aéreo UIO-GYE-SCL,12
3310-113-SE26,Servicio de Agencia Pasaje Aéreo,12
3310-114-SE26,Pasaje Aéreo AEP-SCL,12
3310-115-SE26,Servicio de Agencia Pasaje Aéreo,12
3310-116-SE26,Pasaje Aéreo AEP- SCL,12
3310-118-SE26,Pasaje Aéreo AEP-SCL,12
3310-119-SE26,Servicio de Agencia Pasaje Aéreo,12
3310-124-SE26,Pasaje Aéreo AEP-SCL,12
3310-125-SE26,Servicio de Agencia Pasaje Aéreo,12
3310-126-SE26,Pasaje Aéreo GIG-SCL,12
3334-225-AG26,Orden de Compra generada por invitación a compra ágil: 3334-100-COT26,4
3334-226-AG26,Orden de Compra generada por invitación a compra ágil: 3334-107-COT26,4
3334-227-AG26,Orden de Compra generada por invitación a compra ágil: 3334-102-COT26,4
3335-543-AG26, OPALINAS PARA PROGRAMA HABILIDADES PARA LA VIDA ORD. N°29 HPVI Orden de Compra generada por invitación a compra ágil: 3335-520-COT26,6
3335-545-AG26, SERVICIO DE TRASLADO PARA 21 PERSONAS DESDE ESCUELA RURAL CHOROICO A CENTRO INTERCULTURAL NÁPOLES IDA Y REGRESO ORD. N°67 FONDOS LEY S.E.P. Orden de Compra generada por invitación a compra ágil: 3335-513-COT26,4
3335-546-AG26, CADENA PARA MOTOSIERRA PARA PAÑOL DE D.A.E..M. LA UNIÓN ORD. N°329 SUBV. MANTENIMIENTO Orden de Compra generada por invitación a compra ágil: 3335-518-COT26,4
3335-548-AG26, MATERIAL DE ASEO PARA ESCUELA RURAL CHOROICO ORD. N°66 LEY S.E.P. Orden de Compra generada por invitación a compra ágil: 3335-519-COT26,4
3343-127-AG26,FLUOXETINA Orden de Compra generada por invitación a compra ágil: 3343-100-COT26,5
3349-150-CM26,OA 13PRO ADQUISICIÓN DE SNACK AM Y PM PARA EL PERSONAL EMPLEADO EN EL RESGUARDO DE LAS ÁREAS DE LA ZONA FRONTERIZA,6
3373-45-AG26,ADQUISICION DE FARMACEUTICOS CURSO COMANDOS,6
3378-3909-CM26,Orden de Compra: 3378-3909-CM26,12
3378-4070-SE26,ADQUISICION DE INSUMOS LIC. 3378-30-LR25,12
3378-4071-SE26,ADQUISICION DE INSUMOS LIC. 3378-37-LR23,12
3378-4073-SE26,ADQUISICION DE INSUMOS LIC. 3378-42-LR23,12
3378-4255-AG26,Compra ágil: 3378-727-COT26,6
3378-4326-SE26,Adq. Mat.de Implante P/Pabellón del HMS,6
3378-4361-TD26,Orden de Compra generada por Trato Directo ID 3378-77-FTD26,6
3378-4362-TD26,Orden de Compra generada por Trato Directo ID 3378-78-FTD26,6
3378-4381-AG26,Compra ágil: 3378-751-COT26,6
3384-132-AG26,Adquisición de ropa de trabajo necesario para el personal que se desempeña en el departamento de producción gráfica del IGM,6
3387-62-AG26,Adquisición de sobres para registratura de la UR desde compra ágil: 3387-55-COT26,6
3390-184-AG26,"Servicio de limpieza de Fosas Sépticas y Extracción de Residuos para la Base Operativa las Machas Fondos Presupuestarios 22.06.001 ""Otros Anticipos"" 13va Prorroga Compra ágil: 3390-101-COT26",6
3399-93-AG26,ADQUISICION DE SET DE FRESA PUNTA REDONDA PARA SER UTILIZADA EN EL GRABADO DE LO SYATAGANES A CARGO DE ESTA UNIDAD  por invitación a compra ágil: 3399-68-COT26,6
3409-108-AG26,ADQUISICIÓN DE PARCHES Y DISTINTIVOS PARA EL CONTINGENTE DE ESTE DESTACAMENTO ,4
3409-82-AG26,ADQUISICION DE ELEMENTOS DE GASFITERIA SALA SUM DE ESTE DESTACAMENTO,12
3413-29-AG26,"Adquisición de Insumos, Repuestos y Accesorios Computacionales para el CG VI DE",6
3416-253-AG26,F2. ARENA GRUESA,6
3431-24-CM26,Adquisición de alimentos para ser entregados de forma parcializada conforme a los rerquerimientos para la preparación del rancho diario. (APOY),12
3431-36-CM26,Adquisición de alimentos con entrega parcializada en el rancho tropa para la preparación del rancho diario de esta unidad. (APOY),12
3431-48-AG26,"LP-Adquisicion de alimentos para ser entregados en forma parcializada conforme a requerimiento del ecónomo de la unidad, Orden de Compra generada por invitación a compra ágil: 3431-37-COT26 (APOY).",12
3443-399-AG26,ADQUISICIÓN DE MICRÓFONOS PARA SESIONES CONCEJOS MUNICIPALES,6
3447-1383-SE26,MEMO N°3367 SERVICIOS MENSUALES CORRESPONDIENTES AL MES DE ABRIL DEL AÑO 2026.-,4
3447-1384-SE26,"Suministro Artículos de Librería y Papelería, DESDE 3447-279-LR24; para Programa Acompañamiento Familiar Integral ",5
3449-58-AG26,ADQUISICION DE EQUIPAMIENTO TECNOLOGICO PARA ESTABLECIMIENTOS EDUCACIONALES DE COBQUECURA,6
3453-181-AG26,SUMINISTRO E INSTALACIÓN DE CARTELES DE ACRILICO PARA EL GRUPO DE FORMACIÓN SEDE QUIRIHUE. 3453-70-COT26,12
3453-216-CM26,ADQUISICIÒN DE EMPANADAS Y COMIDA CONGELADA PARA LA COMISION RANCHO DE LA ESCUELA DE FORMACIÒN DE CARABINEROS,6
3455-49-AG26,ADQUISICION DE REPISAS PARA EL CASINO DE SUBOFICIALES DE ESTA UR.,6
3459-120-AG26,F/P_ADQ DE HERRAMIENTAS DE CONSTRUCCIÓN PARA ESCALÓN CONSERVACIÓN,6
3460-136-AG26,SERVICIO DE MANTENIMIENTO EQUIPO DE CLIMATIZACIÓN DE LA TF VICTORIA.,6
3463-59-TD26,Orden de Compra generada por Trato Directo ID 3463-23-FTD26,6
3469-227-AG26,"ADQ. MATERIALES DE CONSTRUCCIÓN, SEGURIDAD ALIMENTARIA, DIDECO, IMCH.",6
3470-44-SE26,ORDEN DE COMPRA DESDE 3470-8-LE26,6
3471-1675-SE26,INSUMOS MEDICOS 2605776,6
3471-1751-AG26,"2605048, ADQUISICIÓN DE CUERDAS ELÁSTICAS, DESTINADAS A LA SECCIÓN DE LOGÍSTICA DEL DEPARTAMENTO DE ABASTECIMIENTO DEL HOSPITAL DE CARABINEROS, Orden de Compra generada por invitación a compra ágil: 3471-255-COT26",6
3471-1761-CM26,INSUMOS MEDICOS 2605837,4
3477-385-AG26, ADQUISICIÓN DE MATERIALES DE CONSTRUCCIÓN PARA LA EJECUCIÓN DEL PROGRAMA CRECER EN COMUNIDAD - DIDECO / Orden de Compra generada por invitación a compra ágil: 3477-265-COT26,6
3477-387-AG26,"SERVICIO DE ORNAMENTACIÓN, DECORACIÓN E IMPLEMENTACIÓN DEL RECINTO - SERVICIO DE AUTOCUIDADO - SERVICIO DE ARTISTA - SERVICIO DE ALIMENTACIÓN - SERVICIO DE SOUVENIR /Orden de Compra generada por invitación a compra ágil: 3477-276-COT26",6
3481-65-CM26,OTRAS MÁQUINAS Y EQUIPOS_ Mantenimiento Casino Militar de Oficiales 1100005004,6
3482-69-CM26,Orden de Compra: 3482-69-CM26 ADQUISICIÓN DE VÍVERES PARA LA CONFECCIÓN DEL RANCHO DIARIO DEL CONTINGENTE Y PERSONAL DE PLANTA DE ESTA UNIDAD REGIMENTARIA,6
3485-376-AG26,Orden de Compra generada por invitación a compra ágil: 3485-423-COT26,4
3495-99-AG26,ADQUISICIÓN DE PALLETS PARA EL DSM DE VILCÚN Y SUS DEPENDENCIAS. Orden de Compra generada por invitación a compra ágil: 3495-69-COT26,6
3497-268-AG26,Orden de Compra generada por invitación a compra ágil: 3497-219-COT26 MESA PEGABLE SECPLAN,6
3500-107-AG26,IMPLEMENTOS DEPORTIVOS/SEP/JFM a compra ágil: 3500-71-COT26,6
3501-107-AG26,Orden de Compra generada por invitación a compra ágil: 3501-64-COT26,6
3504-1152-SE26,CAMBIO DE CUCHILLAS PARA MOTONIVELADORA FTFP-58,12
3504-1162-SE26,TRASLADO NNA ASISTENTES AL CONSEJO CONSULTIVO DE I,12
3504-1188-SE26,1 Bandera comunal bordada (grande),12
3504-1218-SE26,MATERIALES HABILITACIÓN CONEXIÓN APR VERTEDERO,12
3504-1223-SE26,CAMBIO NEUMATICO REMOLQUE JWLG-92,12
3504-1242-SE26,CAMBIO DE NEUMÁTICOS PARA MOTONIVELADORA FTFP-58,12
3504-1243-SE26,"LECHE GLUCERNA, AYUDA SOCIAL A MARIA ANGELICA BARR",12
3504-1252-SE26,LECHE ENSURE ADVANCE-AYUDA SOCIAL A ROSA GARCIA,12
3504-1254-SE26,LECHE ENSURE-AYUDA SOCIAL A ELBA AMPUERO OJEDA,12
3504-1255-SE26,LECHE ENSURE-AYUDA SOCIAL A JOSE ROJELIO VIDAL,12
3504-1256-SE26,ENTRESTO DE 100 MGS-AYUDA SOCIAL A SIXTO BAHAMONDE,12
3504-1268-SE26,CANASTA DE ALIMENTOS N°1 2026; AYUDA SOCIAL  A LUIS MENA,12
3504-1283-SE26,TAPA DE COMBUSTIBLE- CAMIÓN TOLVA FHBW-33,12
3504-1289-SE26,1  JARDIANCE 25 MG-AYUDA SOCIAL A MARIA ELENA ALMO,12
3504-1298-SE26,PLANCHAS DE TERCIADO Y ZINC-AYUDA SOCIAL A  MARIA FIDELIA HERNANDEZ,12
3504-1308-SE26,EXAMENES-AYUDA SOCIAL A YOSELYN ASENCIO,12
3504-1309-SE26,MATERIALES DE OFICINA PARA DIDECO,12
3504-1311-SE26,6 ARCHIVADOR COLOR ROJO-DIDECO,12
3504-1315-SE26,CABLE CONCENTRICO-AYUDA SOCIAL A PATRICIA CARCAMO,12
3504-1318-SE26,Insumos para ITO DOM,12
3504-1324-SE26,CAMPEONATO DE FUTBOL A REALIZAR EL DIA DOMINGO 10 ,12
3504-1326-SE26,SILLA ERGONÓMICA DE ESCRITORIO ,12
3504-1327-SE26,CANASTA DE ALIMENTOS N°1 2026; AYUDA SOCIAL A SCARLET CARDENAS,12
3504-1342-SE26,TRASLADO NNA ASISTENTES AL CONSEJO CONSULTIVO DE I,12
3504-1344-SE26,CANASTA DE ALIMENTOS N°1 2026; AYUDA SOCIAL A LUZ MARLENA ALVARADO,12
3504-1346-SE26,CANASTA DE ALIMENTOS N°1 2026; AYUDA SOCIAL A YASNA NAHUELHUEN,12
3504-1347-SE26,CANASTA DE ALIMENTOS N°1 2026; AYUDA SOCIAL A MAURICIO SEPULVEDA,12
3504-1352-SE26,CANASTA DE ALIMENTOS N°1 2026; AYUDA SOCIAL A EDITH GALLARDO,12
3504-1353-SE26,CANASTA DE ALIMENTOS N°1 2026; AYUDA SOCIAL A HORTENSIA ODETTE RUIZ,12
3504-1355-SE26,CANASTA DE ALIMENTOS N°1 2026; AYUDA SOCIAL A MARLENE PAREDES,12
3504-1363-SE26,"ARRIENDO, para el día Mundial del Reciclaje ",12
3504-1364-AG26,Orden de Compra generada por invitación a compra ágil: 3504-7-COT26,12
3504-1369-SE26,8 Planchas OSB-Ayuda social a Josselyn Contreras,12
3504-1371-SE26,CANASTA DE ALIMENTOS N°2 PARA STOCK,12
3504-1381-SE26,"Marco para diplomas tamaño oficio, DÍA MUNDIAL DEL",12
3504-1382-SE26,mano de obra para trabajos en camioneta GCPL-18,12
3504-1408-SE26,"NUMEROS ADHESIVOS, EVENTO DE TRAIL RUNNING ",12
3504-1409-SE26,Alimento para taller Asuntos Indigenas,12
3504-1414-SE26,ARRIENDO CAMIONETA PARA TRASLADO EQUIPO PRLAC,12
3504-1478-SE26,Reparacion Perimetro Estacionamiento Municipal,4
3504-1482-SE26,"APORTE FUNERARIO, AYUDA SOCIAL A LA SRA. JUANA MILLANERI",6
3504-1483-SE26,"MEDALLAS DE RECONOCIMIENTO, EVENTO CICLISMO ""LA CLÁSICA"" A REALIZARSE EL DIA DOMINGO 24 DE MAYO",4
3504-1484-SE26,RATICIDA PARA ELIMINAR PLAGAS DE ROEDORES EN EL MU,4
3504-1486-SE26,"COLACIONES, EVENTO DE ATLETISMO ""JUEGOS DEPORTIVOS",4
3504-1487-SE26,"TRASLADO DE PARTICIPANTES EVENTO DE ATLETISMO ""JUE",4
3505-134-AG26,Adquisición de materiales de oficina para stock de bodega Municipal orden de Compra generada por invitación a compra ágil ID 3505-109-COT26,5
3506-369-AG26," JUZGADO, S/P Nº351 (EMPAVONADO)",6
3509-197-CM26,MATERIAL DE ESCRITORIO OFICINA RURAL DESAM ,4
3510-471-AG26,Material sala de música Colegio Eulogio Goycolea Garay,6
3515-233-AG26,Orden de Compra generada por invitación a compra ágil: 3515-229-COT26,6
3532-76-CM26,PPTO. U. CTEL. – ESC. ABAST. - SUBSISTENCIA: ADQ. DE FRUTAS Y VERDURAS PARA LA CONFECCIÓN DE ALIMENTOS ,12
3542-131-AG26,Orden de Compra generada por invitación a compra ágil: 3542-64-COT26,6
3542-136-AG26,Orden de Compra generada por invitación a compra ágil: 3542-67-COT26,6
3561-194-SE26,ORDEN DE COMPRA DESDE 3561-12-LE26,6
3561-198-AG26,VILDAGLIPTINA,6
3567-252-AG26,"ALIMENTOS, COMPRA AGIL: 3567-169-COT26",6
3567-270-AG26,ADQUISICIÓN DE COLACIONES PARA EL PROGRAMA CULTURA,6
3567-276-AG26,BANDERAS CHILENAS Y BANDERAS INSTITUCIONALES,6
3567-279-AG26,LICENCIA ARCHICAD STUDIO,4
3574-44-AG26,ADQUISICION DE PLETINAS Y UNIONES S.P 79515,6
3587-172-CM26,Orden de Compra: 3587-172-CM26,4
3587-173-AG26,Orden de Compra generada por invitación a compra ágil: 3587-123-COT26,5
359-1415-SE26,ORDEN DE COMPRA DESDE 359-147-LP25 JUNIO Y COMPRA ,6
3595-209-TD26,Orden de Compra generada por Trato Directo ID 3595-81-FTD26,6
3598-425-SE26,Ayuda Social Informe 252,6
3598-426-SE26,Ayuda Social Informe 255,6
3623-254-SE26,SERVICIO DE ALIMENTACIÓN GLORIAS NAVALES -ALCALDIA,6
3623-256-SE26,MOVILIZACION CONCIERTO VIVE LA MUSICA EN SAN FIDEL,4
3623-257-SE26,MOVILIZACION CONCIERTO VIVE LA MUSICA EN SAN FIDEL,4
3634-218-CM26,COMPRA DULCES ACT. NIÑOS COMUNA DE MALLOA VACACIONES DE INVIERNO,6
3637-365-AG25,CONTRATACION EMPRESA CONSULTORA PARA ELABORACION DE PLAN COMUNAL DE EMERGENCIA 2026,12
3658-220-AG26,COMPRA DE TOLDOS 3X3 Orden de Compra generada por invitación a compra ágil: 3658-178-COT26,12
3658-243-CM26,COMPRA DE COMBUSTIBLE DIESEL Orden de Compra: 3658-243-CM26,12
3658-251-CM26,"COMPRA DE COMBUSTIBLE 93 OCT,Orden de Compra: 3658-251-CM26",12
3659-389-SE26,MATERIALES DE CONSTRUCCION,6
3659-390-SE26,MATERIALES DE CONSTRUCCION,6
3659-393-SE26,TORTA,6
3679-183-CM26,POR LA COMPRA DE ARTICULOS DE ASEO PARA EL CESFAM DE SAN ESTEBAN ,4
3682-491-TD26,Orden de Compra generada por Trato Directo ID 3682-350-FTD26,12
3694-145-AG26,"ADQUISICION DE SERVICIO DE PUBLICACION DE DOS AVISOS EN PERIODICO DE MAYOR CIRCULACION EN LA COMUNA DE EL QUISCO, AÑO 2026. RELACIONES PUBLICAS compra ágil: 3694-190-COT26",4
3694-147-AG26,"ADQUISICION DE ESPECIES VEGETALES AÑO 2026, PROGRAMA PAISAJISMO Y ARBOLADO, DIMAO. Compra ágil: 3694-195-COT26",6
3697-214-SE26,"CTTO. DE SUM. DE PANADERIA, PASTELERIA Y OTROS AÑO 2025-2027, ELEAM VICTORIA.-",12
3697-332-AG26,"Orden de Compra generada por invitación a compra ágil: 3697-65-COT26, ADQUISICION DE 87 TALONARIOS DE ACTAS DE VISITAS, UNIDAD OPERATIVA COMUNAL PDTI.-",12
3697-362-SE26,"CTTO. DE SUM. DE PANADERIA, PASTELERIA Y OTROS AÑO 2025-2027, ELEAM VICTORIA.-",12
3697-403-AG26,"Orden de Compra generada por invitación a compra ágil: 3697-69-COT26, COMPRA DE CILINDROS DE GAS, ELEAM",12
3710-281-SE26,ARTICULOS DE FERRETERIA PARA CESFAM VICTORIA	,6
3712-310-CM26,"Sábanas y Frazadas, Gestión de Riesgos y Desastres.",12
3714-109-CM26,Orden de Compra: 3714-109-CM26,4
3714-150-SE26,Adquisición de articulos de oficina REQ N°199,4
3729-35-CM26,ADQUISICIÓN DE EQUIPOS COMPUTACIONALES,12
3730-285-SE26,ADQUISICION DE MERCHANDISING:3730-38-L126,6
3730-286-SE26,CONTRACION MANTENC. VEHICULOS MUNICIPALES NP/8714,6
3734-329-CM26,ADQ. CANASTAS DE ALIMENTOS ,6
3747-137-AG26,"CAMBIO DE ACEITE DE DIFERENIAL, CAJA DE CAMBIO, DE MOTOR Y FILTROS. CAMBIO DE SENSOR DE VELOCIDAD Y TRES CORREDERAS A PUERTAS DE FURGON TOYOTA HIACE  HCRB-99. OC: 3747-137-AG26 dirigida a ERIC ANTONIO JELDRES PINO OC por CA: 3747-133-COT26",4
3764-303-TD26,Orden de Compra generada por Trato Directo ID 3764-39-FTD26,6
3764-312-TD26,Orden de Compra generada por Trato Directo ID 3764-40-FTD26,4
3765-444-AG26, a compra ágil: 3765-89-COT26-etiquetas de impresora ,9
3780-225-AG26,"Trazodona, Sol. N° 84, Sergio Álvarez.",5
3787-30-AG26,ADQUISICIÓN ALIMENTO CANES,6
3791-582-AG26,Orden de Compra generada por invitación a compra ágil: 3791-507-COT26,4
3791-583-AG26,Orden de Compra generada por invitación a compra ágil: 3791-508-COT26,4
3791-584-AG26,Orden de Compra generada por invitación a compra ágil: 3791-494-COT26,4
3793-101-SE26,"INSUMOS MEDICOS MES DE MAYO, ORDEN DE COMPRA DESDE 3793-11-L126",12
3793-102-SE26,"INSUMOS MEDICOS MES DE MAYO, ORDEN DE COMPRA DESDE 3793-11-L126",12
3793-103-SE26,ORDEN DE COMPRA DESDE 3793-11-L126,12
3793-105-SE26,"INSUMOS MEDICOS MES DE MAYO, ORDEN DE COMPRA DESDE 3793-11-L126",12
3793-106-SE26,"INSUMOS MEDICOS MES DE MAYO, ORDEN DE COMPRA DESDE 3793-11-L126",12
3793-93-SE26,"MEDICAMENTOS MES DE MAYO, ORDEN DE COMPRA DESDE 3793-10-L126",12
3793-95-SE26,"MEDICAMENTOS MES DE MAYO, ORDEN DE COMPRA DESDE 3793-10-L126",12
3793-96-SE26,ORDEN DE COMPRA DESDE 3793-10-L126,12
3793-98-SE26,"MEDICAMENTOS MES DE MAYO, ORDEN DE COMPRA DESDE 3793-10-L126",12
3794-1372-SE26,FLETE PARA EL PERSONAL CARABINEROS DE CHILE,12
3794-1376-SE26,FLETE PARA EL PERSONAL CARABINEROS DE CHILE,12
3794-1382-SE26,FLETE PARA EL PERSONAL CARABINEROS DE CHILE,12
3794-1470-SE26,Flete para el Personal de Carabineros de Chile,12
3794-1594-SE26,Flete para el Personal de Carabineros de Chile,12
3794-1631-SE26,Flete para el Personal de Carabineros de Chile,12
3794-1666-SE26,Flete para el Personal de Carabineros de Chile,12
3794-1960-SE26,Flete para el Personal de Carabineros de Chile,12
3794-1969-SE26,Flete para el Personal de Carabineros de Chile,12
3794-19-SE26,Flete para el Personal de Carabineros de Chile,12
3794-2123-SE26,Flete para el Personal de Carabineros de Chile,12
3794-3382-CM26,JUICIO ORAL,6
3794-3922-AG25,Orden de Compra generada por invitación a compra ágil: 3794-164-COT25,12
3794-4112-AG25,Orden de Compra generada por invitación a compra ágil: 3794-219-COT25,12
3794-4924-AG25,Orden de Compra generada por invitación a compra ágil: 3794-330-COT25,12
3794-5130-AG25,Orden de Compra generada por invitación a compra ágil: 3794-333-COT25,12
3794-5405-SE25,Flete para el Personal de Carabineros de Chile,12
3794-5433-SE25,Flete para el Personal de Carabineros de Chile,12
3794-5527-SE25,Flete para el Personal de Carabineros de Chile,12
3794-5591-SE25,Flete para el Personal de Carabineros de Chile,12
3794-5598-SE25,Flete para el Personal de Carabineros de Chile,12
3794-5601-SE25,Flete para el Personal de Carabineros de Chile,12
3794-5616-SE25,Flete para el Personal de Carabineros de Chile,12
3794-5627-SE25,Flete para el Personal de Carabineros de Chile,12
3794-5672-SE25,Flete para el Personal de Carabineros de Chile,12
3794-5701-SE25,Flete para el Personal de Carabineros de Chile,12
3794-5729-SE25,Flete para el Personal de Carabineros de Chile,12
3794-5789-SE25,Flete para el Personal de Carabineros de Chile,12
3794-5853-SE25,FLETE PARA EL PERSONAL CARABINEROS DE CHILE,12
3796-266-AG26,"MATERIALES ELECTRICOS Y CONSTRUCCIÓN, DIDECO Y DEPORTE/3796-329-COT26",4
3809-37-AG26,"Articulos varios Copresor, Señal etica 27-COT26",4
3810-454-AG26,"ADQUISICION DE DIFUSION NOTA DE PRENSA (AVISO DE DIARIO) PROYECTO “MICROHÁBITATS PARA LA VIDA: JARDINES BIODIVERSOS Y REFUGIOS DE INSECTOS EN PICHILEMU"" SOLICITUD N° 588/26 MEDIO AMBIENTE",6
3810-461-SE26,Servicio mantención ascensores TD 3810-2-FTD26,6
3820-416-AG26,Comrpa de conos viales para Operaciones y Mantención,6
3833-354-AG26,TONER Y CARGADOR DE PILAS - OF. VIVIENDA,6
3858-235-AG26,TROFEOS Y MEDALLAS CAMPEONATO BABYFUTBOL JJLB 2026,6
3865-9-AG26,Adquisición de tintas para plotter HP T520 Muni Primavera,6
3873-8440-AG26,Orden de Compra generada por invitación a compra ágil: 3873-151-COT26,6
3877-199-AG26,Orden de Compra generada por invitación a compra ágil: 3877-234-COT26,6
3881-418-AG26,Orden de Compra generada por invitación a compra ágil: 3881-138-COT26,5
3904-390-AG26,Orden de Compra generada por invitación a compra ágil: 3904-397-COT26 MONITOR CON INSUMOS TALLER DE JARDINERIA COMUNITARIA PQMB,6
3926-135-SE26,TRASLADO DE USUARIOS PROGRAMA MAIS POSTAS ,6
3937-131-AG26,SERVICIO DE EXAMENES UROCULTIVO DE LABORATORIO DSM CURARREHUE ,6
3937-161-SE26,SERVICIO RETIRO SALA REAS CESFAM CURARREHUE MES DE ABRIL 2026,12
3942-110-AG26,Orden de Compra generada por invitación a compra ágil: 3942-102-COT26,12
3942-133-AG26,Orden de Compra generada por invitación a compra ágil: 3942-139-COT26,12
3945-263-SE26,ORDEN DE COMPRA DESDE 3945-5-LE26,6
3947-380-SE26,SERVICIO MANTENCION DE LOS 20.000 KMS SZDS10	,4
3947-383-SE26,ADQUISICIÓN DE UN CONTAINER OFICINA  40 PIES  Y  DOS CONTAINERS BODEGA 20 PIES  PARA LA I. MUNICIPALIDAD DE SANTA JUANA – REGIÓN DEL BIO BIO DESDE 3947-16-LE26,4
3947-384-SE26,ADQUISICIÓN DE DOS CONTAINERS TIPO CASINO DE 20 PIES PARA LA I. MUNICIPALIDAD DE SANTA JUANA – REGIÓN DEL BIO BIO DESDE 3947-16-LE26,4
3947-385-SE26,ADQUISICION DE CAMION ¾    4.850 KILOS. DESDE LICITACION 3947-19-LE26,4
3949-196-TD26,Orden de Compra generada por Trato Directo ID 3949-60-FTD26,6
3950-349-AG26,INSUMOS PARA DROGUERIA Orden de Compra generada por invitación a compra ágil: 3950-141-COT26,12
3950-395-AG26, Mantención y reparación cámaras seguridad en CLJ:  3950-127-COT26,6
3950-548-AG26, Mini vibrador norco y Pistola de masajes profesional Sala RBC CLJ: 3950-219-COT26,12
3950-620-AG26,TV Sala Rehabilitación CLJ : 3950-245-COT26,12
3950-645-AG26, Insumos para Sala Rehabilitación CLJ: 3950-252-COT26,6
3950-661-AG26,servicio de cafeteria para capacitacion Orden de Compra generada por invitación a compra ágil: 3950-267-COT26,12
3950-662-SE26,"TRASLADO DE MUESTRAS, VACUNAS Y CARGA EN GENERAL ZONA NORTE ABRIL 2026",12
3950-663-SE26,TRASLADO DE RONDAS SANITARIAS ZONA NORTE,12
3950-726-CM26,materiales de oficina para programa salud mental Orden de Compra: 3950-726-CM26,5
3951-118-TD26,Orden de Compra generada por Trato Directo ID 3951-18-FTD26,6
3953-154-AG26,Orden de Compra generada por invitación a compra ágil: 3953-102-COT26 - Adquisición de materiales de ferretería,6
3962-222-AG26,Orden de Compra generada por invitación a compra ágil: 3962-127-COT26,6
3997-206-TD26,Orden de Compra generada por Trato Directo ID 3997-39-FTD26,6
4020-405-AG26,ARTÍCULOS DE PUBLICIDAD Y DIFUSIÓN FIESTA DEL CHANGLE/Orden de Compra generada por invitación a compra ágil: 4020-334-COT26,4
4050-265-TD26,Orden de Compra generada por Trato Directo ID 4050-17-FTD26,12
4055-207-SE26,ELABORACION PLAN DE ACCION COMUNAL DE CAMBIO CLIMA,4
4083-233-SE26,"Insumos para Laboratorio NP N°109,110  ""Convenio S",4
4086-235-AG26,Orden de Compra generada por invitación a compra ágil: 4086-203-COT26,6
4089-229-SE26,ADQUISICIÓN ESTANTE PARA PSR MIRAFLORES - EQUIDAD RURAL.,6
4089-256-TD26,Orden de Compra generada por Trato Directo ID 4089-7-FTD26,12
4089-258-AG26,ADQUSIICIÓN TUBOS LED Y AMPOLLETAS PARA CESFAM,12
4090-140-AG26,COMBUSTION LENTA PARA PSR MISQUIHUE,12
4090-162-AG26,EQUIPO CELULAR PRAPS EQUIDAD RURAL,12
4090-175-AG26,6 CAJAS DESFRIBRILADOR AUTOMATICO (DEA),6
4090-177-AG26,MANTENCION PREVENTIVA EQUIPOS DENTALES,6
4090-179-AG26,3 SILLAS ERGONOMICAS PARA U. DE PERSONAL,6
4105-345-CM26,Compra de Suplementos alimenticios,6
4113-277-CM26,ADQUISICION DE PETROLEO PARA CAMIONETAS DE LA DIDECO,12
4113-398-SE26,ADQUISICION DE COMBUSTIBLE PARA ACTIVIDAD PERSONAS QUE INSPIRAN,12
4123-203-AG26,"ADQUISICIÓN INSUMOS DENTALES, compra ágil: 4123-110-COT26",12
4140-8-AG26,Orden de Compra generada por invitación a compra ágil: 4140-9-COT26,4
4140-9-AG26,Orden de Compra generada por invitación a compra ágil: 4140-4-COT26,4
4144-124-AG26,Orden de Compra generada por invitación a compra ágil: 4144-140-COT26,6
4152-364-AG26,IMPRESORA MULTIFUNCIONAL  4152-378-COT26,6
4152-377-AG26,MATERIALES Y UTILES DE ASEO 4152-388-COT26,6
4157-388-SE26,Materiales de Aseo Sala Cuna Concejal Emilio Martínez Req 960302-7(357) ,6
4157-397-SE26,Materiales de Aseo Escuela Capilla Norte Req 960203-16(352),6
4157-400-AG26,ALIMENTOS CELEBRACIÓN DIA DE LA FAMILIA GUSTAVO SAN MARTIN REQ° 960204-30<373>,6
4158-117-AG26,MATERIALES  PARA INTERNET DESAMU NUEVO SEGUN REQUERIMIENTO N° 114,6
4158-118-AG26,ESPECULOS DESECHABLES TALLA ( S-M-L) SEGUN REQUERIMIENTO N° 100 ,4
4158-119-AG26,TORNO ELECTRICO PARA PODOLOGO DESAMU EL CARMEN SEGUN REQUERMIENTO N°111,4
4164-250-AG26,Contratación de servicio coctelería para clínica recreativa.,4
4168-735-TD26,Orden de Compra generada por Trato Directo ID 4168-340-FTD26,6
4172-176-AG26,Orden de Compra generada por invitación a compra ágil: 4172-81-COT26,6
4174-141-AG26,JORNADA DE PROGRAMA QUIERO MI BARRIO,12
4174-164-SE26,Materiales de oficina,12
4176-123-AG26,ALIMENTOS DIA DEL ESTUDIANTE ESCUELA LLUFQUENTUE,6
4179-556-AG26,Adquisición de combustible diesel para 3 calderas,4
418-1393-TD26,Orden de Compra generada por Trato Directo ID 418-516-FTD26,6
418-1417-TD26,Orden de Compra generada por Trato Directo ID 418-539-FTD26,6
418-1577-AG26,LCM-BETAHISTINA 16 MG,6
4189-301-TD26,Orden de Compra generada por Trato Directo ID 4189-62-FTD26,4
4193-211-SE26,Retiro Residuos Clínicos CESFAM,6
4193-212-SE26,Retiro Residuos Clínicos Dialisis,6
4197-117-AG26,Orden de Compra generada por invitación a compra ágil: 4197-101-COT26,6
4239-229-AG26,"ALOJAMIENTO PARA DELEGACION DE ALUMNAS DE VOLEIBOL SUB 16 DEL LICEO MARIANO LATORRE QUE PARTICIPARAN EN CAMPEONATO EN LA COMUNA DE RANCAGUA LOS DIAS 29, 30 Y 31 DE MAYO, FONDOS SEP; Orden de Compra generada por invitación a compra ágil: 4239-208-COT26",4
425-356-AG26,Orden de Compra generada por invitación a compra ágil: 425-182-COT26,6
425-362-AG26,Orden de Compra generada por invitación a compra ágil: 425-187-COT26,4
4256-141-AG26,ARRIENDO DE CAMIÓN DE 15 m³ PARA LA LIMPIEZA DEL SISTEMA DE ALCANTARILLADO EN LA POSTA DE CARACOL,5
4278-5-AG26,"WRC (1056) Adquisición de Evaluaciones Medicas para estudiantes de la Escuela Rural Chacaico, con cargo a PIE.",12
4284-220-AG26,Orden de Compra generada por invitación a compra ágil: 4284-71-COT26,6
4306-185-AG26," ADQUISICION DE TINTAS Y CAJA DE MANTENIMIENTO PARA IMPRESORA DEPTO. SECPLAN, ERCILLA.- Orden de Compra generada por invitación a compra ágil: 4306-160-COT26",4
4309-2155-AG26,Orden de Compra generada por invitación a compra ágil: 4309-192-COT26 CLORHEXIDINA COLUTORIO ,6
4314-162-AG26,Adquisición de uniforme Programa Medio Ambiente. ,6
4316-16-CM26,CAJAS DE CURACIÓN PARA ENFERMERIA/Dpto. Salud,6
4328-476-AG26,80 COLACIONES compra ágil: 4328-492-COT26,4
4328-477-AG26,PROGRAMAS DEPORTIVOS compra ágil: 4328-493-COT26,4
4351-145-AG26,Adquisición de Tintas - compra ágil: 4351-101-COT26,5
4353-81-AG26,SSD DE ALMACENAMIENTO PARA EQUIPOS PROFESIONALES /4353-67-COT26/ MEMORÁNDUM N°225,6
4355-452-AG26,Orden de Compra generada por invitación a compra ágil: 4355-486-COT26 / SERVICIO DE MONTAJE  Y DESMONTAJE DE ESCENARIO ,6
4355-481-AG26,"Orden de Compra generada por invitación a compra ágil: 4355-511-COT26, MEMO N°558, CEDIAM, EQUIPAMIENTO MENOR",6
4355-484-AG26,Orden de Compra generada por invitación a compra ágil: 4355-510-COT26 UTILES DE ASEO PROGRAMA CEDIAM MEMO N°558,6
4355-489-AG26,"Orden de Compra generada por invitación a compra ágil: 4355-529-COT26, MEMO N°576, OFICINA DEPORTES JUEGO DE AJEDREZ",6
4357-137-TD26,Orden de Compra generada por Trato Directo ID 4357-36-FTD26,6
4367-224-AG26, Medicamentos para los diferentes establecimientos de salud,5
4371-175-AG26,"ADQUISICION ESPECTACULO TEATRAL ""UN GASFITER EN SOCIEDAD"" DE LUIS RIVANO compra ágil: 4371-123-COT26",4
4375-1277-CM26,ABARROTES Y LACTEOS CENTRAL MAYO,12
4375-1280-CM26,ABARROTES CENTRAL MAYO ,12
4375-1371-SE26,TRANSBANK DESDE 4375-41-LE24,12
4375-1372-SE26,TRANSBANK DESDE 4375-41-LE24,12
4375-1374-SE26,TRANSBANK DESDE 4375-41-LE24,6
4375-1461-SE26,BOLSA MEDICAMENTO JUNIO / 4375-233-LE24,6
4375-1472-SE26,SAQUITO PAPEL 1K JUNIO / 4375-65-LE25,6
4375-628-CM26,ABARROTES Y LACTEOS CENTRAL MARZO,12
4375-631-CM26,ABARROTES Y PERECIBLES CENTRAL MARZO,12
4375-734-CM26,COLACION NOCTURNA CENTRAL MARZO ,12
4375-909-CM26,ABARROTES Y LACTEOS CENTRAL ABRIL ,12
4375-922-CM26,ABARROTES Y LACTEOS CENTRAL ABRIL,12
4375-937-CM26,PRE ELABORADOS PSIQUIATRIA ABRIL,12
4375-956-CM26,COLACION NOCTURNA CENTRAL ABRIL,12
4375-964-SE26,JUGO INDIVIDUAL CENTRAL ABRIL / 4375-99-LP25,12
4379-40-TD26,Orden de Compra generada por Trato Directo ID 4379-6-FTD26,6
439-173-AG26,Orden de Compra generada por invitación a compra ágil: 439-132-COT26,6
4451-272-CM26,ADQUISICION DE CARBON VEGETAL 25 KG ,6
4463-420-AG26,PROG. MEDICAMENTOS 05-2026/ compra ágil: 4463-360-COT26,6
4469-330-SE26,"S.C. N° 39751-39752-39754-39756 (P.C) ADQUISICIÓN DE BIBLIOGRAFIA PARA FAC, CS NATURALES Y EDUCACION ; PROYECTO UPA 22991 DGINVESTIGACION. DESDE 4469-62-L126",6
4491-245-AG26,Orden de Compra generada por invitación a compra ágil: 4491-212-COT26,4
449-166-AG26,Orden de Compra generada por invitación a compra ágil: 449-150-COT26,6
4493-252-CM26,ADQUISICIÓN DE MARIPOSAS SCALP-VEIN CESFAM PENCO Orden de Compra: 4493-252-CM26,12
4499-94-AG26,Adquisición de Bins urea control de emisiones de oxido Nitroso 1.000 Lts (ADBLUE) M-553/Salud,12
4525-114-AG26,Compra ágil: 4525-163-COT26 (ALONKURA) OPI - 4956,12
4525-123-AG26,compra ágil: 4525-187-COT26 - PERU ,12
4525-130-AG26,compra ágil: 4525-208-COT26 - OPI 4981 - R.P.,12
4525-146-AG26,Compra ágil: 4525-234-COT26 (DAEM) OPI - 5040,6
4531-5-SE26,COMPRA COLECCIÓN BIBLIOGRÁFICA MIRIAM MEDINA SANZANA  4531-5-SE26,6
4560-303-TD26,Orden de Compra generada por Trato Directo ID 4560-82-FTD26,6
4562-249-AG26,CONTRATACION DEL SERVICIO DE CERTIFICACION BAJO LA NORMA CHILENA DE CALIDAD NCH 2728:2015 Orden de Compra generada por invitación a compra ágil: 4562-204-COT26,4
4605-54-AG26,"CONSTRUCTORA SANTA ALICIA LIMITADA, SUMINISTRO DE SERVICIOS PARA LA EJECUCIÓN DE UN MEJORAMIENTO EN EL SISTEMA DE ALCANTARILLADO EN LA OFICINA LOCAL DE CONSTITUCIÓN, GENERADA POR INVITACIÓN COMRPA ÁGIL 4605-30-COT26.",4
4617-9-AG26,SERVICIO DE MANTENCION Y RECARGA DE EXTINTORES AÑO 2026 PARA II REGION MEDIANTE COMPRA AGIL ID 4617-7-COT26,12
4631-110-TD26,Orden de Compra generada por Trato Directo ID 4631-4-FTD26,6
4642-2395-AG25,"2501707-Contratación Del Servicio De Arriendo De Impresora De Credenciales Para El Departamento De Personal Del Hospital De Carabineros,Por Un Periodo De 36 Meses. según detalle en requerimientos adjuntos considerar ejecución de los servicios en dependenc",12
4642-283-SE26,2500874 Servicio de aseo Integral para el Centro de Rehabilitación Integral de Carabineros CRICAR por 36 meses ORDEN DE COMPRA DESDE 4642-50-LR24 Contrato N°10-25	,12
4642-383-SE26,2502903  EQUIPAMIENTO MEDICO Y ACCESORIOS PARA EL HOSPITAL DE CARABINEROS ,12
4642-468-TD26,Orden de Compra generada por Trato Directo ID 4642-75-FTD26,12
4642-482-SE26,2502735-Adquisición De Equipamiento Médico y de Rehabilitación (Bicicletas) Para Diferentes Consultorios y Centros Médicos Pertenecientes A La Red De Salud Del Hospital De Carabineros. DESDE 4642-181-LP25,12
4642-492-SE26,2481457 Contratación del Servicio de retiro transporte tratamiento y disposición final de residuos asimilables a domiciliarios RAD y voluminosos por un periodo de 36 meses,12
4642-540-SE26,"2483298 Contratación por 36 Meses del Servicio de Retiro, Transporte, Tratamiento y Disposición Final de Residuos Especiales (REAS) y Peligrosos (RESPEL), para el Consultorio San Antonio de la Red de Salud de Carabineros.",4
4642-94-TD26,Orden de Compra generada por Trato Directo ID 4642-39-FTD26,6
4707-140-AG26,"EXTINTOR DE CO2, MANTENCION Y RECARGA DE CO2 EXTITOR DE ABC TODOS DE 6 KILOS",6
4733-175-AG26,Orden de Compra generada por invitación a compra ágil: 4733-170-COT26,6
4779-407-AG26,FFVV - SUGAMMADEX 200 MG/2 ML INYECTABLE - MAYO 2026,6
4779-421-AG26,FFVV - SODIO FOSFATO ENEMA ADULTO - MAYO 2026,5
4817-1622-AG26,Orden de Compra generada por invitación a compra ágil: 4817-218-COT26,12
4817-1686-SE26,DISPOSITIVOS MEDICOS PARA CIRUGÍA LAPAROSCÓPICA AB,12
4817-1694-AG26,Orden de Compra generada por invitación a compra ágil: 4817-245-COT26,12
4817-1701-AG26,Orden de Compra generada por invitación a compra ágil: 4817-229-COT26,12
4817-1705-AG26,Orden de Compra generada por invitación a compra ágil: 4817-235-COT26,12
4817-1720-AG26,Orden de Compra generada por invitación a compra ágil: 4817-260-COT26,12
4817-1723-AG26,Orden de Compra generada por invitación a compra ágil: 4817-261-COT26,12
4817-1739-SE26,INSUMOS PATOLOGIAS MAMARIA,12
4817-1740-SE26,INSUMOS PATOLOGIAS MAMARIA	,12
4817-1790-AG26,Orden de Compra generada por invitación a compra ágil: 4817-267-COT26,6
4817-1791-AG26,Orden de Compra generada por invitación a compra ágil: 4817-264-COT26,4
4817-1792-AG26,Orden de Compra generada por invitación a compra ágil: 4817-273-COT26,4
4820-112-CM26,Orden de Compra: 4820-112-CM26,4
4820-113-CM26,Orden de Compra: 4820-113-CM26,4
4820-114-CM26,Orden de Compra: 4820-114-CM26,4
4820-115-CM26,Orden de Compra: 4820-115-CM26,4
483-126-AG26,Compra ágil: 483-97-COT26 AGENDA TIPO PLANNER,12
483-265-AG26,Compra ágil: 483-192-COT26 TALONARIO PERSONALIZADO,5
483-267-AG26, Compra ágil: 483-197-COT26  ARTICULOS COMPUTACIONALES,6
4863-11-AG26,Orden de Compra generada por invitación a compra ágil: 4863-11-COT26,6
4889-7-SE26,PETROLEO PARA CALEFACCION OFICINAS ENTREGA A DOMIC,12
4940-380-SE26,"PROGRAMA MAYO, DESDE ID 4940-10-LP24",12
4940-381-SE26,"PROGRAMA MAYO, DESDE ID 4940-10-LQ23",12
4940-385-SE26,"PROGRAMA MAYO, DESDE ID 4940-11-LQ22",12
4940-390-SE26,"PROGRAMA MAYO, DESDE ID 4940-16-LR22",12
4940-398-SE26,"PROGRAMA MAYO, DESDE ID 4940-6-LR23",12
4940-400-SE26,"DESPACHO A TERCEROS, DESPACHAR A THERAPÍA ",12
4940-401-SE26,"PROGRAMA mAYO, DESDE ID 4940-7-LQ23",12
4940-404-SE26,"PROGRAMA MAYO, DESDE ID 4940-7-LQ24",12
4940-408-SE26,"PROGRAMA MAYO, DESDE ID 4940-8-LR23",12
4940-409-SE26,"PROGRAMA MAYO, DESDE ID 4940-8-LR25",12
4940-410-SE26,"PROGRAMA MAYO, DESDE ID 4940-8-LR25",12
4940-411-SE26,"PROGRAMA MAYO, DESDE ID 4940-9-LQ24",12
4940-416-SE26,"PROGRAMA MAYO, DESDE ID 4940-14-LP25",12
4940-418-SE26,"PROGRAMA MAYO, DESDE ID 4940-7-LQ24",12
4940-423-SE26,"SOLICITUD RECETARIO MAGISTRAL HRC, DESDE ID 4940-10-LP25",12
4940-425-SE26,"PROGRAMA MAYO, DESDE ID 4940-3-LQ24",12
4940-426-SE26,"PROGRAMA MAYO, DESDE ID 4940-9-LR25",12
4940-429-AG26,"PROGRAMA MAYO, DESDE AG 4940-148-COT26",12
4940-433-AG26,"PROGRAMA MAYO, DESDE AG 4940-156-COT26",12
494-1098-AG26,"MEMORANDO N°47 PEDIATRIA,DESDE AG",6
494-848-AG26,"MEMORANDO N|109 UPC,DESDE AG",6
4964-42-CM26,Material de Construcción para Ayuda Social,6
4965-157-SE26,"Materiales de ferretería para Escuela América, Mantenimiento.-",6
4968-318-CM26,(HUB) ABARROTES MARZO PACIENTES,12
4968-635-CM26,(HUB) PAPAS PROCESADAS MAYO PACIENTES Y PERSONAL,12
4988-50-AG26,Orden de Compra generada por invitación a compra ágil: 4988-52-COT26,6
4993-250-AG26,Orden de Compra generada por invitación a compra ágil: 4993-76-COT26,6
5020-47-AG26,Adquisición de elementos de aseo para el CCM P.A por invitación a compra ágil: 5020-36-COT26,12
5042-22-AG26,"IMPRESORAS, SCA. 16-2026, CEMENTERIO MUNICIPAL DE ARICA, IMA., Jbv.-Orden de Compra generada por invitación a compra ágil: 5042-15-COT26",4
5053-909-AG26,CA/2206006004/ADQUISICION DE FILTROS/MAYO,6
5053-963-SE26,5053-125-LR25/2208002/SERVICIO DE SEGURIDAD/ABRIL,6
5053-965-SE26,5053-125-LR25/2208002/SERVICIO DE SEGURIDAD/ESTRATEGIA CRR/ABRIL,6
5054-88-AG26,CA/2204005001/LARINGOSCOPIO/MAYO,5
5054-91-AG26,CA/2204013/CAMILLA DE ATENCION DE PACIENTES/MAYO,6
5055-494-SE26,5055-45-LP25/2204004004/IMPLANTE VALVULAR AORTICO (TAVI)/ABRIL,12
5055-496-SE26,5055-45-LP25/2204004004/IMPLANTE VALVULAR AORTICO (TAVI)/ABRIL,12
5055-565-SE26,5055-26-LP25/2204005003/TMT LISTA DE ESPERA/PROTESIS TOTAL REVERSA Y OTROS/NOVIEMBRE,6
5055-566-SE26,5055-26-LP25/2204005003/PROTESIS TOTAL REVERSA Y OTROS/NOVIEMBRE,6
5055-582-SE26,5055-26-LP25/2204005003/TMT LISTA DE ESPERA/PROTESIS TOTAL REVERSA Y OTROS/DICIEMBRE,6
5055-583-SE26,5055-26-LP25/2204005003/PROTESIS TOTAL REVERSA Y OTROS/DICIEMBRE,6
5055-590-SE26,5055-1-LP26/2204004004/VALVULA AORTICA BIOLOGICA N°25/MAYO,6
5055-607-SE26,5055-1-LP26/2204004004/VALVULA AORTICA BIOLOGICA N°23/MAYO,6
511077-43-AG26,INSUMOS PARA HABILITACION DE RACK,6
5148-114-TD26,Orden de Compra generada por Trato Directo ID 5148-27-FTD26,6
514848-370-AG26,Orden de Compra generada por invitación a compra ágil: 514848-181-COT26,6
5153-852-AG26,KLO_ SERVICIOS DE AMBULANCIA BAJA COMPLEJIDAD HCUCH_5153-938-COT26,6
5153-859-CM26,RAP_ADQUISICION FRUTAS Y VERDURAS (4) OCI: 215045,6
5153-869-AG26,RAP_ADQUISICION DE LICENCIAS CAPCUT PRO OCI: 215138 --- 5153-768-COT26,6
5153-870-CM26,RAP_ADQUISICION FRUTAS Y VERDURAS MAYO OCI:  215142,6
5153-877-AG26,RAP_ADQUISICION VISICOOLER 2 PUERTAS OCI: 215182       5153-969-COT26,4
5153-894-SE26,"GFB_GAS GRANEL SABADO 23 MAYO AM, MMN 408,  OCI 215305 ",6
5178-1767-AG26,13/B5/SP 1046493/KJ,6
5178-1798-AG26,130403/B5/SP 1043677/KJ,6
5178-2115-AG26,13/B5/SP 1050691/GP/COT 5178-2763-COT26,6
5196-371-CM26,ALI005 ALIMENTACIÓN MAYO,9
5209-886-AG26,"Orden de Compra generada por invitación a compra ágil: 5209-954-COT26, 20486 IOPROMIDA 370 MG 100 ML /JVP ",6
5212-32-AG26,2026040831000863; INSUMOS Y ACCESORIOS; Compra de insumos electrónicos Nivel Central,6
5215-273-AG26,Orden de Compra generada por invitación a compra ágil: 5215-278-COT26,6
5240-115-SE26,CONTRATACIÓN DE SEGUROS PARA VEHÍCULOS MOTORIZADOS,6
5251-377-AG26,Materiales de difusión - Ing Civil Electrónica,6
5254-1098-TD26,Orden de Compra generada por Trato Directo ID 5254-121-FTD26,12
5254-1301-CM26,Orden de Compra: 5254-1301-CM26,12
5254-1304-CM26,Orden de Compra: 5254-1304-CM26,12
5254-1305-CM26,Orden de Compra: 5254-1305-CM26,12
5254-1308-CM26,Orden de Compra: 5254-1308-CM26,12
5254-1310-CM26,Orden de Compra: 5254-1310-CM26,12
5254-1312-CM26,Orden de Compra: 5254-1312-CM26,12
5254-1313-CM26,Orden de Compra: 5254-1313-CM26,12
5338-295-AG26,C.A. – ADQUISICION DE MAQUINA ABRILLANTADORA UMAG. SOL.157264,6
5349-1048-AG26,ADQUISICIÓN DE LAMINADORA Y ACCESORIOS ,4
5349-1049-AG26,ADQUISICIÓN DE TÉRMOMETRO HIGRÓMETRO AMBIENTAL,6
5349-1050-AG26,ADQUISICIÓN DE LINTERNA RECARGABLE LED,4
5349-1052-SE26,ADQUISICIÓN DE TAZON DE POLICARBONATO ,4
5349-1053-SE26,SUMINISTRO PETROLEO DIESEL PARA CALDERAS DEL HPH,4
5360-115-SE26,Compra de plantas para jardineras ,6
5360-91-SE26,SERVICIO EXTRACCIÓN DE BASURA MES MAYO,4
538598-2238-SE26,Suministro para tratamiento Peritoneo de Diálisis,12
538598-2239-SE26,Suministro para tratamiento Peritoneo de Diálisis	,12
538598-2346-SE26,Serv. Alimentación Pacientes REAJUSTE MARZO 26,4
538598-2347-SE26,Serv. Alimentación Funcionarios REAJUSTE MARZO 26,4
539119-2209-AG25,"Contratación Servicio de certificación y creación de carpeta 0 para ascensores de diferentes conjuntos habitacionales, c. agil 539119-13-COT25",12
5403-31-SE26,SERVICIO EN MODALIDAD DE SUMINISTRO DE EVALUACIONES PSICOLABORALES,4
5413-457-AG26,COMPRA SERVICIO DE IMPRESIÓN LIBRILLOS Y CUADERNILLOS.  ULA 2493 (DESDE ID 5413-159-COT26),6
5416-453-AG26,Adquisición Laptop para Dpto. de Agronomía,6
5416-461-CM26,TABLET LENOVO IDEA TAB PRO ANDROID 14 8GB 256GB,5
5421-130-TD26,Orden de Compra generada por Trato Directo ID 5421-3-FTD26,6
5423-204-SE26,MERCHANDISING,6
5431-24-AG26,Orden de Compra generada por invitación a compra ágil: 5431-26-COT26,12
5441-254-AG26,Orden de Compra generada por invitación a compra ágil: 5441-237-COT26,6
5452-3-AG26,Mesas de trabajo,6
545598-342-AG26,Orden de Compra generada por invitación a compra ágil: 545598-409-COT26,4
545598-343-AG26,Orden de Compra generada por invitación a compra ágil: 545598-410-COT26,4
5457-17-AG26,ADQUISICIÓN DE VÍVERES FF RIVEROS (COLACIONES PARA DESFILES Y POSTRES) -compra ágil: 5457-11-COT26,6
546437-279-SE26,ID 121473 Colaciones frutas 23.05.26 Ensayos Orquestas y Coros,6
548238-68-AG26,Orden de Compra generada por invitación a compra ágil: 548238-34-COT26,6
5485-335-AG26,Orden de Compra generada por invitación a compra ágil: 5485-300-COT26,6
5485-337-AG26," Adquisición de Planchas de Zncalum Acanaladas, compra ágil: 5485-342-COT26",6
548874-62-SE25,SERVICIO PLATAFORMA  DE CONTACT CENTER OMNICANAL CHILEATIENDE,12
5526-30-AG26,UPS Rack de piso DIM,6
5537-127-AG26,Compra ágil: 5537-111-COT26 Tintas ,6
554734-308-SE26,MOVILIZACION A RANCAGUA. CONTROL MEDIOC. 20 MAYO.,6
554734-309-SE26,MOVILIZACION A SANTIAGO. CURACION. 20 DE MAYO.,6
5568-89-SE26,GAS GRANEL,6
557639-897-AG26,MATERIALES ANIVERSARIO INSTITUCIONAL CDP 1276,4
558869-65-SE26,ORDEN DE COMPRA DESDE 558869-9-LP26,9
5590-225-CM26,Mayordomía INTA (2001) s/c 19622,6
5609-63-AG26,Arriendo de estufas Orden de Compra generada por invitación a compra ágil: 5609-68-COT26,6
5612-68-CM26,MVP COM COMBUSTIBLE EMERGENCIA AVIAR ,6
5612-74-CM26,MVP COM  COMBUSTIBLE DISEL SAG LOS RIOS,6
5648-11-AG26,Orden de Compra generada por invitación a compra ágil: 5648-8-COT26,12
564953-253-SE26,INSUMOS MÉDICOS DESDE 564953-95-LR25,6
564953-460-AG26,"Suministro e instalación de pantalla TV LED 24"" y UPS Unidad de Oftalmología564953-325-COT26",6
5684-291-SE26,Ppto. 1805-1809-1821,6
5737-43-AG26,Orden de Compra generada por invitación a compra ágil: 5737-31-COT26,4
5742-27-SE26,SERVICIO CATERING MESA EDUCACION INTERCULTURAL,4
5751-123-AG26,Orden de Compra generada por invitación a compra ágil: 5751-25-COT26,6
5751-125-SE26,MANTENCION VEHICULO VBLY - 2026,4
5756-241-AG26,Orden de Compra generada por invitación a compra ágil: 5756-212-COT26,6
5762-26-AG26,Credenciales carrera medicina Orden de Compra generada por invitación a compra ágil: 5762-25-COT26,6
5769-122-CM26,NOTEBOOK PARA FUNCIONAMIENTO DE BIBLIOTECA,4
586-89-SE26,Adquisición de 2 equipos rayos X móviles,6
588809-148-AG26,Orden de Compra generada por invitación a compra ágil: 588809-144-COT26,6
598002-22-SE25,Seguros complementarios,12
598-243-SE25,ORDEN DE COMPRA DESDE 598-20-LP25,12
605-202-AG26,Orden de Compra generada por invitación a compra ágil: 605-95-COT26,4
606-180-SE26,"Arriendo de camioneta 4x4 a favor de Marcelo Salvo  en la ciudad de Arica desde el 25  al 29  de mayo de 2026, reserva N°11802071.",6
608-5310-TD26,Orden de Compra generada por Trato Directo ID 608-240-FTD25,6
608-5474-SE26,ern LABORATORIO - MAYO ORDEN DE COMPRA DESDE 608-158-LR21 RES.EXENTA N°7978 08-11-22,6
608-5998-CM26,(ERR) Insumos clínicos (B. Insumos),6
608-6015-AG26,(ERR) Loctite 495 ( U. Inventario),6
608-6161-AG26,(CME) STOCK SONDA MARCAPASO TRANSITORIA 5FR C/BALON Orden de Compra generada por invitación a compra ágil: 608-3152-COT26,6
608-6198-CC26,"(EAA) Retiro,tto.elim.residuos esp.",12
612-303-TD26,Orden de Compra generada por Trato Directo ID 612-14-FTD26,6
617807-2837-AG26,Orden de Compra generada por invitación a compra ágil: 617807-1124-COT26,6
617807-2850-TD26,Orden de Compra generada por Trato Directo ID 617807-413-FTD26,4
617807-2858-TD26,Orden de Compra generada por Trato Directo ID 617807-430-FTD26,4
617807-2859-TD26,Orden de Compra generada por Trato Directo ID 617807-432-FTD26,4
617807-2860-TD26,Orden de Compra generada por Trato Directo ID 617807-430-FTD26,4
617807-2862-TD26,Orden de Compra generada por Trato Directo ID 617807-431-FTD26,4
617807-2863-TD26,Orden de Compra generada por Trato Directo ID 617807-431-FTD26,4
617807-2865-TD26,Orden de Compra generada por Trato Directo ID 617807-431-FTD26,4
619133-2432-CM26,PEDIDO MES DE JUNIO 619133-2432-CM26,6
619133-2450-SE26,(JCTL) ADQUISICIÓN DE FILTROS PARA UNIDAD DE MANTENCIÓN SOLICITUD DE ADQ. N° 26000849 ORDEN DE COMPRA DESDE 619133-95-LP23,6
619133-2456-SE26,CVV. PEDIDO MES DE JUNIO. 619133-111-R124,6
619133-2461-SE26,CVV. PEDIDO MES DE JUNIO. 619133-114-LQ23,6
619133-2469-SE26,(JCTL) EXÁMENES MES DE FEBRERO 2026 DESDE 619133-104-LP25,4
619133-2711-CM26,CVV. PEDIDO MES DE JUNIO 619133-2711-CM26,6
619133-2712-CM26,(MAFSCH) RECARGA TARJETA DE ALIMENTACION MAYO 2026 Orden de Compra: 619133-2712-CM26,6
619133-2729-SE26,CVV. CIRUGIA 27.05.2026 FC 90591. 619133-209-LE25,4
619133-2739-TD26,Orden de Compra generada por Trato Directo ID 619133-539-FTD26,4
627786-100-CM26,COM RANCHO ADQ: JAMON Y GALLETAS,4
627786-101-CM26,"COM RANCHO ADQ: VACUNO EN CUBO, PRIMAVERA",4
627786-102-CM26,COM RANCHO ADQ: LECHE LIQUIDA,4
627786-97-CM26,COM RANCHO ADQ: CHURRASCO; CROQUETAS; ACEITE Y OTROS,4
627786-98-CM26,COM RANCHO ADQ: PAN MARRAQUETAS; EMPANADAS Y OTROS,4
630424-237-AG26,COMPRA IMPRESORA MULTIFUNCIONAL PARA OFICINA DAEM,12
635-577-SE26,SERVICIO DE FLETE (OT 841),6
635-580-SE26,CONTROL DE VECTORES BODEGA GENERAL OT 900,6
635-582-SE26,CONTROL DE VECTORES EDIFICIO PRAT OT 875,6
635-585-SE26,CONTROL DE VECTORES EDIFICIO N OT 903,6
635-586-SE26,CONTROL DE VECTORES ANEXO CSMC NORTE OT 907,6
635-588-SE26,CONTROL DE VECTORES CSMC NORTE OT 906,6
635-592-SE26,CONTROL DE VECTORES BASE SAMU. OT 901,6
635-593-SE26,CONTROL DE VECTORES DROGUERIA. OT 893,6
635-595-SE26,CONTROL DE VECTORES HDDIA. OT 890,6
635-596-SE26,CONTROL DE VECTORES CENTRO SALUD AMBIENTAL. OT 891,6
635-597-SE26,CONTROL DE VECTORES ESSMA SUR. OT 888,6
635-598-SE26,CONTROL DE VECTORES PRAIS. OT 886,6
635-605-AG26,COMPRA DE REGULADORES DE OXÍGENO,6
636811-98-AG26,Orden de Compra generada por invitación a compra ágil: 636811-37-COT26,6
651-86-AG26,adquisicion de insumos de oficina,6
654-164-AG26,  MANTENCION SISTEMA CONTROL DE ACCESO PUERTAS,12
654-180-AG26,MATERIALES PARA MANTENIMIENTO ACCESO EDIFICIO INSTITUCIONAL,6
660-12-TD26,Orden de Compra generada por Trato Directo ID 660-3-FTD26,4
660-9-AG26,Orden de Compra generada por invitación a compra ágil: 660-8-COT26,4
673721-102-TD25,Orden de Compra generada por Trato Directo ID 673721-26-FTD25,12
673721-16-SE25,"Meses planes de tratamiento Adolescentes y Jóvenes Licit. ID 662237-27-LR24, LS. N°51",12
673721-19-SE25," ""Compra Planes Tratto. Pobl. General y Esp. Mujeres Licit. ID662237-26-LR24, LS. 94""",12
673721-1-SE26,"Planes de Tratto. Calle-desde ID 662237-43-LR25 LS N°6, N°7 DR METROPOLITANA ",12
680-24-AG26,estufa a gas ,12
680-27-SE26,MENSURA 172 CASOS subt.22,4
680-37-SE26,MENSURA 172 CASOS -FOSIS,4
682257-7-AG26,Orden de Compra generada por invitación a compra ágil: 682257-4-COT26,4
697-154-SE26,Elementos para implementar compresor de aire CDA,6
697-156-SE26,Transporte de contenedores carga a granel y grúa D,4
699866-6398-SE26,699866-148-LE25/2204005003/SONDA FOLLEY 100% SILICONA 2 VIAS BALON 5-15 ML 18 FR/MAYO,6
699866-6439-SE26,699866-172-LQ24/2204005003/LISTA DE ESPERA ONCOLOGICA/AGUJAS GRIPPER 20G/MAYO,9
699866-6466-SE26,699866-170-LQ24/2204005003/LISTA DE ESPERA oncologica /MASCARAS LARINGEAS VARIAS MEDIDAS/MAYO 2,6
699866-6469-SE26,699866-108-LQ24/2204005003/MEDIAS ANTIEMBOLICAS/MAYO,6
699866-6476-SE26,699866-31-LE26/2204005003/NYLON 5/0 (AG 1/2 REV CORT) 16 MM/MAYO,6
699866-6482-SE26,699866-4-LP26/2204005003/NYLON 4/0 (AG 3/8) 19-20 MM/MAYO,6
699866-6492-SE26,699866-60-LQ24/2204005003/CAMPAÑA DE INVIERNO/CIRCUITO TRANSPORTE 3000 AZUL/MAYO,6
699866-6499-SE26,699866-172-LQ24/2204005003/LISTA DE ESPERA ONCOLOGICA/AGUJAS GRIPPER 20G/MAYO,6
701-268-SE26,PUBLIC.D.OFICIAL RESOLUCIÓN EX.1302 DE 29 DE ABRIL 2026 - SUBDIRECCIÓN PESQUERIA 22.07.001.,6
702988-280-SE26,ORDEN DE COMPRA DESDE 702988-11-LE26	,6
705290-938-SE26,"SUMINISTRO INSUMOS PARA DETERMINACIONES EXAMENES ORINA ABRIL 2026 ID: 705290-43-LR22 (LC, LABORATORIO, 2204005002,RRC)",12
707424-16-CM26,Orden de Compra: 707424-16-CM26 / Recargas de gas a granel para bombonas de gas Jardines de la Región 2026,12
711-219-CM26,PASAJES AEREOS NACIONALES,6
711-223-SE26,Contrato servicios de obras menores,12
711-229-CM26,Orden de Compra: 711-229-CM26,6
711-464-AG25,DDS para la SEREMITT de Valdivia AG: 711-335-COT25,12
720-139-AG26,"OC generada por invitación a Compra Ágil: 720-27-COT26, Serv. Reparación de Tractor, Flota propia, COPA. ",6
721-86-SE26,Reajuste del Servicio de Aseo Oficina Regional CAPREDENA Chillán,12
721-96-AG26,Adquisición de artículos de Aseo Oficina Regional de Chillán,6
732-143-CM26,COMPRA DE PASAJE NACIONAL TRAMO SANTIAGO-COPIAPO-SANTIAGO / ALVARO GONZALEZ -JUAN PABLO ALLIENDE/ 15 MAYO 2026 / PRM.,12
732-14-AG26,ARRIENDO CAMIONETA MINERA 4X4 PARA REGIÓN DE VALPARAÍSO / PROGRAMA 01 - SUBSECRETARÍA / SEGÚN SAD-DAF-64-2026 / CPI,12
732-356-SE24,"CONTRATACIÓN DE SERVICIOS DE ARRIENDO, IMPLEMENTACIÓN Y MANTENIMIENTO DE PLATAFORMA TECNOLÓGICA / PROGRAMA 01 - SUBSECRETARÍA  / SEGUN SAD-DAF-243-2024",12
732434-134-SE26,Cuota 13 Servicio de transporte CSC,6
734-322-SE26,ORDEN DE COMPRA DESDE 734-85-LP25,6
734-332-TD26,Orden de Compra generada por Trato Directo ID 734-173-FTD26,4
734-333-TD26,Orden de Compra generada por Trato Directo ID 734-172-FTD26,4
741422-16-AG26,Orden de Compra generada por invitación a compra ágil: 741422-12-COT26,6
742475-36-AG26,Orden de Compra generada por invitación a compra ágil: 742475-49-COT26,6
743848-21-AG26,Orden de Compra generada por invitación a compra ágil: 743848-18-COT26,4
748891-20-AG26,"Invernadero armable,Orden de Compra generada por invitación a compra ágil: 748891-30-COT26",4
756-88-AG26,SCO 2570 Suscripción digital El Mercurio y La Segunda.,4
759-65-AG26,759-39-COT26 CONTRATACIÓN DEL SERVICIO DE AGUA PURIFICADA EN LA SECRETARÍA REGIONAL MINISTERIAL DE JUSTICIA Y DERECHOS HUMANOS DE LA REGIÓN DEL LIBERTADOR GENERAL BERNARDO O’HIGGINS,12
760-151-SE26,SERVICIO ANALIS DE BRUCELOSIS PECUARIA ,4
760-154-SE26,"SC 138, MANTENCION LDRS-88, JFWG-29 Y JFWG-25, OF ",4
760-155-SE26,"SC 142, REPARACION CAMIONETA JJXJ-79, OF LOS ANDES",4
761391-561-AG26,EE/75/EDU/RIM/ADQ. OVEROLES DE TRABAJO Orden de Compra generada por invitación a compra ágil: 761391-325-COT26,6
762-27-TD26,Orden de Compra generada por Trato Directo ID 762-3-FTD26,4
766032-7-AG26,Orden de Compra generada por invitación a compra ágil: 766032-6-COT26,6
768553-13-AG26,Orden de Compra generada por invitación a compra ágil: 768553-15-COT26,4
777304-1984-SE26,Desde 777304-8-LP25 INSUMOS VENDA YESO Y OTROS,6
777304-1986-AG26,Orden de Compra generada por invitación a compra ágil: 777304-1675-COT26,4
777304-2080-AG26,Orden de Compra generada por invitación a compra ágil: 777304-1744-COT26,6
777304-2081-AG26,Orden de Compra generada por invitación a compra ágil: 777304-1743-COT26,6
777304-2082-AG26,Orden de Compra generada por invitación a compra ágil: 777304-1742-COT26,6
777304-2096-CM26,Orden de Compra: 777304-2096-CM26,6
777304-2110-AG26,Orden de Compra generada por invitación a compra ágil: 777304-1842-COT26,9
777304-2118-AG26,Orden de Compra generada por invitación a compra ágil: 777304-1851-COT26,4
778993-48-AG26,Adquisición de útiles de eso para el casino de oficiales del Regimiento N° 23 Copiapó ,6
778998-65-AG26, Adquisicion de materiales de ferreteria para el CG I DE,6
792895-6-AG26,Orden de Compra generada por invitación a compra ágil: 792895-6-COT26,6
792901-6-AG26,Orden de Compra generada por invitación a compra ágil: 792901-6-COT26,4
800-3012-AG26,DOG_100159 CANASTILLO DORMIA HELICOIDIAL SIMPLE(800-3422-COT26/215268),6
800-3014-SE26,VCP TORULAS NASOFARINGEAS Y MEDIOS DE TRANSPORTE,4
800-3021-AG26,MAV_   91232 CATETER PICC LINE 6 FR 3 LUMEN GUIA 135 CMS / 800-3543-COT26 / 215277,4
800-3027-AG26,MAV_  91232 CATETER PICC LINE 6 FR 3 LUMEN GUIA 135 CMS / 800-3546-COT26 / 215286,4
800-3030-AG26,MAV_  91614 AGUJA BIOPSIA 16GX15 CM /  800-3058-COT26 / 215291,4
800-3038-AG26,"DOG_90244 CATETER BIOSEGURIDAD E.V 22G x 1""(800-3479-COT26/215306)",5
800-3039-AG26,JSR_630573	CATETER VENOSO CENTRAL AVA D/ACCESO AVANZADO: 800-3542-COT26 / OCI 215308 ,6
800-3043-AG26,DOG_90194 NARICERA P/O2 ADULTO(800-3536-COT26/215319),6
800-3050-AG26,"VCP  ASAS DE ORINA CALIBRADA REUSABLE (CAT.LL 1000), METALICA 1 UL MANGO VERDE Orden de Compra generada por invitación a compra ágil: 800-2756-COT26",4
800-3051-AG26,VCP TIN TEC (PIRIFOSFATO) frascos Orden de Compra generada por invitación a compra ágil: 800-3521-COT26,4
813-737-SE26,"Pasaje aereo destino Adalaj, Gandhinagar Estado Gujarat, India",6
817607-17-AG26,ADQUISICIÓN DE MATERIALES PARA ELCIERRE PERIMETRAL DE TERRENO MUNICIPAL DE PUERTO SÁNCHEZ,12
817607-7-AG26,INSTALACIÓN SISTEMA DE CLIMATIZACIÓN EN PUNTOS LIMPIOS RÍO IBÁÑEZ,12
829-24-TD26,Orden de Compra generada por Trato Directo ID 829-2-FTD26,12
829-26-AG26,Orden de Compra generada por invitación a compra ágil: 829-8-COT26,6
834259-32-SE26,PRÓRROGA CONTRATO ARRIENDO EQUIPOS FOTOCOPIADORA 834259-26-LE24,6
838104-430-CM26,CMCH COMPRA ABARROTES,12
838104-473-SE26,CMCH COMPRA  CARNES ROJAS,12
838104-474-SE26,CMCH COMPRA DE  CARNES BLANCAS DE POLLO,12
838104-476-SE26,"CMCH COMPRA DE CECINAS, JAMON Y EMBUTIDOS",12
838104-484-SE26,CMCP COMPRA DE FLORES NACIONALES E IMPORTADAS,6
838104-486-CM26,CMSE ADQUISICION DE HELADOS ,6
838108-181-CM26,COMPRA DE ABARROTES PARA LA CH CORACEROS,6
852-100-AG26,"RRFF - DIESEL PARA JARDÍN INFANTIL PEUMAYEN, COLLIPULLI DESDE COMPRA ÁGIL 852-28-COT26 - S.C 59.804",6
852-101-AG26,"RRFF - DIESEL PARA JARDÍN INFANTIL BAMBI, ANGOL DESDE COMPRA ÁGIL 852-30-COT26 - S.C 59.804",6
852-21-SE26,CHEE - SUMINISTRO DE MANTENCIÓN Y REPARACIÓN EN JARDINES INFANTILES CLÁSICOS DESDE 852-41-LR25 - S.C 59.362,12
852-38-SE26,CHEE - SUMINISTRO DE MANTENCIÓN Y REPARACIÓN EN JARDINES CECI DESDE 852-41-LR25 - S.C 59.362,12
859378-274-AG26,2026041631000259; MATERIALES E INSUMOS DE TALLER; Transformador Sala Negra JBC; UVA 2495,6
867990-287-AG26,Orden de Compra generada por invitación a compra ágil: 867990-251-COT26,6
873233-149-AG26,"Compra Ágil: 873233-56-COT26, por prestación de salud.",6
875646-1417-AG26,VQA CABLE CONEXIÓN C-MAC a compra ágil: 875646-856-COT26,12
875646-1528-AG26,VQA timbre a compra ágil: 875646-918-COT26,12
875646-1529-AG26,VQA Capsula O2 a compra ágil: 875646-922-COT26,12
875646-1592-AG26,VQA ASEO HOSPITAL AMIGO a compra ágil: 875646-975-COT26,12
875646-1594-AG26,VQA batas Hospital Amigo invitación a compra ágil: 875646-936-COT26,12
875646-1608-CM26,Orden de Compra: 875646-1608-CM26,12
875646-1629-AG26,VQA Vaso plast. Hospital Amigo a compra ágil: 875646-944-COT26,12
875646-1642-SE26,"(GGD) COMPRA TES REPORTADO VHS, MES MAYO 2026",12
875646-1658-AG26,VQA parlante Hosp. amigo a compra ágil: 875646-992-COT26,12
875646-1660-AG26,"VQA Saquito Hosp, amigo a compra ágil: 875646-1028-COT26",12
875646-1667-CM26,"(GGD)INSUPED MAYO 2026, CM: 875646-1667-CM26",6
875646-1732-AG26,YOL INSUPED MAYO 2026 compra ágil: 875646-1070-COT26,6
875646-1733-SE26,CKB LABORATORIO MAYO 2026 875646-38-LQ24,4
885-287-AG26,Adquisición y despacho de cojines posturales / 885-241-COT26,12
886954-2873-AG26,Orden de Compra generada por invitación a compra ágil: 886954-241-COT26,6
889473-740-AG26,SC 7643 - CDP 4251 - Insumos de laboratorio,6
898-1662-SE26,mantencion instrumental quirurgico abril 2026,6
898-1663-SE26,INSTRUMENTAL QUIRURGICO opticas 2026,6
898-1673-SE26,Insumos y Reactivos para Inmunohematología UMT	,4
898-707-TD26,Orden de Compra generada por Trato Directo ID 898-12-FTD26,12
899-283-AG26,COMPRA LENTE CAMARA FOTOGRAFICA,12
899-307-AG26,COMPRA CAJAS ORGANIZADORAS PLÁSTICAS,12
899-318-SE26,Servicio de Mantenimiento Preventivo de Vehiculos Administrativos,6
899-319-SE26,SERVICIO ALIMENTACION FEBRERO 2026,6
899-320-SE26,SERVICIO ALIMENTACION MARZO 2026,6
899-321-SE26,SERVICIO ALIMENTACION MARZO 2026 HOSPITALIZADOS,6
899-322-SE26,COMPRA INSUMOS DIÁLISIS,4
899-323-SE26,COMPRA DE DESINFECTANTES Y KIT FILTROS PARA DIÁLISIS,4
899-324-SE26,COMPRA LINEA ARTERIAL PARA UNIDAD DE DIÁLISIS,6
899-325-SE26,COMPRA DE INSUMOS PARA UNIDAD DE DIÁLISIS,4
900-533-AG26,"HDS - COMPRA DE GALLETAS, VASOS Y CUCHARAS, UNIDAD DE CAPACITACION",6
904-49-SE26,SC_MANTENCION CORRECTIVA KDSV-11,6
904-50-SE26,SC_MANTENCION CORRECTIVA LDRR-16,6
908502-2-AG26,CONTRATACIÓN DE SERVICIO DE RECARGA MENSUAL DE BIDONES DE AGUA PURIFICADA TP SAN FERNANDO,12
915021-28-SE26,ORDEN DE COMPRA DESDE 915021-9-LE26,4
922070-115-AG26,Adquisición de sillas de escritorio ,6
924-122-AG26,Plaguicidas y coadyuvantes,6
935-186-SE26,PASAJES DELEGACION NATALES REGIONAL VOLEIBOL JDE,6
935934-104-AG26,ADQUISICION DE 15 REPISAS METALICAS DE 5 BANDEJAS PARA LA CUENTA DE VALORES DE LA ZBIQQ,12
937232-353-AG26, SISTEMA DE DESINFECCIÓN DE ALTO NIVEL TIPO TOALLITAS CON DIÓXIDO DE CLORO Orden de Compra generada por invitación a compra ágil: 937232-139-COT26,6
948355-1071-AG26,Orden de Compra generada por invitación a compra ágil: 948355-259-COT26,6
948356-1716-SE26,948356-73-LE23,6
948356-1724-SE26,948356-192-LE23,4
948356-1726-SE26,948356-82-LP25,4
948356-1727-SE26,948356-149-LP25,4
948356-1728-SE26,	948356-80-LP25,4
948806-1862-SE26,"INSUMOS EN CONSIGNACIÓN, FIC 1315",6
948806-1873-SE26,"INSUMOS EN CONSIGNACIÓN, FIC 1327",4
948806-1874-SE26,"INSUMOS EN CONSIGNACIÓN, FIC 1328",4
951405-117-SE26,(FDOS_PRESUP) CG IV DE_WOF_ADQ. DE INSUMOS PARA IMPRESORAS MARCA HP ORIGINALES PARA EL CUARTEL GENERAL DE LA IV DE - DESDE 951405-5-LE26,12
951405-124-SE26,(FDOS_PRESUP) CG IV DE_WOF_ADQ. DE INSUMOS PARA IMPRESORAS MARCA BROTHER ORIGINALES PARA EL CUARTEL GENERAL DE LA IV DE - DESDE 951405-5-LE26 ,12
951405-162-AG26,"(F_PPTO) JAL_CAJ_CONTRATACIÓN DE SERVICIO DE HABILITACIÓN, PUESTA EN MARCHA, ENTREGA DE EQUIPOS PARA CONTROL DE ASISTENCIA, SOPORTE Y SUSCRIPCIÓN ANUAL: 951405-97-COT26",4
951405-168-CM26,FDOS_INTERNOS_CC_CAS_MIL_SUBOF) WOF_ADQ DE MATERIALES Y ÚTILES DE ASEO PARA LA COMISIÓN CASINO MILITAR DE SUBOFICIALES DEL CMC Y CIE LAS BANDURRIAS,6
951405-169-CM26,FDOS_INTERNOS_CC_CAS_MIL_SUBOF) WOF_SUMINISTRO DE MATERIALES Y ÚTILES DE ASEO PARA LA COMISIÓN CASINO MILITAR DE SUBOFICIALES DEL CMC Y CIE LAS BANDURRIAS,5
951405-173-AG26,(REME_DIVMAN) DESMOT14_WOF_SERVICIO DE MANTENIMIENTO Y RECARGA DE EXTINTORES DE CARGO DEL DESMOT N°14 AYSÉN - DESDE 951405-120-COT26,6
951405-174-AG26,(REME_DIVMAN) CLD4_WOF_SERVICIO DE MANTENIMIENTO Y RECARGA DE EXTINTORES DE CARGO DE LA CLD N°4 COYHAIQUE - DESDE 951405-118-COT26,6
951405-175-AG26,"(PPTO) CGIVDE_CAJ_CONTRATACIÓN DE SERVICIO PARA MANTENIMIENTO Y REPARACIÓN DE IMPRESORAS DEL CG IV DE, desde: 951405-123-COT26",4
956-305-CM26,"Convenio Marco, Centro de Sangre, O/C Int: 114",6
958479-120-SE26,AEROEVAC - CRC 487,4
958479-121-SE26,Alimentación funcionarios HPW Mayo 26 (1080089-22	,6
971364-14-SE26,SERVICIO MANTENCION CEMENTERIOS HORAS EXTRAS MES MARZO 2026,6
971364-18-SE26,SERVICIO MANTENCION CEMENTERIO ABRIL 2026,6
973174-1-AG26,"CA-0126 ONCE PARA CEREMONIA DE PREMIACIÓN, BECAS Y PREMIO BIENESTAR",12
973181-2-AG26,"CA-4867 GIFT CARD TALLER FOMENTANDO RECONOCIMIENTO Y COMPROMISO,ORG. POR BIENESTAR DE LA D.R. ARICA",4
977-46-AG26,EXAMEN DE CONSUMO DE SUSTANCIAS O DROGAS ESTUPEFACIENTES O SICOTRÓPICAS ILEGALES,4
977-47-AG26,ARTÍCULOS DE ASEO PARA FISCALÍA MOP REGIÓN MAGALLANES Y LA ANTÁRTICA CHILENA,4
979-640-CM26,Sol. 511 Jaime Huidobro ,6
993-111-SE26,ORDEN DE COMPRA DESDE 993-18-LE26,6
