Codigo,Nombre,CodigoEstado
1000813-133-AG26,LP_ ADQUISICION DE BANDERAS Y GALLARDETES PARA LA 4TA BRIACO CHORRILLOS  compra ágil: 1000813-101-COT26,4
1000813-151-AG26,FI_ ADQUISICION DE MATERIALES DE OFICINA E INSUMOS COMPUTACIONALES PARA EL FUNCIONAMIENTO ADMINISTRATIVO DEL CASINO MILITAR DE OFICIALES DE LA 4TA BRIACO CHORRILLOS  compra ágil: 1000813-110-COT26,6
1000813-152-AG26,FI_ ADQUISICION DE ELEMENTOS PARA LA COMISION SECRETARIA DEL CASINO MILITAR DE OFICIALES DE LA 4TA BRIACO CHORRILLOS  compra ágil: 1000813-127-COT26,4
1000813-153-AG26,LP_ ADQUISICION DE ELEMENTOS PARA SER EMPLEADOS EN LA OFICINA SICE DE LA 4TA BRIACO CHORRILLOS  compra ágil: 1000813-105-COT26,6
1000813-156-AG26,FI_ ADQUISICION DE TARJETA DE SUPERMERCADO PARA EL CASINO MILITAR DE SUBOFICIALES DE LA JAL CM AUSTRAL compra ágil: 1000813-155-COT26,4
1002592-56-SE25,ORDEN DE COMPRA DESDE 1002592-4-LE25,12
1002772-5530-AG26,"TROCAR PUNCION LUMBAR 23 G X 90 MM ESPINAL (2-28)  ID: 	1002772-969-COT26 (AG, MED 9C, UTI ADULTO,2204005003,MTM)",6
1002772-5676-SE26,"SET DE PINCELACION (COPELA Y PINCELADOR ESTERIL) ID:	1002772-123-LR25 (LC,TRANSV,2204005003,MTM) ",6
1002772-5957-AG26,"GUANTE ALTO RIESGO TEXTURIZADO TALLA S ANTIDESLIZ ID:1002772-1174-COT26 (AG,ONCO,2204005003,MTM)",12
1002772-6049-SE26,"MANGUITO PRESION ARTERIAL NEONATAL Nº1 COMPATIBLE CON MONITOR SPACELABS,ID:1002772-29-LE26,(LC,NEONATOLOGIA,2204005003,APG)",12
1002772-6194-AG26,"AGUJA DE ANESTESIA ESPINAL 27G X 5 ID:  1002772-1244-COT26 (AG,Pabellon Central y Anestesi,2204005003,RRC)",6
1002772-6216-AG26,"VARILLA 5X45CM COMPATIBLE CON IRRIGADOR/ASPIRADOR APPLIED  INSUMOS CLINICOS ID:1002772-1347-COT26(AG,ESTERILIZACION,2204005003,BHN)",6
1002772-6249-SE26,"ELECTRODO DE ACERO INOXIDABLE MICROPUNTA (PUNTA AGUJA)5 CM LARGO,ID 1002772-12-LP24, (LC.PABELLON,2204005003,MMC)",6
1002772-6260-SE26,"SET DE APLICACION TAMA?O S,SET DE APLICACION TAMA?O M CON PLATA,ID:1002772-115-LR25,(LC,U.CUIDADO DE LA PIEL,2204004003,MMC)",6
1003473-1490-AG26,PROG. LABORATORIO MAYO 2026 compra ágil: 1003473-1171-COT26,6
1003473-2180-AG26,PROG: PABELLON: ABRIL 2026 compra ágil: 1003473-1950-COT26,12
1003473-2206-AG26,PROG: PABELLON: ABRIL 2026 compra ágil: 1003473-2055-COT26,12
1003473-2277-SE26,PROG. LABORATORIO MAYO 2026 (1003473-125-LP25),6
1004-70-SE26,SERVICIO ARRIENDO Y LIMPIEZA BAÑOS QUIMICOS,6
1005498-76-CM26,"Pasaje aéreo nacional a La Serena, Sr. Erik Berwart",12
1011254-210-SE26,CONVENIO POR SERVICIO DE HABILITACIÓN DE DISPOSITVO EXTERNO DEL HOSPITAL SAN PABLO DE COQUIMBO,4
1020-149-SE26,PASAJE AÉREO -DESTINO COPIAPÓ,4
1024-91-AG26,Orden de Compra generada por invitación a compra ágil: 1024-67-COT26,4
1024-92-SE26,COMPRA DE COMBUSTIBLE MODALIDAD TAE-DRV-TARAPACA,4
1028-160-SE26,Conv.M&R Barrenieves y Motoniveladora Camino Inter,6
1028-161-SE26,Conv. M&R de Camiones y Otros Camino Internacional,6
1028871-103-SE26,P02_EE_SEP_INSTRUMENTOS MUSICALES_FEBR2026,12
1028871-312-AG26,P01_OC312_ADM_RESTO_INSUMOSASEO_VCOMMERCE _MAY26,4
1028897-63-SE26,SP 418/10 Servicio de Impresión y Fotocopiado EE.EE SLEPCA SEP JCAT,6
1030-66-SE26,ORDEN DE COMPRA DESDE 1030-10-LE26,6
1030-67-AG26,Orden de Compra generada por invitación a compra ágil: 1030-26-COT26,4
1033-16-SE26,SIRE 255- SIC 352 DIAGNOSTICO CAMIONETA FPLB-75 DE,12
1035-46-AG26,Orden de Compra generada por invitación a compra ágil: 1035-20-COT26,6
1035-53-AG26,Orden de Compra generada por invitación a compra ágil: 1035-24-COT26,6
1036-130-CM26,Vales de gas: 1036-130-CM26,12
1038-61-CM26,Pasaje aéreo func DBCC JWP,12
1038-79-TD26,Orden de Compra generada por Trato Directo ID 1038-16-FTD26,12
1038-91-SE26,Traslado de Personal PNTP SIRE 691 SIC 840,6
1039-124-CM26,HVH SIC N°919-SIRE N°843 Pedido Recarga Bombona de Gas Brigada Roble-5 DPCIF-R.M.,12
1039-135-CM26,HVH SIC N°929-SIRE N°854 Pedido Carnes Varias Incendios Forestales DPCIF-R.M.,6
1048-169-AG26,"ADQ. TEXTO Y OTROS MATERIALES DE ENSEÑANZA, MEMO N° 629 DISCAPACIDAD ",6
1049-730-AG26,OC 56438 BALANZA RELOJ - PUQ,12
1049-746-AG26,OC 56460 GUANTES DE TRABAJO - PUNTA ARENAS,12
1049-816-AG26,OC 56543 BOTAS DE SEGURIDAD - PUNTA ARENAS,12
1049-824-AG26,OC°56574 - BOLSAS PLASTICAS SEDE COQUIMBO,6
1051173-28-CM26,Adquisición y despacho de artículos de escritorio,12
1051173-30-AG26,Adquisición y despacho de 23 llaves electrónicas con sensor a batería para lavamanos ,12
1051425-20-SE26,"OC DESDE 1051425-1-LP26, Serv. de transporte para funcionarios que laboran en plaza de peaje Chaimávida de la Dirección de Vialidad, ubicada en el sector Queime, comuna de Quillón, región de Ñuble",12
1051425-52-SE25,"Servicio de comunicación satelital, para el apoyo de emergencias catastróficas y en la ejecución de faenas de administración directa de la Dirección de Vialidad, Región de Ñuble",12
1051425-8-SE24,TD Servicio de distribución de correspondencia para la DRV-Ñ,12
1051765-255-CM26,"CDP YUNGAY, ADQUISICION DE FRUTA Y VERDURA MES DE ABRIL ",12
1051765-375-SE26,CCP DE CHILLAN ADQUISICION DE TORTA.,6
1056854-20-CM26,Orden de Compra: 1056854-20-CM26,12
1057049-11798-CM26,Orden de Compra: 1057049-11798-CM26,12
1057049-12003-AG25,GSP AG PAC HEMATOXILINA HARRIS LIQUIDA ACIDIFICADA 1 L EQUIVALENTE A MERCK compra ágil: 1057049-447-COT25,12
1057049-12150-SE26,JAC INT. 1172 RE 2172/2025 DESDE 1057049-160-LQ25  PROGRAMA PAC MARZO ABRIL 2026,6
1057049-12350-SE26,CAPS. PAC ID.1057049-457-LP23 INT. 241/2024 PROGRAMA INSUMOS FEBRERO 2026,12
1057049-12355-SE26,JAC RE N°2236 ID.1057049-223-LQ24 PAC PROGRAMA INSUMOS FEBRERO 2026,12
1057049-13000-AG26,GSP AG PAC TUBOS TOMA MUESTRA compra ágil: 1057049-34-COT26,12
1057049-13237-SE26,MES INT. 127 RE 257 DESDE 1057049-323-LP25 (OC for,6
1057049-13366-SE26,FCU . PAC. ID. 1057049-234-LR23 INT. 1583/2023 PROGRAMA INSUMOS MARZO-ABRIL 2026,12
1057049-13526-CM26,JCD CM PROGRAMA PAC INSUMOS MARZO- ABRIL 2026,12
1057049-13909-AG26,BMC PROGRAMA PAC MARZO - MAYO 2026 OBSTETRICIA AG 1057049-172-COT26,12
1057049-14049-SE26,BMC RE N°814 ID.1057049-92-LE24 INT. 604/2024 PAC PROGRAMA INSUMOS MAYO- JUNIO 2026,12
1057049-14085-TD26,Orden de Compra generada por Trato Directo ID 1057049-12-FTD26,12
1057049-14142-SE26,BMC RE N°862 ID 1057049-96-LP24 PAC PROGRAMA INSUMOS MAYO - JUNIO 2026,12
1057049-14348-SE26,"JAC ""CONSIGNACIONES FUS 2383/2023  ID.1057049-158-LQ24 ADJ: INT.960/2024 CONT: INT.1335/2024 TRAUMATOLOGIA GUIA:5248 COT:7334 PCTE: M.A.S CX:27-02-2025  RT:4861",6
1057049-14354-SE26,"JAC ""CONSIGNACIONES FUS 2383/2023  ID.1057049-158-LQ24 ADJ: INT.960/2024 CONT: INT.1335/2024 TRAUMATOLOGIA GUIA:5235 COT:2740 PCTE: X.P.G CX: 27-02-2026  RT: 4859",6
1057049-14375-SE26,GSP INT 791/2024 1057049-146-LP24 PAC ABRIL 2026 BODEGA GENERAL TUBOS DE EXÁMENES,12
1057049-14380-SE26,GSP INT 1053/2025 1057049-213-LQ25 PAC ABRIL 2026 BODEGA GENERAL TUBO TAPA GRIS 2ML GLICEMIA C/ FLUORURO	,12
1057049-14381-SE26,GSP INT 2004 02-09-2025 DESDE 1057049-170-LE25. PAC ABRIL 2026. TUBO TAPA LILA 0.5 ML. HEMOGRAMA EDTA K2E,12
1057049-14424-SE26,GSP INT 1402/2025 1057049-282-LE25 PAC CDT ABRIL-JULIO 2026 TORULA EN TUBO CON MEDIO DE TRANSPORTE STUART,12
1057049-14455-TD26,Orden de Compra generada por Trato Directo ID 1057049-112-FTD25,12
1057049-14457-TD26,Orden de Compra generada por Trato Directo ID 1057049-12-FTD26,12
1057049-14499-SE26,JAC CONSIGNACION ADQUISICION DE SISTEMA DE TRANSPORTE OSEO MONOLATERAL Y CIRCULAR HIDRIDO ADULTO Y PEDIATRICO TIPO DRIVE RAIL  DESDE 1057049-180-LQ25 FUS 445/2025 PCTE:A.A.T CX: 19-03-2026 GUIA 71136-71138 RT7416,12
1057049-14500-SE26,JAC PAC INT 1195  RES. EX. 2160 ID: 1057049-206-LE25 PAC ORTOPEDIA Y TRAUMATOLOGIA INFANTIL PCTE: A.CH.S CX: 06-03-2026 GUIA 71535 COT 26088 RT 4721,12
1057049-14503-SE26,SHV RES 1005  PAC MAYO-JUNIO 2026 ADQUISICION HISOPO 1057049-12-LE26,12
1057049-14505-SE26,JAC PAC INT 1195  RES. EX. 2160 ID: 1057049-206-LE25 PAC ORTOPEDIA Y TRAUMATOLOGIA INFANTIL PCTE: V.R.A CX: 13-02-2026 GUIA 70566 COT 26014 RT 4710,12
1057049-14507-SE26,JAC CONSIGNACIONES INT 989 RX 2000 FUS 606/2025 SUMINISTRO DE IMPLANTES PARA CIRUGIA PEDIATRICA DE COLUMNA DESDE 1057049-195-LP25 PCTE:J.C.B CX: 25-03-2026 COT: 26051. RT: 7429 GUIA 71354-71308.,12
1057049-14508-SE26,JAC CONSIGNACIONES INT 989 RX 2000 FUS 606/2025 SUMINISTRO DE IMPLANTES PARA CIRUGIA PEDIATRICA DE COLUMNA DESDE 1057049-195-LP25 PCTE:E.A.D CX: 01-04-2026 COT: 26095. RT: 7451 GUIA 71478.,12
1057049-14509-SE26,JAC INT. 1001 RE 2058 FUS 299/2025 COLUMNA DESDE 1057049-115-LE25. PCTE P.P.V COT 26072 RT 7432 GUIA 71316,12
1057049-14516-SE26,"ICC. 1057049-263-LR25, Res. Ex. N° 2791 / Int 1521- PAC ENERO-ABRIL EQUIPOS INDUSTRIALES  GUANTES DE CABRITILLA LARGOS",6
1057049-14521-SE26,MES INT 431 RES 1028/2026 ID1057049-49-LE26. (OC FORMALIZACION DE CONTRATO) PAC INSUMOS MARZO-ABRIL2026,12
1057049-14588-SE26,SHV INT 1028 RES 2070 PAC ABRIL-MAYO 2026 ADQUISICION INSUMOS DE DENTALES PARA EDODONCIA ODONTOPEDIATRIA Y PERIODONCIA DESDE 1057049-132-LE25,12
1057049-14589-SE26,SHV INT 1028 RES 2070 PAC ABRIL-MAYO 2026 ADQUISICION INSUMOS DE DENTALES CONOS 1057049-132-LE25,12
1057049-14628-SE26,BMC INT 529/2026 RE 1091 ADJUDICA 1057049-50-LE (OC formalización de contrato) PROGRAMA PAC MARZO-ABRIL 2026,12
1057049-14633-SE26,SHV INT 339/2024 1057049-441-LR23 PAC MAYO FALTANTE 2026 REACTIVOS AUTOINMUNIDAD,12
1057049-14652-AG26,MCM - DESDE 1057049-247-COT26 - FUS 19 - EVALUACION DE DIAGNOSTICO Y EVAULIACION CORRECTIVA,6
1057049-14674-AG26, CAPS PAC PROGRAMA INSUMOS ANUAL 2026 desde  compra ágil: 1057049-237-COT26,12
1057049-14704-CM26,SHV CM PAC MAYO-JUNIO 2026 DETERGENTE ANTIOXIDANTE PARA INTRUMENTAL SURGISTAIN 1057049-14704-CM26,12
1057049-14724-SE26,SHV INT 738/2024 1057049-140-LP24 PAC MAYO-JUNIO 2026 TUBO P/UROANÁLISIS 8ML. C/PRESERVANTE SISTEMA AL VACIO.,12
1057049-14725-SE26,SHV INT 1053/2025 1057049-213-LQ25 PAC MAYO-JUNIO 2026 BODEGA GENERAL TUBO TAPA GRIS 2ML GLICEMIA C/ FLUORURO,12
1057049-14743-SE26,MES INT 738/2024 1057049-140-LP24 PAC MAYO - JUNIO 2026 TORULA SUPERFICIE CLEAN-TRACE-CLEAN TRACE BODEGA DE INSUMOS,12
1057049-14801-AG26,JCD PROGRAMA INSUMOS  PAC (ANUAL) DESDE AG: 1057049-263-COT26,6
1057049-14838-CM26,BMC CM PROGRAMA PAC INSUMOS MAYO 2026,6
1057055-3401-SE25,MES INT 2015 RES 3402 1057055-88-LQ23 PAC MARZO 2025 METAMIZOL 250 MG SUPOSITORIO,12
1057055-4073-AG25,"GSP AG PAC ÁCIDO SALICÍLICO 2% CREMA MAGISTRAL, DESPACHOS PARCIALES compra ágil: 1057055-186-COT25",12
1057055-536-SE26,SHV INT 294/2025 1057055-14-LE25 PAC ABRIL 2026  PREPARADOS MAGISTRALES,12
1057055-537-SE26,SHV INT 900 RES 1969 1057055-29-LQ25. PAC ABRIL 2026 MAGISTRALES,12
1057055-567-SE26,MES INT 251/2026 1057055-7-LE26 PAC MAYO 2026 ALIMENTOS SEDILE PEPTI JUNIOR 400 GRS,12
1057055-584-SE26,GSP INT 531/2025 1057055-29-LQ25. PAC ABRIL 2026 HIDRATO DE CLORAL 5% SOL CC,12
1057055-682-TD26,Orden de Compra generada por Trato Directo ID 1057055-29-FTD25,12
1057055-724-SE26,SHV INT 556/2025 1057055-32-LQ25 PAC ABRIL 2026 AGUA DESTILADA 500 ML ,12
1057055-725-SE26,SHV INT 294/2025 1057055-14-LE25 PAC MAYO 2026  PREPARADOS MAGISTRALES,12
1057055-726-SE26,SHV INT 900 RES 1969 1057055-29-LQ25. PAC MAYO 2026 MAGISTRALES,12
1057055-729-SE26,SHV INT 294/2025 1057055-14-LE25 PAC MAYO 2026  PREPARADOS MAGISTRALES,12
1057055-741-SE26,SHV INT 480/2025 1057055-35-LQ25 PAC  ABRIL 2026 CLOTIAZEPAM 5 MG COM. FALTANTE CENABAST,12
1057055-745-SE26,SHV INT 1517/2025 1057055-109-LE25 PAC MAYO 2026 AMINOACIDOS PEDIATRICOS 10% 100 ML,12
1057374-143-AG26,BICICLETA ESTATITCA Orden de Compra generada por invitación a compra ágil: 1057374-62-COT26,6
1057379-226-SE26,COSTO FIJO Y VARIABLE DE IMPRESORAS EN ARRIENDO PARA SERVICIOS ADMINISTRATIVOS-URGENCIA Y MEDICINA - ABRIL 2026 (16 DE 36) HSAP,12
1057379-232-SE26,COMPRA DE MANTENCION PREVENTIVA SILLON DENTAL - MAYO 2026 HSAP,6
1057384-35-SE26,Servicio Tens apoyo APS,12
1057384-37-SE26,Servicio de Digitadora,12
1057387-202-SE26,CONVENIO REACTIVOS E INSUMOS PARA LABORATORIO,12
1057388-213-CC26,"TEST REPORTADO, GALENICA",6
1057389-1996-CM26,Artículos de Aseo e Higiene ,12
1057389-2385-SE26,CIRCUITO DE ANESTESIA PEDIÁTRICO,6
1057389-2391-AG26,ASAS DE ALAMBRE PARA EXTRACTOR DE AMIGDALAS D 0.4 X50 MM,6
1057389-2392-AG26,POSITO ADHESIVO TRANSPARENTE ESTERIL   PAD CENTRAL  5 X 7 CM (DERMATOLOGIA),4
1057402-1141-SE26,BANCO DE SANGRE/ENERO 2026/SERASCAN(INS),12
1057402-1589-SE26,(5074) MANTENCION PREVENTIVA PLANTA EYECTORA Y BOMBAS EVACUADORAS DEL HCM. 1/4,6
1057402-2676-SE26,C.MEZCLAS/MARZO/BOLSA PARENT(INS)	,12
1057402-2682-SE26,C.MEZCLAS/MARZO/MASCARILLA(INS),12
1057402-3616-AG26,PEDIDO T.O. ABRIL 2026/VENDAJES POLIESTER COLORES Y ESTAMPADOS (PROT),12
1057402-3676-AG26,(5074) Suministro de Sensores de Temperatura y Humedad Pabellones. Compra ágil: 1057402-553-COT26,12
1057402-3796-SE26,PABELLON.ABRIL.CATETER.BRONQUIAL.(INS),12
1057402-3965-SE26,ODONTOLOGIA/ABRIL 2026/CLAMPS (INS),12
1057402-4118-SE26,ESTERILIZACION/ABRIL 2026/GASA ESTERIL(INS),12
1057402-4264-SE26,NEO/ABRIL/JERINGA 50 CC FOTOP. -SONDA NASOE (INS),12
1057402-4302-SE26,PERIDONCIA/ABRIL 2026/FRESAS REDONDAS (INS),12
1057402-4318-SE26,(MIS) ALIMENTOS PACIENTES MAYO/F. Y VERDURAS,12
1057402-4333-SE26,(MIS) ALIMENTOS PACIENTES MAYO/JARDÍN INFANTIL,12
1057402-4360-TD26,Orden de Compra generada por Trato Directo ID 1057402-55-FTD26,12
1057402-4366-SE26,(MIS) ALIMENTOS FUNCIONARIOS MAYO/CARNEOS,12
1057402-4448-SE26,GENERALES/MAYO 2026/EQUIPO ADMINISTRACION(INS),12
1057402-4614-SE26,SAN/MAYO/ADAPTADOR ENFIT (INS),12
1057402-4725-CM26,LABORATORIO/ABRIL/TOMA DE MJUESTRAS (iNS),12
1057402-4726-SE26,BANCO DE SANGRE/ABRIL 2026/CONTROL CALIDAD(INS),12
1057402-4729-SE26,BANCO DE SANGRE/ABRIL 2026/SERASCAN DIANNA(INS),12
1057402-4790-CM26,REPASO CENABAST/ABRIL 2026/PECHERAS(INS),12
1057402-4875-SE26,(MIS)TEXTILES/ROPA OPERAR/P.MAYO,6
1057402-4899-SE26,(MIS)TEXTILES/VARIOS/P.MAYO,6
1057402-4906-SE26,(MIS)TEXTILES/SABANAS/PEDIDO EXTRA MAYO,6
1057402-4914-AG26,(5074) Adquisición barra antipánico y flexibles de ducha. Compra ágil: 1057402-673-COT26,6
1057402-4936-SE26,(MIS)TEXTILES/ALMOHADAS/P. MAYO,6
1057402-4962-SE26,HEMODINAMIA/MAYO/SET MICROPUNCION (INS),4
1057402-4970-SE26,PEDIDO COMERCIALIZACIÓN MEMO N°70-2026/LENTES ACCIDENTE ESCOLAR PCTE. G.C.A. (PROT),6
1057402-4977-SE26,HEMODINAMIA/MAYO/CATETERES ANGIOGRAFICOS (iNS),6
1057402-4978-SE26,HEMODINAMIA/MAYO/BALON-MICROCATE-EXTENS-GUIA (INS),4
1057402-4981-AG26,HEMODINAMIA/MAYO/PARTICULAS EMBOLIZA (iNS),6
1057402-4983-SE26,PEDIDO OFTALMOLOGIA/ESTRABISMO GES NOMINA N°26 (PROT),6
1057402-4990-SE26,PEDIDO OFTALMOLOGIA/CONSUMO LENTES INTRAOCULARES 2° QUINCENA ABRIL 2026 (PROT),6
1057402-4991-SE26,PEDIDO FARMACIA MAYO 2026/MALLA HERNIA INGUINAL 15*10 (PROT),4
1057414-332-AG26,AG - ADQUISICION DE BOTIQUIN DE PRIMEROS AUXILIOS - BDSS233294 -  22.04.012 - REQ. 187 - (MCS) ,6
1057414-333-SE26,CS- SERVICIO HORAS EXTRAORDINARIAS ASEO PARA MES ABRIL 2026- 22.08.001 - BDSS215225- (aag),6
1057417-10218-AG26,"IG rrr AG SA N°413579 ESCALERA, CARROS Y TARIMA",12
1057417-10667-CM26,"IG jpg AG, pedido abril 2026, materiales de oficina.",12
1057417-11691-AG26,IG rrr AG PEDIDO MAYO CABLES LIBRE DE HALÓGENOS,6
1057417-11873-SE26,"SG DSB LP ARRIENDO DE CENTRAL DE MONITOREO (CUOTA N°1), MEMO N°CAVR428591",6
1057422-298-SE26,LIC-INSUMOS DENTALES-2204004005-HFCY63129-MVF,6
1057422-304-SE26,CS-MONITOR-2905001-HFCY65041-CAP,6
1057429-1065-AG26,TURBINA DESECHABLE Y BOQUILLA PARA ESPIROMETRIA: 1057429-711-COT26,12
1057429-1085-CM26,SET DE CURACIÓN DESECHABLE,12
1057429-1117-AG26,MATERIALES DE CONSTRUCCION (SOL 12013 SSGG PARA CUARTO  DE BODEGA),6
1057429-1119-AG26,TRASLADO DE PERSONAL  (SOL 12012 SSGG),4
1057429-1120-AG26,ALIMENTOS BIMENSUALES 3 (F) MAYO-JUNIO,4
1057429-670-AG26,TEJIDO TUBULAR,12
1057430-1116-SE26,Gases Medicinales ,12
1057430-1134-CM26,Reposición insumos Esterilización ,12
1057430-1138-CM26,Reposición Insumos Esterilización,12
1057430-1140-SE26,Reposición Insumos Tubos Endo,12
1057431-1202-SE26,ORDEN DE COMPRA DESDE 2157-163-LP25,6
1057431-1398-SE26,Perteneciente a licitacion 2157-154-LQ24,12
1057432-20-SE26,ADQUISICIÓN DE SILLAS DE RUEDAS ELÉCTRICAS DESDE 1057432-80-LE25,6
1057434-377-AG26,UNIDAD DENTAL LIMA K ABRIL CVMF 2026.,12
1057434-492-AG26,PRECI TRAY LAMINA FOTO CJ UNIDAD DENTAL CVMF 2026.,12
1057434-496-SE26,"INSUMOS CLINICOS VACUNATORIO CVMF, MAYO 2026",12
1057434-509-AG26,UNIDAD DENTAL CARRO DE PARO ABRIL CVMF 2026.,6
1057434-510-AG26,400 CONSULTA OFTALMOLÓGICA PARA PROGRAMA RESOLUTIVIDAD EN ATENCIÓN PRIMARIA CESFAM DR. VMF.  Compra ágil: 1057434-196-COT26,4
1057434-511-AG26,"INSUMOS CLINICOS S.A.R CVMF, MAYO 2026 a compra ágil: 1057434-222-COT26",6
1057434-512-AG26,"INSUMOS CLINICOS S.A.R CVMF, MAYO 2026 a compra ágil: 1057434-225-COT26",4
1057434-513-AG26,"INSUMOS CLINICOS ESTERILIZACION CVMF, MAYO 2026 a compra ágil: 1057434-227-COT26",4
1057434-514-AG26,FLUOR CLINPRO™ CLEAR TRATAMIENT O CON FLUORURO UNIDAD DENTAL CVMF 2026.,4
1057439-2820-AG26,Kit Diastream Orden de Compra generada por invitación a compra ágil: 1057439-2451-COT26,4
1057439-2999-CM26,INS-0095	CATETER VENOSO CENTRAL TRIPLE LUMEN 7FR * 20CM,6
1057439-3063-TD26,Orden de Compra generada por Trato Directo ID 1057439-507-FTD26,6
1057439-3139-CM26,Orden de Compra: 1057439-3139-CM26,6
1057439-3148-TD26,Orden de Compra generada por Trato Directo ID 1057439-517-FTD26,4
1057439-3165-AG26,TERMOMETRO HIGROMETRO AMBIENTAL DIGITAL SIN CALIBRACION 1057439-2827-COT26,6
1057439-3166-AG26,[[INS-5238]] REMOVEDOR DE ADHESIVO (SUTURA) SPRAY 1057439-2855-COT26,4
1057439-3170-AG26,BOLSA PREPICADA KILO / 	1057439-2767-COT26,4
1057439-3172-AG26,CLORHEXIDINA SOLUCION TOPICA 2% COLOREADA APLICADOR 26 ML,4
1057439-3177-AG26,INS-3946 ACIDOS GRASOS HIPEROXIGENADOS SOL. TOPICA FC 30 ML 1057439-2860-COT26,4
1057461-696-SE26,LAB/ TSH3 (URGENTE)	,6
1057472-7791-SE26,ORDEN DE COMPRA DESDE 1057472-26-LP26,4
1057472-8511-SE26,INSUMOS EQUIPOS MÉDICOS,12
1057472-8518-SE26,INSUMOS EQUIPOS MÉDICOS,12
1057472-8527-SE26,INSUMOS EQUIPOS MÉDICOS,12
1057472-8528-SE26,INSUMOS EQUIPOS MÉDICOS,12
1057472-8695-AG26,Orden de Compra generada por invitación a compra ágil: 1057472-198-COT26,4
1057473-152-SE26,SERVICIO DE ASEO Y DESINFECCION MOVILES SAMU MES DE ABRIL DESDE LIC.1057473-19-LE25 ,12
1057476-426-SE26,ORDEN DE COMPRA DESDE 1057476-46-LE25,5
1057476-428-AG26,Orden de Compra generada por invitación a compra ágil: 1057476-121-COT26,4
1057480-1037-SE26,ORDEN DE COMPRA DESDE 1057480-53-LQ25	,12
1057480-1149-AG26,Orden de Compra generada por invitación a compra ágil: 1057480-275-COT26,6
1057480-1310-SE26,ROCHE CHILE LIMITADA,9
1057480-1325-SE26,FERNANDO VERGARA SILVA,12
1057486-313-TD26,Orden de Compra generada por Trato Directo ID 1057486-7-FTD26,6
1057489-4343-CM26,DELANTAL DESECHABLE MANGA LARGA ,12
1057489-5794-CM26,KIT APOSITO  PARA TERAPIA DE PRESION NEGATIVA SIN PLATA,12
1057489-5860-SE26,IC APOSITOS FILM ABSORBENTES 1057489-559-LQ24,12
1057489-5909-SE26,IC INMOVILIZADOR DE HOMBRO 1057489-52-LE24,12
1057489-5911-SE26,IC GUANTES PROCEDIMIENTO DE ALTO RIESGO 1057489-532-LQ24 ,6
1057489-6230-SE26,SERVICIO DE MANTENIMIENTO CORRECTIVO Y PREVENTIVO 2 LAVACHATAS Y 1 LAVADORA ULTRASONICA CORRECTIVO,6
1057489-6242-SE26,RESONANCIA MAGNéTICAS CARDIACAS ADULTO PARA EL HDS,6
1057489-6277-SE26,IC 2003400123 	ELECTRODO LAPAROSCÓPICO HOOK PUNTA AISLADA Y RECUBIERTA EDGE TIPO E3773-36C  1057489-307-LE25 ,6
1057491-2105-SE26,CMM/PROGRAMA DE COMPRAS IMG/ABRIL 2026,9
1057491-2576-SE26,SSA/PROGRAMA QUIMICOS/MAYO 2026,6
1057491-2698-SE26,JCO/ECONOMATO/ASEO/mayo 2026,12
1057491-2705-SE26,JCO/ECONOMATO/MENAJE/MAYO 2026,6
1057491-2707-SE26,JCO/ECONOMATO/MENAJE/MAYO 2026,12
1057491-2708-SE26,JCO/ECONOMATO/MENAJE/MAYO 2026,6
1057491-2714-AG26,JCO/PERECIBLES/ALIMENTOS/PACIENTES/MAYO 2026,12
1057491-2734-SE26,MPO/SERVICIOS DE INTERMEDIACIÓN DE CÉLULAS MADRES/MAYO 2026,12
1057491-2737-SE26,CMM/PROGRAMA DE COMPRAS IMG/ MAYO 2026,12
1057491-2773-SE26,CMM/PROGRAMA DE COMPRAS IMG/ MAYO 2026,12
1057491-2774-SE26,MPO/PEDIDO PACIENTE 23215701 RADIOLOGIA INTERVENCIONAL/MAYO 2026,12
1057491-2779-AG26,SSA/PERECIBLES/PACIENTES/MAYO 2026,12
1057491-2780-AG26,MPO/PROGRAMA ECONOMATO-ASEO/MAYO 2026,12
1057491-2800-SE26,MPO/CONTEO EXAMENES VHS/MAYO 2026,6
1057491-2821-SE26,MPO/MANTENCION CORRECTIVA EQUIPOS CLIMATIZACION/MAYO 2026,6
1057491-2822-SE26,MPO/MANTENCION CORRECTIVA EQUIPOS CLIMATIZACION/MAYO 2026,6
1057491-2826-AG26,SSA/PROGRAMA QUIMICOS/MAYO 2026,6
1057492-1128-AG26,A01K0138 -   APOSITO ADH. TRANSP. C/GASA 10X25CM CX25  DESPACHOS PARCIALIZADOSa compra ágil: 1057492-304-COT26,12
1057492-1296-AG26,A01I0634 DRENAJE BLAKE 15 FR/ DESDE 1057492-321-COT26/ DESPACHOS PARCIALES,12
1057492-1605-SE26,INSUMOS MEDICOS SERA SOLICITADO POR CORREO,12
1057492-1607-SE26,"A01S1218 OMNI SET 1,6 (HEPARINA-HEMODIALISIS)	",12
1057492-1610-SE26,A01S0045 TROCAR RAQUÍDEO PUNTA LÁPIZ ATRAUMÁTICO P,12
1057492-1706-SE24,B05O0341 - DESPACHOS PARCIALIZADOS SOLICITADOS VIA EMAIL,12
1057492-1729-AG26,A1S1375 MARCADOR ENDOSCOPICO/ DESDE: 1057492-460-COT26/ DESPACHOS PARCIALES,6
1057492-1731-AG26,A01S1279 ANILLO PELLOSI TALLA L/ DESDE: 1057492-444-COT26/ DESPACHOS PARCIALES,6
1057492-1745-SE26,A01J0217 POLVO HEMOSTÁTICO1057492-114-LE25,6
1057492-1747-SE26,ARRIENDO DE 150 PC AIO,6
1057492-1752-TD26,Orden de Compra generada por Trato Directo ID 1057492-21-FTD24,6
1057492-1759-CC26,SERVICIO ARRIENDO COMPUTADORES (COMPRA CONJUNTA SSMO),6
1057492-215-AG26,A01K0239 ACIDOS GRASOS/ DESDE: 1057492-66-COT26/ DESPACHOS PARCIALES,12
1057492-2209-AG24," A01K0213 PASTA PROTECTORA PARA PIEL , compra ágil: 1057492-372-COT24",12
1057492-2325-SE25,DESPACHO PARCIALIZADO - LICITACION 156-LE24,12
1057492-237-SE24,B04D0010-OC SALDO DESPACHO PARCIALIZADO SOLICITADO POR EMAIL,12
1057492-2522-SE23,A01I0275 JERINGA DES. 20CC LUER LOOCK S/A BD (NEO),12
1057492-366-CM26,B02S0071 - DESPACHOS PARCIALIZADOS 1057492-366-CM26,12
1057492-4004-AG25,A01I0577 DRENAJE TIPO BLAKE 19 FR/DESDE 1057492-389-COT25/ DESPACHOS PARCIALES,12
1057492-5215-CM25,INSUMOS MEDICOS DESPACHOS PARCIALIZADOS: 1057492-5215-CM25,12
1057492-6504-AG25,B04D0004 - DESPACHOS PARCIALIZADOS 1057492-883-COT25,12
1057492-7076-AG25,A01S0194 SET DE NEFROSTOMIA PERCUTANEA 12 FR/ DESDE: 1057492-1002-COT25/ DESPACHOS PARCIALES,12
1057494-1139-AG26,S-COM-26329 Prótesis faciales en PEEK M.M.S. 1057494-148-COT26,12
1057494-1157-CM26,Carne mes abril 2026,12
1057494-1276-SE26,S-COM-26502 Ancla 3.5 K.O.V.,12
1057494-1300-SE26,Art. de escritorio abril 2026 1057494-23-LE25,12
1057494-1402-SE26,BUZO DESECHABLE ESTERIL XXL,12
1057494-1479-SE26,2220078 CANULA INTRAVENA G 24 BRANULA 19MM,12
1057494-1482-SE26,2220523 GUIA HIDROFILIA UROLOGICA 035-150 CM,12
1057494-1487-AG26,Injertos S-COM25918 Compra por  compra ágil: 1057494-214-COT26,12
1057494-1672-AG26,BRAZALETES IDENTIFICACION  compra ágil: 1057494-246-COT26,6
1057494-1736-SE26,ARRIENDO DE CASILLEROS FARMACIA FEB,6
1057494-1737-SE26,ARRIENDO DE CASILLEROS FARMACIA MAR,6
1057494-1751-SE26,DETERGENTE MULTIENZIMATICO 1057494-101-LQ24,6
1057494-1759-SE26,Platos alusa foil 500 ml (C-10) mayo 2026 1057494-,6
1057494-1760-SE26,SET DE CATETERIZACION ARTERIAL CAMPAÑA DE INVIERNO MAYO 2026,6
1057494-1761-SE26,CATETER MIDLINE PERIFERICO 4FR 15 A 20CM  CAMPAÑA DE INVIERNO MAYO 26,6
1057494-1763-SE26,3400443 MINI D -FEND TRAP DAAC8002174 CAMPAÑA DE INVIERNO MAYO  26,6
1057494-1764-SE26,"ESTILETE INTUBACION CHICO (C,TB,EN) 6 FR  CAMPAÑA  INVIERNO MAYO 26 ",6
1057494-1766-SE26,SONDAS DE ASPIRACION CAMPAÑA DE INVIERNO 2026,5
1057494-1769-SE26,BAJADA BOMBA CON PUNZON K-324 CAMPAÑA DE INVIERNO ,6
1057494-1770-SE26, TOALLA JABONOSA (BOLSA 2 UD) CAMPAÑA DE INVIERNO MAYO 26,6
1057494-1771-CM26,Art. de Aseo mayo 2026,6
1057494-1774-SE26,TUBOS ENDOTRAQUEALES MAYO DEL 2026,4
1057494-2480-AG25,Orden compra ágil: 1057494-89-COT25 CANULAS DE HIDRODISECCION PARA DESPACHO DIFERIDO,12
1057494-997-SE26,EQUIPO ADMINISTRACION SANGRE PEDIATRICO,6
1057495-558-SE26,ADQUISICIÓN DE INSUMOS BIOLOGÍA MOLECULAR PARA EL HOSPITAL DR. LUCIO CÓRDOVA DESDE LICITACIÓN ID: 1057495-1-LP26,6
1057496-693-CM26,ADQUISICION DISPOSITIVOS MEDICOS PARCIALIZADO 1057496-693-CM26,12
1057496-737-AG26,ADQUISICION DISPOSITIVO ENGRAPADORA LINEAL CORTANTE 75 MM (STAPLES) 1057496-396-COT26,12
1057496-760-AG26,Adquisicion tintas impresora epson para laboratorio  a compra ágil: 1057496-407-COT26,12
1057496-781-AG26,ADQUISICION DISPOSITIVO GUANTE QUIRURGICO LIBRE DE LATEX ESTERIL SIN POLVO TALLA 7 1/2 PAR 1057496-445-COT26,12
1057496-805-CM26,"Adquisicion colaciones, despacho miércoles ",12
1057496-821-AG26,ADQUISICION DISPOSITIVO ALCOHOL ISOPROPILICO 70 1LT.1057496-497-COT26,12
1057496-827-AG26,"ADQUISICION DISPOSITIVO CLIPS DE HEMOSTASIA PRE MONTADA,ROTABLE, POSICIONABLE,DESECHABLE 13 MM CATETER 2.3 MM PARA CANAL 2.8 LARGO 230 CMS1057496-500-COT26",12
1057496-829-AG26,ADQUISICION DISPOSITIVO MEDICOS APOSITO DEBRIDANTE HIPEROSMÓTICO RINGER (CAJA X 10UD) 1057496-503-COT26,6
1057496-921-AG26,Adquisición escritorio Usam  a compra ágil: 1057496-530-COT26,6
1057498-1695-AG26, OA CATGUT CROMADO N°1 CON AGUJA 915T Orden de Compra generada por invitación a compra ágil: 1057498-1163-COT26,6
1057498-1767-AG26, OA CATGUT CROMADO 3/0 G122T Orden de Compra generada por invitación a compra ágil: 1057498-1203-COT26,6
1057498-1775-CM26,OA CONECTOR LIBRE DE AGUJAS PARA CVC Y VVP Orden de Compra: 1057498-1775-CM26,6
1057498-1795-AG26,LN ESTERILIZACION : 1057498-1228-COT26,6
1057498-1796-AG26,LN ESTERILIZACION 1057498-1230-COT26,4
1057498-1797-AG26,LN ESTERILIZACIÓN 1057498-1231-COT26,4
1057498-1806-AG26, OA SUJETADOR PARA TUBO ENDOTRAQUEAL ORAL ADULTO Orden de Compra generada por invitación a compra ágil: 1057498-1255-COT26,6
1057498-1808-AG26, OA PAÑO BAÑO SECO Orden de Compra generada por invitación a compra ágil: 1057498-1249-COT26,6
1057498-1809-AG26, OA GELITA HEMOSTATICA Orden de Compra generada por invitación a compra ágil: 1057498-1260-COT26,6
1057498-1810-AG26,OA BIKINI BLANCO DESECHABLE Orden de Compra generada por invitación a compra ágil: 1057498-1250-COT26,6
1057498-1811-AG26, OA ACIDO ACETICO AL 5% Orden de Compra generada por invitación a compra ágil: 1057498-1247-COT26,6
1057500-239-SE25,"SERVICIO DE TRANSPORTE, RETIRO Y ELIMINACIÓN Y DESTRUCCIÓN DE DROGAS DESDE 1057500-19-LE25",12
1057500-466-CC24,ARRIENDO DE COMPUTADORES PERSONALES TIPO AIO,12
1057500-523-SE24,ORDEN DE COMPRA DESDE 1057500-41-LR24,12
1057500-69-SE26,ADENDUM LP 1057500-41-LR24,12
1057500-881-SE24,SERVICIO BBDD ORACLE ADMINISTRADAS POR EL SSMSO,12
1057501-3837-SE26,PROGRAMACIÓN REACTIVOS HASTA MAYO 2026,4
1057501-4367-SE26,REPOSICIÓN INSUMOS HASTA MAYO 2026,6
1057501-4369-SE26,PABELLON MATERNIDAD S.C.E N° 419846,6
1057501-4370-SE26,REPOSICIÓN INSUMOS HASTA MAYO 2026,6
1057501-4372-SE26,REPOSICIÓN INSUMOS HASTA MAYO 2026,6
1057501-4503-SE26,REPOSICIÓN INSUMOS HASTA MAYO 2026,4
1057501-4668-SE26,LOGIST COMPRA CLORO DESDE -182-LE25 MAYO 2026,6
1057501-4671-SE26,LOGIST OC AGUA DEST DESDE -182-LE2  MAYO  2026,4
1057501-4741-SE26,COMPRA ART. DESECH -372-R125 MAYO 2026,6
1057501-4805-CM26,LOGIST   COMPRA  DE ALIMENTOS  MAYO  2026  ,6
1057501-4925-SE26,REPOSICIÓN INSUMOS HASTA MAYO 2026,6
1057501-4954-SE26,CLAVE 20-222 INSUMOS HASTA MAYO,6
1057501-4976-SE26,PROGRAMACIÓN INSUMOS HASTA MAYO 2026,6
1057501-5015-SE26,COMPRA ART. DESECH 1057501-372-LQ24  MAYO 2026	,6
1057501-5055-CM26,Orden de Compra: 1057501-5055-CM26,4
1057501-5058-SE26,CLAVE 20-222 INSUMOS HASTA MAYO,4
1057501-5085-SE26,INSUMOS RPCA HASTA MAYO,4
1057501-5088-SE26,INSUMOS RPCA HASTA MAYO,4
1057501-5106-AG26,INSUMOS compra ágil: 1057501-963-COT26,4
1057503-1842-SE26,CONSUMO 31/03/2026,12
1057503-1851-SE26,Consumo del 03/01/2026 al 13/02/2026,6
1057503-2304-AG26,MEMO N°1 CAIF DEL 24.04.2026 compra ágil: 1057503-1223-COT26,6
1057503-2369-AG26,compra ágil: 1057503-1307-COT26,6
1057503-2374-AG26,Compra ágil: 1057503-1311-COT26 (MAYO),6
1057503-2383-CM26,Orden de Compra: 1057503-2383-CM26,6
1057503-2393-AG26,Compra ágil: 1057503-1295-COT26 (Prog. Mayo),6
1057503-2417-AG26,Cánula Nasal a compra ágil: 1057503-1323-COT26,6
1057503-2419-CM26,PROG INSUMOS CLÍNICOS MAYO,5
1057503-2424-SE26,LIC 1057503-117-LP25 (Prog. Mayo),6
1057503-2430-AG26,compra ágil: 1057503-1332-COT26,4
1057503-2432-SE26,LIC 1057503-53-LQ25 (Prog. Mayo 2026),4
1057506-2288-CM25,Orden de Compra: 1057506-2288-CM25,12
1057506-2577-AG25,Orden de Compra generada por invitación a compra ágil: 1057506-379-COT25,12
1057508-1522-AG26,PROGRAMA EPP,12
1057508-1581-SE26,ORDEN DE COMPRA DESDE 1057508-38-LE26,4
1057508-1582-SE26,ORDEN DE COMPRA DESDE 1057508-38-LE26,4
1057508-1583-SE26,ORDEN DE COMPRA DESDE 1057508-38-LE26,4
1057508-1677-SE26,ARRIENDO SALON REUNION CIRA MAYO,4
1057508-1681-SE26,CONVENIO ALARMAS Y MONITOREO ARBIRL 2026,6
1057508-1682-SE26,ARRIENDO MAQUINAS DE AGUA ABRIL 2026,6
1057509-1528-SE26,REPARACION CAMAS CLINICAS (CONV-EQUIPOS-CCA),12
1057509-1534-SE26,MANTENCION CORRECTIVA EQUIPOS (CONV-EQUIPOS-CCA),12
1057509-1536-SE26,REPARACIONES POR SERVICIOS DE TALLER MES DICIEMBRE 2025 (CONV-EQUIPOS-CCA),12
1057509-1554-SE26,MANTENCION CORRECTIVA EQUIPOS (CONV-EQUIPOS-CCA),12
1057509-1560-SE26,CONVENIO ARRIENDO DE ELECTROENCEFALOGRAFO MES ENERO 2026 (CONV-EQUIPOS-CCA),12
1057509-2773-SE26,ADQ. REPUESTO EQUIPO (CONV-EQUIPOS-CCA),12
1057509-2785-SE26,MANTENCION PREVENTIVA SCANNER TOSHIBA FEBRERO 2026 (CONV-EQUIPOS-CCA),12
1057509-3354-SE26,MANTENCION PREVENTIVA EQUIPOS CRITICOS MARZO 2026 (CONV-EQUIPOS-CCA),12
1057509-4983-TD26,Orden de Compra generada por Trato Directo ID 1057509-2948-FTD25,4
1057509-5209-TD26,Orden de Compra generada por Trato Directo ID 1057509-882-FTD26,6
1057509-5211-SE26,MANTENCION CORRECTIVA INCUBADORA GIRAFFE (CONV-EQUIPOS-CCA),9
1057509-5317-CC26,TRANSPORTE DE RESIDUOS PELIGROSOS - ABRIL 2026 (CONV-CRASI-CCA),4
1057509-5320-SE26,INSUMO CAMPAÑA DE INVIERNO 2025(Conv. - CJM),6
1057509-5324-CC26,INSUMOS CAMPAÑA DE INVIERNO 2026(Conv. - CJM) ,5
1057509-5326-SE26,ADQ. CAMPAÑA INVIERNO MAYO 2026 (CONV-HCHM-PBA),6
1057509-5327-SE26,INSUMO CAMPAÑA DE INVIERNO 2026(Conv. - CJM),6
1057509-5329-CC26,CUADRO ROPERIA Y TEXTILES MAYO 2026 (CONV.-SSÑ-PBA),6
1057509-5331-SE26,MANTENCION CORRECTIVA INCUBADORA GIRAFFE (CONV-EQUIPOS-CCA),4
1057509-5333-SE26,RETIRO DE RESIDUOS DOMICILIARIOS E INDUSTRIALES ABRIL 2026 (CONV-CRASI-CCA),4
1057509-5334-AG26,Insumo mes de  Mayo( compra agil-bodega-JOP) 1057509-490-COT26,4
1057509-5335-SE26,PEDIDO DE MELAMINA (CONV-CRASI-CCA),4
1057509-5336-AG26,"CUADRO DENTAL MAYO-JUNIO 2026 (CA,PSM) 1057509-473-COT26",4
1057509-5337-SE26,CUADRO MENAJE MAYO 2026 (CONV.HCHM.PBA),4
1057509-5338-AG26,Orden de Compra generada por invitación a compra ágil: 1057509-487-COT26,4
1057509-5339-SE26,"Reemplaza oc 1057509-3918-SE26 Pan abril 2026 (Conv, PRM)",4
1057510-1745-AG26,"Orden de Compra generada por invitación a compra ágil: 1057510-748-COT26, Ayudas Tecnicas Mayo 2026",6
1057510-1746-AG26,Orden de Compra generada por invitación a compra ágil: 1057510-747-COT26; Insumos Dentales Mayo 2026,6
1057510-1751-AG26,INSUMOS MEDICOS ABRIL 2026 (C.A. - FNB),6
1057510-1757-AG26, INSUMOS LABORATORIO MAYO 2026,4
1057510-1758-AG26,INSUMOS MEDICOS ABRIL 2026 (C.A. - FNB),4
1057510-1759-AG26,Orden de Compra generada por invitación a compra ágil: 1057510-770-COT26; Silla de Rueda Pediatrica,4
1057510-1760-SE26,"Provision de pan, abril 2026",4
1057512-385-CM26,INSUMOS MEDICOS MAYO 2026.,6
1057512-426-CC26,OXIGENO MEDICO 12/05/2026,4
1057532-4627-SE25,F-3-125-JOA Convenio Suministro de Correspondencia y Encomiendas año 2025 y 2026,12
1057532-5446-CM25,F3-187- AVP//Artículos de Oficina para stock de Bodega General año 2025-2026//Subdepto. Abastecimiento.,12
1057532-664-SE26,CC-RUA/Mant. Preventiva refrigerador COSAM Oriente/Mayo 2026,6
1057532-665-SE26,CC-RUA/Mant. Preventiva Refrigerador COSAM Rahue/Mayo 2026,6
1057532-681-SE26,CC-JFR/Mant. Correctiva Chevrolet D-MAX; PPU:JJ.ZG,4
1057534-440-CC26,Reactivos Convenio Abril,12
1057534-507-SE26,Insumos dentales Ortodoncia ,12
1057534-508-SE26,Insumos dentales Ortodoncia,12
1057534-509-SE26,Insumos dentales Ortodoncia,12
1057534-513-SE26,Reactivos e Insumos laboratorio Abril,12
1057534-514-SE26,Reactivos e Insumos laboratorio Abril,12
1057534-516-SE26,Reactivos e Insumos laboratorio Abril,12
1057534-517-SE26,Reactivos e Insumos laboratorio Abril,12
1057534-518-SE26,Reactivos e Insumos laboratorio Abril	,12
1057534-519-SE26,Reactivos e Insumos laboratorio Abril,12
1057534-520-AG26,Para detección C.DIFFICILE TOXINA A/B + GDH,12
1057534-523-CC26,Pedido Oxígeno 04-05,12
1057534-550-SE26,Insumos clínicos Abril,12
1057535-224-CC26,ARRIENDO DE CILINDROS OXIGENO ABRIL 2026,6
1057535-226-AG26,COMPRA DIESEL B A GRANEL P/CALDERAS MAYO 2026 EXTRA POR INCONVENIENTE EN CALDERA A CHIPS,4
1057536-1258-AG26,ADQUISICION VESTUARIO DE SEGURIDAD,6
1057536-1351-AG26,COMPRA REGULADOR DE OXIGENO SAMU RELONCAVI,4
1057536-296-SE26,CODIGO DE RESERVA AYOUTZ-AGKVQY CHAITEN-PTO MONTT,12
1057539-3274-SE26,1057539-150-LR24DE TOALLAS SECADO MANOS Y PAPEL HIGIENICO,4
1057539-3338-AG26,INSUMOS MEDICOS ALMACEN MAYO/2026,6
1057539-3392-SE26,INSUMOS MEDICOS ALMACEN MAYO/2026,6
1057539-3449-SE26,MESA QUIRURGICA PABELLÓN ,6
1057539-3454-SE26,INSUMOS MEDICOS ALMACEN MAYO/2026,6
1057539-3477-CM26,Orden de Compra: 1057539-3477-CM26/KCTVDV/LA0454916JEWG PASAJE PACIENTE,6
1057540-1176-AG26,"MAH, COMPRA ADAPTADOR LUER, P/1080",6
1057540-1201-SE26,"AUL, COMPRA CEPILLO CERDAS DURAS  P/1080",6
1057540-1224-SE26,"MAH, COMPRA ROLLO VELCRO ADHESIVO LOOP 5CMX25M, P/1080",6
1057540-1266-AG26,APT ADQUISICIÓN CAJAS PLASTICAS 6 Y 15 LT,4
1057540-560-CM26,CVE COMPRA ALIMENTOS,12
1057540-563-SE26,CVE PANADERIA MARZO-ABRIL 2026,12
1057540-622-AG26,CVE LACTEOS 1+ 1 MARZO Y ABRIL 2026,12
1057540-820-AG26,HLR CALIBRACION EQUIPO MULTIGAS,12
1057543-789-SE26,REPOSICION LENTES INTRAOCULARES (06-07 mayo),6
1057544-10056-CM24,Orden de Compra: 1057544-10056-CM24,12
1057544-11722-SE25,ORDEN DE COMPRA MATERIALES DE OFICINA,12
1057544-13562-SE25,ORDEN DE COMPRA DESDE 1057544-180-LR25,12
1057544-14375-CM25,Orden de Compra generada por la Gran Compra: 77116,12
1057544-15282-SE25,PROVENIENTE DE GC 77116,12
1057544-15284-SE25,PROVENIENTE DE GC 77116,12
1057544-27465-AG25,Orden de Compra generada por invitación a compra ágil: 1057544-464-COT25,12
1057544-5970-CM26,Orden de Compra: 1057544-5970-CM26,12
1057544-6628-CM26,Orden de Compra: 1057544-6628-CM26,12
1057544-6655-AG26,Orden de Compra generada por invitación a compra ágil: 1057544-42-COT26,12
1057544-6660-AG26,Orden de Compra generada por invitación a compra ágil: 1057544-49-COT26,12
1057544-7448-AG26,Orden de Compra generada por invitación a compra ágil: 1057544-93-COT26,12
1057544-7667-SE26,ORDEN DE COMPRA DESDE 1057544-174-LR25	,12
1057544-7668-SE26,ORDEN DE COMPRA DESDE 1057544-174-LR25	,12
1057544-8175-SE26,ORDEN DE COMPRA DESDE 1057544-318-LP25	,12
1057544-8383-AG26,Orden de Compra generada por invitación a compra ágil: 1057544-133-COT26,12
1057544-85-SE26,ORDEN DE COMPRA DESDE 1057544-174-LR25	,12
1057544-8681-SE26,ORDEN DE COMPRA DESDE 1057544-174-LR25,12
1057544-8792-SE26,ORDEN DE COMPRA DESDE 1057544-147-LP24	,12
1057544-8801-SE26,ORDEN DE COMPRA DESDE 1057544-174-LR25	,12
1057544-8802-SE26,ORDEN DE COMPRA DESDE 1057544-174-LR25,12
1057544-8804-SE26,ORDEN DE COMPRA DESDE 1057544-174-LR25,12
1057544-8808-SE26,ORDEN DE COMPRA DESDE 1057544-174-LR25	,12
1057544-8813-SE26,ORDEN DE COMPRA DESDE 1057544-174-LR25	,12
1057544-8814-SE26,ORDEN DE COMPRA DESDE 1057544-174-LR25	,12
1057544-8815-SE26,ORDEN DE COMPRA DESDE 1057544-174-LR25,12
1057544-8830-SE26,ORDEN DE COMPRA DESDE 1057544-174-LR25,12
1057544-8835-SE26,ORDEN DE COMPRA DESDE 1057544-174-LR25	,12
1057544-8840-AG26,Orden de Compra generada por invitación a compra ágil: 1057544-195-COT26,12
1057544-9273-SE26,ORDEN DE COMPRA DESDE 1057544-113-LP25,12
1057544-9283-SE26,ORDEN DE COMPRA DESDE 1057544-136-LP25,12
1057544-9287-SE26,ORDEN DE COMPRA DESDE 1057544-258-LE25	,6
1057544-9309-CM26,Orden de Compra: 1057544-9309-CM26,6
1057544-9317-SE26,ORDEN DE COMPRA DESDE 1057544-160-B225 (CORRECTIVA,9
1057545-468-SE26,Cotización N°18 Convenio suministro Obras menores DSSLR ID N°1057545-7-LP26,6
1057545-481-SE26,Cotización N°20 Convenio suministro Obras menores DSSLR ID N°1057545-7-LP26,6
1057545-495-SE26,SERVICIO RECARGA TARJETA DE ALIMENTACION NOMINA COMPLEMENTARIA DE FUNCIONARIOS(AS) D.S.S.L.R MES DE MAYO 2026,6
1057547-2367-AG26,Orden de Compra generada por invitación a compra ágil: 1057547-238-COT26,12
1057547-4497-AG26,Orden de Compra generada por invitación a compra ágil: 1057547-670-COT26,12
1057547-5222-SE26,ORDEN DE COMPRA DESDE 1057547-18-LR21,6
1057547-6290-SE26,ORDEN DE COMPRA DESDE 1057547-153-LP25,12
1057547-6327-SE26,ORDEN DE COMPRA DESDE 1057547-139-LR25 CONSIGNACIO,6
1057547-6329-TD26,Orden de Compra generada por Trato Directo ID 1057547-154-FTD25,12
1057547-6334-SE26,ORDEN DE COMPRA DESDE 1057547-139-LR25 CONSIGNACIO,6
1057547-6336-SE26,ORDEN DE COMPRA DESDE 1057547-139-LR25 CONSIGNACIO,6
1057547-6341-SE26,ORDEN DE COMPRA DESDE 1057547-139-LR25 CONSIGNACION,6
1057547-6350-SE26,ORDEN DE COMPRA DESDE 1057547-139-LR25 CONSIGNACIO,6
1057547-6351-SE26,ORDEN DE COMPRA DESDE 1057547-139-LR25 CONSIGNACIO,6
1057547-6362-SE26,ORDEN DE COMPRA DESDE 1057547-17-LQ25,12
1057547-6466-SE26,SERVICIOS DE EXAMENES DE LABORATORIO,6
1057547-6476-TD26,Orden de Compra generada por Trato Directo ID 1057547-128-FTD25,6
1057547-6477-TD26,Orden de Compra generada por Trato Directo ID 1057547-128-FTD25,6
1057547-6572-TD26,Orden de Compra generada por Trato Directo ID 1057547-2-FTD26,6
1057547-6573-TD26,Orden de Compra generada por Trato Directo ID 1057547-152-FTD25,6
1057547-6574-TD26,Orden de Compra generada por Trato Directo ID 1057547-21-FTD25,6
1057547-6575-TD26,Orden de Compra generada por Trato Directo ID 1057547-2-FTD26,6
1057547-6577-TD26,Orden de Compra generada por Trato Directo ID 1057547-152-FTD25,6
1057547-6580-TD26,Orden de Compra generada por Trato Directo ID 1057547-21-FTD25,6
1057547-6582-TD26,Orden de Compra generada por Trato Directo ID 1057547-2-FTD26,6
1057547-6583-TD26,Orden de Compra generada por Trato Directo ID 1057547-152-FTD25,6
1057547-6584-TD26,Orden de Compra generada por Trato Directo ID 1057547-21-FTD25,6
1057547-6586-TD26,Orden de Compra generada por Trato Directo ID 1057547-2-FTD26,6
1057547-6587-TD26,Orden de Compra generada por Trato Directo ID 1057547-152-FTD25,6
1057547-6588-TD26,Orden de Compra generada por Trato Directo ID 1057547-21-FTD25,6
1057547-6589-TD26,Orden de Compra generada por Trato Directo ID 1057547-2-FTD26,6
1057547-6590-TD26,Orden de Compra generada por Trato Directo ID 1057547-152-FTD25,6
1057547-6591-TD26,Orden de Compra generada por Trato Directo ID 1057547-21-FTD25,6
1057547-6592-TD26,Orden de Compra generada por Trato Directo ID 1057547-2-FTD26,6
1057547-6597-TD26,Orden de Compra generada por Trato Directo ID 1057547-152-FTD25,6
1057547-6599-TD26,Orden de Compra generada por Trato Directo ID 1057547-21-FTD25,6
1057547-6601-AG26,Orden de Compra generada por invitación a compra ágil: 1057547-1015-COT26,6
1057547-6606-AG26,Orden de Compra generada por invitación a compra ágil: 1057547-1012-COT26,6
1057547-6608-TD26,Orden de Compra generada por Trato Directo ID 1057547-2-FTD26,6
1057547-6609-TD26,Orden de Compra generada por Trato Directo ID 1057547-152-FTD25,6
1057547-6610-TD26,Orden de Compra generada por Trato Directo ID 1057547-21-FTD25,6
1057547-6620-SE26,ORDEN DE COMPRA DESDE 1057547-308-LR25,6
1057547-6622-SE26,ORDEN DE COMPRA DESDE 1057547-308-LR25,6
1057547-6632-AG26,Orden de Compra generada por invitación a compra ágil: 1057547-1023-COT26,4
1057547-6633-AG26,Orden de Compra generada por invitación a compra ágil: 1057547-1025-COT26,4
1057548-395-AG26,Compra agil: 1057548-217-COT26,4
1057551-210-SE26,GAS GRANEL POLITACO LIC N°1057545-63-LR19,4
1057552-309-AG25,Orden de Compra generada por invitación a compra ágil: 1057552-190-COT25,12
1057552-369-SE26,ORDEN DE COMPRA DESDE 1057552-10-LE25,6
1057552-372-AG26,Orden de Compra generada por invitación a compra ágil: 1057552-214-COT26,6
1057553-158-SE26,SERVICIOS PREVENTIVOS EQUIPOS CRITICOS IMAGENOLOGIA GRUPO 7 DESDE 1057545-20-LR26,6
1057553-166-SE26,MANTENCION PREVENTIVA MOVIL PATENTE HYTJ14 DESDE 1057553-7-LE25.,6
1057553-167-SE26,MANTENCION CORRECTIVA MOVILES DESDE 1057553-7-LE25.,6
1057589-1-AG26,Productos varios Hosp. Toltén,5
1057901-14-AG26,CATRES CLINICOS MQ2,6
1057918-71-SE24,ORDEN DE COMPRA DESDE 1057918-25-L124,12
1057918-91-AG24,Orden de Compra generada por invitación a compra ágil: 1057918-10-COT24,12
1057918-92-AG24,Orden de Compra generada por invitación a compra ágil: 1057918-8-COT24,12
1057931-18-SE26,ORDEN DE COMPRA DESDE 1057931-4-LE26,6
1058012-1081-AG26,(FAR) FARMACIA DOSIS UNITARIA MAYO/ SURFACTANTE ARTIFICIAL 25 MG ML SUSP INY FA,4
1058012-1083-AG26,"(FAR) COMPRA ALTERNATIVA FARMACIA AMBULATORIA ABRIL / PICOSULFATO DE SODIO 0,75%",4
1058012-1087-AG26,(FAR) COMPRA ALTERNATIVA F. AMBULATORIA/ ESTRADIOL 17 B 1 MG CM ,4
1058024-718-AG26,FA CPS AG SA  425707 DAC,6
1058024-733-SE26,FA NVC LP 1058024-17-LR25 PEDIDO JUNIO 2026,6
1058025-27-SE26,CS-FÁRMACOS-BODEGA FARMACIA-22.04.004.001.02-HFCM42621(SOG),5
1058026-14-SE26,"LIC. Adquisición medicamentos Hospital Sta. Barbara, REQ.5/220400400102-HSAB60366-60367-LAB",12
1058026-19-SE26,"LIC. Adquisición medicamentos Hospital Sta. Barbara, REQ.5/220400400102-HSAB60366-60367-LAB",12
1058039-31-AG26,COMPRA FARMCOS A-G-L- COMP. Nº 1 MEJORAMIENTO FARMACOS SABADOS 2026 ,12
1058043-934-AG26,217-0081- IPRATROPIO BROMURO INHALADOR 200 MCG DO FC 200 DO,6
1058043-940-AG26,"217-0183- POLIETILENGLICOL 3350 52,5 GR/KCL 0,185 GR/NACL 1,4 GR/HCO3 0,715 GR SO 55,3 GR POLVO",6
1058044-150-SE26,Gases Medicinales,12
1058044-285-SE26,Gases Medicinales,12
1058044-709-AG26,Fármacos Stock Mayo 2026,6
1058044-716-SE26,Oxigeno Medicinal Abril 2026,6
1058044-717-SE26,Gases Medicinales,4
1058071-502-SE26,LUGOL,6
1058078-1477-SE26,medicamentos e insumos- OCI,6
1058078-1479-SE26,ORDEN DE COMPRA DESDE 1058078-51-LE25	,5
1058078-1480-SE26,ORDEN DE COMPRA DESDE 1058078-51-LE24	,5
1058078-1483-CM26,Orden de Compra: 1058078-1483-CM26,6
1058078-1484-SE26,ORDEN DE COMPRA DESDE 1058078-2-LE25,6
1058078-1486-SE26,ORDEN DE COMPRA DESDE 1058078-71-LE25,6
1058078-1487-SE26,ORDEN DE COMPRA DESDE 1058078-71-LE25	,6
1058078-1491-CM26,Orden de Compra: 1058078-1491-CM26,6
1058078-1495-CM26,Orden de Compra: 1058078-1495-CM26,4
1058078-1496-SE26,ORDEN DE COMPRA DESDE 1058078-76-LE24	,4
1058078-1497-CM26,222-5252	SISTEMA DRENAJE TORAXICO 3 CAMARAS AGUA-SEAL ASPIRACION EN HUMEDO,4
1058078-1498-SE26,ORDEN DE COMPRA DESDE 1058078-36-LQ25	,4
1058086-2334-SE26,ORDEN DE COMPRA DESDE 1058086-4-LR26,6
1058090-600-AG26,MUPIROCINA CÁLCICA UNGUENTO NASAL 2% TUBO,4
1058090-601-AG26,HIDRATO DE CLORAL CERTIFICADO ,4
1058092-60-AG26,"ADQUISICIÓN AZITROMICINA 400 MG/5ML SUSPENSION ORAL 15 A 30 ML., desde compra ágil: 1058092-58-COT26",12
1058092-67-AG26,"ADQUISICIÓN PREDNISONA 5 MG., desde compra ágil: 1058092-84-COT26.",12
1058092-71-AG26,"ADQUISICIÓN MIRTAZAPINA 30 MG., desde compra ágil: 1058092-75-COT26.",12
1058092-73-AG26,"ADQUISICIÓN ACIDO FOLICO 1 MG., desde compra ágil: 1058092-65-COT26.",12
1058092-74-AG26,"ADQUISICIÓN POVIDONA YODADA SOLUCION TOPICA 10 FRASCO 250 ML., desde compra ágil: 1058092-85-COT26.",12
1058095-746-SE26,REPOSICIÓN MEDICAMENTOS MAYO 2026,4
1058095-747-SE26,REPOSICIÓN MEDICAMENTOS MAYO 2026,6
1058095-748-SE26,REPOSICIÓN MEDICAMENTOS MAYO 2026,4
1058095-749-SE26,REPOSICIÓN MEDICAMENTOS MAYO 2026,4
1058095-750-SE26,REPOSICIÓN MEDICAMENTOS MAYO 2026,4
1058095-751-SE26,REPOSICIÓN MEDICAMENTOS MAYO 2026,4
1058095-752-SE26,REPOSICIÓN MEDICAMENTOS MAYO 2026,4
1058095-753-SE26,REPOSICIÓN MEDICAMENTOS MAYO 2026,4
1058095-754-SE26,REPOSICIÓN MEDICAMENTOS MAYO 2026,4
1058095-756-SE26,REPOSICIÓN MEDICAMENTOS MAYO 2026,4
1058095-757-SE26,REPOSICIÓN MEDICAMENTOS MAYO 2026,4
1058095-758-SE26,REPOSICIÓN MEDICAMENTOS MAYO 2026,4
1058095-759-SE26,REPOSICIÓN MEDICAMENTOS MAYO 2026,4
1058101-64-SE26,OC MEDICAMENTOS COSAM SAN CARLOS MAYO 2026,12
1058101-66-SE26,OC MEDICAMENTOS COSAM ÑUBLE MAYO 2026,12
1058102-372-AG26,Orden de Compra generada por invitación a compra ágil: 1058102-189-COT26,12
1058102-384-AG26,Orden de Compra generada por invitación a compra ágil: 1058102-197-COT26,6
1058102-389-CC26,FARMACIA MES DE MAYO (CONVENIO SSÑ-BODEGA-NAO),4
1058102-390-SE26,FARMACIA MES DE MAYO (CONVENIO-BODEGA-NAO),4
1058102-85-AG26,Orden de Compra generada por invitación a compra ágil: 1058102-32-COT26,12
1058103-352-CC26,FÁRMACOS SC N° 786,4
1058128-938-SE26,KM 1140102 TACROLIMUS XL 0.5 MG,6
1058128-956-AG26,LACOSAMIDA,6
1058128-961-AG26,pedido hpm,6
1058128-962-AG26,RM  1150455 POLIESTIRENO SULFONATO CALCICO MP,4
1058128-963-AG26,RM 1090075 POLIETILENGLICOL 3350 ENVASE 150 GR,4
1058128-964-AG26,RM  2157950 SODIO BICARBONATO FARMACOPEA MP,4
1058128-965-AG26,pedido HPM,4
1058128-966-SE26,PEDIDO hpm,6
1058128-967-AG26,AS  1090141 GLUCOSA 75 GR.(250 ML),4
1058128-968-AG26,pedido HPM,6
1058128-969-AG26,pedido HPM,4
1058128-970-AG26,AS  1160097 NUTRICION PARENTERAL PRELLENADA PERIFERICA CON LIPIDOS 1904(SIMILAR O EQUIVALENTE SMOFKABIVEN) BOLSA CON BOLSA FOTOPROTECTO,4
1058132-744-SE26,PAC 2026 - MAYO,6
1058132-765-SE26,PAC 2026 - MAYO,6
1058132-802-SE26,EXTRAORDINARIO 11-05-2026,6
1058134-766-AG26,Orden de Compra generada por invitación a compra ágil: 1058134-193-COT26/FALLA CENABAST ABRIL 2026.,12
1058134-816-SE26,ORDEN DE COMPRA DESDE 1058134-80-LQ25/FALLA CENABAST MAYO 2026.,12
1058134-819-SE26,ORDEN DE COMPRA DESDE 1058134-54-LP24/MAYO 2026.,5
1058134-822-SE26,ORDEN DE COMPRA DESDE 1058134-24-LR25/MAYO 2026.,6
1058141-328-AG26,(JBR) PEDIDO EXTRA FARMACIA PNH 17087 ID: 1058141-288-COT26,12
1058141-620-AG26,(APM) PEDIDO FARMACIA MAYO BUDESONIDA/FORMOTEROL INH 160/4.5 MG (PRESENTACION PRESURIZADA) ID: 1058141-530-COT26,12
1058141-621-AG26,(JBR) PEDIDO EXTRA FARMACIA PNH 17293 ID: 1058141-502-COT26,12
1058141-630-AG26,(APM) PEDIDO FARMACIA MAYO DEGARELIX ACETATO FA 80 MG ID: 1058141-531-COT26,12
1058141-634-AG26,(APM) PEDIDO FARMACIA MAYO ACEITE ADORM. YOD. ULT.FL. 48% ID: 1058141-540-COT26,12
1058141-654-AG26,(JBR) PEDIDO FARMACIA MAYO ID: 1058141-565-COT26,12
1058141-674-AG26,(APM) FALTA CENABAST ABRIL METRONIDAZOL FA 500 MG ID: 1058141-598-COT26,12
1058141-687-AG26,(APM) PEDIDO FARMACIA MAYO CLORPROMAZINA CM 100 MG ID: 1058141-605-COT26,12
1058141-691-AG26,(JBR) PEDIDO FARMACIA SUEROS ABRIL- MAYO ID : 1058141-612-COT26,12
1058141-692-AG26,(JBR) PEDIDO EXTRA FARMACIA PNH 17494-17493 ID: 1058141-617-COT26,12
1058141-693-AG26,"(APM) PEDIDO EXTRA FARMACIA PNH 17093 TIROFIBAN FA 12,5 MG/50 ML ID: 1058141-619-COT26",12
1058141-698-TD26,Orden de Compra generada por Trato Directo ID 1058141-66-FTD25,12
1058141-701-AG26,(JBR) PEDIDO EXTRA FARMACIA PNH 17452 ID: 1058141-618-COT26,12
1058141-702-AG26,(JBR) PEDIDO EXTRA FARMACIA PNH 17492 ID : 1058141-616-COT26,12
1058141-712-AG26,(APM) PEDIDO FARMACIA GALENICO MAYO NITRATO DE PLATA 100 UNIDADES ID: 1058141-641-COT26,6
1058141-713-AG26,(APM) INCUMPLIMIENTO CENABAST ABRIL ONDANSETRON CM SL 8 MG ID: 1058141-633-COT26,6
1058339-128-AG26,"ADQ MATERIALES PARA ELABORAR E INSTALAR MOSQUITEROS PARA ANEXO ESCUELA LICEO DE HUARA, MEMO N°107",12
1058339-136-AG26,"ADQ BOMBONES CHOCOLATE PROGRAMA MUNICIPAL N°44, MEMO N°06",12
1062448-1477-CC26,MANTENIMIENTO REPARATIVO REFRIGERADORES CLÍNICOS,12
1063535-6233-SE26,FARMACOS MAYO,6
1063535-6270-AG26,Orden de Compra generada por invitación a compra ágil: 1063535-210-COT26,6
1063535-6271-SE26,FARMACOS MAYO,4
1063535-6272-SE26,FARMACOS MAYO,6
1063535-6273-SE26,FARMACOS MAYO,6
1063535-6274-SE26,FARMACOS MAYO,4
1063535-6275-SE26,FARMACOS MAYO,6
1063535-6276-SE26,FARMACOS MAYO,4
1063535-6277-SE26,FARMACOS MAYO,4
1063535-6283-SE26,FARMACOS MAYO,4
1063535-6285-SE26,FARMACOS MAYO,4
1063538-139-AG26,Orden de Compra generada por invitación a compra ágil: 1063538-2279-COT25,12
1063538-2782-AG26,Orden de Compra generada por invitación a compra ágil: 1063538-667-COT26,12
1063538-3239-AG26,Orden de Compra generada por invitación a compra ágil: 1063538-707-COT26,12
1063538-3373-SE26,ORDEN DE COMPRA DESDE 1063538-130-LP25,12
1063538-3517-AG26,Orden de Compra generada por invitación a compra ágil: 1063538-897-COT26,6
1063538-3634-SE26,ORDEN DE COMPRA DESDE 1063538-221-LQ24,6
1063538-3637-SE26,ORDEN DE COMPRA DESDE 1063538-2-LR25,6
1063538-3638-SE26,ORDEN DE COMPRA DESDE 1063538-2-LR25	,6
1063538-3654-SE26,ORDEN DE COMPRA DESDE 1063538-288-LQ23,6
1063538-3656-AG26,Orden de Compra generada por invitación a compra ágil: 1063538-1010-COT26,6
1063538-3657-AG26,Orden de Compra generada por invitación a compra ágil: 1063538-1008-COT26,6
1063538-3658-SE26,ORDEN DE COMPRA DESDE 1063538-288-LQ23,6
1063538-3659-SE26,ORDEN DE COMPRA DESDE 1063538-288-LQ23,4
1063538-3660-AG26,Orden de Compra generada por invitación a compra ágil: 1063538-1005-COT26,4
1064388-7-AG26,Orden de Compra generada por invitación a compra ágil: 1064388-4-COT26,5
1069417-297-CM26,"Insumos de Aseo para COSAM, CEO, Los Volcanes, Quinchamalí,, CESFAM Isabel Riquelme.",12
1069417-454-CM26,"Material de Oficina para: San Ramón N.,Laboratorio Basico C., Isabel Riquelme y Quinchamalí.",6
1069417-462-CM26,MATERIAL DE ASEO PARA LA SUBDIRECCION ADMINISTRATIVA 010101,6
1069417-463-AG26,SERVICIO DE RECARGA CILINDROS DE OXÍGENO PARA CESFAM ISABEL RIQUELME-Orden de Compra generada por invitación a compra ágil: 1069417-355-COT26,6
1070620-4273-CM26,RVC INSUMOS GENERALES- DESPACHO PARCIALIZADO - 1070620-4273-CM26,6
1070620-4278-CM26,RVC INSUMOS GENERALES - 1070620-4278-CM26,6
1070620-4284-SE26,YJF- ADQ PROTESIS MAMARIA EXTERNAS SEGUN MEMO N°199 UD. FARMCIA Y PROTESIS,6
1070620-4293-CM26,RVC INSUMOS PABELLON - 1070620-4293-CM26,4
1070620-4298-CM26,RVC INSUMOS GENERALES - 1070620-4298-CM26,6
1070620-4304-CM26,RVC ADQ. POLICLINICO UROLOGIA -1070620-4304-CM26,4
1071580-5-TD26,Orden de Compra generada por Trato Directo ID 1071580-2-FTD26,4
1071775-50-SE26,ELEMENTOS PROTECCION PERSONAL,6
1072229-68-SE26,SERVICIO DE TRANSPORTE JARDIN INFANTIL EL TRIGAL ,6
1072229-69-SE26,SERVICIO DE TRANSPORTE JARDIN INFANTIL MANZANITO.,6
1075337-7419-CM26,"rvv Compra Pedido Alimentación Carnes Rojas Funcionarios (lomo cerdo, tapapecho, pollo ganso) Abril 2026",12
1075337-7828-SE26,rvv Compra Pedido Alimentación Carnes Rojas Pacientes (posta rosada molida) Mayo 2026 desde 1075337-14-LQ24,12
1075337-7829-SE26,"rvv Compra Pedido Alimentación Carnes Rojas Funcionarios (posta rosada molida, longaniza, chuleta de cerdo) Mayo 2026 desde 1075337-14-LQ24",12
1075337-7831-AG26,"ycc Compra de posicionadores radiográficos intraorales con anillo y soporte para película/sensor, Ss. Operaciones H. Angol,compra ágil: 1075337-837-COT26",12
1075337-7832-SE26,"cvc Compra de Lentes Introculares según consumo y reposición Febrero, Marzo y Abril 2026 desde 1075337-46-LQ24",6
1075337-7942-SE26,cpt Compra de Insumos clínicos para Esterilización (FILTRO PAPEL REDONDO/TEST VIRAJE) Pedido de Mayo 2026 desde 1075337-40-LR24,6
1075337-7999-AG26, cpt Compra de Insumos clínicos (PUNCH BIOPSIA DERMATOLOGICA 3 MM) Pedido de Mayo 2026 desde compra ágil: 1075337-951-COT26,6
1075963-4245-SE26,ORDEN DE COMPRA DESDE 1075963-86-LQ24,12
1075963-5273-AG26,Orden de Compra generada por invitación a compra ágil: 1075963-491-COT26,12
1075963-5390-SE26,ORDEN DE COMPRA DESDE 1075963-249-LE25 REORDEN,12
1075963-5529-SE26,ORDEN DE COMPRA DESDE 1075963-120-LE26,12
1075963-5613-SE26,stock bodega,12
1075963-5645-AG26,Orden de Compra generada por invitación a compra ágil: 1075963-560-COT26,12
1075963-56564-SE25,ORDEN DE COMPRA DESDE 1075963-77-LQ24,12
1075963-5659-SE26,ORDEN DE COMPRA DESDE 1075963-135-LE26,12
1075963-5662-SE26,ORDEN DE COMPRA DESDE 1075963-120-LE26,12
1075963-5840-SE26,OC DESDE 1075963-409-LE25 S.R. # 231792,12
1075963-5898-SE26,OC DESDE 1075963-167-LQ24 Reorden # 312716,12
1075963-6127-SE26,stock bodega,6
1075963-6128-SE26,stock bodega,6
1075963-6135-SE26,stock bodega,6
1075963-6136-SE26,stock bodega,6
1075963-6140-SE26,stock bodega,6
1075963-6144-SE26,stock bodega,6
1075963-6148-SE26,stock bodega,6
1075963-6149-SE26,stock bodega,6
1075963-6152-SE26,stock bodega,6
1075963-6154-SE26,stock bodega,6
1075963-6155-SE26,stock bodega,6
1075963-6188-SE26,stock bodega,6
1075963-6201-SE26,ORDEN DE COMPRA DESDE 1075963-105-LR25 ABRIL,6
1075963-6219-SE26,ORDEN DE COMPRA DESDE 1075963-600-LR24 GD 1677927,6
1075963-6220-SE26,ORDEN DE COMPRA DESDE 1075963-600-LR24 GD 1678121,6
1075963-6225-SE26,ORDEN DE COMPRA DESDE 1075963-557-LQ24 GD 1678155,6
1075963-6228-SE26,ORDEN DE COMPRA DESDE 1075963-557-LQ24 GD 1678896 ,6
1075963-6229-SE26,ORDEN DE COMPRA DESDE 1075963-557-LQ24 GD 1677258 ,6
1075963-6230-SE26,ORDEN DE COMPRA DESDE 1075963-557-LQ24 GD 1677511,6
1075963-6231-SE26,ORDEN DE COMPRA DESDE 1075963-557-LQ24 GD 1677738,6
1075963-6232-SE26,ORDEN DE COMPRA DESDE 1075963-557-LQ24 GD 1677971,6
1075963-6235-SE26,ORDEN DE COMPRA DESDE 1075963-557-LQ24 GD 1678621,6
1075963-6237-SE26,ORDEN DE COMPRA DESDE 1075963-557-LQ24 GD 1679110,6
1075963-6238-SE26,ORDEN DE COMPRA DESDE 1075963-600-LR24 GD 1678122,6
1075963-6262-SE26,stock bodega,6
1075963-6283-SE26,stock bodega,6
1075963-6285-SE26,stock bodega,6
1075963-6291-SE26,stock bodega,6
1075963-6299-SE26,OC ABRIL 2026 DESDE 1075963-518-LQ23,6
1075963-6315-CM26,Orden de Compra: 1075963-6315-CM26,6
1078078-1090-CM26,"SC 23849 - DIFERENTES KIT - COMUNA DE RIO CLARO, REGION DEL MAULE",6
1079516-402-CM26,"ADQUISICION DE FRUTAS, VERDURAS Y OTROS PARA LA COMISION RANCHO DE LA 2DA COM QUILPUE",6
1079516-452-CM26,"Adquisición de frutas, verduras y huevos destinados a la comisión rancho de la 7ma. Com. C.O.P Valparaiso, orden de compra: 1079516-452-CM26",6
1079650-24-SE26,PROVISIÓN E INSTALACIÓN DE RADIADORES DE CALEFACCIÓN PARA EL SERVICIO DE PEDIATRÍA DEL HOSPITAL SAN JOSÉ DE CORONEL,6
1079694-131-AG26,ADQUISICIÓN DE 180 KILOS DE COMIDA DE PERRO DESTINADOS A LOS CANES DE CARGO DE LAS DIFERENTES UNIDADES POLICIALES DEPENDIENTES DE LA ZONA DE CARABINEROS DE LOS RÍOS. SEGÚN COTIZACIÓN N°1079694-126-COT26,6
1079694-91-AG26,ADQUISICIÓN DE MATERIALES DE CONSTRUCCIÓN PARA LA REPARACIÓN DE LOS BAÑOS DE LA TENENCIA LOS JAZMINES DEP. DE LA 1RA. COMISARÍA VALDIVIA DE LA PREFECTURA VALDIVIA N°23. SEG. COT. N°1079694-62-COT26,12
1079967-211-CM26,Orden de Compra: 1079967-211-CM26 CASINO 1RA COMISARIA ,6
1080089-301-SE26,Solicitud 10560 RRFF. LICITACIÓN 1080089-115-LE24,6
1080094-109-SE26,Aseo SAMU Abril 2026 (1080094-2-LQ25)	,6
1080095-202-AG26,Libros y baterias para COSAM Infantil. Compra ágil: 1080095-55-COT26,6
1080095-215-AG26,S-10406-Orden de Compra generada por invitación a compra ágil: 1080095-63-COT26,4
1080286-154-CM26,"ADQUISICION DE GAS GRANEL, PARA LA 40° COMISARIA",6
1081-4-AG26,E102RT9 MATERIALES DE ASEO OFICINA 1081-1-COT26,12
1082957-124-AG26,Adquisición e instalación de films para el control solar en las dependencias de ProChile Monjitas,6
1082957-128-SE26,Servicio de habilitación y certificación de 20 puntos de red para Oficinas de ProChile Teatinos,6
1084156-219-AG26,KG 29 P02 14628 VARIOS E.E. ESTUFAS A GAS CON CILINDRO Y RECARGA,12
1084156-229-AG26,KG 29 P02 14570 GENERAL ABRILLANTADORA ,12
1084156-245-SE26,KG 22 P01 MATERIAL DE ASEO,12
1084156-297-SE26,KG 22 P02 SERVICIO DE LIMPIEZA DE FOSAS SANITARIAS Y CAMARAS DESGRASADORAS -EP N°7,12
1084156-299-CM26,KG 22 P02 14530 MANTENIMIENTO 4589 PINTURA,6
1084156-306-CM26,KG 22 P02 15005 MANTENIMIENTO MATERIALES DE FERRETERIA,6
1084156-316-AG26,KG 22 P02 15031 GENERAL CASCOS CON BARBIQUEJO,6
1084156-324-SE26,PJ 22 P02 GENERAL SERVICIO CONTROL DE PLAGAS PARA ESTABLECIMIENTOS,4
1087-94-AG26,Primera compra de materiales de faena para avances proyecto comunitario. SIC REFUNDIDO 684. Orden de Compra generada por invitación a compra ágil: 1087-84-COT26,6
1091-84-SE26,ORDEN DE COMPRA DESDE 1091-7-LE26,12
1096-14-AG26,Inspección y diagnostico estado calefacción EDIF DAP MOP,12
1100719-400-SE26,VHG 619133-35-LE25 PRIORITARIOS MAYO,4
1100719-406-SE26,VHG 619133-100-LE23 CONVENCIONALES MAYO,5
1100719-407-SE26,VHG 619133-103-LE24 CONVENCIONALES MAYO,4
1100719-408-SE26,VHG 619133-18-LE25 CONVENCIONALES MAYO,6
1100719-410-SE26,VHG 619133-12-LE24 CONVENCIONALES MAYO,4
1100719-411-SE26,VHG 619133-134-LE25 CONVENCIONALES MAYO,4
1100719-412-SE26,VHG 619133-136-LQ24 CONVENCIONALES MAYO,4
1100719-413-SE26,VHG 619133-137-LE24 CONVENCIONALES MAYO,4
1100719-414-SE26,VHG 619133-142-LE23 CONVENCIONALES MAYO,4
1100719-415-SE26,VHG 619133-167-LE24 CONVENCIONALES MAYO,6
1100719-416-SE26,VHG 619133-174-LE25 CONVENCIONALES MAYO,4
1100719-417-SE26,VHG 619133-175-LE25 CONVENCIONALES MAYO,6
1100719-418-SE26,VHG 619133-176-LE24 CONVENCIONALES MAYO,4
1100719-419-SE26,VHG 619133-177-LE24 CONVENCIONALES MAYO,4
1100719-420-SE26,VHG 619133-178-LE24 CONVENCIONALES MAYO,4
1100719-421-SE26,VHG 619133-27-LE26 CONVENCIONALES MAYO,4
1100719-422-SE26,VHG 619133-34-LE25 CONVENCIONALES MAYO,6
1100719-423-SE26,VHG 619133-35-LE25 CONVENCIONALES MAYO,6
1100719-424-SE26,VHG 619133-37-LE25 CONVENCIONALES MAYO,4
1100719-425-SE26,VHG 619133-54-LP25 CONVENCIONALES MAYO,6
1100719-426-SE26,VHG 619133-66-LE24 CONVENCIONALES MAYO,5
1100719-427-SE26,VHG 619133-81-LQ23 CONVENCIONALES MAYO,4
1100719-428-SE26,VHG 619133-8-LE24 CONVENCIONALES MAYO,4
1100719-429-SE26,VHG 619133-91-LE24 CONVENCIONALES MAYO ,4
1100719-430-SE26,VHG 619133-143-LE23 USOS OCASIONALES MAYO,5
1100719-431-SE26,VHG 619133-175-LE25 USOS OCASIONALES MAYO,4
1100719-432-SE26,VHG 619133-214-LE25 USOS OCASIONALES MAYO,6
1100719-433-SE26,VHG 619133-68-LE24 USOS OCASIONALES MAYO,4
1100719-434-SE26,VHG 619133-214-LE25 RIVAROXABAN,4
1106-40-AG26,Adquisición de ADBLUE compra ágil: 1106-8-COT26,6
1107278-48-AG26,Orden de Compra generada por invitación a compra ágil: 1107278-55-COT26,6
1107283-65-AG26,Orden de Compra generada por invitación a compra ágil: 1107283-68-COT26,6
1109692-130-AG26,Adquisición de torta para actividad institucional (20 personas) Punta Arenas 1109692-122-COT26*ffpp,4
1110404-346-SE26,"SHJ- PUNTUAL - SOL-2026-508- SEP ""ADQUISICIÓN TEXTOS ZIEMAX PARA ESCUELAREGIMIENTO DE RANCAGUA, PERTENECIENTE AL SLEPCH - DESDE LICITACIÓN 1110404-193-LP25",12
1111432-302-AG26,"Adquisición insumos esterilización O.C.I. 137, según compra ágil: 1111432-188-COT26",4
1113015-55-SE26,(SIC N°53) Servicio de Radio Taxi ENINT - Abril 2026,4
1113144-13-AG26,ALIMENTACION PERECIBLE PN PATAGONIA,4
1113144-14-AG26,ALIMENTACION NO PERECIBLE  PN PATAGONIA ,4
1116006-14-AG26,"Adquisición materiales de oficina para el Aeródromo Villa O""Higgins.Orden de Compra generada por invitación a compra ágil: 1116006-37-COT26",4
1116006-15-AG26,Servicio de mantenimiento vehículo fiscal del Aeródromo Cochrane.Orden de Compra generada por invitación a compra ágil: 1116006-39-COT26,4
1126920-100-SE26,RENOVACION TRANSPORTE ESCOLAR Lic 1126920-1-LR25,12
1126920-102-SE26,RENOVACION TRANSPORTE ESCOLAR Lic 1126920-1-LR25,12
1126920-104-SE26,RENOVACION TRANSPORTE ESCOLAR Lic 1126920-1-LR25,12
1126920-116-TD26,Orden de Compra generada por Trato Directo ID 1126920-29-FTD26,12
1126920-117-TD26,Orden de Compra generada por Trato Directo ID 1126920-30-FTD26,12
1126920-41-SE26,SERVICIO TRANSPORTE ESCOLAR LIC. 1126920-1-LR26,12
1126920-42-SE26,SERVICIO DE TRANSPORTE ESCOLAR LIC. 1126920-1-LR26,12
1126920-56-SE26,SERVICIO TRANSPORTE ESCOLAR Lic 1126920-1-LR26,12
1126920-57-SE26,SERVICIO TRANSPORTE ESCOLAR Lic 1126920-1-LR26,12
1126920-80-SE26,SERVICIO TRANSPORTE ESCOLAR LIC. 1126920-1-LR26,12
1126920-86-SE26,RENOVACION TRANSPORTE ESCOLAR Lic 1126920-1-LR25,12
1126920-90-SE26,RENOVACION TRANSPORTE ESCOLAR Lic 1126920-1-LR25,12
1126920-95-SE26,RENOVACION TRANSPORTE ESCOLAR Lic 1126920-1-LR25,12
1126922-527-CM26,RBD 7976 GENERAL PG02 ADQUISICIÓN DE RECARGA DE GAS ESCUELA BERNARDO PHILIPPI COMUNA FRUTILLAR,4
1126922-528-AG26,PG01 MANTENIMIENTO CAMIONETA GREATWALL PARA VEHÍCULO FISCAL ,4
1132470-29-AG26,CMA / P01 / CA / ELECTRODOS,6
1134432-377-AG26,Orden de Compra generada por invitación a compra ágil: 1134432-373-COT26,6
1143-72-AG26,MATERIALES DE CONSTRUCCION ORASMI,6
1145-85-AG26,Adquisición de soldadora,6
1159-95-TD26,Orden de Compra generada por Trato Directo ID 1159-58-FTD26,6
1161-165-AG26,LPAT-EXP 2326/26 PAC Compra pantalones anticortes funcionarios SAG Chaiten,12
1161-211-AG26,JPT/EXP.2494-PAC- MATERIALES QUIRURGICOS VISON-RNR- 1161-96-COT26,4
1161266-290-AG26,ADQUISICIÓN DE ALIMENTOS  PROGRAMA VINCULOS VERSIÓN 2024-A,6
1161266-294-AG26,CONTRATACION SERVICIO DE PRODUCCION DE EVENTOS DIA DE LA MADRE-DIDECO,6
1165649-100-AG26,Mantenimiento preventivo para sillones dentales y compresor Sol N°222,4
1171142-1687-SE26,Servicio de traslado de paciente CAPLC en ambulancia básica ID LIC 1171142-107-LP25 / REG 2025,4
1171142-1691-TD26,Orden de Compra generada por Trato Directo ID 1171142-130-FTD25,4
1171142-1723-AG26,BICARBONATO DE SODIO CP. 500 M1171142-1031-COT26,6
1171142-1763-AG26,PROPOFOL 1% F.A 50 ML CON SET DE ADMINISTRACION 1171142-1044-COT26,4
1171142-1791-AG26,clobazam 10 mg 1171142-1085-COT26,4
1171142-1792-SE26,Servicio de traslado de paciente CAPLC en ambulancia básica y avanzada ID LIC 1171142-107-LP25 / MARZO 2026,4
1171142-8120-SE25,LIC 8-25 ADQUISICIÓN DE INSUMOS PARA INTERVENCIONES ENDOVASCULARES CON ACCESORIO PARA EL CAPLC DESDE 1171142-2-LQ25,12
1171142-8132-SE25,LIC 8-25 ADQUISICIÓN DE INSUMOS PARA INTERVENCIONES ENDOVASCULARES CON ACCESORIO PARA EL CAPLC DESDE 1171142-2-LQ25,12
1171142-8371-SE25,DQUISICIÓN DE INSUMOS VARIOS PARA STOCK DESDE 1171142-208-LP24,12
1171142-8372-SE25,ADQUISICIÓN DE INSUMOS VARIOS PARA STOCK DESDE 1171142-208-LP24 año 2025,12
1171142-8384-SE25,ADQUISICIÓN DE INSUMOS PARA INTERVENCIONES ENDOVASCULARES CON ACCESORIO PARA EL CAPLC 1171142-2-LQ25,12
1172239-39-AG26,CMA-P02-CA-Insumos TP - Electrónica,12
1172239-40-AG26,CMA-P02-CA- Insumos TP - MECÁNICA AUTOMOTRIZ,12
1173417-9-AG26,ADQUISICION DE MATERIALES DE CONSTRUCCION PARA FABRICACION DE BARROTES VENTANA   ,12
1173445-18-AG26,INSUMOS CELEBRACION USUARIOS: 1173445-17-COT26,12
1173446-14-AG26,Orden de Compra generada por invitación a compra ágil: 1173446-9-COT26 ART. DE LAVANDERIA,6
1173453-26-AG26,ADQUISICION DE INSUMOS DE TALLER DE COSTURA PARA EL EL C.E.T. DEL C.C.P. DE COPIAPÓ,6
1176-33-SE26,SERVICIO  MANTENCION Y REPARACION EQUIPOS CATERPIL,6
1176812-45-AG26,PO2JUNJI/VHCC/JARDIN CORONA DEL INCA/RBD 33133/ORD N°7/CORTINAS ROLLER,12
1176812-50-AG26,P02/JUNJI/ EVA/JARDINPUEBLITO SAN FERNANDO/RBD33130/ORD02/FUNGIBLES,12
1177-27-SE26,SERVICIO ASEO MES DE ABRIL 2026 PROV CHOAPA,4
1177-28-SE26,SERVICIO DE VIGILANCIA PROV CHOAPA MES ABRIL 2026,4
1178407-30-CM26,PASAJES AEREOS COMISION DEL SERVICIO A IQUIQUE,12
1178407-31-CM26,PASAJES COMISION DEL SERVICIO DESDE ANTOFAGASTA A SANTIAGO,12
1181235-17-SE25,ORDEN DE COMPRA DESDE 1181235-4-LQ25,12
1195-100-AG26,Orden de Compra generada por invitación a compra ágil: 1195-123-COT26,12
1195104-126-AG26,Mantención de vehículo fiscal Hyundai Elantra,12
1195104-12-SE26,Aseo para la DR de Arica y Parinacota,12
1195104-34-SE26,Servicio de guardia DR Ñuble,12
1195104-76-AG26,SERVICIO DE OBRAS MENORES PARA LA DIRECCIÓN REGIONAL ANTOFAGASTA,12
1195-195-AG26,Orden de Compra generada por invitación a compra ágil: 1195-209-COT26,12
1195-263-SE26,SEGUN REQUISICIÓN 24/04/2026,6
1196-92-SE26,ORDEN DE COMPRA DESDE 1196-5-LE26,6
1199-117-AG26,Orden de Compra generada por invitación a compra ágil: 1199-14-COT26,4
1199-99-CM26,Orden de Compra: 1199-99-CM26,6
1201-106-AG26,Orden de Compra generada por invitación a compra ágil: 1201-59-COT26,4
1208094-32-SE26,"Servicio de bodegaje para la Dirección Regional, Abril.",12
1208107-22-CM26,Orden de Compra: 1208107-22-CM26 pasaje aereo Santiago a Puerto Montt 15-05-2026,6
1208129-212-CM26, RF CHACABUCO- ALIMENTACIÓN COMPLEMENTARIA,12
1208129-403-AG25,"SERV. TELEVISIÓN, INTERNET Y TELEFONÍA RR.FF.",12
1208910-89-AG26,Orden de Compra generada por invitación a compra ágil: 1208910-117-COT26,6
1208983-31-AG26,Servicio Sala Cuna Hijo Funcionaria Giselle Rodriguez,12
1209403-35-AG26,Adquisición de Insumos de aseo personal NNA Compra ágil: 1209403-8-COT26,12
1211839-261-AG26,CARRO MOPERO CON MOPA INDUSTRIAL OC compra ágil: 1211839-152-COT26,6
1213002-197-AG26,Orden de Compra generada por invitación a compra ágil: 1213002-124-COT26,4
1214102-723-TD26,Orden de Compra generada por Trato Directo ID 1214102-12-FTD26,6
1214102-898-AG26,"RML/SP29 PUDAHUEL TV - LICENCIAS ADOBE, CAPCUT, ETC 1214102-509-COT26",6
1214102-900-AG26,RML/SP16 GESTION ASEO - ETIQUETAS IMPERMEABLES 1214102-523-COT26,6
1214102-901-AG26,RML/SP18 GESTION ASEO - ABRILLANTADORA 1214102-524-COT26,4
1214102-903-CM26,(MJR) GAS A GRANEL CESFAM VIOLETA PARRA (1214102-903-CM26),4
1216062-541-SE26,"OT: 154/ Servicio de transporte de personas , carg",6
1216062-549-AG26,Orden de Compra generada por invitación a compra ágil: 1216062-217-COT26,6
1216062-557-SE26,"OT: 146/ Servicio de transporte de personas , carg",4
1216085-121-SE26,ORDEN DE COMPRA DESDE 1216085-1-LP26,4
1218393-156-SE26,Mantenimiento preventivo de estanques de almacenamiento de agua potable para SAR Barrios Bajos – Desde licitación 1057545-26-LP26,4
1218393-77-SE26,"Catridges de chem 8 y controles para SAR Barrios, desde licitación 1057545-68-LQ25",12
1219102-119-AG25,Reposición de 02 enlaces de fibra óptica,12
1219102-125-AG25,Arriendo de dos Impresoras multifuncional según especificaciones,12
1219241-50-AG26,Orden de Compra generada por invitación a compra ágil: 1219241-42-COT26,12
1219241-53-AG26,Orden de Compra generada por invitación a compra ágil: 1219241-48-COT26,12
1227-117-CM26,COMPRA DE VALES DE GAS 45KG - DRAI,12
1227-88-AG26,COMPRA DE SEÑALETICAS PARA AVANZADA QUILLAGUA DE COMPRA AGIL 1227-12-COT26,12
1230615-28-AG26,ADQUISICIÓN DE ARCILLA PARA CANCHA DE TENIS,6
1230732-47-AG26,Orden de Compra generada por invitación a compra ágil: 1230732-49-COT26,6
1230845-18-AG26,Orden de Compra generada por invitación a compra ágil: 1230845-20-COT26,6
1233600-1752-SE25,CONV SUMINISTRO SERVICIO MANTENCION CORRECTIVAS ASCENSORES CESFAM BICENTENARIO,12
1233604-16-AG26,Orden de Compra generada por invitación a compra ágil: 1233604-21-COT26,12
1233613-907-CM26,ARTICULOS COMPUTACIONALES - LICEO CONTARDI,6
1233615-440-SE26,RMG-E.E.-Insumos deportivos,12
1233615-640-SE26,PHA/SOL INT 04/ARRIENDO SISTEMA GESTION PERSONA PROGRAMA 01 Y PROGRAMA 02 ,6
1233615-641-SE26,PHA/SOL INT 04/ARRIENDO SISTEMA GESTION PERSONAS,6
1233615-699-SE26,"DMH/SOL 00799- Escuela ""Pedro Aguirre Cerda""/Materiales de Enseñanza/convenio de suministro 1233615-15-LP26",12
1233615-746-AG26,"JGS[SOL-2026-00783] Suministro e instalación de ventana fija termopanel de 1,49m x 1,49m, EBHMC/Escuela Básica Hernán Merino Correa. Orden de Compra generada por invitación a compra ágil: 1233615-206-COT26",4
1233616-637-SE26,ADQ. LEÑA SC JI BURBUJITAS DE TERNURA SCI N°862 PROGRAMA 02,12
1233616-859-SE26,INSTRUMENTOS MUSICALES ESCUELA ENRIQUE GRAF SCI N°1120 PROGRAMA 02,6
1233616-903-SE26,INSTRUMENTOS MUSICALES ESCUELA JOSÉ TOHÁ SOLDEVILA SCI N°1183 PROGRAMA 02,6
1233616-914-SE26,IMPLEMENTOS DE CIENCIAS ESCUELA CHACAY SCI N°1190 PROGRAMA 02,6
1233619-1456-SE25,A “ARRIENDO  DE COMPUTADORES All-in-One PARA EL  LICEO CLAUDINA URRUTIA Y  BICENTENARIO DE CAUQUENES PERTENECIENTES AL SERVICIO LOCAL DE  EDUCACIÓN PÚBLICA MAULE COSTA”  ID 1233619-43-LE25,12
1233619-355-SE25,"SERVICIO DE INTERNET, TELEFONÍA Y CABLEADO - P01",12
1233619-492-AG26,MATERIAL DEPORTIVO LICEO PELLUHUE Y ESCUELA LOS PEUMOS P02,6
1233623-150-AG26,Orden de Compra generada por invitación a compra ágil: 1233623-81-COT26,6
1236-34-AG26,REQ. N°18_MEDIDOR INERCIAL DE ANÁLISIS DE MOVIMIENTO_PPCH_CA:1236-11-COT26,12
1238111-45-AG26,FITTINGS ARREGLOS BAÑOS,6
1238128-17-AG26,Orden de Compra generada por invitación a compra ágil: 1238128-25-COT26,6
1238177-73-AG26, DESTELLANTES ANGEL GUARDIAN ELITE: 1238177-44-COT26,6
1240098-132-TD26,Orden de Compra generada por Trato Directo ID 1240098-39-FTD26,6
1240098-54-TD26,Orden de Compra generada por Trato Directo ID 1240098-16-FTD26,12
1240098-98-AG26,Orden de Compra generada por invitación a compra ágil: 1240098-15-COT26,12
1242121-229-AG26,FORMULARIO N°1 UNIDAD DE SERVICIO SOCIAL1242121-172-COT26,12
1242121-236-SE26,DETERGENTES LAVANDERIA MAYO 1242121-12-LP25 RES23,12
1242123-196-TD25,Orden de Compra generada por Trato Directo ID 1242123-88-FTD25,12
1242123-23-TD26,Orden de Compra generada por Trato Directo ID 1242123-19-FTD26,12
1242123-28-AG26,Orden de Compra generada por invitación a compra ágil: 1242123-1-COT26,12
1242123-29-TD26,Orden de Compra generada por Trato Directo ID 1242123-20-FTD26,12
1242123-67-TD26,Orden de Compra generada por Trato Directo ID 1242123-39-FTD26,12
1242125-20-TD26,Orden de Compra generada por Trato Directo ID 1242125-10-FTD26,12
1242125-22-TD26,Orden de Compra generada por Trato Directo ID 1242125-11-FTD26,12
1242125-24-TD26,Orden de Compra generada por Trato Directo ID 1242125-12-FTD26,12
1242131-1587-TD25,Orden de Compra generada por Trato Directo ID 1242131-323-FTD25,12
1242131-427-SE26,ORDEN DE COMPRA DESDE 1242131-23-LR25,12
1242131-429-CM26,Orden de Compra: 1242131-429-CM26,6
1242131-430-CM26,Orden de Compra: 1242131-430-CM26,12
1242131-448-AG26,Orden de Compra generada por invitación a compra ágil: 1242131-243-COT26,12
1242131-449-TD26,Orden de Compra generada por Trato Directo ID 1242131-92-FTD26,12
1242131-486-TD26,Orden de Compra generada por Trato Directo ID 1242131-105-FTD26,12
1242131-487-TD26,Orden de Compra generada por Trato Directo ID 1242131-105-FTD26,12
1242131-490-TD26,Orden de Compra generada por Trato Directo ID 1242131-105-FTD26,12
1242131-493-TD26,Orden de Compra generada por Trato Directo ID 1242131-105-FTD26,12
1242131-494-TD26,Orden de Compra generada por Trato Directo ID 1242131-105-FTD26,12
1242131-495-TD26,Orden de Compra generada por Trato Directo ID 1242131-105-FTD26,12
1242131-499-CM26,Orden de Compra: 1242131-499-CM26,12
1242131-503-AG26,Orden de Compra generada por invitación a compra ágil: 1242131-220-COT26,12
1242131-516-AG26,Orden de Compra generada por invitación a compra ágil: 1242131-278-COT26,12
1242131-517-AG26,Orden de Compra generada por invitación a compra ágil: 1242131-281-COT26,12
1242131-526-SE26,ORDEN DE COMPRA DESDE 1242131-9-LE25,12
1242131-530-TD26,Orden de Compra generada por Trato Directo ID 1242131-106-FTD26,12
1242131-531-TD26,Orden de Compra generada por Trato Directo ID 1242131-107-FTD26,12
1242131-534-CM26,Orden de Compra: 1242131-534-CM26,12
1242131-537-CM26,Orden de Compra: 1242131-537-CM26,12
1242131-540-SE26,ORDEN DE COMPRA DESDE 1242131-7-LQ25,12
1242131-606-CM26,Orden de Compra: 1242131-606-CM26,5
1242131-609-CM26,Orden de Compra: 1242131-609-CM26,6
1242137-15-SE26,"1242137-5-LQ25, FEBRERO",12
1242137-16-SE26,"1242137-5-LQ25, ENERO",12
1242138-17-SE26,"1242138-1-LQ24, FA 31 TIC",12
1242138-19-TD26,Orden de Compra generada por Trato Directo ID 1242138-5-FTD26,12
1242138-6-AG26,Orden de Compra generada por invitación a compra ágil: 1242138-2-COT26,12
1242140-5793-TD26,Orden de Compra generada por Trato Directo ID 1242140-12-FTD26,12
1251183-50-AG26,ADQUISICION DE ENJUAGUES BUCAL CENTRO DE SALUD CALERA DE TANGO Orden de Compra generada por invitación a compra ágil: 1251183-56-COT26,6
1256-4-TD26,Orden de Compra generada por Trato Directo ID 1256-2-FTD26,12
1260057-504-AG26,BIDON DE FORMALINA TAMBONADA al 10%	DESPACHO PARCIAL,12
1260057-508-AG26,"TUBO CON EDTA K3, TAPA LILA DE 2 ML (TU) DESPACHO PARCIAL",6
1272-11-AG25,Orden de Compra generada por invitación a compra ágil: 1272-4-COT25,12
1272-15-AG25,Orden de Compra generada por invitación a compra ágil: 1272-8-COT25,12
1272-20-AG25,Orden de Compra generada por invitación a compra ágil: 1272-12-COT25,12
1272222-39-CM26,"ECONOMATO C.D.P SANTIAGO SUR - PRODUCTOS MINUTAS N°69,70,71,72/26",12
1272222-40-CM26," ECONOMATO C.D.P SANTIAGO SUR - PRODUCTOS MINUTAS N°73,75,76,79,80,81,82/39",12
1272222-41-CM26,ECONOMATO C.D.P SANTIAGO SUR - PRODUCTOS MINUTA N°83.-,12
1272222-42-CM26,ECONOMATO C.D.P SANTIAGO SUR - PRODUCTOS MINUTA N°87.-,12
1272-22-TD25,Orden de Compra generada por Trato Directo ID 1272-2-FTD25,12
1274189-169-AG26,Orden de Compra generada por invitación a compra ágil: 1274189-145-COT26,6
1274667-91-SE26,ORDEN DE COMPRA DESDE 1274667-9-LE26,12
1274667-97-SE26,ORDEN DE COMPRA DESDE 1274667-8-LE26,12
1274907-208-AG26,Orden de Compra generada por invitación a compra ágil: 1274907-44-COT26,6
1275930-85-SE26,SERVICIO DE SUMINISTRO DE IMPRESIÓN DE PIEZAS GRÁF,6
1280-79-SE26,SERVICIO SOLDADURA,4
1282238-23-AG26,1200 BOLSAS DE PELLET ,6
1286962-58-SE26,DMH/SOL 13 SUMINISTRO DE LEÑA PARA CALDERA POLIDEPORTIVO 21 ABRIL,4
1288-268-AG26,CALZADO DE SEGURIDAD (ZAPATILLAS) (BCP),4
1288-269-AG26,UNIFORME PERSONAL SALA CUNA Y JARDIN INFANTIL (BCP),4
1288419-29-AG26,Estanque de Combustible-93-Servicios Generales compra ágil: 1288419-16-COT26,6
1293138-98-AG26,MICRÓFONO OMNIDIRECCIONAL (GBC),4
1294237-25-AG26,CAMA EUROPEA 1 PLAZA / F.35 - compra ágil: 1294237-4-COT26 (LIMA),12
1296107-56-AG26,Orden de Compra generada por invitación a compra ágil: 1296107-51-COT26,12
1298354-339-CM25,EDU-ADM-Orden de Compra: 1298354-339-CM25-EBMP,12
1298355-312-CM26,Orden de Compra: 1298355-312-CM26,12
1298357-103-AG26,SERVICIO DE IMPRESIÓN E INSTALACIÓN DE MATERIAL PARA DIFUSIÓN DE OBRAS “DUELO” Y “OLEAJE”,6
1301883-198-AG24,ARRIENDO DE 3 DISPENSADORES DE AGUA PISO 12 - 1301883-35-COT24,12
1301883-246-SE24,"SERVICIO DE MONITOREO DE INFORMACIONES ESCRITAS, TELEVISIVAS, RADIALES Y DIGITALES SRJ",12
1301883-30-TD26,Orden de Compra generada por Trato Directo ID 1301883-1-FTD26,12
1305504-75-SE26,105 JQ P01 SERVICIO CONTROL DE PLAGAS SLEP,4
1336-44-SE26,REPARACIONES VARIAS MOTONIVELADORA CATERPILLAR - D,6
1340-214-SE26,SERVICIO DE REPARACIÓN MAQUINARIA,6
1340-215-SE26,SERVICIO DE REPARACIÓN MAQUINARIA,6
1340-225-SE26,CARGA DE PETRÓLEO,12
1343645-57-TD26,Orden de Compra generada por Trato Directo ID 1343645-3-FTD26,4
1344190-135-SE26,G19/Sillas de rueda/ MEMO 018/ANTOFAGASTA/PR*,12
1346279-44-CM26,P02-MNN COMBUSTIBLE PARA VEHÍCULO INSTITUCIONAL LAE IP,6
1350296-754-CM26,"ADQ/ ADQUISICIÓN DE BANDEJAS DE HUEVOS PARA LA UNIDAD DE ALIMENTACIÓN Y SERVICIO DIETETICO DE LECHE PARA HOSPITAL DE ALTO HOSPICIO; FR 2026-255;2DH""",4
1350296-817-SE26,CON/SUMINISTRO DE INSUMOS DE LIMPIEZA Y DESINFECCIÓN PARA LA UNIDAD DE TEXTIL; ID 1350296-28-LP25; MES MAYO 2026; Despacho 3 días hábiles; MMD $ 45.000 neto.FR 2024-1615-6,6
1350296-823-SE26,"CON/ REACT. LAB CLIN URG;LYSERCELL WDF, XN Check BF, XN Check,Cellclean Auto (CCA-500A); MES MAYO 2026; ID N°1350296-33-LR24; FR 2024-1496-74; 3 DH; MMD $300.000.-;(DIARGO).",6
1350296-861-SE26,CON/CONVENIO SUMINISTRO DE INSUMOS QUÍMICOS Y DE ASEO PARA UNIDAD DE ALIMENTACIÓN Y SEDILE CON EQUIPOS DOSIFICADORES EN COMODATO PARA EL HOSPITAL ALTO HOSPICIO POR 12 MESES; ID 1350296-109-LQ24; FR 2024-1269-20 4DH,6
1350296-874-SE26,CON/CONVENIO DE SUMINISTRO DE INSUMOS DE ESTERILIZACION; ID 1350296-46-LR25;MES MAYO;FR 2024-1665-M-44 (3 días hábiles),5
1353712-31-SE26,Material Bibliográfico CRBBPP 2026 DESDE 1353712-5-LE26,6
1357055-35-SE26,ORDEN DE COMPRA DESDE 1240099-1-LR24 FEBRERO 2026,12
1357055-37-SE26,ORDEN DE COMPRA 1240099-10-LR23 FEBRERO 2026 PARAS,12
1357055-38-SE26,ORDEN DE COMPRA DESDE 1240099-10-LR23 FEBRERO 2026,12
1359-9-SE26,ORDEN DE COMPRA DESDE 1359-9-LE26,4
1364-8-CM26,Orden de Compra: 1364-8-CM26,6
1366597-1043-TD26,Orden de Compra generada por Trato Directo ID 1366597-384-FTD26,6
1366597-1057-TD26,Orden de Compra generada por Trato Directo ID 1366597-358-FTD26,12
1366597-1058-TD26,Orden de Compra generada por Trato Directo ID 1366597-391-FTD26,6
1366597-1075-TD26,Orden de Compra generada por Trato Directo ID 1366597-363-FTD26,12
1366597-889-TD26,Orden de Compra generada por Trato Directo ID 1366597-668-FTD25,12
1375753-68-SE26,Sellos verde Unidades Educativas,6
1375754-44-AG26, TELEFONÍA MÓVIL  Y BANDA ANCHA CON EQUIPOS EN MODALIDAD DE ARRIENDO - 1375754-32-COT26,4
1375757-188-TD26,Orden de Compra generada por Trato Directo ID 1375757-13-FTD26,12
1375757-211-AG26,DCR P02 CDP 250 SEP RBD 4408 INSUMOS FERRETERÍA ESP. ELEC. ,6
1375757-90-TD26,Orden de Compra generada por Trato Directo ID 1375757-13-FTD26,12
1375758-3-AG26,JPD // INTERNET HERBERT Y HUMBERTO MATURANA // 1375758-96-COT25,12
1375761-536-AG26,Colaciones saludables Liceo Yungay por invitación a compra ágil: 1375761-119-COT26,12
1375761-617-SE26,T. ESCOLAR_CAPILLA COX-A. MACHADO_LINEA 71_ABRIL_2,6
1375761-644-TD26,Orden de Compra generada por Trato Directo ID 1375761-37-FTD26,6
1375761-651-SE26,TRANSPORTE ESC. A. MUTIZABAL_CHILLAN_ABRIL 202,6
1375761-653-SE26,T. ESC._ESC.27 DE ABRIL_CHILLÁN_LINEA 70_ABRIL_202,6
1375761-669-TD26,Orden de Compra generada por Trato Directo ID 1375761-15-FTD26,6
1375761-693-TD26,Orden de Compra generada por Trato Directo ID 1375761-26-FTD26,6
1375761-694-TD26,Orden de Compra generada por Trato Directo ID 1375761-59-FTD26,6
1375761-700-SE26,Servicio de transporte Línea 122-148 comuna Yungay Abril,6
1376-212-SE26,F-09 SERVICIO DE FUMIGACIÓN Y EXTERMINACIÓN DE PLAGAS INTEGRAL EN UNID. PENALES MES ABRIL LIC.1376-9-LE26,6
1376-276-CM26,Orden de Compra: 1376-276-CM26 Materiales de aseo para el C.R.S. de Vallenar.,6
1380-2628-AG26,"RESOLUCION N°6817, HOSPEDAJE EN LA CIUDAD DE CONCEPCION POR UNA NOCHE DEL 12-02 AL 13-02 PARA PACIENTE GES, REF. LILY RUBILAR  Orden de Compra generada por invitación a compra ágil: 1380-863-COT26",4
1380-2629-AG26,"RESOLUCION N°6818, HOSPEDAJE EN LA CIUDAD DE CONCEPCION POR UNA NOCHE DEL 12-02 AL 13-02 PARA PACIENTE GES Y ACOMPAÑANTE, REF. LILY RUBILAR  Orden de Compra generada por invitación a compra ágil: 1380-956-COT26",4
1380-2630-AG26,"RESOLUCION N°6826,HOSPEDAJE EN LA CIUDAD DE CONCEPCION POR UNA NOCHE DEL 15-02 AL 16-02 PARA PACIENTE GES Y ACOMPAÑANTE, REF. LILY RUBILAR  Orden de Compra generada por invitación a compra ágil: 1380-958-COT26",4
1380-4401-AG26,Orden de Compra generada por invitación a compra ágil: 1380-1787-COT26,12
1380-5723-AG26,Orden de Compra generada por invitación a compra ágil: 1380-1833-COT26,6
1380-5803-SE26,ORDEN DE COMPRA DESDE 1380-327-LQ24,4
1380-5805-SE26,ORDEN DE COMPRA DESDE 1380-327-LQ24,4
1380-5870-TD26,Orden de Compra generada por Trato Directo ID 1380-948-FTD26,6
1380-5889-AG26,Orden de Compra generada por invitación a compra ágil: 1380-2350-COT26,5
1380-5909-CM26,RESOL EXENTA N°6715 PQ HEMODINAMIA ,6
1380-5934-SE26,ORDEN DE COMPRA DESDE 1380-163-LP24,6
1380-5935-TD26,Orden de Compra generada por Trato Directo ID 1380-961-FTD26,6
1380-5940-TD26,Orden de Compra generada por Trato Directo ID 1380-962-FTD26,6
1380-5961-TD26,Orden de Compra generada por Trato Directo ID 1380-966-FTD26,6
1380-5962-AG26,Orden de Compra generada por invitación a compra ágil: 1380-2388-COT26,6
1380-5966-CM26,"RESOL EXENTA N°6800 PQ RODILLA, CABEZA Y CUELLO",6
1380-5972-TD26,Orden de Compra generada por Trato Directo ID 1380-967-FTD26,6
1380-5974-TD26,Orden de Compra generada por Trato Directo ID 1380-969-FTD26,6
1380-5975-CM26,RESOL EXENTA N°6810 PECHERA CON MANGA Y BATA P/PACIENTES,6
1380-5976-SE26,ORDEN DE COMPRA DESDE 1380-258-LR25,4
1380-5980-TD26,Orden de Compra generada por Trato Directo ID 1380-970-FTD26,4
1380-5981-AG26,Orden de Compra generada por invitación a compra ágil: 1380-2362-COT26,4
1380-5983-TD26,Orden de Compra generada por Trato Directo ID 1380-971-FTD26,4
1381-319-AG26,Orden de Compra generada por invitación a compra ágil: 1381-168-COT26,4
1381-320-AG26,Orden de Compra generada por invitación a compra ágil: 1381-190-COT26,4
1381-323-AG26,Orden de Compra generada por invitación a compra ágil: 1381-179-COT26,6
1381-327-AG26,Orden de Compra generada por invitación a compra ágil: 1381-173-COT26,4
1381-342-AG26,Orden de Compra generada por invitación a compra ágil: 1381-220-COT26,4
1382-414-SE26,"RC 418, SOPORTE TIC MIRAFLORES 10/12 (ABR) DESDE LIC CAPLC ID 1171142-44-LE25",6
1382-418-SE26,"RC 422, Arriendo de casilleros Autoatención Farmacia ABR, ID 1175-235-LQ24",6
1382-424-SE26,RC 428 DESDE 1382-30-LE24 SERV. ABR (PERIODO 17),6
1383-136-TD26,Orden de Compra generada por Trato Directo ID 1383-6-FTD26,6
1388961-56-SE26,Orden de Compra generada por la Gran Compra: 80104,12
1389183-245-SE26,435 JQ P02 Suministro Reconocimientos EP03,4
1389183-252-SE26,105 JQ P02 SERVICIO CONTROL DE PLAGAS JI EP04,4
1389183-253-SE26,105 JQ P02 SERVICIO CONTROL DE PLAGAS EE EP04,4
1389488-103-TD26,Orden de Compra generada por Trato Directo ID 1389488-22-FTD26,12
1389488-104-TD26,Orden de Compra generada por Trato Directo ID 1389488-22-FTD26,12
1389488-25-TD26,Orden de Compra generada por Trato Directo ID 1389488-13-FTD26,12
1389488-27-TD26,Orden de Compra generada por Trato Directo ID 1389488-15-FTD26,12
1389488-342-AG26,1389488-67-COT26//MOBILIARIO SALA REUNIONES//P01,4
1389584-86-AG26,GENERAL - DIRECCIÓN DE EDUCACIÓN - 63-114/2026 - Orden de Compra generada por invitación a compra ágil: 1389584-60-COT26,9
1389585-113-SE25,PER CAPITA - CDP 129/2025 - ORDEN DE COMPRA DESDE 1389585-1-LE25,12
1389585-85-AG26,PER CAPITA CDP 482 2026-Orden de Compra generada por invitación a compra ágil: 1389585-58-COT26,4
1389585-86-AG26,PER CAPITA CDP 484 2026-Orden de Compra generada por invitación a compra ágil: 1389585-59-COT26,6
1389585-89-AG26,PER CAPITA CDP 483 2026-Orden de Compra generada por invitación a compra ágil: 1389585-60-COT26,4
1391-788-CM26,CCP LINARES COMPRA DE VERDURAS Y TE SOLICITADO EN FOSOAD 68 SERVICIO DE ALIMENTACION,6
1391-824-CM26,C.C.P. DE TALCA FOSOAD N° 76 COMPRA MERCADERIA PARA EL SERVICIO DE ALIMENTACION,6
1393093-447-AG26,P02-SG-TRANSPORTE ESCOLAR-RBD8150,4
1393093-9-SE26,SERVICIO DE IMPRESORAS PARA EDIFICIO CENTRAL 2026,12
1393495-246-AG26,SC-49708/31065-4/SEP/SERV. TRANSPORTE ESCOLAR (6-05-2026)/HRR,12
1393495-270-AG26,SC-49142/8519-7/SEP/ADQ. RESMAS /ESF,6
1393495-280-AG26,SC-49730/35384-1/JUNJI/ADQ. MATERIAL DIDACTICO/ARG,4
1395-128-AG26,Mudanza Ismael Valdéz Meléndez,12
1395-133-AG26,Mudanza Medico ,12
1395-287-SE26,Cafetería 30 abril,4
1395-302-SE26,TAMIZAJE AUDITIVO UNIVERSAL MES ABRIL-2026,4
1395-308-SE26,Arriendo de Servidores y UPS 4/60,4
1395-309-SE26,Arriendo de Computadores y Tablet D.S.S.C 13/36,4
1395-311-SE26,Arriendo computadores AIO (abril 2026),4
1398-546-AG26,Orden de Compra generada por invitación a compra ágil: 1398-176-COT26,6
1398-559-AG26,Orden de Compra generada por invitación a compra ágil: 1398-193-COT26,4
1398-562-AG26,Orden de Compra generada por invitación a compra ágil: 1398-191-COT26,4
1403-298-AG26,"ADQ. PELLET PARA SIST. CALEFACCIÓN CCP COYHAIQUE, C.A.: 1403-95-COT26",12
1403-315-CM26,COMPRA DE ABARROTES RANCHO CDP PTO AYSEN,6
1403-328-AG26,"SERVICIO DE MANTENCIÓN Y RECAMBIO CABEZALES Y TINTAS IMPRESORA MULTIFUNCIONAL HP INK TANK415, CDP PUERTO AYSEN ",6
1411-1302-AG26,DRM. Artículos de Aseo para el C.R.S. Santiago Norte. Orden de Compra generada por invitación a compra ágil: 1411-391-COT26,6
1411-1329-AG26,Orden de Compra generada por invitación a compra ágil: 1411-429-COT26,6
1411-1349-CM26,DRM: ALIMENTOS EXTRAS MAYO 2026 CCP TIL TIL / Orden de Compra: 1411-1349-CM26,6
1411-1350-CM26,DRM: ADQUISICIÓN CARNES EXTRAS MAYO 2026 CCP TIL TIL / Orden de Compra: 1411-1350-CM26,6
1413-309-CM26,DIRREG LOS LAGOS REQUIERE VALES DE GAS PARA ANEXO DE FUTALEUFU,12
1413-374-CM26,CDP DE CASTRO REQUIERE ALIMENTOS,6
1415855-21-SE26,ST 23 Ampliación de Servicio de Prestaciones Médicas Ñuble y R.M. DESDE 1778-91-LR24 - RES 08/2026,12
1422039-144-AG26,Orden de Compra generada por invitación a compra ágil: 1422039-157-COT26,6
1422051-156-AG26,Juego Herraduras P3: 1422051-155-COT26,4
1422051-157-AG26,Elementos para Pesebreras P3: 1422051-156-COT26,4
1422051-159-AG26,Solicitud Pedidos Maquinarias P3: 1422051-152-COT26,4
1422824-1121-AG26,(LER) 1422824-726-COT26 BOBINAS TYVEK DE 15 Y 20 CM MES ABRIL,12
1422824-1147-SE26,(LER) DESECHABLES MES DE MAYO UCA,12
1422824-1151-SE26,(LER) CARNES SEA GARDEN UCA MES DE MAYO,12
1422824-1208-AG26,"(ETL) 1422824-766-COT26 MICROGUIA 0,014 CON NUCLEO DE ACERO INOXIDABLE Y CUBIERTA DE TUNGSTENO.[222P1046] SOLICITA ANGIOGRAFIA",12
1422824-1268-AG26,(LER) 1422824-823-COT26 ABARROTES VARIOS UCA MAYO,12
1422824-1299-AG26,(LER) 1422824-837-COT26 CLORO SACHET STOCK ANUAL,12
1422824-1300-AG26,(LER) 1422824-840-COT26 PILAS D ALCALINAS STOCK ANUAL,12
1422824-1357-SE26,(LER) DETERGENTES ESTERILIZACION PARA 1 MESES,12
1422824-1361-CM26,(LER) OPA Y BOBINA TYVEK STOCK PARA 3 MESES,12
1422824-1364-CM26,(LER) FILTROS PARA CONTENEDORES STOCK PARA 2 MESES,12
1422824-1379-AG26,(LER)1422824-892-COT26 CERA ROJA STOCK ANUAL,12
1422824-1380-AG26,(FCR) 1422824-900-COT26 Filtro de polisulfona de  1.9 mts2,6
1422824-1390-AG26,(FCR) 1422824-882-COT26 HOJA BISTURI #20 ,6
1422824-1392-AG26,(FCR) 1422824-908-COT26 PRESERVATIVO C/S LUBRICANTE,6
1422824-846-AG26,(RPB)-1422824-536-COT26-MICROCATETER CEREBRAL LUMEN INT. 0.017 PULG.,12
1422824-880-CM26,(LER) LECHE CHOCOLATADA ABRIL UCA,12
1422824-884-CM26,(LER) ADEREZOS PAN ABRIL UCA,12
1422825-100-CC26,(RCP) Implementación del servicio de Gestión de filas ,12
1422825-173-CM26,(LER) ETIQUETAS VENCIMIENTO STOCK PARA 11 MESES PARCIALIZADA,12
1422825-753-AG26, (VAR) Repuestos y accesorios para ventiladores mecánicos y monitor multiparámetros. 1422825-540-COT26,12
1422825-831-AG26,(RCP) Soporte de Sujeción Metálico para Reanimador Neonatal,12
1422825-854-AG26,(RCP) Sensores para Monitor Desfibrilador,12
1422825-863-AG26,"(LGM) Materiales para aguas lluvias, filtraciones y canalización PNH N°17485.",12
1422825-903-SE26,(RCP) Compra de cables paciente,12
1422825-923-AG26,(RCP) Batería para Monitor de Signos Vitales,6
1422825-942-AG26,BATERIAS MONITOR MULTIPARAMETRO - HCVB - 1422825-650-COT26,4
1422825-943-SE26,(LGM) Servicio de impresión de fotocopias (cuota 14/36).,4
1422830-691-TD25,Orden de Compra generada por Trato Directo ID 1422830-32-FTD25,12
1425525-14-SE25,RCSE-Servicio acceso Internet Inter y Nac. SAM-1,12
1426098-119-CM26,"P.02 IP-IRC CORONEL, REQ. N° 6// COMPRA TRIMESTRAL DE LACTEOS//D.PARCIALES",6
1426099-5-CM26,suministro de panaderia LAE-IP,12
1426099-81-AG26,BATERIAS PARA RADIOTRANSMISORES DEL IP IRC CHOL-CHOL,6
1426103-10-SE26,Mantencion y Reparacion IP-IRC Coyhaique,12
1426103-24-SE26,ORDEN DE COMPRA DESDE 1426103-1-LE26,12
1426103-25-CM26,Orden de Compra: 1426103-25-CM26,12
1426103-30-CM26,Orden de Compra: 1426103-30-CM26,12
1426103-31-SE26,Suministro de Frutas y verduras 1426103-3-LE25,12
1426103-33-SE26,SUMINISTRO DE PAN FRESCO 1426103-1-LE25,12
1426103-35-CM26,Orden de Compra: 1426103-35-CM26,12
1426103-5-SE26,SUMINISTRO LACTEOS CECINAS Y CONGELADOS IP-IRC COY,12
1430395-7-AG26,Servicio arriendo Bus,12
1430525-59-SE25,CFCAS - SERVICIO DE LIMPIEZA DE FOSAS - ORDEN DE COMPRA DESDE 1430525-7-LE25,12
1430705-178-AG26,Reactivos Laboratorio Mayo 2026,4
1430705-179-AG26,Material Laboratorio Mayo 2026,4
1430705-180-AG26,Reactivos Laboratorio Mayo 2026,4
1430707-1811-AG26,INSUMO STOCK MAYO 2026,6
1430707-1829-AG26,INSUMO STOCK MAYO 2026,4
1430707-1831-AG26,REQUERIMIENTO SERVICIO PSIQUIATRIA-UHCIP,4
1430707-1832-AG26,REQUERIMIENTO UNIDAD NEUROCIRUGIA ,4
1430714-70-AG26,12 SATUROMETROS PARA MONITOR DE SIGNOS VITALES EDAN X12,6
1431214-4-AG26,Compra de insumos informáticos compra ágil: 1431214-1-COT26,6
1431841-364-AG26,"PRESUPUESTO, EDUCACION - DAEM. TONER Y TINTAS ORIGINALES, LICEO PAULA JARAQUEMADA, ESC. ABIERTA Y ESC. VICTOR CUCCUINI,  compra ágil: 1431841-373-COT26",4
1431841-366-AG26,"EDUCACION , CE HEROE PEREZ CANTO MATERIALES PARA PATIO PRE BASICA SM 30266, compra ágil: 1431841-380-COT26",4
1431841-66-TD26,Orden de Compra generada por Trato Directo ID 1431841-5-FTD26,12
1432083-791-SE26,"NM, RBD 6797, SC.1575, SUBVENCIÓN GENERAL, TRABAJOS DE MANTENCIÓN DE SISTEMAS AP Y ALCANTARILLADO, ESC. RURAL CURIÑANCO, LIC. 1432083-37-LR25, 2206001.",12
1432083-949-SE26,"NM, RBD 6754, SC.1823 MANTENIMIENTO, TRABAJOS DE MANTENCIÓN DE INFRATESTRUCTURA LICEO ARMANDO ROBLES RIVERA, LIC 1432083-39-LR25, 2206001.",12
1432083-984-AG26,"YM, RBD 6930 - ESCUELA FRANCIA DE LOS LAGOS, SOL 1917, ADQ. GALVANOS, SEP, 2204999 Orden de Compra generada por invitación a compra ágil: 1432083-516-COT26",4
1432083-986-AG26," CSF, RBD 7206, SC 1341, SEP, MATERIALES DEPORTIVOS, 22-04-002, ESCUELA 21 DE MAYO - PAILLACO, cot C.A.: 1432083-519-COT26",4
1439285-42-AG26,Orden de Compra generada por invitación a compra ágil: 1439285-59-COT26,4
1447926-19-AG26,Orden de Compra generada por invitación a compra ágil: 1447926-33-COT26,6
1448380-3-AG26,"2 PLANES INTERNET MOVIL COBERTURA 3G, 4G PARA DR COYHAIQUE Orden de Compra generada por invitación a compra ágil: 1448380-3-COT26",12
1455288-29-CM26,(CCOQ) ADQUISICIÓN ARTÍCULOS DE ASEO (68/2026).,12
1455288-30-CM26,(CCOQ) ADQUISICIÓN DE FILETE MARINADO. (63/2026) ,12
1456839-35-AG26,P01 CÁMARA,6
1456841-19-AG26,P01- Adquisición de Tablet//compra ágil: 1456841-14-COT26,12
1456841-20-AG26,P01-adquisición de access point//compra ágil: 1456841-21-COT26,12
1460278-151-AG26,Orden de Compra generada por invitación a compra ágil: 1460278-146-COT26,4
1461054-122-AG26,ADQUISICIÓN DE SILLA ERGONÓMICA DE ESCRITORIO PARA JARDIN ESTRELLITA DEL ORIENTE  Orden de Compra generada por invitación a compra ágil: 1461054-97-COT26,12
1462-171-SE26,ORDEN DE COMPRA DESDE 1462-20-LE25,6
1464-562-CM26,"ADQUISICION ALIMENTOS, STOCK BODEGA ECONOMATO, HOSPITAL DE PARRAL 2026",12
1464-666-SE26,"ADQUISICION DE ARTICULOS DE ASEO, CONVENIO DE SUMINISTRO HOSPITAL DE PARRAL MAYO 2026.",6
1469-1099-AG26, 20-41334 Mobiliario oficinas: 1469-1213-COT26,6
1469-1136-AG26,2000041171 Orden de Compra generada por invitación a compra ágil: 1469-1283-COT26,6
1469-1140-AG26,2000040294 Orden de Compra generada por invitación a compra ágil: 1469-454-COT26,6
1469-1141-AG26,2-41403 Orden de Compra generada por invitación a compra ágil: 1469-1245-COT26,4
1469-1142-AG26,2-41350 Orden de Compra generada por invitación a compra ágil: 1469-1252-COT26,4
1469-1143-AG26,2-41280 Orden de Compra generada por invitación a compra ágil: 1469-1234-COT26,4
1469-1144-AG26,2-41400 Orden de Compra generada por invitación a compra ágil: 1469-1244-COT26,6
1469-1145-AG26,2-41313 Orden de Compra generada por invitación a compra ágil: 1469-1222-COT26,4
1469-986-AG26,SOLPED 20-40966 | Orden de Compra generada por invitación a compra ágil: 1469-934-COT26,6
1480160-2-AG26,"SERVICIO DE MANTENIMIENTO DE AIRES ACONDICIONADOS CAJ ÑUBLE,  compra ágil: 1480160-2-COT26",6
1488-569-SE26,Convenio Equipos Rayos X Shimadzu,6
1488-652-AG26,RES. EXT. 6703 COMPRA DE RUEDAS /1488-135-COT26,6
1488-656-AG26,RES. EXT. 6783 COMPRA DE LAVAFONDOS INOX. / 1488-112-COT26,6
1488-660-CM26,COMBUSTIBLE MOVILES HHHA MAYO 2026,6
1490160-53-AG26,Suministro Traslado Salidas Pedagógicas - 1490160-18-COT26,4
1491370-32-AG26,Adquisición de equipo para video conferencia (49976) (80) compra ágil: 1491370-29-COT26,6
1493149-16-AG26,ADQUISICIÓN DE EQUIPAMIENTO E INSUMOS DE OFICINA Y ARCHIVO,6
1493-306-SE26,CONVENIO DE SUMINISTRO VULCANIZADO MES DE ABRIL 2026 DEPARTAMENTO DIDECO,9
1493-307-SE26,CONVENIO DE SUMINISTRO VULCANIZADO MES ABRIL 2026 ,9
1497-69-CM26,MATERIAL DE ASEO,4
1499-2576-SE26,JGS LABORATORIO ANATOMÍA PATOLÓGICA,6
1499-2581-SE26,RSS TREPROSTINIL (FARMACIA),5
1499-2584-SE26,RSS MORFINA 2% (FARMACIA),6
1499-2591-SE26,JGS LEVOSIMENDAN ,6
1499-2595-SE26,JGS ISOSORBIDE,6
1499-2598-SE26,JGS KETOPROFENO (FARMACIA),5
1499887-240-CM26,CALERA DE TANGO - VERDURA ABRIL ,12
1499887-326-CM26,CALERA DE TANGO CARNES MAYO,12
1499887-327-CM26,CALERA DE TANGO VERDURA MAYO,12
1499887-347-SE26,San Joaquín - Saldo Serv. de Lavadería731-240-SE24,4
1499887-358-CM26,San Joaquín - Aseo Trimestral ,4
1499887-359-SE26,San Joaquín - Reg. Serv. de Dispensadores de Agua ,6
1499899-101-CM26,"Frutas, verduras y huevos, minuta mayo IP IRC y LAE IP Limache, SRJ V.",12
1499899-102-CM26,"Congelados, minuta de Mayo 2026, centros IP-IRC Y LAE-IP SRJ Limache ",12
1499899-105-CM26,"Lácteos, minuta de Mayo 2026, centros IP-IRC Y LAE-IP SRJ Limache ",12
1499899-81-CM26,"Pan y derivados, minuta abril 2026, centros IP-IRC y LAE-IP Limache SRJ Valparaíso",12
1499899-92-AG26,"Materiales Taller de mosaicos, para centro IP-IRC Limache DR V",12
1499899-96-CM26,"Carnes y embutidos, minuta de Mayo 2026, centros IP-IRC Y LAE-IP Limache SRJ Limache",12
1506-45-CM26,Orden de Compra: 1506-45-CM26,6
1506-47-SE26,ORDEN DE COMPRA DESDE 1506-1-LP26,6
1509-148-SE26,EXTENSION SERV. ATENCION MEDICA PROGRAMAS DE SALUD,4
1511-556-AG26,OC. INSUMOS DENTALES - generada por invitación a compra ágil 1511-112-COT26,6
1511-573-SE26,O.C. MANTENIMIENTO PREVENTIVO 50.000 KM CAMIONETA PATENTE KSDH-63 DESDE 1511-37-LE25,6
1511-574-SE26,OC.MANTENCIÓN CORRECTIVA CAMIONETA PATENTE KSDH 63 DESDE 1511-37-LE25,6
1514-1110-TD26,Orden de Compra generada por Trato Directo ID 1514-166-FTD26,12
1514-1244-TD26,Orden de Compra generada por Trato Directo ID 1514-192-FTD26,12
1514-1249-TD26,Orden de Compra generada por Trato Directo ID 1514-193-FTD26,12
1514-1268-TD26,Orden de Compra generada por Trato Directo ID 1514-187-FTD26,12
1514-1650-SE26,Desde 507428-16-LP25,12
1514-1666-SE26,ORDEN DE COMPRA DESDE 1514-45-LE25,12
1514-1687-SE26,ORDEN DE COMPRA DESDE 1514-113-LE25,6
1514-1700-CM26,Orden de Compra: 1514-1700-CM26,12
1514-1716-CM26,Orden de Compra: 1514-1716-CM26,12
1514-1752-TD26,Orden de Compra generada por Trato Directo ID 1514-279-FTD26,12
1514-1792-SE26,ORDEN DE COMPRA DESDE 1514-194-LQ24,12
1514-1810-AG26,Orden de Compra generada por compra ágil: 1514-240-COT26  Mantenimiento electrico camioneta,6
1514-1811-SE26,ORDEN DE COMPRA DESDE 1514-169-LE25,12
1514-1820-SE26,ORDEN DE COMPRA DESDE 1514-42-LQ23,12
1514-1898-SE26,ORDEN DE COMPRA DESDE 1514-57-LP24	,6
1514-1903-SE26,ORDEN DE COMPRA DESDE 1514-108-LP25,6
1514-1904-SE26,ORDEN DE COMPRA DESDE 1514-117-LP24,6
1514-1907-SE26,Desde 507428-15-LP25,6
1514-1910-SE26,Desde 507428-16-LP25,6
1514-1912-SE26,ORDEN DE COMPRA DESDE 1514-180-LP25,6
1514-1914-SE26,ORDEN DE COMPRA DESDE 1514-22-LE26,6
1514-1915-SE26,ORDEN DE COMPRA DESDE 1514-165-LE25,6
1514-975-SE26,ORDEN DE COMPRA DESDE 1514-170-LP25 MARZO,12
1524816-7-AG26,Adquisición Quincho,6
1526410-32-CM26,ADQUISICION DE VERDURAS Y ABARROTES ,4
1526410-33-CM26,ADQUISICION DE VIVERES ,4
1540-1056-SE26,1540-3-LQ24. CONV SUM DE JABONES ANTISÉPTICOS Y DESINFECTANTES. STOCK 3 MESES. ABRIL 2026. FARMACIA,6
1540-1064-AG26,1540-614-COT26 INSUMOS CLINICOS. STOCK 3 MESES. MAYO 2026. FARMACIA,6
1540-1095-SE26,"1540-114-LQ24 SERV. MANO DE OBRA PUESTOS DE TRABAJO ADMINISTRATIVO, MAYO 2026, ABASTECIMIENTO",6
1540-1098-SE26,"1540-129-LQ23 SERVICIO RECURSOS HUMANOS PARA LABORES BODEGAJES. MES MAYO 2026, ABASTECIMIENTO, CUOTA 33/36.",6
1540-1122-SE26,"1080089-7-LP26 SERVICIO DE MANTENCION PREVENTIVA DE 3 ASCENSORES Y 3 PUERTAS AUTOMATICAS DE PABELLON, ABRIL 2026, 2/12 CONTROL CENTRALIZADO",6
1540-1124-SE26,"1540-172-LP25 SERVICIO MANO DE OBRA LAVANDERIA Y ROPERIA, MAYO 2026, 6/24, SERVICIOS GENERALES",6
1540-1140-AG26,1540-621-COT26 CONTRATACION DE RECURSO HUMANO DE 2 ADMINISTRATIVOS 2 MESES (MAYO Y JUNIO). SOME,6
1540-1151-SE26,AUMENTO DE 1 RECURSO HUMANO PARA EÑL CONTROL Y VALIDDACION DE ASISTENCIA PARA LOS FUNCIONARIOS. DEPARTAMENTO DE RESCURSOS HUMANOS. PERIODO DESDE 11-05-2026 AL 31-08-2026,6
1540-628-SE26,"1540-16-LP26 SERVICIO DE ORIENTADORES, MAYO 2026, 1/24 , SERVICIOS GENERALES",6
1546-6-CM26,CM4829 - COMBUSTIBLE,4
1549-1982-AG26,PAC 2026 /< 30 UTM ADQ DE INSUMOS MEDICOS1549-1902-COT26,6
1549-2010-AG26,PAC ACTIVIDADES OBLIGATORIAS DE CAPACITACION PARA EL HOSPITAL SAN JOSÉ,6
1549-2035-SE26,1549-122-LQ24 ADQUISICION INSUMOS HEMODINAMIA,6
1552-123-AG26,ADQUISICIÓN DE MEDICAMENTOS BAJO CONTROL LEGAL COSAM COPIAPÓ,12
1552-170-SE26,1° REAJUSTE SEGUN IPC CONTRATO ASEO,12
1552-179-AG26,EQUIPOS DATA LOGGER compra ágil: 1552-56-COT26,12
1552-186-AG26,INSUMOS / UN. SOPORTE TÉCNICO - CA: 1552-49-COT26,4
1552-187-AG26,ROLLOS DE CINTAS EN CONTEXTO DEL CAMBIO DE DENOMINACION DE LA BODEGA DE FARMACIA DEL SSA A DROGUERIA compra ágil: 1552-61-COT26,4
1552-5059-SE25,Insulina,12
1552-5135-SE25,SERVICIO DE ASEO Y SERVICIOS MENORES DEPENDENCIAS SERVICIO DE SALUD ATACAMA,12
1554-589-CM26,PROGRAMA MATERIALES DE ASEO DEL HRC,12
1554-627-CM26,PROGRAMA DE ABARROTES Y PRODUCTOS CARNICOS,12
1554-681-AG26, REQUERIMIENTO FILTRO HMEF / FILTRO ANTIVIRAL  1554-164-COT26,12
1554-724-SE26,ORDEN DE COMPRA DESDE 1554-13-LP25,12
1554-744-AG26,REQUERIMIENTO SET DE VENTILACION SLE 5000  1554-227-COT26,12
1554-777-AG26,"REQUERIMIENTO MOPAS DE  24 OZ, MOPAS DE 16 OZ 1554-234-COT26",6
1554-800-SE26,AGUA PURIFICADA EN BIDON 20 LT.,12
1554-810-AG26,1554-216-COT26.  ACCESORIOS PARA CUNA DE PROCEDIMIENTO G.E.,6
1554-814-CM26,PROGRAMA MATERIALES DE ASEO,6
1554-816-CM26,REQUERIMIENTO DE LIMPIADOR AMONIACLORO,6
1554-817-AG26,Orden de Compra generada por invitación a compra ágil: 1554-263-COT26,6
1555-1664-AG26,"JERINGA 3,7 MILIGRAMOS EDTA EN GEL AL 15%",12
1555-1685-AG26,RESINA COMPUESTA FLUIDA OPACANTE,6
1555-1838-AG26,SONDAS,4
1555-1840-AG26,TROCAR PUNCION ESPINAL PUNTA LAPIZ 23 G 90 - 103 MM LARGO,4
1555-1841-SE26,MANGA PROTECTORA ARCO EN C 1 X 2 MTS,6
1555-1842-AG26,ELECTRODO DE AGUJA CORTA E1552,4
1555-1843-AG26,EQUIPO ADMINISTRACION SOLUCION P/BIV TERUMO (PU300WY30 o WY31),4
1555-1844-AG26,GLUC-O-TEST (GLUCOSA LIQUIDA) 75GR/ 300ML,4
1555-1845-AG26,PINZA LAPAROSCOPICA ENDOGUIA XL 12 MM (EGIAUXL),4
1555-1847-AG26,CONTROL ESR LINEAR VHS,4
1558-110-AG26,Trabajo estanque de agua,12
1558-133-AG26,Compra de insumos dentales,12
1558-137-AG26,Compra de sabanas cubre camilla,12
1558-94-AG26,Curso Ley Karin,12
1559-375-SE26,"SUMINISTRO DE NUTRICIONES PARENTERALES HOSPITALIZADOS MARZO 2026 ID 1559-15-LR24 (LC,FARM,220400400102,CBO)",6
1562-139-SE26,ADQUISICIÓN DE SWITCHES PARA RED LAN - ORDEN DE COMPRA DESDE 1562-5-LE26,12
1562-15-SE25,"E102RT9 Servicio de Monitoreo de Alarmas y Cámaras de Vigilancia, ORDEN DE COMPRA DESDE 1562-81-L124",12
1562-542-TD25,Orden de Compra generada por Trato Directo ID 1562-40-FTD25,12
1562-565-CC23,COMPRA COORDINADA SERVICIO ARRIENDO COMPUTADORAS,12
1574-49-SE26,SCHEE- CERTIFICACIÓN DE ELEVADORES EN JARDINES INFANTILES- 2206001005 - SC 59844,4
1576-77-CM26,RRFF - RECARGA BOMBONA JI LIPIGAS,6
1588-279-TD25,Orden de Compra generada por Trato Directo ID 1588-13-FTD25,12
1593-31-TD26,Orden de Compra generada por Trato Directo ID 1593-3-FTD25,12
1593-84-AG26,Servicio radio taxi / CBS-6641-2026,12
1602-39-SE25,ADQUISICIÓN DE SIMCARD CON PLAN DE DATOS (ORDEN DE COMPRA DESDE 1602-1-LE25) (jbt-13),12
1605-203-SE25,LR-3161 Sistema Grupos Empresariales para el SII,12
1605-353-SE25,LE-3765 Serv. Certificación y asesoria ascensores,12
1605-364-SE22,LP-11848  Suministro de Créditos en Azure,12
1605-52-TD26,Orden de Compra generada por Trato Directo ID 1605-25-FTD26,12
1605-60-SE23,LP-12058 Arriendo equipamiento XML Firewall,12
1609-244-AG25,Servicio desratización,12
1612-41-AG26,Adquisición de credenciales de identificación personal,6
1620-87-AG26, Sillas de Escritorio ID 1620-69-COT26,12
162-166-AG26,Bolsas para Laboratorio Puerto Montt,4
1622-299-AG26,UPS UNIDAD DE RAYOS C.A.1622-155-COT26,12
1622-428-SE26,COMPRA DE EXAMEN ECO ABDOMINAL PTE GES,12
1622-430-SE26,COMPRA DE EXAMEN ECO ABDOMINAL PTE GES,12
1622-432-SE26,COMPRA DE EXAMEN COLANGIORESONANCIA PTE GES,12
1622-433-SE26,COMPRA DE EXAMEN ECO ABDOMINAL PTE GES,12
1622-436-AG26,EXAMEN DE ECOTOMOGRAFIA MAMARIA C.A.1622-222-COT26,12
1622-607-SE26,EXAMENES DE COAGULACION Y HEMOGLOBINA GLICOSILADA  PARA LABORATORIO MES DE MARZO 2026,6
1622-613-TD26,Orden de Compra generada por Trato Directo ID 1622-87-FTD26,4
1622-614-AG26,CONTENCIÓN PARA INMOVILIZACIÓN DE MANOS O PIES ADULTO. Compra ágil: 1622-324-COT26,4
1622-615-SE26,TRABAJOS DE PRÓTESIS REMOVIBLES ABRIL 2026,4
1623-145-AG26,"Lubricante para esterilización, compra ágil: 1623-115-COT26",12
1627-633-CM26,Orden de Compra: 1627-633-CM26,6
1628-143-CM26,COMPRA RESMAS CARTA Y OFICIO,6
1641-11410-SE26,MOC/ABRIL 2026 LIC. 1641-489-LR24/ ANTICUERPO MSH6/ ANAT,12
1641-13195-SE26,amv/ PROGRAMA DE ASEO ORDEN DE COMPRA DESDE 1641-1,12
1641-13423-SE26,MGM CP 05/2026 EXTRACTOR SAFENA ENDORADIAL 1641-507-LP25,12
1641-13555-SE26, MOC/ANTICUERPO / ANATOMIA PATOLOGICA / LIC.1641-489lr,12
1641-13689-TD26,Orden de Compra generada por Trato Directo ID 1641-352-FTD26,4
1641-13930-SE26,MOC/ MAYO  2026 1641-223-LE24 TUBO PVC ASPIRACION ,12
1641-13960-AG26, amv/ FORMULARIOS EXAMENES Orden de Compra generada por invitación a compra ágil: 1641-2493-COT26,12
1641-14001-AG26,MGM CP 05/2026 ACELERADOR INFUSION FLUIDO 500 ML  a compra ágil: 1641-2529-COT26,12
1641-14040-AG26,MGM CP 05/2026 CANULAS MAYO Y HOJA DE BISTURI  a compra ágil: 1641-2460-COT26,12
1641-14065-AG26," amv/ UNIDAD DE IMAGEN HP LASERJET 32Âª (TAMBOR O DRUM) PARA IMPRESORA HP LASERJET M203-M206, MODELO HP LASERJET M203-M206 PCL-6 Orden de Compra generada por invitación a compra ágil: 1641-2502-COT26",12
1641-14145-AG26, amv/ VENDAJE COMPRESIVO TUBULAR Orden de Compra generada por invitación a compra ágil: 1641-2499-COT26,6
1641-14153-AG26,MVU/2026 - PROGRAMA MAYO 2026 - a compra ágil: 1641-2464-COT26 - TROCAR PUNCION LUMBAR 22 G X 90 MM PUNTA TIPO K-3 BICELADA.,6
1641-14164-CM26,amv/ 02-001-001-0096	AGUA MINERAL SIN GAS 500 A 1500 CC Orden de Compra: 1641-14164-CM26,4
1641-14234-SE26,MOC/ADIOFARMACOS MAYO  2026/ MEDICINA NUCLEAR/,4
1641-14277-TD26,Orden de Compra generada por Trato Directo ID 1641-1057-FTD25,4
1641-14287-AG26,ODP-CP 05-2026/TEMOZOLOMIDA CAPSULA 100 MG/compra ágil: 1641-2629-COT26,6
1641-14316-AG26, amv/ 02-002-003-0228 TURBINAS DESECHABLES PARA ESPIROMETRO Orden de Compra generada por invitación a compra ágil: 1641-2717-COT26,6
1641-14320-AG26,ODP-CP 05-2026/IBRUTINIB 140 MG CP/compra ágil: 1641-2669-COT26,4
1641-14321-AG26,ODP-CP 05-2026/BEVACIZUMAB 100 MG / 4 ML FA/compra ágil: 1641-2670-COT26,4
1641-14326-AG26,ODP-CP 05-2026/CEFTAZIDIMA-AVIBACTAM 2000/500 MG POLV LIOF FA/compra ágil: 1641-2676-COT26,4
1641-9029-SE26,"MOC/FEBRERO 2026 TINCION DE GRAM SET X 4 FCOS 250 ML (C/U CON YODO,",12
1643-1102-SE26,TEGADERM CON CLORHEXIDINA 2% PARA CVC/1643-51-LE25,6
1656-32-SE26,CAMBIO DE NEUMATICOS VEHÍCULO INSTITUCIONAL PATENTE GRWW-84,12
1656-344-SE25,SERVICIO DE GUARDIA DE SEGURIDAD AÑO 2026  (1656-48-LE25),12
1656-47-AG26,TUBOS LED LUZ FRIA (1656-14-COT26),4
1658-1209-AG26,Orden de Compra generada por invitación a compra ágil: 1658-551-COT26,6
1658-1227-SE26,ORDEN DE COMPRA DESDE 1658-344-LQ25	,5
1658-1239-AG26,Orden de Compra generada por invitación a compra ágil: 1658-536-COT26,6
1658-1261-TD26,Orden de Compra generada por Trato Directo ID 1658-7-FTD26,6
1658-1271-CM26,Orden de Compra: 1658-1271-CM26,6
1660-340-SE26,CONVENIO DE INSUMOS DE GASOMETRÍA Y TEST RÁPIDO,6
1660-350-SE26,MANTENCION CORRECTIVA A SILLONES DENTALES,6
1660-358-AG26,“SUPLEMENTOS NUTRICIONALES Y FORMULAS LACTEA PEDIATRICA” ,6
1660-359-SE26,"COMPRA DE SERVICIO NUTRICIONISTA PARA PSCV,MES DE ABRIL 2026	",6
1661-209-CM26,Orden de Compra: 1661-209-CM26,12
1661-272-CM26,Orden de Compra: 1661-272-CM26,12
1661-279-CM26,Orden de Compra: 1661-279-CM26,4
1662-700-AG26,COMPRA DE POCILLOS DE POSTRE,6
1662-776-TD26,Orden de Compra generada por Trato Directo ID 1662-40-FTD26,12
1662-880-CM26,Orden de Compra: 1662-880-CM26,12
1662-894-AG26,PARKAS AZUL MUJER,6
1662-902-SE26,COMPRA ABARROTES,6
1662-914-SE26,compra lacteos,6
1662-915-AG26,COMPRA DE NYLON AZUL MONOFILAMENTADO 4/0 ,6
1662-923-SE26,MANTENIMIENTO PREVENTIVO DE EQUIPOS MEDICOS ABRIL 2026,4
1663-355-SE26,Mantenimiento Unidades Dentales-op-22.06.006.003,12
1663-371-SE26,INSUMOS DE ASEO LIC 193-LP25-OP-22.04.007.002,12
1663-383-SE26,LEVETIRACETAM 500 MG CM REC-OP-22.04.004.001.02	,12
1663-398-SE26,PROPANOLOL-OP-22.04.004.001.02,12
1663-403-SE26,POLIETILENGLICOL DESDE149-LE25 PPTO OP 22.04.004.001.02,12
1663-406-SE26,ACETILCISTEINA-N 600MG POLVO GRAN SACHET,12
1663-408-SE26,BACLOFENO 10 MG CM/CM REC,12
1663-409-SE26,CLOXACILINA 500 MG POLV/LIOF SOL INY.FAM,12
1663-410-SE26,FLUTICAS/SALMET 125/25MCG 120A150DO FRA,12
1663-411-SE26,FLUTICAS/SALMET 250/25MCG 120A150DO FRA,12
1663-422-TD26,Orden de Compra generada por Trato Directo ID 1663-21-FTD26,12
1664-356-AG26,ALIMENTOS PROGRAMA HOSPITAL AMIGO,6
1664-358-CM26,GAS LICUADO A GRANEL,4
1666-216-TD26,Orden de Compra generada por Trato Directo ID 1666-11-FTD26,6
1666-220-CC26,Fresubin original 1.000 ml RTH mayo,6
1667-222-SE26,TRASLADO AMBULANCIA TODO EVENTO MARZO 2026,12
1673-65-SE26,Pedido Semana 16/03,12
1681-300-CM26,ALIMENTOS MES DE ABRIL,12
1681-330-CM26,CUPONES DE GAS  MES DE MAYO ,12
1681-332-SE26,CARNES MES DE ABRIL  2026,12
1687-51-SE24,LE-2474 SERVICIO DE ASEO OFICINAS DEL SERVICIO DE IMPUESTOS INTERNOS_ORDEN DE COMPRA DESDE 1687-4-LE24,12
1687-58-AG25,CA-4378 SERVICIO DE ASEO UNIDAD DE PORVENIR_Orden de Compra generada por invitación a compra ágil: 1687-45-COT25,12
1690-1-SE26,MC-4485_MODIFICACION AL CONTRATO 507048,6
1690-26-SE24,LE-2873_OBRAS MENORES Y MANTENCION DESDE 1690-3-LE24,12
1691-884-AG26,JMSS - REPOSICIÓN DE INSUMOS CLÍNICOS,6
1691-913-AG26,Orden de Compra generada por invitación a compra ágil: 1691-635-COT26,6
1691-935-AG26,SOVM-IN SURGERY SPA-06/05/26,6
1692-304-AG26,ADQUISICIÓN DE 4 BALANZAS ELECTRÓNICAS DIGITAL ,6
1699-52-AG26,REPARACIÓN DE UPS DE DEPENDENCIAS DE LA CORPORACIÓN ADMINISTRATIVA DEL PODER JUDICIAL RANCAGUA,9
1702-247-CM26,"ALIMENTACION, FRUTAS Y VERDURAS MAYO 2026",12
1703-227-CM26,"Adquisición de abarrotes para reposición stock bodega economato, pacientes  del Hospital Dr. Mario Sánchez Vergara",6
1703-245-AG26,Adquisicion de medidores de Hemoglucotest para Hospital Dr. Mario Sánchez Vergara.,6
1703-248-AG26,Adquisición de Fármacos para Farmacia del Hospital Dr. Mario Sánchez Vergara.,4
1704-2310-SE26,ADQUISICION DE POLIZAS DE SEGURO AMBULANCIAS.,12
1704-2474-AG26,"TROCAR PUNCION ESPINAL 25 G X 4 (103 MM), PUNTA LAPIZ a compra ágil: 1704-1588-COT26",6
1704-2566-TD26,Orden de Compra generada por Trato Directo ID 1704-524-FTD26,4
1704-2567-AG26,"COMPRA DE BALON BAKRI GINECO OBST.,Orden de Compra generada por invitación a compra ágil: 1704-1666-COT26",4
1705-305-AG26,COMPRA DE COCINA INDUSTRIAL: 1705-168-COT26,6
1705-307-AG26,COMPRA DE MATERIALES SALA CALMA ESMA MEMO N°69: 1705-179-COT26,5
1718-439-AG26,Orden de Compra generada por invitación a compra ágil: 1718-471-COT26,6
1723-241-AG26,Orden de Compra generada por invitación a compra ágil: 1723-105-COT26,4
1729-183-AG26,MATERIAL DE OFICINA PROGRAMA MUJERES JEFAS DE HOGAR,6
1733-66-AG26,Orden de Compra generada por invitación a compra ágil: 1733-18-COT26,12
1736-443-AG26,FUSC N°234 DIDECO ,6
1736-445-SE26,"OC DESDE 1736-238-LR23, ABR. 2026",4
1736-446-AG26,Orden de Compra generada por invitación a compra ágil: 1736-216-COT26,4
1740-63-SE24,SERVICIO DE DEFENSA PENAL PÚBLICA LICITADA. ID N°1740-3-LQ24. Z4-RPA. CASTRO,12
1743-238-TD26,Orden de Compra generada por Trato Directo ID 1743-51-FTD26,6
1747-58-AG26,Orden de Compra generada por invitación a compra ágil: 1747-48-COT26,12
1750-126-TD26,Orden de Compra generada por Trato Directo ID 1750-6-FTD26,12
1750-145-SE26,Servicios de Preselección de cargos de DEE y DAEM,12
1750-148-SE26,"Concursos ADP Consultoras Eval., Reclu y Bus. Esp",12
1750-149-SE26,"Concursos ADP Consultoras Eval., Reclu y Bus. Esp",12
1750-153-AG26,Compra insumos de bodega ,4
1750-22-SE26,ANEXO DE CONTRATO DE CONTRATACIÓN DEL SERVICIO DE ,12
1750-370-SE24,CONTRATACIÓN DE LOS SERVICIOS DE PLAN DE MEDIOS EN MEDIOS ESCRITOS RADIALES YO DIGITALES PARA DIFUSIÓN DE INFORMACIÓN DEL SERVICIO CIVIL,12
1750-611-SE24,SERVICIO DE MONITOREO DE MEDIOS DE COMUNICACIÓN Y REDES SOCIALES,12
1750-8-SE25,SERVICIO DE ESTRATEGIA DIGITAL,12
1754-250-SE26,ORDEN DE COMPRA DESDE 1754-23-LE25,6
1754-320-SE26,ORDEN DE COMPRA DESDE 1754-66-LR24,12
1758-48-AG26,Orden de Compra generada por invitación a compra ágil: 1758-37-COT26 SERVICIO DE CAFETERIA EL 13 DE MAYO REUNION MICROCENTRO INDEPENDENCIA,4
1776-38-CM26,COMPRA DE PETRÓLEO MAYO 2026,4
1778-429-SE24,SUB 22 DST SERVICIOS DE APOYO PROFESIONAL PARA ANÁLISIS DE DENUNCIAS DE ACCIDENTES DE TRABAJO Y ENFERMEDADES PROFESIONALES PARA BENEFICIARIOS DE LA LEY 16.744 ADHERIDOS AL INSTITUTO DE SEGURIDAD LABORAL DESDE 1778-90-LR24,12
1794-17-AG26,Orden de Compra generada por invitación a compra ágil: 1794-26-COT26,4
1794-18-AG26,Orden de Compra generada por invitación a compra ágil: 1794-22-COT26,4
1867-255-SE25,SERVICIO DE CONTROL DE ASISTENCIA,12
1874-15-AG25,Orden de Compra generada por invitación a compra ágil: 1874-11-COT25,12
1874-3-AG26,Orden de Compra generada por invitación a compra ágil: 1874-1-COT26,12
1878-22-SE26,"ADECUACIONES, VTE TEMPORADA 2026 1878-1-LQ25",4
1882-54-SE24,DPP LA ARAUCANIA DEFENSA INDIGENA ZONA MAPUCHE COLLIPULLI,12
1893-11-AG26,Orden de Compra generada por invitación a compra ágil: 1893-8-COT26,6
1895-50-SE26,CONFECCION CLAVICOTES T CLAVOS GEMALES,4
1943-149-AG26,MATERIALES OFICINA BIENESTAR,6
1943-150-SE26,SUMINISTRO ARRIENDO EQUIPOS COMPUTACIONALES DEPRIF - 15/03/2026 al 14/04/2026,4
1947-2176-SE26,244- ADQUISICIÓN DE ETANOL ABSOLUTO Y XILOL- Unidad Requirente Anatomía Patológica - consumo mayo - (CFO),6
1947-2244-CM26,"050_ADQ FRUTA Y VERDURAS ""FRUTIVERDE""- ALIMENTACIÓN-MAYO- (JVA)",12
1947-2245-CM26,"050_ADQ FRUTA Y VERDURAS ""SERGIO LETELIER""- ALIMENTACIÓN - MAYO - (JVA)",6
1947-2267-SE26,221 - ADQUISICIÓN POR SUTURAS VARIAS - MAYO - PABELLONES - BCZ,6
1950-1019-SE26,(poa) orden de compra desde 1950-56-lq25,6
1950-1022-SE26,(poa)orden de compra desde 1950-56-lq25,5
1950-1026-CM26,(FMC) CONSOLIDADO ALIMENTOS MES DE MAYO,6
1950-1029-SE26,(poa) orden de compra desde 1950-51-lq25,5
1950-953-SE26,(FMC) LISDEXANFETAMINA 50 MG CM - LIC: 1950-6-LP25,4
1950-981-AG26,(FMC) LISDEXANFETAMINA 70 MG CAP UD: 1950-373-COT26,6
1951-320-SE26,Suministro de pan correspondiente al mes de abril ,4
1951-329-SE26,Mantenimiento correctivo alcantarillado,4
1951-330-SE26,Mantenimiento preventivo ecografos y electrocardio,4
1951-333-SE26,Servicio de dosimetria 1° trimestre 2026,4
1952-1073-CM26,Orden de Compra: 1952-1073-CM26,12
1952-1141-SE26,1952-39-LQ24  PLACA BLOQUEADA TIBIA DISTAL 01 AL 03 2026,12
1952-1145-AG26,1952-495-COT26 AZUL DE METILENO 1% (10 MG/ML) INYECTABLE,12
1952-1167-SE26,1952-36-LP25 - RETRACTORES OFTALMICOS DE IRIS 8 MM UD (IM) ,12
1952-122-SE26,1952-126-LQ23,12
1952-163-CM26,Orden de Compra: 1952-163-CM26,12
1952-184-CM26,Orden de Compra: 1952-184-CM26,12
1952-1877-AG25,1952-353-COT25 FRAZADA TERMICA DE EMERGENCIA,12
1952-2594-CM25,1952-2594-CM25 INSUMOS VARIOS,12
1952-2883-AG25, 1952-1026-COT25 ELECTROBISTURI LAPIZ DESECHABLE,12
1952-424-AG26,1952-424-AG26 INSUMOS CLINICOS (IM),12
1952-6907-AG25,Orden de Compra generada por invitación a compra ágil: 1952-898-COT25,12
1952-6957-SE25,1952-45-LP23 LENTE INTRAOCULAR,12
1952-829-AG26,Orden de Compra generada por invitación a compra ágil: 1952-400-COT26 (IM-ICP),12
1952-904-AG26,Orden de Compra generada por invitación a compra ágil: 1952-295-COT26,12
1952-918-SE26,1952-126-LQ23 - INSUMOS MEDICOS H.VILLARRICA (IM),12
1952-991-SE26,"1952-132-R125 VITAMINAS HIDROSULUBLES, VITAMINA LIPOSOLUBLES",12
1960-36-SE26,Servicio mantenimiento vehiculos,4
1965-124-AG26,D.R - CORTADORA DE PASTO PARA CDP PTO NATALES,12
1965-131-AG26,SERVICIO CONTROL DE PLAGAS CP compra ágil: 1965-48-COT26,12
1965-238-AG26,D.R- GIFT CARD ÁREA SALUD MENTAL,6
1968-1106-AG26,C.P.F. TEMUCO COMPRA MATERIALES DE FERRETERIA PROYECTO REPARACION Y MANTENCION SALA DE REUNIONES ,4
1968-984-CM26,CCP TEMUCO ADQUISICION DE FRUTAS Y VERDURAS PARA CENTRAL ALIMENTOS DEL ESTABLECIMIENTO PENAL,12
1973-1473-SE26,(MPC) OC SUMINISTRO DERIVADO DESDE 1973-43-LE25,6
1973-1533-SE26,(MFC) SERVICIO DESDE 1973-44-LQ23,6
1973-1534-SE26,(MPC) SERVICIO DESDE 1973-43-LR20 (Renovacion),6
1973-1539-SE26,(MPC) SERVICIO DESDE 1973-69-LE23	,6
1973-1549-SE26,(MPC) SUMINISTRO DE FÁRMACOS GINECOLÓGICOS DESDE 1973-95-LQ24,6
1973-1550-SE26,(MPC) SUMINISTRO DESDE 1973-9-LP26,6
1978-368-SE26,1978-101-LP25 // Compra de KM para traslados SSMaule,12
1978-378-SE26, 1978-9-LE26// MANOMETRO OXILOG 3000 PLUS,6
1978-384-AG26,CA/CASA DEL DONANTE/JABON LIQUIDO 350 ML/MAYO,5
1978-387-AG26,CA/CASA DEL DONANTE/LANCETAS/MAYO,4
1979-2117-SE26,CONVENIO DE SUMINISTRO DE TONER Y TINTAS DESDE ID 1979-25-R126,6
1979-2153-SE26,INSUMOS CLINICOS DESDE ID 1979-130-LQ24	,6
1979-2154-SE26,INSUMOS CLINICOS DESDE ID 1979-128-LQ24,5
1979-2158-SE26,CONVENIO SUMINISTRO DE OXIGENO MEDIANTE ID 1175-260-LR23,4
1986-115-AG25,ARRIENDO MENSUAL DE 4 IMPRESORAS POR PERIODO DE 3 AÑOS.C AGIL: 1986-125-COT25,12
1999-34-AG26,Orden de Compra generada por invitación a compra ágil: 1999-17-COT26,4
2004-13-AG26,Orden de Compra generada por invitación a compra ágil: 2004-3-COT26,12
2004-14-AG26,Orden de Compra generada por invitación a compra ágil: 2004-4-COT26,12
2004-15-AG26,Orden de Compra generada por invitación a compra ágil: 2004-5-COT26,6
2013-735-AG26,Orden de Compra generada por invitación a compra ágil: 2013-581-COT26,6
2015-294-SE26,MEDICAMENTOS CARDIOVASCULARES,6
2015-859-SE26,Medicamentos Usados en Trastornos Sanguíneos,6
2015-940-AG26,Orden de Compra generada por invitación a compra ágil: 2015-173-COT26,6
2015-943-SE26,ALIMENTOS EN POLVO DE USO MÉDICO,6
2015-950-SE26,ANTISÉPTICOS TOPICOS Y DENTAL HOSPITAL DE LINARES,6
2015-952-SE26,FÁRMACOS ANALGÉSICOS ANTIGOTOSOS Y ANTIRREUMÁTICO,4
2015-953-SE26,SOLUCIONES PARA DIALISIS DE UCI Y UTI,6
2015-954-SE26,SOLUCIONES PARA DIALISIS DE UCI Y UTI,6
2015-956-SE26,"ANTICONVULSIVANTES, ANSIOLÍTICOS, INDUCTORES DEL S",6
2015-960-SE26,MEDICAMENTOS INYECTABLES VARIOS,6
2015-961-SE26,MEDICAMENTOS USADOS EN POLICLÍNICO DE OFTALMOLOGÍA,6
2015-963-SE26,ALIMENTOS EN POLVO DE USO MÉDICO,6
2026-620-AG26,SILLA ERGONOMICA  2026-276-COT26,6
2028-27-TD26,Orden de Compra generada por Trato Directo ID 2028-21-FTD26,4
2045-142-AG26,"Micromotor, correspondiente a compra ágil: 2045-49-COT26",6
2046-192-SE26,ORDEN DE COMPRA DESDE 2046-4-LE25,12
2046-197-SE26,ORDEN DE COMPRA DESDE 2046-4-LE25,12
2046-202-SE26,ORDEN DE COMPRA DESDE 2046-4-LE25,12
2046-203-SE26,ORDEN DE COMPRA DESDE 2046-4-LE25,12
2046-205-SE26,ORDEN DE COMPRA DESDE 2046-4-LE25,12
2046-206-SE26,ORDEN DE COMPRA DESDE 2046-4-LE25,12
2046-207-SE26,ORDEN DE COMPRA DESDE 2046-4-LE25,12
2046-208-SE26,ORDEN DE COMPRA DESDE 2046-4-LE25,12
2046-211-SE26,ORDEN DE COMPRA DESDE 2046-4-LE26,12
2046-214-SE26,ORDEN DE COMPRA DESDE 2046-4-LE26,12
2046-215-SE26,ORDEN DE COMPRA DESDE 2046-4-LE25,12
2046-216-SE26,ORDEN DE COMPRA DESDE 2046-4-LE25,12
2046-217-SE26,ORDEN DE COMPRA DESDE 2046-4-LE25,12
2046-218-SE26,ORDEN DE COMPRA DESDE 2046-4-LE26,12
2046-219-SE26,ORDEN DE COMPRA DESDE 2046-4-LE25,12
2046-224-AG26,Orden de Compra generada por invitación a compra ágil: 2046-67-COT26,4
2048-1020-SE26,ORDEN DE COMPRA DESDE 2048-75-LE25,12
2048-1039-TD26,Orden de Compra generada por Trato Directo ID 2048-240-FTD26,12
2048-1048-SE26,ORDEN DE COMPRA DESDE 2048-111-LP24 COMPRA BATERIA,12
2048-1247-AG26,EQUBF003	EQ.INF.IV.SCALPS VEIN 23 G X 19,6
2048-527-TD26,Orden de Compra generada por Trato Directo ID 2048-120-FTD26,12
2048-77-SE26,ORDEN DE COMPRA DESDE 2048-12-LE22,12
2048-847-SE26,ORDEN DE COMPRA DESDE 2048-111-LP24 MOVIL 1 HPVZ-8,12
2057-77-AG26,Orden de Compra generada por invitación a compra ágil: 2057-71-COT26,4
2059-218-AG26,  R 67 PARCHES MARCAPASO Y DEA SERVICIO URGENCIA 2059-72-COT26,6
2066-190-SE26,CONTROL DE PLAGAS SEGUN CONVENIO MARZO 2026	,12
2067-264-SE26,SERVICIO DE IMPRESION ABRIL LIC 2067-36-LE25	,4
2067-265-SE26,SERVICIO DE IMPRESION MES DE ABRIL ,4
2069-2355-CM26,MVP-CP-032026-INSUMOS CLINICOS-CM,12
2069-2434-CM26,LPS-CE-032026-POSTA MOLIDA ALIMENTACION-CM,12
2069-3629-SE26,PMH-CP-05-2026 INSUMOS CLINICOS LQ24,6
2069-3630-SE26,PMH-CP-05-2026-INSUMOS CLINICOS LE25,6
2069-3631-SE26,PMH-CP-05-2026-INSUMOS CLINICOS-LP24,6
2069-3656-SE26,PMH-CP-05-2026-COMPRA INSUMOS CLINICOS-LR23,6
2069-3751-SE26,PMH-CP-05-2026-INSUMOS CLINICOS-LQ18,6
2069-3754-SE26,PMH-CP-05-2026-INSUMOS CLINICOS-LR23,6
2069-3823-SE26,SAR-CX-042026-EXPERTO 31226 FARMACOS AMBU-LP,6
2069-3861-SE26,JMO-CE-042026-RCTA ENZALUTAMIDA-LP,6
2069-3893-AG26,PMH-CP-05-2026-INSUMOS CLINICOS ,6
2069-3912-AG26,AHF-CX-052026-COMPRA EXTRA N°31439-AG,6
2069-3913-AG26,AHF-CX-05206-COMPRA EXTRA N°31439-AG,6
2069-3970-SE26,SAR-CP-052026-PROGRAMA MAYO 2026 FARMACOS-LP,6
2069-3975-SE26,SAR-CP-052026-PROGRAMA MAYO 2026 FARMACOS-LP,6
2069-3976-SE26,SAR-CP-052026-PROGRAMA MAYO 2026 FARMACOS-LP,6
2069-3987-SE26,SAR-CP-052026-PROGRAMA MAYO 2026 FARMACOS-LP,6
2069-3988-SE26,SAR-CP-052026-PROGRAMA MAYO 2026 FARMACOS-LP,6
2069-4044-CM26,AHF-CP-052026-INSUMOS CLINICOS MAYO-CM,6
2069-4063-AG26,PMH-CP-05-2026-INSUMOS CLINICOS ,6
2069-4128-AG26,JRS-CX-052026- EXTRA PROGRAMA N°31080 MAYO 2026 FARMACOS-AG,5
2069-4134-AG26,JRS-CP-052026-PROGRAMA MAYO 2026 FARMACOS-AG,6
2069-4142-AG26,JRS-CX-052026-EXTRA PROGRAMA N°31388 MAYO 2026 FARMACOS-AG,6
2069-4167-SE26,GMC-CX-052026-CAMPAÑA DE INVIERNO-LE,6
2069-4169-AG26,JRS-CP-052026-PROGRAMA MAYO 2026 FARMACOS-AG,6
2069-4273-SE26,JMO-CP-052026-PROGRAMA MAYO-LP,6
2078-714-SE26,SERVICIO DE TRANSPORTE DE FUNCIONARIOS DE DELEGACIÓN BIOBÍO,12
2080-3080-SE26,SONDA DE ASPIRACION,12
2080-3087-SE26,TUBO ASPIRACION EST 5X8X180,4
2080-3283-CM26,INSUMOS VARIOS,12
2080-3464-SE26,CIRCUITO VM HAM Y TUBO MANTENCION,12
2080-3946-SE26,MEDIAS ANTIEMBOLICAS,12
2080-3970-SE26,TET Y CANULAS VARIAS ,6
2080-3975-CM26,AEROCAMARA ADULTO,6
2080-3989-SE26,"JABON NEUTRO, COMPRA PARA TRES MESES",6
2080-3997-CM26,TOALLA FORTEX,6
2080-4000-SE26,CATETER EMBOLEC ARTERIAL,6
2080-4023-SE26,COTIZACIÓN 590069,6
2080-4036-CM26,FRACCIONADOR,6
2080-4039-SE26,AGUJA HIPODERMICA 18 G 1-12,5
2080-4047-TD26,Orden de Compra generada por Trato Directo ID 2080-98-FTD25,6
2080-4052-CM26,FORMULA INFANTIL,6
2080-4058-CM26,CLORHEXIDINA  2% SOL. TOPICA EN BASE ALCOHOLICA COLOREADA. FRASCO 50-100 ML,6
2080-4067-SE26,PRÓTESIS O STENT BILIAR,6
2080-4069-SE26,GLUCOSA 5% X 250ML Y AGUA DESTILADA X 1000 ML,6
2080-4082-SE26,BENZOATO DE SODIO 300 MG,6
2080-4089-SE26,MANITOL,6
2080-4099-SE26,ACIDOS GRASOS PCTE UPP,6
2080-4115-SE26,RETRACTOR ABDOMINAL FLEXIBLE.,6
2080-4202-SE26,SENSOR MONITOREO CONTINUO,4
2080-4212-SE26,INSUMOS TOMA DE MUESTRA,4
2085-380-AG26,COMPRA UNIDAD UCP HOSPITAL TRAIGUEN 2085-169-COT26,6
2085-383-AG26,COMPRA PROGRAMA PRILONCO DIDAICO HOSPITAL TRAIGUEN  2085-174-COT26,5
2085-384-AG26,COMPRA UNIDAD IMAGENOLOGIA  HOSPITAL TRAIGUEN  2085-175-COT26,4
2085-385-AG26,COMPRA UNIDADIMAGENOLOGIA  HOSPITAL TRAIGUEN 2085-176-COT26,4
2085-386-AG26,COMPRA UNIDAD ESTERELIZACION  2085-177-COT26,4
2085-387-AG26,COMPRA UNIDAD ESTERILIZACION HOSPITAL TRAIGUEN  2085-178-COT26,4
2086-25-SE25,Convenio control de asistencia ,12
2098-165-TD26,Orden de Compra generada por Trato Directo ID 2098-558-FTD25,12
2098-266-TD26,Orden de Compra generada por Trato Directo ID 2098-39-FTD26,12
2098-602-AG26,AG-ARTICULOS DE OFICINA PARA REPOSICIÓN BODEGA DE ECONOMATO/AMD,5
2098-635-SE26,LP; 2098-166-LP24 ADQUISICIÓN DE CIRCUITO ANESTESIA ADULTO REPOSICIÓN BODEGA; MEMO N°134 - FOLIO 423 / TJS,12
2098-714-CM26,CM/APOSITO TRANSPARENTE/REPOSICION BODEGA/ PAC N° 57/JCG,6
2098-7275-SE25,TD-MATERIAL TRAUMATOLOGICO PARA CIRUGIA DE PACIENTE/EFB,12
2098-734-AG26,AG; 2098-215-COT26 ADQUISICIÓN DE INMOVILIZADOR Y CABESTRILLO ADULTO PARA REPOSICIÓN BODEGA - FOLIO PAC 17 / TJS,6
2098-7833-SE25,LP-MCM-PEDIDO N° 05; CONVENIO CONTROLADOS AÑO 2025,9
2098-802-SE26,LP-REACTIVOS PARA LABORATORIO/GRUPO 3/2098-18-LP26/ABRIL 2026/AMD  ,12
2098-807-SE26,LP-REACTIVOS PARA LABORATORIO/GRUPO 7/2098-18-LP26/ABRIL 2026/AMD ,12
2098-902-SE26,LQ; 2098-142-LQ24 PEDIDO N°10 SONDA  ASPIRACIÓN REPOSICIÓN BODEGA; MEMO N°175 - FOLIO 573 / TJS,6
2098-911-SE26,LE; 2098-20-LE26 ADQUISICIÓN DE TUBOS CELESTES PARA LABORATORIO CLÍNICO - PAC N°20 / TJS,6
2098-915-SE26,"LE; 2098-20-LE26 ADQUISICIÓN DE TUBO PEDIÁTRICO, GLUCOSA ORAL, AGUJA MULTIPLE, FRASCO DE ORINA Y PORTA TUBO CAMISA PARA LABORATORIO CLÍNICO - PAC N°20 / TJS",6
2098-919-SE26,LE; 2098-20-LE26 ADQUISICIÓN DE LLAVE 3 PASOS PARA LABORATORIO CLÍNICO - PAC N°20 / TJS,6
2098-971-SE26,LQ - CONVENIO CONSUMO MENSUAL PETROLEO CALDERAS/ABRIL 2026/2098-250-LQ24,6
2101-724-SE26,PRIMIDONAS,6
2101-755-SE26,MEDICAMENTOS ,6
2101-757-SE26,MEDICAMENTOS ,6
2101-760-SE26,MEDICAMENTOS ,6
2101-768-AG26,DETERGENTE LAVANDERÍA,6
2102-339-SE26,CONVENIO MOVILIZACION TRASLADO DE FUNCIONARIOS,4
2103-254-SE26,"Servicio de mantención ascensores mes de abril 2026, Hospital de Lonquimay",6
2103-281-SE26,"SERVICIO DE CONTROL DE PLAGAS MES DE ABRIL DEL 2026, HOSPITAL DE LONQUIMAY",12
2107-832-CM26,MATERIALES DE ASEO,6
2109-653-AG26,INSUMOS GRAFICOS Y/O DE OFICINA,4
2109-899-AG26,TUBOS KHAN Y EXTRACCION (2109-271-COT26).,6
2109-921-AG26,NEBULIZADOR DESECHABLE CON MASCARILLA (2109-272-COT26).,6
2109-929-SE26,Mangas de Compresión Neumáticas (2109-22-LQ22).,6
2111-5992-AG26,2242240048 JERINGA 1ML POLICARBONATO PUNTA LUER LOCK  Orden de Compra generada por invitación a compra ágil: 2111-191-COT26,12
2111-7929-TD26,Orden de Compra generada por Trato Directo ID 2111-24-FTD26,6
2111-8114-CM26,2249517085 - APOSITO 8.5 X10.5 3 M P/FIJ. CATETER TRANS.POL,12
2111-8632-SE26,Examenes de laboratorio y Biopsias convenio Lucio Cordova Resolución Exenta N°2705 PF 34,9
2111-8634-SE26,Examenes de laboratorio y Biopsias convenio Lucio Cordova Resolución Exenta N°2705 PF 28,9
2111-8637-SE26,Examenes de laboratorio y Biopsias convenio Lucio Cordova Resolución Exenta N°2705 PF 24,9
2111-8639-SE26,Examenes de laboratorio y Biopsias convenio Lucio Cordova Resolución Exenta N°2705 PF 42 (agosto),9
2111-8640-SE26,Examenes de laboratorio y Biopsias convenio Lucio Cordova Resolución Exenta N°2705 PF 44 (septiembre),9
2111-8642-SE26,Examenes de laboratorio y Biopsias convenio Lucio Cordova Resolución Exenta N°2705 PF 47 (octubre),9
2111-8647-TD26,Orden de Compra generada por Trato Directo ID 2111-4-FTD25,12
2111-8684-SE26,SERVICIO DE MÉTODO DE ESTERILIZACIÓN A ALTA TEMPERATURA POR VAPOR HÚMEDO SATURADO LIC 2111-286-LP25 DESDE 01 AL 30 ABRIL 2026,6
2111-8685-SE26,2189991930 NUTRICION PARENTERAL SKC 986 DESDE 2111-378-LP24 LINEA 1,12
2111-8687-SE26,"TRAUMATOLOGIA ID 2111-119-LR25, LINEA 1 Y 3, GUIA 11098",12
2111-8689-SE26,"TRAUMATOLOGIA ID 2111-119-LR25, LINEA 3, GUÍA 11099",12
2111-8691-SE26,"TRAUMATOLOGIA ID 2111-119-LR25, LINEA 2, GUÍA 11102",12
2111-8692-CC26,0072995501 - FRESUBIN 2KCAL DRINK 200ML X4 desde CC 1122317-10-LR25 LINEA 40,12
2111-8704-SE26,"2252696610-HISOPO GASA , LINEA 1, LIC 2111-176-LP25 ",6
2111-8711-SE26,2244109118 - CATETER POWER PICC DOBLE LUMEN 5 FR. LICIT. 2111-360-LQ23 LINEA 1,12
2111-8716-SE26,TRAJES COMPRESIVOS PAC. QUEMADOS desde 2111-242-LR25,12
2111-8737-SE26,"TRAUMATOLOGÍA ID 2111-105-LR25, LÍNEA 4, GUÍAS 638998 - 638996 - 643952 - 644162 - 644164 - 644177 - 644161 - 647049",12
2111-8780-SE26,2417055396 TORULA DETECCION TRAZAS EN SUPERFICIE 2111-253-LQ22,5
2111-8786-CC26,0072706264 - FRESUBIN 2KCAL HP 500ML CAJA X15 desde CC 1122317-10-LR25 LINEA 6,6
2111-8788-CC26,"0076620155 - DIBEN 1,0 X 500 ML X 15 1122317-10-LR25 LINEA 3",6
2111-8789-CC26,0072706249 - FRESUBIN ORIGINAL 500ML CAJA X 15 desde CC 1122317-10-LR25 LINEA 5,6
2111-8790-AG26,0020000062 - 0020000142 PANTALON y BLUSA DE OPERAR CREA CELESTE/VERDE ELASTICO M desde compra ágil: 2111-632-COT26,4
2111-8792-CC26,"0072706258 - DIBEN 1,5 KCAL HP 500ML CAJA X15 1122317-10-LR25 LINEA 10",6
2111-8795-CC26,"0070070009 - DIBEN 1,5 CKAL HP 1000 ML X 8 1122317-10-LR25 LINEA 9",6
2111-8800-SE26,0070070012 - ENSURE CLINICAL RTH 500 ML desde 2111-187-LP25 LINEA 2,6
2111-8810-AG26,2130000002 AZTREONAM 1 GR FA compra ágil: 2111-634-COT26,6
2111-8811-SE26,0126565266 - SAL INDUSTRIAL (SACO 25KG) desde 2111-182-LE24 EQ. INDUSTRIALES,4
2125-820-SE26,Compra de abarrotes y carne,12
2125-945-SE26,Compra de verduras y frutas (abril 2026),6
2125-998-SE26,OXIGENO MEDICO 11.05.2026,4
2127-10-AG26,SERVICIO COFFEE BREAK PARA EL MARTES 12 DE MAYO A LAS 16:30 HORAS EN DEPROV (Departamento de Educación Provincial Cauquenes),4
2131-34-AG26,Orden de Compra generada por invitación a compra ágil: 2131-19-COT26,5
2131-36-AG26,Orden de Compra generada por invitación a compra ágil: 2131-17-COT26,5
2133-778-SE26,CONVENIO INTA,12
2133-893-SE26,ORDEN DE COMPRA DESDE 2133-101-LE25,12
2133-918-TD26,Orden de Compra generada por Trato Directo ID 2133-23-FTD26,12
2133-928-SE26,CONVENIO INTA,12
2136-294-SE26,SERVICIOS DE APOYO CASINO MARZO Y ABRIL 2026,12
2146-186-SE26,ORDEN DE COMPRA DESDE 2146-17-LE26,6
2146-202-TD26,Orden de Compra generada por Trato Directo ID 2146-2-FTD26,6
2170-2737-AG25,KIT OXIGENOTERAPIA PARA PACIENTES PROGRAMA PAD,12
2170-415-AG26,sutura vicryl-aposito 20x25,6
2175-155-AG26, 2175-76-COT26 Motor Portón JG Vallenar,4
2178-131-AG26,"Cortinaje Roller JL Mulchen, Santa Barbara y Corte de Apelaciones CCP",4
2178-17-TD26,Orden de Compra generada por Trato Directo ID 2178-1-FTD26,12
2179-92-AG26,"Adquisición de horno y microondas, asociado a compra ágil: 2179-67-COT26",6
2182-72-SE26,Suministro e instalación de luminarias,6
2182-81-AG26,ARRIENDO CAMIONETA 4X4,4
2186-406-AG26,FRIGOBAR,6
2196-392-SE26,4TO SERVICIO DE MANTENCION PREVENTIVA SEMESTRAL DEL AIRE ACONDICIONADO DESDE 2196-6-LE23 ,6
2199-116-CC26,Arriendo Mensual Servicio ERP 2026,12
2199-257-AG26,Cojines Cuñas para rehabilitacion,6
2199-267-SE26,MTTO. PREVENTIVO DE PILETA Y CAMARA DE AGUAS LLUVIAS,4
2199-268-SE26,"MTTO. PREVENTIVO DE CANALES DE BAJADA, FIJACIONES Y SOPORTES DE AGUAS LLUVIAS",4
2199-67-CM26,Alimentos ,12
2200-140-SE25,ELABORACIÓN DE INFORMES DE TELE ELECTROCARDIOGRAFÍA Y ARRIENDO DE EQUIPOS A DISTANCIA - DAP,12
2201-139-SE26,Aumento Contrato AATT Desplazamiento (Convenio CHCC) DELTAMED,12
2201-314-SE26,Servicio de licencias electrónica ABRIL 2026,12
2202-528-SE26,ORDEN DE COMPRA DESDE 2202-60-LE25,4
2205-66-AG26,TALONARIOS  compra ágil: 2205-57-COT26,6
2205-69-AG26,BATERIA DESFIBRILADOR a compra ágil: 2205-65-COT26,6
2207-341-CM26,Orden de Compra: 2207-341-CM26,6
2211-451-AG26,Orden de Compra generada por invitación a compra ágil: 2211-521-COT26 SERV. DE PUBLICACION SOL 40 ADMINISTRACION ,6
2211-455-AG26,Orden de Compra generada por invitación a compra ágil: 2211-516-COT26 BUZOS SOL 245 DIDECO (PRODESAL) ,4
2215-460-CM26, CÁNULA MAYO NASCARE GUEDEL N°5-N°4-N°3,4
2215-552-AG26,COMPRA TONER,6
2215-556-AG26,"COMPRA DE INSUMOS PARA ANATOMIA PATOLOGICA, SOLICITADO EN COM.INT.N° 06/26",4
2215-557-AG26,"COMPRA DE INSUMOS PARA ANATOMIA PATOLOGICA, SOLICITADO EN COM.INT.N° 06/26",6
2215-558-AG26,"COMPRA DE INSUMOS PARA ANATOMIA PATOLOGICA, SOLICITADO EN COM.INT.N° 06/26",6
2215-559-AG26,"COMPRA DE INSUMOS PARA ANATOMIA PATOLOGICA, SOLICITADO EN COM.INT.N° 06/26Orden de Compra generada por invitación a compra ágil: 2215-467-COT26",6
2215-560-AG26,Orden de Compra generada por invitación a compra ágil: 2215-496-COT26,6
2215-583-TD26,Orden de Compra generada por Trato Directo ID 2215-28-FTD26,6
2216-213-AG26,Orden de Compra generada por invitación a compra ágil: 2216-67-COT26,4
2251-38-AG26,ADQUISICION DE IMPLEMENTOS DEPORTIVOS PARA LA ETA,6
2258-2875-SE26,ORDEN DE COMPRA DESDE 2258-166-LR25,12
2258-3012-SE26,ORDEN DE COMPRA DESDE 2258-221-LQ25,12
2258-3043-SE26,ORDEN DE COMPRA DESDE 2258-288-LP25,12
2258-3070-SE26,ORDEN DE COMPRA DESDE 2258-10-LQ25,12
2258-3201-SE26,ORDEN DE COMPRA DESDE 2258-288-LP25,12
2258-3354-SE26,PACIENTE 859836 COT 20719483,12
2258-3407-SE26,PACIENTE 918844 COT 20691037,12
2258-3411-SE26,PACIENTE 393137 COT 20734490,12
2258-3427-SE26,PACIENTE 595531 COT 20722777,12
2258-3430-SE26,PACIENTE 447778 COT 20733165,12
2258-3629-SE26,OC para 2258-186-LQ25 MARZO 2026,12
2258-3631-SE26,OC para 2258-188-LP25 MARZO 2026,12
2258-3808-CC26,"Formula suplementaria, compra coordinada",6
2258-3828-CC26,"Formula suplementaria, compra coordinada",6
2258-3832-CC26,"Formula suplementaria, compra coordinada",4
2258-3838-AG26,Orden de Compra generada por invitación a compra ágil: 2258-465-COT26,6
2258-3839-CM26,Pasajes aereos: 2258-3839-CM26,6
2258-3840-CM26,Pasajes aereos: 2258-3840-CM26,6
2258-3841-SE26,PCS;OC.2258-28-LP24 ABR. 26 MTTO PREV CLIMA DEL,4
2258-3842-SE26,PCS;OC 2258-28-LP24.ABRIL. 2026.MTTO CORRECT CLIMA,4
2258-3843-SE26,PCS; OC DESDE 2258-245-LR24 ABRIL.2026 OXIGEN,4
2273-153-CM26,Orden de Compra: 2273-153-CM26,12
2274-71-SE26,"CONVENIO DE SUMINISTROS CEREMONIAS CUENTAS PÚBLICAS SALUD 2026 EXP 6595 (22.12.003  GASTOS DE REPRESENTACION, PROTOCOLO Y CEREMONIAL)  ORDEN DE COMPRA DESDE 2274-9-LE26",4
2279-180-AG26,SP 38 compra ágil: 2279-114-COT26,12
2281-616-AG26,Orden de Compra generada por invitación a compra ágil: 2281-851-COT26 / MICROCHIP DE IDENTIFICACIÓN PARA MASCOTAS ATENDIDAS EN CLÍNICA VETERINARIA MUNICIPAL,6
2284-365-CM26,TOALLA DE PAPEL PROFESSIONAL - SOLICITUD N°5906 : 2284-365-CM26,4
2287-383-AG26,"$-262-DASG-FEFRIGERADOR, FRIGO Y CALEFACTOR",5
2289-464-SE26,MEDICO VETERINARIO CLINICA VETERINARIA,6
2291-771-AG26,"NP Nº39 S. PUBLICA, SERV. EJECUCI0N INTEGRAL INTERV. URBANAS: 2291-388-COT26",6
2291-783-AG26,"NP Nº17 MOVILIZACION, ADQUISICION DE ACEITE MOTOR: 2291-401-COT26",4
2292-6498-CM26,ADQUISICIÓN DE APÓSITO 10X10 CONV FOFAR / BODEGA FARMACIA (PEDIDO 643)(SMV),6
2292-6499-CM26,PARCHE MEDICO CONV FOFAR / GESTIÓN CLÍNICA (PEDIDO 644)(SMV),6
229-345-SE26,Suministro Scanner (TAC) y Resonancias CS N°77,4
2294-375-AG26,Compra ágil: 2294-339-COT26 - NP 68 - LIC ABATE MOLINA - SUBV. REGULAR,4
2294-379-AG26, MATERIALES DE ENSEÑANZA. SEP. ESCUELA CENTINELA. NP 3,4
2294-380-AG26,LICENCIAS .SEP. ESCUELA CENTINELA.NP 5,4
2294-388-AG26,UTILES ESCOLARES. SEP. ESCUELA CENTINELA. NP 7,6
2294-389-AG26,Compra ágil: 2294-373-COT26 - NP 79 - ESC. EL ORIENTE - MANTENIMIENTO,4
2294-390-AG26,Compra ágil: 2294-375-COT26 -NP 80 - ESC. VIÑA PURISIMA - MANTENIMIENTO,4
2294-391-AG26,Compra ágil: 2294-364-COT26 - NP 77 - LIC. DIEGO PORTALES - MANTENIMIENTO,4
2294-394-CM26,Orden de Compra: 2294-394-CM26 - NP 3 - SALA CUNA DE LA CUNA AL MUNDO - JUNJI,4
2294-398-AG26,UTILES ESCOLARES. SEP. ESCUELA CENTINELA. NP 6,4
2294-399-SE26,VESTUARIO ESCUELA JUAN LUIS SANFUENTES FONDOS SEP,4
2294-405-CM26,UTILES ESCOLARES ESCUELA JUAN LUIS SANFUENTES FONDOS SEP NP 6,4
2294-407-CM26,LAPTOP ESCUELA JUAN LUIS SANFUENTES FONDOS SEP NP 15,9
2294-409-AG26,OBRA VENDIDA REPARACION SISTEMA DE GAS JARDIN SUEÑOS DE NIÑOS FONDOS SUBVENCION REGULAR NP 9,4
2305-28-SE26,Servicios de impresión y arriendo de equipos	,6
2306-273-CM26,"ADQUISICION  MATERIAL DE ESTUDIO, ESC.ESPECIAL ANA AICHELE FONDOS DAEM Orden de Compra: 2306-273-CM26",6
2306-295-AG26,"ADQUISICION DE RADIOS PORTATIL ANALOGICA PARA LICEO BICENTENARIO INSTITUTO COMERCIAL DE OSORNO: 2306-261-COT26, FONDOS GRATUIDAD",6
2306-297-AG26," servicios de alimentación para estudiantes del Programa de 4 a 7 SERNAMEG Escuela Monseñor Francisco Valdés,fondos SERNAMEG  Orden de Compra generada por invitación a compra ágil: 2306-274-COT26",6
2307-529-CM26,ADQUISICIÓN DE ARTÍCULOS DE ASEO (REQ. N°3645) CBS,6
2309-79-SE26,Instal. de Bomba de Impulsión y Tablero Eléctrico - ORDEN DE COMPRA DESDE 2309-14-LE26,4
2318-349-AG26,Orden de Compra generada por invitación a compra ágil: 2318-263-COT26,6
2322-310-AG26,Orden de Compra generada por invitación a compra ágil: 2322-236-COT26. Adquisición materiales de oficina para Programa Red Local de Apoyos y Cuidados  ,4
2322-311-AG26,Orden de Compra generada por invitación a compra ágil: 2322-240-COT26. Adquisición Ayudas Técnicas para ser utilizados en el Programa Red Local de Apoyos y Cuidados ,4
2322-312-AG26,Orden de Compra generada por invitación a compra ágil: 2322-242-COT26.  Equipamiento para la vivienda Programa Red Local de Apoyos y Cuidados ,4
2324-446-AG26,"ADQ. PASAJES INTERNACIONALES PARA FUNCIONARIO QUE PARTICIPARA EN LA FERIA INTERNACIONAL ""SEATRADE CRUISE GLOBAL 2026""",12
2324-601-CM26,CARNES ROJAS Y BLANCAS STOCK CENTRO ELEAM / DIDECO,6
2324-602-AG26,ADQUISICION 480 SACOS DE 25 KG. C/U DE SAL INDUSTRIAL / DIRECCION DE OPERACIONES - DEPARTAMENTO DE OBRAS MENORES /  Orden de Compra generada por invitación a compra ágil: 2324-352-COT26,4
2324-603-AG26,"MATERIALES PARA LA HABILITACION DE GALPON Y OFICINAS UBICADA EN CALLE GENESIS, BARRIO INDUSTRIAL / DIRECCION DE OPERACIONES - Orden de Compra generada por invitación a compra ágil: 2324-332-COT26",4
2333-211-SE26,SUMINISTRO DE ARREGLOS FLORALES,12
2333-219-SE26,SUMINISTRO DE ARREGLOS FLORALES,12
2333-234-SE26,SUMINISTRO DE ARREGLOS FLORALES,12
2333-236-SE26,SUMINISTRO MATERIALES DE ASEO,12
2333-270-SE26,SUMINISTRO DE TINTAS Y TONER,12
2333-272-AG26,ROLLERS ,12
2335-304-AG26,GUANTES NITRILO,6
2343-164-AG26,Orden de Compra generada por invitación a compra ágil: 2343-128-COT26 IDDOC 4256296 / CTF 16 / PEDIDO 526,12
2348-173-SE26,REPARACION E INSTALACION GRIFERÍA DIMAO,12
2348-174-SE26,CAMBIO DE DOS CERRADURAS OFICINAS MUNICIPALES,12
2348-213-SE26,ORDEN DE COMPRA DESDE 2348-10-LE26,4
2354-149-SE26,APOYO SOCIAL DE PAÑALES ADULTO,4
2358-112-AG26, ?SC 26 -DSP-ADQUISICIÓN DE TRAJES IMPERMEABLES PARA LLUVIA 2 PIEZAS DE PU- compra ágil: 2358-148-COT26,6
2358-57-AG26,"S/C N° 50 DEL 12-03-2026, COMPRA DE ARTICULOS DE OFICINA, DEPTO. DE LA FAMILIA; compra ágil: 2358-63-COT26",12
2358-80-AG26,?SC 14 -DEPTO. ADM- BODEGA-ADQUISICIÓN DE PRODUCTOS DE ASEO- compra ágil: 2358-99-COT26,12
2360-265-AG26,COMPRA DE BATERIAS Y PARTIDOR  compra ágil: 2360-107-COT26,6
2360-267-AG26,ADQUISICION DE SOPLETE INDUSTRIAL PARA GAS LICUADO desde compra ágil: 2360-109-COT26,4
2366-273-SE26,ADQ. CAJAS ORGANIZADORAS MEMO N. 205 DESDE 2366-3-LE26,6
2371-142-AG26,"SP-229 EXP. 6346 compra ágil: 2371-161-COT26, CAMBIO DE VIDRIO TRASERO MINIBUS VOLKKSWAGEN PATENTE. LPHC-54",4
2374-76-CM26,CUPON DE CARGA DE GAS LICUADO PARA CALEFACCIÓN COMO STOCK DE BODEGA,4
2376-319-AG26,Adquisición De Seguro De Accidentes Personales Orden de Compra generada por invitación a compra ágil: 2376-277-COT26,6
2378-11-SE25,ORDEN DE COMPRA DESDE 2378-152-LQ24,12
2380-764-AG26,"SERVICIO DE REPARACIÓN DE ESTANQUE DE AGUA PARA SALA DE BOMBA, PARA PISTA ATLÉTICA (DIDECO), SEGÚN OS N° 150434, (R.M.M.).",4
2380-765-AG26,"SERVICIO DE TAPIZADO DE SILLAS, PARA PISTA ATLÉTICA (DIDECO), SEGÚN OS N°150432, (R.M.M.).",4
2380-771-AG26,"ADQUISICIÓN DE CERRADURAS, USO PISTA ATLÉTICA (DIDECO), SEGÚN OS N° 150567, (R.M.M.).",4
2380-772-AG26,"ADQUISICIÓN DE TONER Y PAPELEROS, PARA USO EN OFICINA DE PROMOCIÓN SOCIAL, SEGÚN OS N° 150861, (R.M.M.).",4
2380-787-AG26,"SERVICIO DE CATERING PARA 200 PERSONAS, PARA EL PROGRAMA DIVERSO E INCLUSIVO (DIDECO), SEGÚN OS N° 151000, (R.M.M.).",4
2380-791-TD26,Orden de Compra generada por Trato Directo ID 2380-24-FTD26,4
2380-793-AG26,ADQUISICIÓN DE MATERIALES USO TALLER DE SOLDADURA - DOPER - OS 150578 - G.A.C,4
2380-795-AG26,ADQUISICIÓN DE MATERIALES PARA LOSA DE CONTAINER OFICINAS DOPER - DOPER - OS 150213 - G.A.C,4
2380-796-AG26,"ADQUISICIÓN DE EPP PARA USO EN TERRENO - DOPER, DPTO ORNAMENTACIÓN - OS 150498 - G.A.C",4
2380-797-AG26,"SERVICIO DE DIAGNOSTICOS PARA REPARACION DE CAMARAS FOTOGRAFICAS DE DEPARTAMENTO DE COMUNICACIONES, ALCALDIA, SEGUN OS 149775 (A.T.A)",4
2380-798-TD26,Orden de Compra generada por Trato Directo ID 2380-27-FTD26,4
2380-799-TD26,Orden de Compra generada por Trato Directo ID 2380-28-FTD26,4
2380-800-TD26,Orden de Compra generada por Trato Directo ID 2380-29-FTD26,4
2380-801-TD26,Orden de Compra generada por Trato Directo ID 2380-30-FTD26,4
2380-803-AG26,"ADQUISICION DE ROPA CORPORATIVA Y ELEMENTOS DE PROTECCION PERSONAL PARA EQUIPO DE PREVENCIÓN DE RIESGO, DEPARTAMENTO DE RECURSOS HUMANOS, SEGUN OS 150957 (ATA)",4
2380-810-AG26,ADQUISICION DE TARJETAS DE PRESENTACION SEGUN MODELOS ADJUNTOS OS.150579 (NSA),4
2380-811-CM26,"ADQUISICIÓN DE COMBUSTIBLE PARA MÓVILES MUNICIPALES Y ARRENDADOS MES DE MAYO 2026, ORDEN DE SERVICIO 152292. (NSA)",4
2380-812-AG26,SERVICIO DE ARRIENDO DE CAMIONES 3/4 - MES CORRIDO (MAYO) DOPER - OS 151100 - G.A.C,4
2380-813-AG26,ADQUISICIÓN DE MATERIALES Y HERRAMIENTAS - DOPER - OS 150219 - G.A.C,4
2380-814-AG26,ADQUISICIÓN DE TAPAS PARA CÁMARAS (REPOSICIÓN) - DOPER - OS 150649 - G.A.C,4
2380-818-AG26,"CONFECCIÓN DE PLACAS PATENTE DE CARROS DE ARRASTRE, DUPLICADOS - TRÁNSITO - OS 150911 - G.A.C",4
2381-100-AG26, ADQUISICION EQUIPO PARA LA CLINICA VETERINARIA,12
2381-101-AG26, ADQUISICION INSUMOS PARA HOLTER DE PRESION DE LOS CESFAM,12
2381-13-AG26,ADQUISICION FLUJOMETROS PARA SALAS IRA/ERA Y MIXTAS DE LOS CESFAM,12
2381-14-AG26, ADQUISICION EQUIPAMIENTO PARA LOS CESFAM Y UNIDADES DASM,12
2381-17-AG26,ADQUISICION MATERIALES DE ESCRITORIO PARA EL CESFAM STA. ELVIRA,12
2381-560-AG26,ADQUISICION EQUIPAMIENTO PARA LA SALA DE PRODECIMIENTO DE LOS CESFAM,6
2381-569-AG26,Adquisición de artículos de escritorio para droguería de salud.,5
2381-570-AG26,ADQUISICIÓN INSUMOS Y ACCESORIOS MÉDICOS PARA EL MES DE ABRIL Y MAYO STOCK BODEGA,5
2381-59-AG26,ADQUISICION INSUMOS DE SEGURIDAD PARA LA UNIDAD DE MANTENCION E INFORMATICA DE LA DIRECCIÓN DE SALUD,12
2381-60-AG26, ADQUISICION SMARTPHONE PARA REPOSICION DEL SAR PAIPOTE,12
2381-62-AG26, ADQUISICION ESCANER DE ESCRITORIO PARA ENCARGADA DE PAGOS DEL DEPARTAMENTO DE FINANZAS,12
2381-63-AG26,ADQUISICION MUDADOR DE PARED PARA EL CESFAM STA. ELVIRA,12
2381-65-AG26,ADQUISICION ARTICULOS DE ESCRITORIO PARA EL CESFAM JUAN MARTINEZ,12
2381-66-AG26, ADQUISICION ARTICULOS DE ESCRITORIO PARA EL DEPARTAMENTO DE FINANZAS,12
2381-72-AG26, ADQUISICION EQUIPOS PARA EL DEPARTAMENTO DE GESTION DE PERSONAS,12
2381-73-AG26,ADQUISICIÓN DE ARTÍCULOS DE ASEO STOCK BODEGA ENERO-MARZO 2026,12
2381-74-AG26,ADQUISICION INSUMOS PARA EL DEPARTAMENTO DE INFORMATICA,12
2381-75-AG26, ADQUISICION BERGERE PARA LA SALA MIXTA DEL CESFAM MANUEL RODRIGUEZ,12
2381-76-AG26, ADQUISICION INSUMOS PARA EL CESFAM JUAN MARTINEZ,12
2381-77-AG26,ADQUISICION TOALLAS HÚMEDAS DESINFECTANTES PARA LAS UNIDADES DASM,12
2381-80-AG26, ADQUISICION LAMPARAS DE PROCEDIMIENTOS PARA LOS CESFAM PAIPOTE Y MANUEL RODRIGUEZ,12
2381-84-AG26, ADQUISICION TALONARIOS INTERCOSULTA PARA LOS CESFAM,12
2381-85-AG26, ADQUISICION SMARTPHONE PARA REPOSICION NOTIFICACION MATRONA DEL CESFAM MELLIBOVSKY,12
2381-86-AG26,ADQUISICION CAMILLA PARA LA SALA IRA DEL CESFAM PAIPOTE,12
2381-93-AG26, ADQUISICION BICICLETERO PARA EL CESFAM PEDRO LEON GALLO,12
2381-95-AG26,ADQUISICION IMPRESORA LASER PARA REPOSICION EN EL DEPARTAMENTO DE GESTION DE PERSONAS,12
2385-286-AG26,Compra de Vajilla M- 540 (compra ágil: 2385-215-COT26),6
2385-314-AG26,SERVICIO DE MANTENCIÓN Y CALIBRACIÓN DE BÁSCULA DE PESAJE PARA LA IMC (compra ágil: 2385-233-COT26),6
2387-208-AG26,Orden de Compra generada por invitación a compra ágil: 2387-169-COT26,4
2388-136-SE26,RESMAS ESCUELA EL CLARO SEP.,4
2388-137-SE26,Insumos de alimentación Carileufu sep. ,4
2388-138-SE26,Colaciones convivencia Sep Paillaco.,4
2388-139-SE26,Insumos de alimentación holzapfel sep. ,4
2389-259-AG26,Orden de Compra generada por invitación a compra ágil: 2389-208-COT26,6
2393-565-AG26,Orden de Compra generada por invitación a compra ágil: 2393-602-COT26,6
2395-379-AG26,DROGUERIA // GUANTES EXAMEN LATEX S //M//L,4
2401-440-AG26,PARABRISA PARA MAQUINARIA INDUTRIAL - DGA,6
2401-445-AG26,JORNADA DE NEURODIVERSIDAD BARRIO MANUEL RODRIGUEZ-SEGURIDAD,6
2401-457-TD26,Orden de Compra generada por Trato Directo ID 2401-41-FTD26,4
2404-585-TD26,Orden de Compra generada por Trato Directo ID 2404-2-FTD26,4
2407-255-AG26,Adquisición de material de oficina programa PRLAC - SP FE 61 Iddoc 260311,6
2409-342-AG26,INSTRUMENTOS Y ACCESORIOS PARA TALLER DE MUSICA DEL LICEO COEDUCACIONAL SANTA MARIA DE LOS ANGELES A-61,6
2410-225-SE26,"lcr Suministro de insumos dentales Licitación Pública 2410-112-LP25, 3402-76-PC25",6
2411-14-AG26,Orden de Compra generada por invitación a compra ágil: 2411-7-COT26,6
2421-507-SE26,MORFINA 20ML /CESFAM TUCAPEL CPU,6
2421-509-SE26,MORFINA 20ML /CESFAM LORENZO ARENAS,6
2421-513-SE26,FENTANILO 50MCG PARCHES/ CESFAM SANTA SABINA,6
2422-329-AG26,  SOLCITUD  945417  Orden de Compra generada por invitación a compra ágil: 2422-244-COT26,4
2423-778-SE26,SERVICIO DE IMPRENTA,6
2424-447-AG26,1566/P.26 OF. PRODUCCIÓN DE EVENTOS (JFO) SERV. ARRIENDO PANTALLA LED // Orden de Compra generada por invitación a compra ágil: 2424-603-COT26,12
2424-461-AG26,PROYECTOR LED - P.53/1397- (PMR) 2424-599-COT26,12
2424-553-CM26,ARTICULOS DE ASEO P:13/999/1873 MADR,6
2424-588-AG26,1842/P.32 SECCIÓN MEDIO AMBIENTE (JFO) KIT INSUMOS QUIRÚRGICOS // Orden de Compra generada por invitación a compra ágil: 2424-753-COT26,6
2427-393-AG26," Servicio tecnológico de alojamiento web, Imagen Corporativa-Gabinete",4
2427-394-AG26,"OAdquisición de áridos ""Proyecto de obras básicas para reparación y construcción de aceras y otros"", DAT ",4
2427-395-SE26,"Servicio de Tasación de Inmuebles en la Comuna de Valparaíso, Secretaria Comunal de Planificación.",4
2427-396-SE26,"Servicio de Tasación de Inmuebles en la Comuna de Valparaíso, Secretaria Comunal de Planificación",4
2427-397-SE26,"Servicio de Tasación de Inmuebles en la Comuna de Valparaíso, Secretaria Comunal de Planificación",4
2428-361-AG26,MATERIALES DE OFICINA PARA INVENTARIO  por invitación a compra ágil: 2428-408-COT26,4
2428-411-AG26,MATERIALES DE CONSTRUCCIÓN - BIOPARQUE 2428-465-COT26,4
2428-414-AG26,BALIZA CON SIRENA - DIRECCIÓN DE SEGURIDAD PÚBLICA Orden de Compra generada por invitación a compra ágil: 2428-469-COT26,4
2428-422-AG26,GORRO PESCADOR BIOPARQUE : 2428-480-COT26,4
2428-427-AG26,CALZADO DE SEGURIDAD - DIRECCIÓN DE GESTIÓN DE RIESGOS Y EMERGENCIAS Orden de Compra generada por invitación a compra ágil: 2428-490-COT26,4
2428-431-AG26,SERVICIO DE PRODUCCIO N CORRIDA ESCOLAR A TODO COLOR 2428-492-COT26,4
2428-445-SE26,PUBLICACIÓN EN EL DIARIO OFICIAL ,4
2429-465-AG26,Orden de Compra generada por invitación a compra ágil: 2429-390-COT26,6
2429-469-AG26,Orden de Compra generada por invitación a compra ágil: 2429-319-COT26,4
2430-100-SE26,SERVICIO DE SEGURIDAD PRIVADA Y TELEVIGILANCIA PAR,6
2430-107-AG26,"ADQUISICION DE POSTALES, LIBRETAS Y BOLSAS, PARA TURISMO Y CULTURA",5
2436-528-AG26,"ADQUISICION DE PAQUETES DE BOLSAS DE BASURA NECESARIO PARA ASEO Y ORNATO, Orden de Compra generada por invitación a compra ágil: 2436-575-COT26",4
2445-1918-AG26,Orden de Compra generada por invitación a compra ágil: 2445-119-COT26,12
2445-3460-SE25,SERVICIO COFE BREAK DESTINADO A CURSOS DEPTO SALUD,12
2446-368-AG26,Orden de Compra generada por invitación a compra ágil: 2446-337-COT26,12
2446-408-AG26,Orden de Compra generada por invitación a compra ágil: 2446-319-COT26,12
2446-509-AG26,Orden de Compra generada por invitación a compra ágil: 2446-435-COT26,4
2446-510-AG26,Orden de Compra generada por invitación a compra ágil: 2446-465-COT26,4
2446-511-AG26,Orden de Compra generada por invitación a compra ágil: 2446-466-COT26,4
2448-423-AG26,ADQ. LOCKERS,6
2448-427-SE26,ORDEN DE COMPRA DESDE 2448-60-LQ25,6
2448-438-SE26,SUMINISTRO DE FERRETERIA 2025-2026,6
2450-515-TD26,Orden de Compra generada por Trato Directo ID 2450-5-FTD26,6
2460-378-AG26,SILLA DE CAJERO PARA TESORERÍA.,6
2464-466-AG26,OP 17 ROPA DE SEGURIDAD/CAPITAL HUMANO a compra ágil: 2464-512-COT26,12
2464-553-AG26,MANTENCIÓN MÓVIL 12- OP 43- ING- MOVILIZACIÓN- a compra ágil: 2464-624-COT26,6
2464-557-SE26,SER. CAMIÓN LIMPIA FOSAS OP 24 GESTIÓN DE RIESGOS,4
2464-558-SE26,SER. CAMIÓN LIMPIA FOSAS OP 25 GESTIÓN DE RIESGOS,4
2464-559-SE26,SER. CAMION HIDROJET OP 26 GESTIÓN DE RIESGOS,4
2467-404-AG26,Orden de Compra generada por invitación a compra ágil: 2467-182-COT26 TERMOMETRO DIGITAL- CENTRO VETERINARIO SECTOR ORIENTE-DIMAO,6
2467-412-AG26,Orden de Compra generada por invitación a compra ágil: 2467-202-COT26 botines para dimao-programa gestion hidrica,6
2467-454-SE26,ORDEN DE COMPRA DESDE 2467-240-R126,4
2495-121-AG26,premios para actividades,12
2495-33-AG26,Orden de Compra generada por invitación a compra ágil: 2495-61-COT26,12
2546-450-AG26,ADQUISICION DE EQUIPOS PARA PROGRAMA FNDR MASCOTAS SANAS-COMUNIDAD EDUCADA: OPERATIVOS SANITARIOS E IDENTIFICACION DE PERROS Y GATOS EN LA COMUNA Orden de Compra generada por invitación a compra ágil: 2546-532-COT26,6
2548-246-SE26,"SUMINISTRO DE OXÍGENO Y AIRE MEDICINAL Y SERVICIOS DE CARGA DE CILINDRO PARTICULAR, MANTENCIÓN, ARRIENDO Y DISTRIBUCIÓN DE CILINDROS DE OXÍGENO PARA ESTABLECIMIENTOS DEPENDIENTES DEL DEPARTAMENTO DE SALUD MUNICIPAL DE PADRE LAS CASAS, AÑO 2026",6
2565-239-SE26,Isosorbida 10 mg cm	10 MG	COMPRIMIDOS,12
2565-244-CM26,Orden de Compra: 2565-244-CM26,12
2565-274-SE26,MANTENIMIENTO CAMIONETA JMC RZCD39,12
2565-280-SE26,TINTAS,5
2574-22-AG26,compra ágil: 2574-23-COT26 Materiales DEPRIF,6
2583-289-AG26,SOPE 153/ADQUISICION DE PC ALTO RENDIMIENTO/DIRECCIÓN DE TRÁNSITO Y TRANSPORTE/CFM./Orden de Compra generada por invitación a compra ágil: 2583-256-COT26,6
2583-322-TD26,Orden de Compra generada por Trato Directo ID 2583-29-FTD26,4
2583-327-AG26,Orden de Compra generada por invitación a compra ágil: 2583-323-COT26 S/P 196 ADQUISICION DE TALONARIOS IMPRESOS / INSPECCION  MUNICIPAL / SBN,6
2585-346-AG26,"ADQ. ALIMENTOS, ORD N° 1394, DIDECO, NNR, IMA. COMPRA AGIL 2585-317-COT26",6
2585-361-AG26,"ADQ. SERVICIO DE ARRIENDO BAÑO QUIMICO, ORD N° 1283, DIDECO, NNR, IMA. COMPRA AGIL 2585-309-COT26",6
2585-367-AG26," ADQ. MATERIALES DE FERRETERIA, DIMAO, ORD N° 372/2026, LSV, IMA, compra ágil: 2585-385-COT26",6
2591-378-AG26,Adquisición de Implementación Deportiva y Equipamiento para  Actividades Recreativas,4
2598-78-AG26,"ESPATULAS, FORCEPS Y OTROS PARA UNIDAD ODONTOLOGICA DEL CESFAM",6
2605-34-AG26,COMPRA DE ANFORAS PARA SERVICIOS DE CREMACION EN C.G.A.( 2605-26-COT26),6
2655-4-AG26,Compra de articulos de aseo y limpieza para la Dirección Regional Metropolitana y sus sucursales,6
2656-559-AG26,Orden de Compra generada por invitación a compra ágil: 2656-452-COT26,6
2656-564-AG26,Orden de Compra generada por invitación a compra ágil: 2656-422-COT26,6
2656-567-AG26,Orden de Compra generada por invitación a compra ágil: 2656-456-COT26,6
2656-568-AG26,Orden de Compra generada por invitación a compra ágil: 2656-436-COT26,4
2663-236-CM26,Orden de Compra: 2663-236-CM26,12
2663-249-AG26,Orden de Compra generada por invitación a compra ágil: 2663-163-COT26,6
2663-252-AG26,Orden de Compra generada por invitación a compra ágil: 2663-166-COT26,4
2663-253-AG26,Orden de Compra generada por invitación a compra ágil: 2663-161-COT26,4
2667-289-SE26,3 TELAS 2X1 PAR PENDÓN ARAÑA,4
2674-401-AG26,ADQUISICIÓN DE ESTACIÓN METEOROLÓGICA INALÁMBRICA  2674-355-COT26,6
2675-176-AG26,ARTICULOS DE ASEO COMPONENTE SSEE,6
2675-180-AG26,INSUMOS DE HIGIENE PARA DEPENDENCIAS MUNICIPALES,6
2677-104-SE26,ORDEN DE COMPRA DESDE 2677-11-LP25,6
2677-105-SE26,ORDEN DE COMPRA DESDE 2677-11-LP25,6
2677-106-SE26,ORDEN DE COMPRA DESDE 2677-11-LP25,6
2677-107-SE26,ORDEN DE COMPRA DESDE 2677-11-LP25,6
2677-108-SE26,ORDEN DE COMPRA DESDE 2677-7-LE26,6
2680-84-AG26,"MEMO, 82,ORD 76 , CDP157CERT INV SEP 39, ADQUSICION JUEGO MODULAR, , MOBILIARIO, PRESUPUESTO SEP, PARA LICEO SAN FRANCISCO DE QUITOOrden de Compra generada por invitación a compra ágil: 2680-71-COT26",4
2687-79-AG26,"ADQUISICIÓN DE BLAZER, PAÑUELOS Y CORBATAS PARA  INVESTIDURA ALUMNOS COLEGIO CARLOS ALESSANDRI ALTAMIRANO",6
2688-136-SE26,EXAMENES MEDICOS MES DE ABRIL 2026,4
2694-68-AG26,Orden de Compra generada por invitación a compra ágil: 2694-83-COT26  MEDICAMENTOS FARMACIA MUNICIPAL ,4
2696-39-SE26,ORDEN DE COMPRA DESDE 2696-7-LP25,4
2701-259-AG26,Artículos de ferreteria solicitados por DIDECO departamento de Deportes (compra ágil: 2701-219-COT26),6
2701-266-AG26,"Tintas impresora Movilización, Orden de Compra generada por invitación a compra ágil: 2701-248-COT26",6
2701-267-AG26,Orden de Compra generada por invitación a compra ágil: 2701-244-COT26,6
2701-268-AG26,"Bolsas de basura Dimao, Orden de Compra generada por invitación a compra ágil: 2701-249-COT26",6
2702-217-SE26,Documentación vehículo CM 4657034 SEDÁN  HYUNDAI,6
2704-868-AG26, (SC 2534/Mayo/Junio) Orden de Compra generada por invitación a compra ágil: 2704-784-COT26,6
2704-869-AG26,(SC 1942) MONITOR: 2704-697-COT26,4
2704-870-AG26,(SC 2239) PENDON: 2704-757-COT26,4
2704-871-AG26, (sc 2576) Orden de Compra generada por invitación a compra ágil: 2704-793-COT26,4
2705-475-AG26,Orden de Compra generada por invitación a compra ágil: 2705-467-COT26,6
2705-605-AG26,Orden de Compra generada por invitación a compra ágil: 2705-601-COT26,4
2708-262-AG26,ADQUISICION DE MATERIALES DE OFICINA PARA DEPTO. DE DESARROLLO COMUNITARIO,6
2708-263-CM26,Orden de Compra: 2708-263-CM26,9
2708-267-AG26,ADQUISICION DE MATERIALES DEPORTIVOS PARA TRABAJO CON USUARIOS DEL PROGRAMA 4 A 7,6
2710-211-AG26,"OTROS MATERIALES, REPUESTOS Y UTILES DIVERSOS, FILTROS PARA ESPIROMETRIA, ORDEN INTERNA 64 PROGRAMA SALAAS RESPIRATORIA, ENTREGAR EN GABRIELA MISTRAL 41 CON GUIA PARA DAR VB Y LUEGO SE DARA OK PARA FACTURAR, 2710-172-COT26",6
2711-115-CM26,VNN DEM FSALASCUNAS PASEO,6
2711-116-AG26,VNN 712 FSEP AVEHIGULOSG,6
2713-492-AG26,SECPLAN - Barrios - 557 - 25 Mat de yoga ID 2713-549-COT26 OC 2713-492-AG26 dirigida a SUPER SPORT & MEDICAL SPA,6
2713-513-AG26,DIDECO - PRLAC 2026 - 516 - Mobiliario ID 2713-525-COT26 OC2713-513-AG26 dirigida a INVERSIONES O&E SPA,6
2713-514-AG26,FOLIO 556 SECPLAN/BARRIOS BODEGA JARDIN. compra ágil: 2713-559-COT26,4
2713-515-AG26,FOLIO 559 TRANSITO. KIT ESMERIL ANGULAR compra ágil: 2713-560-COT26,4
2719-255-AG26,CALZADO DE SEGURIDAD PARA FUNCIONARIOS DE DIMAO,6
2721-145-AG26,Orden de Compra generada por invitación a compra ágil: 2721-170-COT26  MANGAS DE PLASTICO Y SACOS FLUVIAL PARA PROGRAMA EMERGENCIA MUNICIPAL DE SEGURIDAD PUBLICA ,6
2721-150-AG26,OC generada por invitación a compra ágil: 2721-178-COT26 Compra de Tintas para Impresoras Secpla,4
2727-329-CM26,INSUMOS DE ASEO CENTROS DE SALUD PRIMARIA,6
2727-338-AG26,INSTRUMENTAL MEDICO PARA CESFAM DR. JOSE DURAN TRUJILLO,4
2730-228-SE26,ORDEN DE COMPRA DESDE 2730-30-LE26,6
2735-344-AG26,ADQUISICIÓN DE CARTEL Y LETRAS PLAZA LOS PUMAS,12
2735-470-AG26,SERVICIOS DE CONFECCIÓN DE 70 UNIDADES DE PLANOS ESTABILIZADORES ACRILICOS DENTALES,4
2735-472-AG26,ADQUISICIÓN DE LIBROS Y OTROS,6
2737-238-AG26,Orden de Compra generada por invitación a compra ágil: 2737-203-COT26,12
2737-260-CM26,Orden de Compra: 2737-260-CM26,4
2737-263-AG26,Orden de Compra generada por invitación a compra ágil: 2737-187-COT26,6
2737-265-CM26,Orden de Compra: 2737-265-CM26,4
2737-266-AG26,Orden de Compra generada por invitación a compra ágil: 2737-224-COT26,4
2744-131-AG26,Orden de Compra generada por invitación a compra ágil: 2744-48-COT26,4
2745-44-AG26,"SMO Reg. N° 689 Servicio de limpieza de estufas a combustión lenta y cañones, en escuelas rurales con cargo  la Subvención de Mantenimiento.",12
2759-229-CM26,Orden de Compra: 2759-229-CM26,6
2759-230-CM26,Orden de Compra: 2759-230-CM26,6
2765-190-AG26,Materiales de Escritorio PAIG compra ágil: 2765-164-COT26,6
2766-234-SE26,ORDEN DE COMPRA DESDE 2766-39-L126,12
2766-238-SE26,ORDEN DE COMPRA DESDE 2766-39-L126,12
2770-158-SE26,ORDEN DE COMPRA DESDE 2770-4-LP26 CONTRATO 65_2026,6
2770-215-SE25,ORDEN DE COMPRA DESDE 2770-45-LR25,12
2773-197-SE26,INFORMES RADIOLÓGICOS MARZO 2026,6
2773-198-SE26,INFORMES RADIOLÓGICOS ABRIL 2026,6
2773-200-SE26,CHEM +8 Y TROPONINAS MAYO 2026,6
2773-209-AG26,Orden de Compra generada por invitación a compra ágil: 2773-122-COT26,6
2776-292-AG26," S.P. N°173786 - 173783 - 173782, DAO. COMPRA DE VESTUARIO EPP PARA EJECUCION PROG. PGEM "" REPARACION Y MEJORAMIENTO DE LAS VEREDAS Y BACHEOS DE LA LOCALIDAD Y TRABAJOS EN TERRENO, SEGÚN LO ESTABLECIDO EN LOS TERMINOS DE REQUERIMIENTO ADJUNTOSOrden de Com",6
2776-298-AG26," S.P. N°170750, DIDECO. COMPRA DE MATERIALES DE FERRETERIA PARA MANTENCION DE RECINTOS DEPORTIVOS MUNICIPALES EJEC. PROG. ""DEPORTES 2026"" APROB. POR DEC. ALC. N°0238 DE 10.02.2026, SEGÚN LO ESTABLECIDO EN LOS TERMINOS DE REQUERIMIENTO ADJUNTOSOrden de Com",6
2778-248-AG26,Orden de Compra generada por invitación a compra ágil: 2778-193-COT26,4
2780-19-CM26,COMPRA DE ARTICULOS DE ASEO DEPENDENCIAS DEL DESAM,12
2783-396-AG26,Orden de Compra generada por invitación a compra ágil: 2783-112-COT26,4
2783-397-AG26,Orden de Compra generada por invitación a compra ágil: 2783-113-COT26,4
2783-398-TD26,Orden de Compra generada por Trato Directo ID 2783-285-FTD26,4
2783-399-TD26,Orden de Compra generada por Trato Directo ID 2783-286-FTD26,4
2783-400-TD26,Orden de Compra generada por Trato Directo ID 2783-287-FTD26,4
2789-181-CM26,Orden de Compra: 2789-181-CM26,6
2793-384-AG26,Orden de Compra generada por invitación a compra ágil: 2793-301-COT26,6
2793-391-AG26,Orden de Compra generada por invitación a compra ágil: 2793-329-COT26,6
2793-415-CM26,Orden de Compra: 2793-415-CM26,6
2803-290-SE26,ADQUISICION DE CALEFACTORES PARA AUTOCLAVE,4
2817-234-AG26,"Orden de Compra generada por invitación a compra ágil: 2817-211-COT26, COMPRA DE ARTICULOS DEPORTIVOS, PROGRAMA 4 A 7.",6
2817-265-AG26,PROD DESFILE ANIVERSARIO desde compra ágil: 2817-241-COT26,4
2817-266-AG26,CAPACITACIÓN GESTIÓN DE LA TESORERÍA MUNICIPAL AVANZADA Compra ágil: 2817-254-COT26,4
2825-156-SE26,ADQUISICIÓN DE QLAIRA,6
2825-159-AG26,RADIOGRAFIAS DE PELVIS,6
2832-386-SE26,DA 3953 - ADQUISICIÓN DE INSUMOS DENTALES,6
2832-391-SE26,DA 3953 - ADQUISICIÓN DE INSUMOS DENTALES,6
2852-359-SE26,"Microchip y Lector, Medio Ambiente",6
2852-372-SE26,Arriendo Sistema- Informática,6
2852-373-SE26,MATERIALES OFICINA-C.Domiciliario,6
2863-61-AG26,Orden de Compra generada por invitación a compra ágil: 2863-65-COT26,4
2863-62-AG26,Orden de Compra generada por invitación a compra ágil: 2863-66-COT26,4
2886-70-AG26,Orden de Compra generada por invitación a compra ágil: 2886-45-COT26,6
2887-85-AG26,Orden de Compra generada por invitación a compra ágil: 2887-30-COT26,4
2887-89-TD26,Orden de Compra generada por Trato Directo ID 2887-18-FTD26,4
2904-503-TD26,Orden de Compra generada por Trato Directo ID 2904-194-FTD26,4
2904-504-TD26,Orden de Compra generada por Trato Directo ID 2904-195-FTD26,4
2905-302-TD26,Orden de Compra generada por Trato Directo ID 2905-30-FTD26,6
2906-46-SE26,SOFTWARE PERMISOS DE CIRCULACIÓN ORDEN DE COMPRA DESDE 2906-7-LE26,12
2906-71-AG26, PLACA REMOLQUE Y DUPLICADO PLACA PATENTE REMOLQUE MUNICIPAL compra ágil: 2906-57-COT26,12
2908-116-AG26,Adquisición de insumos didácticos - Programa atención domiciliaria integral y de rehabilitación en la comuna de Lanco ,4
2908-117-AG26,Adquisición de equipos computacionales - Programa Espacios Amigables,4
2910-77-AG26,CHAPAS PARA CESFAM BELARMINA PAREDES FUTRONO SPI (N°00840/2026) compra ágil: 2910-63-COT26,4
2910-79-SE26,MOVILIZACION CONVENIO ATENCION DOMICILIARIA CONVENIO GORE AÑOS 2026- 2027 (SPI 200/2026),6
2916-28-SE26,Servicio de aseo UOCT Maule	,4
2917-127-AG26,Resmas de papel DESAM,4
2917-128-AG26,Pilas DESAM,4
2920-81-AG26,Ropa y elementos de seguridad por invitación a compra ágil: 2920-40-COT26,6
2923-333-AG26,Orden de Compra generada por invitación a compra ágil: 2923-338-COT26,9
2923-339-AG26,Orden de Compra generada por invitación a compra ágil: 2923-348-COT26,6
2923-347-AG26,Orden de Compra generada por invitación a compra ágil: 2923-355-COT26,4
2923-348-AG26,Orden de Compra generada por invitación a compra ágil: 2923-335-COT26,4
2923-349-AG26,Orden de Compra generada por invitación a compra ágil: 2923-360-COT26,4
2923-350-AG26,Orden de Compra generada por invitación a compra ágil: 2923-302-COT26,4
2930-67-AG26,SERVICIO PRESENTACIÓN DE ESPECTACULO CIRCENSE Y ARTISTICO COLEGIO R.W.G.,6
2932-38-AG26,"Bolsas de colostomia, programa orasmi caso 12",12
2935-94-TD26,Orden de Compra generada por Trato Directo ID 2935-13-FTD26,4
2945-301-CM26,"VÍVERES PARA VALPARAÍSO, AL260224",6
2945-313-AG26,ADQUISICIÓN DE CONGELADOR PARA FF LYNCH,5
2950-195-CM26,MATERIALES PAÑOL DE CONSUMO 2950-195-CM26,5
2952-53-AG26,RECARGA CILINDROS DE OXIGENO Y PRUEBAS HIDRAULICA,12
2952-55-AG26,RECARGA DE BOTELLAS DE NITRÒGENO ,12
2952-66-SE26,ARRIENDO FOTOCOPIADORA ARSENAL NAVAL TALCAHUANO,12
2952-72-SE26,ADQUISICIÓN DE INSUMOS Y MATERIALES PARA MANTENIMIENTO Y REPARACIÓN,6
2961-327-AG26,Orden de Compra generada por invitación a compra ágil: 2961-376-COT26,6
2961-328-AG26,Orden de Compra generada por invitación a compra ágil: 2961-356-COT26,6
2981-502-SE26,PASAJES NACIONALES COMETIDO FUNCIONARIO,6
2981-516-SE26,PASAJES NACIONALES COMETIDO FUNCIONARIO	,6
2997-27-AG26,Insumos de limpieza Orden de Compra generada por invitación a compra ágil: 2997-8-COT26,6
2997-35-AG26,Equipamiento para Sala Fisioterapia- Sala Taller Orden de Compra generada por invitación a compra ágil: 2997-17-COT26,6
2997-45-AG26,Equipos kinesiológicos. Orden de Compra generada por invitación a compra ágil: 2997-21-COT26,6
3000-551-AG26,Monitor Arte Circense - SENDA,6
3000-552-AG26,Servicio de Monitor Cuencoterapia-SENDA,4
3013-324-SE26,MATERIAL PETREO,6
3013-333-SE26,MATERIAL PETREO,6
3013-335-SE26,MATERIAL PETREO,6
3014-148-AG26,ADQUISICIÓN DE ESPEJOS CONNVEXOS Orden de Compra generada por invitación a compra ágil: 3014-132-COT26,6
3015-50-SE26,ORDEN DE COMPRA DESDE 3015-10-LP26,6
3016-220-AG26,Orden de Compra generada por invitación a compra ágil: 3016-80-COT26,4
3017-349-AG26,Orden de Compra generada por invitación a compra ágil: 3017-338-COT26,4
3019-287-AG26," SUERO FISIOLÓGICO 0.9% 100 ML MATRAZ, SUERO FISIOLÓGICO 0.9% 250 ML MATRAZ. CONVENIO SAR. SOLICITUD N°68.  compra ágil: 3019-263-COT26",5
3019-292-AG26, CLONIXINATO DE LISINA 125MG COMPRIMIDOS. CONVENIO SAR. SOLICITUD N°73. compra ágil: 3019-259-COT26,5
3019-293-AG26,"TINTAS, SOLICITUD 337",4
3030-203-AG26,AGUA DESMINERALIZADA PARA ESTERILIZACION,6
3036-74-AG26,ADQ MATERIAL FUNGIBLE PARA COLEGIOS 1° SEMESTRE 2026,6
3046-180-AG26,002034006001000044165022152204005000 GS-07 CA ADQ. DE MATERIALES E INSUMOS QUIRURGICOS Orden de Compra generada por invitación a compra ágil: 3046-154-COT26,4
3046-181-AG26,001034400405000022544012152204010000 DL-20-ES ADQUISICION DE PUERTA Orden de Compra generada por invitación a compra ágil: 3046-155-COT26,4
3046-182-AG26,001034400408000044085042152208001000 BABA-03 CA SERVICIO DE DESRATIZACIÓN PARA LA BASE AÉREA BALMACEDA Orden de Compra generada por invitación a compra ágil: 3046-151-COT26,4
3047-212-AG26,ADQUISICIÓN DE BOTAS NEGRAS CON CORDURA (Compra Ágil: 3047-113-COT26),6
3069-55-AG26,ADQUISICIÓN DE MATERIALES PARA TERMO,6
3073-175-AG26,"Adquisición de dos recargas para dos (02) tarjetas sim prepago satelital INMARSAT, por el periodo comprendido entre el 02 de mayo de 2026 al 29 de octubre de 2026. Ref.: 3073-81-COT26",12
3073-177-AG26,Pasajes terrestres Valparaíso-Pto. Montt-Valparaíso - Compra Ágil: 3073-88-COT26,12
3073-178-SE26,CONTRATO SUMINISTRO DIMACOFI,12
3073-186-AG26,"2 IMPRESORAS MULTIFUNCIONALES B/N, Orden de Compra generada por invitación a compra ágil: 3073-72-COT26",12
3073-189-AG26,BATERIAS TP 150D 12V 15 AMP ORCOM: 3073-86-COT26,12
3073-1-AG26,Arriendo de grúa. Orden de Compra generada por invitación a compra ágil: 3073-1-COT26,12
3073-201-SE26,SEGUROS GENERALES 2026,4
3073-28-SE25,ORDEN DE COMPRA DESDE 3073-116-L124,12
3073-290-SE25,Enlace de Internet dedicado - ORCOM 3073-15-LE25,12
3073-53-SE26,SEGUROS GENERALES AÑO 2026 - ORDEN DE COMPRA DESDE 3073-2-LP26,12
3073-568-SE24,ORDEN DE COMPRA DESDE 3073-86-LE24,12
3073-568-SE25,Renovación de Servicio de Agente de Aduanas,12
3073-590-CM25,ACUERDO COMPLEMENTARIO DE ASEO  3073-590-CM25,12
3073-684-SE23,ORDEN DE COMPRA DESDE 3073-101-LE23,12
3073-77-TD26,Orden de Compra generada por Trato Directo ID 3073-41-FTD26,12
3073-88-TD26,Orden de Compra generada por Trato Directo ID 3073-45-FTD26,12
3076-147-SE26,ANÁLISIS DE LUBRICANTES,6
3085-279-SE26,REPOSICION DE PANDERETAS NEF 3085-29-L126; TI : 311096-312,4
3085-280-AG26,"OLLAS HERMETICAS ADM. CENTRAL 3085-202-COT26, TI 311401-2287",4
3085-281-CM26,"VALES DE GAS COPEC: 3085-281-CM26, TI 331103-37",4
3085-282-AG26,"PABELLONES HIGUERAS: 3085-218-COT26, TI 311022-101",4
3086-566-SE26,ORDEN DE COMPRA DESDE 3086-15-LE26,6
3100-22-AG26,MANTENCIÓN CÁMARAS FRIGORIFICAS,6
3105-61-AG26,ADQUISICION DE VENTANA PARA SALA DE INFORMATICA,4
3105-62-CC26,TELEFONIA CELULAR,4
3117-600-SE26,ADQ.MATERIALES VARIOS PARA C.H. LAS SALINAS,6
3117-602-SE26,ADQ. AMPOLLETAS Y OTROS PARA HOTEL MARE NOSTRUM,6
3130-5467-TD26,Orden de Compra generada por Trato Directo ID 3130-97-FTD25,6
3130-5615-TD26,Orden de Compra generada por Trato Directo ID 3130-97-FTD25,6
3130-5847-SE26,INSUMOS CLÍNICOS (31758),6
3130-5849-SE26,INSUMOS CLÍNICOS (31715-31718-31759),6
3134-457-SE22,"SERVICIO DE TELEFONÍA FIJA PARA LA DIRECCIÓN GENERAL DEL TERRITORIO MARÍTIMO Y DE MARINA MERCANTE POR UN PERÍODO DE 36 MESES, SERVICIOS N°2 Y N°3.",12
3138-54-AG26,MANTENIMIENTO A PLANTAS DE AIRE ACONDICIONADO,4
3143-77-AG26,"Adquisición de Cemento Portland Puzolánico en sacos, Comuna de Lago Ranco, Orden de Compra generada por invitación a compra ágil: 3143-21-COT26",6
3143-78-AG26,"Adquisición de Solerillas biseladas de hormigón prefabricado, Comuna de Lago Ranco, Orden de Compra generada por invitación a compra ágil: 3143-22-COT26",6
3145-213-AG26,144//001//SA 9 ADQ. MANTTO. HIDROPACK Y TERMOS,6
3152-180-SE26,MANTENCION PREVENTIVA MENSUAL DE CALDERA CALEFACCI,6
3157-29-AG26,LICENCIA AUTOCAD LT 2026 (SUSCRIPCION X 3 AÑOS),6
316-264-AG26,Orden de Compra generada por invitación a compra ágil: 316-221-COT26,6
316-275-SE26,"P. N°674 MCR, MANT. Sala bombas CCGM",6
316-276-AG26,Orden de Compra generada por invitación a compra ágil: 316-236-COT26,4
316-277-AG26,Orden de Compra generada por invitación a compra ágil: 316-241-COT26,4
316-278-AG26,Orden de Compra generada por invitación a compra ágil: 316-227-COT26,4
3166-170-AG26,ADQUISICION DE LUBRICANTES PARA GRUA TELECOSPICA MAGABAS Orden de Compra generada por invitación a compra ágil: 3166-68-COT26,12
3166-217-AG26,"adquisicion de materiales para cargo de manionbra, Orden de Compra generada por invitación a compra ágil: 3166-131-COT26",4
3170-72-SE26,TOMA DE MUESTRA LUBRICANTES OPV ODGER SOLICITUD 61452,6
3170-74-SE26,TOMA DE MUESTRA DE LUBRICANTES LPC  SALINAS SOLICITUD 61458,6
3170-75-SE26,TOMA DE MUESTRA DE LUBRICANTES LPM ARICA  SOLICITUD 61457,6
3171-88-AG26, TRASLADO VIA MARÍTIMA DE VEHÍCULO FISCAL DEPENDEDIENTE DE LA MARITGOBAYS TRAMO PUERTO CISNES - QUELLON,6
3178-1205-AG26,CERRADURA ELÉCTRICA Compra ágil: 3178-306-COT26,4
3178-1393-AG26,FA por invitación a compra ágil: 3178-387-COT26,6
3181-222-CM26,"COMPRA DE SUMINISTROS DE ASEO PARA EDIFICIOS MUNICIPALES, DESDE CONVENIO MARCO ID 2239-8-LR25, SOLICITADO POR DEPTO DE GESTIÓN - DAF.",6
3182-41-AG26, MANTENCIÓN TERMO A GAS LICUADO,4
318-29-AG26,Servidor dedicado para correos electrónicos y sitio web,4
3191-2188-SE26,CS (FAR2) ADQUISICION DE FARMACOS 3191-16-LR23,5
3200-157-AG26,Orden de Compra generada por invitación a compra ágil: 3200-137-COT26,6
3212-57-CM26,ADQUISICION DE MATERIALES DE ASEO PARA DEPARTAMENTO DE EDUCACON ,6
3217-64-CC26,ADQUISICIÓN SERVICIO DE TELEFONÍA Y BANDA ANCHA MÓ,6
3239-7-AG26,ADQUISICION DE ARTICULOS ELEMENTOS PROTECCION PERSONAL GAN,12
3240-60-SE26,PLATINAS Y PLACAS BASES ORDEN DE COMPRA DESDE 3240-5-LE26,12
3240-61-SE26,YESOS ESCOBILLAS ALCOHOL DE QUEMAR LAMIAS DE ACETATOORDEN DE COMPRA DESDE 3240-5-LE26,12
3240-65-CM26,INSUMOS PARA ESTERILIZACIÓN,12
3240-94-AG26,"SAL INDUSTRIAL TIPO GRANO DE MAIZ (0,10) PARA ABLANDADOR DE AGUA. SACOS 25 KILOS CADA UN. Orden de Compra generada por invitación a compra ágil: 3240-39-COT26",6
3245-89-AG26,Mantencion y recarga de extintores,6
3245-90-AG26,Detergente Enzimatico,4
3245-91-AG26,Material impreso,4
3246-119-AG26,G31 10 CSA ADQ. MATERIALES DE GASFITERIA FACH ANTOFAGASTA. Compra ágil: 3246-154-COT26,6
3246-128-AG26,G8 013 CSA ADQ. MATERIALES MANTTO. DEPENDENCIAS FACH AFTA. Compra ágil: 3246-159-COT26,6
3246-129-AG26,GOB 01 CSA ADQ. PAÑOS ABSORVENTES FACH AFTA. Compra ágil: 3246-122-COT26,6
3248-16-SE26,SERVICIO TELEFONÍA CELULAR,12
3248-17-AG26,ADQUISICIÓN PAÑOS DE LIMPIEZA,12
3250-235-AG26,GRUPAEROMONTT – Materiales para mantenimiento de estaque de combustible de aviación - 3250-230-COT26.,12
3274-103-SE26,SERV. ASEO CUARTEL REPOL ATF - ABR.026,12
3275-14-SE26,MANTENIMIENTO Y REPARACIÓN DE VEHÍCULOS PROLAD ABR.026,6
3285-199-SE26,SOCIAL,4
3285-208-SE26,CELEBRACION DIA DE LA MADRE,4
3287-240-AG26,"Servicios de impresión ""Super liga"" compra ágil: 3287-179-COT26",6
3325-103-TD26,Orden de Compra generada por Trato Directo ID 3325-8-FTD25,4
3325-105-TD26,Orden de Compra generada por Trato Directo ID 3325-7-FTD25,4
3325-106-TD26,Orden de Compra generada por Trato Directo ID 3325-6-FTD25,4
3326-210-CM26,ADQUISICIÓN DE CARGAS DE TARJETA DE ALIMENTACIÓN PARA EL DEPARTAMENTO DE FINANZAS DILOCAR ,12
3328-1151-SE26,JAU/ASEO HOSPITALARIO ,12
3328-835-CM26,DNF/DAO/REQ. INSUMOS N° 49903 (R16) PAQUETES ROPA ,6
3328-893-AG26,JAG/43262/MANTENIMIENTO REFRIGERADOR/compra ágil: 3328-483-COT26,6
3334-167-AG26,Orden de Compra generada por invitación a compra ágil: 3334-72-COT26,6
3334-170-AG26,Orden de Compra generada por invitación a compra ágil: 3334-90-COT26,4
3334-171-AG26,Orden de Compra generada por invitación a compra ágil: 3334-88-COT26,4
3334-172-AG26,Orden de Compra generada por invitación a compra ágil: 3334-87-COT26,4
3334-173-AG26,Orden de Compra generada por invitación a compra ágil: 3334-86-COT26,4
3334-174-AG26,Orden de Compra generada por invitación a compra ágil: 3334-85-COT26,4
3334-175-AG26,Orden de Compra generada por invitación a compra ágil: 3334-91-COT26,4
3334-176-AG26,Orden de Compra generada por invitación a compra ágil: 3334-89-COT26,4
3334-177-AG26,Orden de Compra generada por invitación a compra ágil: 3334-92-COT26,4
3340-100-AG26,ADQUISICION DE MATERIALES PARA LA REPARACION DE CUADRAS DE SLTP DEL CTEL FONTECILLA (FONDOS INTERNOS),6
3340-119-AG26,ADQUISICION DE INSUMOS PAR EL MANTENIMIENTO DEL CTEL GENERAL(PRESUPUESTARIO),6
3359-37-SE26,SERVICIO DE TELEMEDICINA 3359-11-LE24,6
3378-3866-SE26,Adq. Mat.de Implante P/Pabellón del HMS,6
3378-4088-TD26,Orden de Compra generada por Trato Directo ID 3378-136-FTD25,6
3378-4090-TD26,Orden de Compra generada por Trato Directo ID 3378-222-FTD25,6
3378-4098-SE26,LICITACION  3378-22-LR25,6
3378-4111-SE26,Adq. Mat.de Implante P/Pabellón del HMS,6
3378-4121-SE26,ADQUISICION DE INSUMOS LIC. 3378-33-LE25,6
3378-4126-SE26,Adquisición de Reactivos P/Laboratorio del HMS.-,6
3382-93-SE26,SERVICIO INFORMES DE EXÁMENES VÍA TELEMEDICINA CON EQUIPOS PARA EL CCMC Y UNIDADES DEPENDIENTES,6
3383-24-TD26,Orden de Compra generada por Trato Directo ID 3383-1-FTD26,6
3383-26-AG26,Orden de Compra generada por invitación a compra ágil: 3383-13-COT26,6
3407-85-AG26, PRODUCTOS QUIMICOS (FUNC),4
3407-89-AG26, CASINO MILITAR SUBOFICIALES (FI),4
3407-90-AG26,CASINO MILITAR OFICIALES (FI),4
3407-92-AG26,CASINO MILITAR OFICIALES (FI),4
3407-93-AG26,CASINO MILITAR SUBOFICIALES (FI),4
3416-197-AG26,F1. CAMPANA ENTRE OTROS ,6
3428-124-AG26,Compra elementos de aseo para la comisión bienestar del contingente,6
3436-272-SE25,Mant Planta de tratam. de aguas servidas 22.06.001,12
3436-296-SE26,Traslado de alumnos Item 22.08.007,12
3436-820-SE25,Contratación del servicio de aseo Item 22.08.001 ,12
3436-821-SE25,Servicio mantenimiento Jardines Item 22.08.003 ,12
3442-186-AG26," SERVICIO DE ALIMENTACIÓN PARA ASISTENTES ACTIVIDAD, CELEBREMOS TODOS JUNTOS A NUESTRAS MADRES Orden de Compra generada por invitación a compra ágil: 3442-70-COT26",4
3442-191-TD26,Orden de Compra generada por Trato Directo ID 3442-122-FTD26,4
3447-1008-SE26,"Servicio de Transmisión Televisiva en Canal de Cable Local DESDE 3447-27-LE25; Actividad ""Operativo Municipal, Aniversario Alto Hospicio 2026""",12
3447-1096-SE26,"Servicio de Transmisión Televisiva en Canal de Cable Local DESDE 3447-27-LE25; Actividad ""Desfile Aniversario Alto Hospicio 2026""",12
3447-1100-SE26,Servicio de Difusión Digital en Página Web DESDE ID 3447-308-L124; Mes Abril/2026,12
3447-1101-SE26,"SUSCRIPCIÓN REPORTAJES PERÍODISTICOS, PERIODICO DISTRIBUCIÓN LOCAL, ID 3447-265-LQ24; Mes Abril/2026",12
3447-1116-SE26,Servicios de Radio Difusión Comunal y Regional para la Municipalidad de Alto Hospicio ID 3447-112-LE25; Mes Abril/2026,12
3447-1117-SE26,Servicios de Radio Difusión Comunal y Regional para la Municipalidad de Alto Hospicio ID 3447-112-LP25; Mes Abril/2026,12
3447-1121-SE26,"SERVICIO DE RADIO DIFUSIÓN MAHO, ID 3447-37-LP25; Mes Abril/2026",12
3447-1124-SE26,"SERVICIO DE RADIO DIFUSIÓN MAHO, ID 3447-37-LP25; Mes Abril/2026",12
3447-1128-SE26,Servicios de Radio Difusión Comunal y Regional para la Municipalidad de Alto Hospicio ID 3447-112-LP25; Mes Abril/2026,12
3447-1169-SE26,"SERVICIO RECOLECCIÓN RSD ID 3447-86-LR23, Mes Marzo/2026",12
3447-1174-SE26,"Servicio de Transmisión Televisiva en Canal de Cable Local DESDE 3447-27-LE25; Actividad ""Cuenta Pública 2025, Alto Hospicio 2026""",12
3447-1210-SE26,ID 3447-49-L126 SEGUN MEMO N°2775 Suministro de Servicios de Mantención de máquinas de ejercicios de la Red de Salud MAHO,4
3447-1223-SE26,Suministro Artículos de Librería y Papelería DESDE ID 3447-81-LP25: para Programa Oficina Local de la Niñez,5
3447-1226-CM26,"Orden de Compra: 3447-1226-CM26, Plataforma Digital para Gestión Ciudadana y Seguridad Pública Municipal ",6
3447-1229-AG26,Orden de Compra generada por invitación a compra ágil: 3447-202-COT26,5
3447-203-SE26,Servicios de Radio Difusión Comunal y Regional para la Municipalidad de Alto Hospicio ID 3447-112-LE25; Mes Enero/2026,12
3447-22-SE26,Servicios de Radio Difusión Comunal y Regional para la Municipalidad de Alto Hospicio ID 3447-112-LE25; Mes Diciembre/2025,12
3447-4778-SE25,Servicios de Radio Difusión Comunal y Regional para la Municipalidad de Alto Hospicio ID 3447-112-LE25; Mes Noviembre/2025,12
3447-584-SE26,Servicios de Radio Difusión Comunal y Regional para la Municipalidad de Alto Hospicio ID 3447-112-LE25; Mes Febrero/2026,12
3447-811-SE26,"SERVICIO DE RADIO DIFUSIÓN MAHO, ID 3447-37-LP25; Mes Marzo/2026",12
3447-815-SE26,Servicios de Radio Difusión Comunal y Regional para la Municipalidad de Alto Hospicio ID 3447-112-LP25; Mes Marzo/2026,12
3447-986-AG26,"Orden de Compra generada por invitación a compra ágil: 3447-162-COT26, Adquisición de válvulas para Pilón Municipal",12
3453-190-CM26,ADQUISICIÒN DE SANDWICH DAILY FRESH COMISION RANCHO DE LA ESCUELA DE FORMACIÒN DE CARABINEROS,6
3471-1528-SE26, INSUMOS MEDICOS 2605705,4
3471-1529-SE26, INSUMOS MEDICOS 2605705,4
3471-1544-SE26,INSUMOS MEDICOS 2605704,6
3471-1562-SE26,SERVICIOS GENERALES 2605634,6
3474-257-CM26,ADQUISICION DE ALIMENTOS COMISION CASINO UNICO ESCAR,6
3474-261-AG26,ADQUISICION CALZADO DE SEGURIDAD DTO. E.4. Compra ágil: 3474-73-COT26,6
3478-145-AG26,OPI N°14273-DEMAO(MANTENCION DE MAQUINARIA MUNICIPAL MINICARGADOR BOBCAT),4
3479-770-AG26,Neumáticos Camioneta Maxus SCVW-63,4
3479-774-AG26,Silla Oficina de Emergencia,4
3479-775-AG26,Art. Of. Cementerio Municipal,4
3479-776-AG26,Repuesto Camión Multiprósito,4
3479-777-AG26,Mini Pendón Oficina Discapacidad,4
3479-779-AG26,Art. Aseo Of. Taller Municipal,4
3485-343-AG26,Orden de Compra generada por invitación a compra ágil: 3485-376-COT26,6
3489-34-SE26,ORDEN DE COMPRA DESDE 3489-28-LP25,6
3496-80-SE26,CANASTA OTORRINO 30 JUN 2026,6
3497-257-AG26,Orden de Compra generada por invitación a compra ágil: 3497-205-COT26 MATERIALES REPARACION DE CALLES,6
3500-74-AG26,Orden de Compra generada por invitación a compra ágil: 3500-50-COT26,6
3502-188-AG26,SC 203 SERVICIO PRODUCCION PRIMERA PIEDRA PROYECTO RUTA PATRIMONIAL CEMENTERIO Orden de Compra generada por invitación a compra ágil: 3502-153-COT26,4
3504-1327-SE26,CANASTA DE ALIMENTOS N°1 2026; AYUDA SOCIAL A SCARLET CARDENAS,6
3504-1337-SE26,CANASTA DE ALIMENTOS N°1 2026; AYUDA SOCIAL A LA SRA. MARÍA LEVICOY,6
3504-1343-SE26,AYUDA SOCIAL A SRA ANA DELIA BARRIENTOS LLEUCUN ,6
3504-1344-SE26,CANASTA DE ALIMENTOS N°1 2026; AYUDA SOCIAL A LUZ MARLENA ALVARADO,6
3504-1345-SE26,AYUDA SOCIAL A DON LUIS ALBERTO MANCILLA CALBUYAHU,6
3504-1346-SE26,CANASTA DE ALIMENTOS N°1 2026; AYUDA SOCIAL A YASNA NAHUELHUEN,6
3504-1347-SE26,CANASTA DE ALIMENTOS N°1 2026; AYUDA SOCIAL A MAURICIO SEPULVEDA,6
3504-1349-SE26,AYUDA SOCIAL A SRA ELOISA CONSTANZA GALLARDO VEGA ,6
3504-1350-SE26,AYUDA SOCIAL A DON PEDRO ADRIAN MILLALONCO PICHUNC,6
3504-1351-SE26,AYUDA SOCIAL A DON JOSÉ CLOVIS VIDAL OYARZO ,6
3504-1352-SE26,CANASTA DE ALIMENTOS N°1 2026; AYUDA SOCIAL A EDITH GALLARDO,6
3504-1353-SE26,CANASTA DE ALIMENTOS N°1 2026; AYUDA SOCIAL A HORTENSIA ODETTE RUIZ,6
3504-1354-SE26,CANASTA DE ALIMENTOS N°1 2026; AYUDA SOCIAL A LA SRA. VIANKA MILLALONCO,6
3504-1355-SE26,CANASTA DE ALIMENTOS N°1 2026; AYUDA SOCIAL A MARLENE PAREDES,6
3504-1356-SE26,CANASTA DE ALIMENTOS N°1 2026; AYUDA SOCIAL A DON ISRAEL GUTIERREZ,6
3504-1357-SE26,CANASTA DE ALIMENTOS N°1 2026; AYUDA SOCIAL A LA SRA. MARCIA AGUIL,6
3504-1358-SE26,"CANASTA DE ALIMENTOS N°1 2026; AYUDA SOCIAL A LA SRA, NATALIA MANSILLA",6
3504-1359-SE26,AYUDA SOCIAL A SRA YESICA ANDREA YAÑEZ MILLALAF,6
3504-1360-SE26,CANASTA DE ALIMENTOS N°1 2026; AYUDA SOCIAL A DON RAMÓN SOTO SANTANA,6
3504-1361-SE26,CANASTA DE ALIMENTOS N°1 2026; AYUDA SOCIAL A DON JOSÉ MIGUEL ALVAREZ,6
3504-1362-SE26,CANASTA DE ALIMENTOS N°1 2026; AYUDA SOCIAL A LA SRA. GIMENA MILLÁN,6
3506-327-AG26,"JUZGADO DE POLICIA LOCAL, S/P N°310, (TONER)",4
3509-170-SE26,"MATERIALES DE ESCRITORIO, CESFAM VILLA SAN RAFAEL ",4
3512-478-AG26,MOBILIARIO SECPLAN - O.C compra ágil: 3512-60-COT26,6
3512-479-AG26,SERVICIO DE INTERNET - O.C compra ágil: 3512-56-COT26,4
3518-145-SE26,"SCA 109, MATERIAL DE FERRRETERIA LICEO LDD/MANTENIM",6
3518-150-SE26,"SC 118, MATERIAL DE FERRETERIA LICEO LGA/MANTENIMI",6
3518-157-SE26,SC 119/VESTUARIO ESTUDIANTES ESCUELA ANIÑIR-SEP,6
3518-164-AG26,SCA 75/MATERIAL DE LIBRERÍA LICEO LGA-SEP,6
3524-34-AG26,ADQUISICIÓN DE GALLARDETE DE MANDO PARA CASINOS DE OFICIALES,12
3524-37-CM26,"ADQUISICIÓN DE VÍVERES PARA LA MINUTA DE COLACIONES DE LA DIVINGE, PARA EL MES DE MAYO 2026",4
3524-38-CM26,"ADQUISICIÓN DE VÍVERES PARA LA MINUTA DE COLACIONES DE LA DIVINGE, PARA EL MES DE MAYO 2026",4
3524-39-CM26,"ADQUISICIÓN DE VÍVERES PARA LA MINUTA DE COLACIONES DE LA DIVINGE, PARA EL MES DE MAYO 2026",4
3524-40-CM26,"ADQUISICIÓN DE VÍVERES PARA LA MINUTA DE COLACIONES DE LA DIVINGE, PARA EL MES DE MAYO 2026",6
3533-166-AG26, contratación de servicio mantenimiento y recarga de extintores de la UR,12
3533-73-CM26,"Adquisición de víveres para la confección de rancho al personal empleado en la FT ""Húsares""",12
3533-79-SE26,Adquisición de alfalfa de 3er Corte ,12
3537-2007-SE25,ORDEN DE COMPRA DESDE 3537-15-LE25,12
3540-268-SE26,Serv.Internet Satelital 4/12 Sum.3540-133-L125( pm,4
3558-117-AG26,Sillas De Rueda ,6
3559-36-AG26,Mecanicas de suelo calle la Aguada y Los Naranjos,6
3565-173-AG26,Orden de Compra generada por invitación a compra ágil: 3565-94-COT26,12
3565-296-SE26,COMBUSTIBLE VEHICULOS DIDECO,6
3567-202-TD26,Orden de Compra generada por Trato Directo ID 3567-71-FTD26,5
3568-338-SE26,ADQUISICIÓN DE INSUMOS DE ABARROTES ACTIVIDADES PRIMER SEMESTRE AÑO 2026. PREVENCIÓN DE RIESGOS/DAF. ,4
3587-156-AG26,ADQUISICION DE PELLET CESFAM TROVOLHUE - Orden de Compra generada por invitación a compra ágil: 3587-114-COT26,6
3588-182-AG26,Adquisición Neumáticos para Camionetas de Alcaldia y Dideco,4
3590-78-SE26,ORDEN DE COMPRA DESDE 3590-6-L126,6
359-1281-SE26,ORDEN DE COMPRA DESDE 359-21-LE26,6
359-1288-CM26,Orden de Compra: 359-1288-CM26,6
359-1291-SE26,359-5816-SE25,6
359-1293-CM26,Orden de Compra: 359-1293-CM26,6
359-1294-SE26,ORDEN DE COMPRA DESDE 359-133-LP25,6
359-1295-SE26,ORDEN DE COMPRA DESDE 359-92-LR25,6
359-1323-CM26,Orden de Compra: 359-1323-CM26,6
359-1327-AG26,Orden de Compra generada por invitación a compra ágil: 359-135-COT26,4
359-1328-AG26,Orden de Compra generada por invitación a compra ágil: 359-133-COT26,6
3596-359-AG26, ADQUISICION TOLDO 4 PUNTAS CON INTALACION compra ágil: 3596-272-COT26,4
3596-360-CM26,Orden de Compra: 3596-360-CM26,4
3598-381-AG26,Adquisicion de zapatos de seguridad para trabajadores de la dirección de obras a compra ágil: 3598-138-COT26,4
3600-65-AG26, Adquisición de Luneta M.Benz Sprinter año 2017 lado izquierdo. Instalada en terreno.Orden de Compra generada por invitación a compra ágil: 3600-74-COT26,4
3603-211-AG26,Orden de Compra generada por invitación a compra ágil: 3603-234-COT26,6
3603-213-AG26,Orden de Compra generada por invitación a compra ágil: 3603-239-COT26,4
3611-140-SE26,Prótesis Dentales ,4
3623-232-AG26,SEGURO PARA DRON - DIDECO (OFICINA DE SEGURIDAD PUBLICA),4
3624-248-AG26,Orden de Compra generada por invitación a compra ágil: 3624-192-COT26,6
363-196-SE26,ORDEN DE COMPRA DESDE 363-3-LE26,4
363-197-SE26,ORDEN DE COMPRA DESDE 363-3-LE26,4
363-199-SE26,ORDEN DE COMPRA DESDE 363-2-LE26,4
363-200-SE26,ORDEN DE COMPRA DESDE 363-3-LE26,4
3649-173-AG26,REPARACIÓN DE ENFRIADOR EGR DE CAMIONETA MUNICIPAL TOYOTA PLACA FYXX-57,4
3654-108-AG26,Orden de Compra generada por invitación a compra ágil: 3654-73-COT26,12
3656-294-SE26,ORDEN DE COMPRA DESDE 3656-175-LE25,4
3656-295-SE26,ORDEN DE COMPRA DESDE 3656-168-LE25,4
3656-296-SE26,ORDEN DE COMPRA DESDE 3656-168-LE25,4
3656-298-SE26,ORDEN DE COMPRA DESDE 3656-199-LE25,4
3658-230-AG26,"COMPRA DE EQUIPOS NAS Y UPS, Orden de Compra generada por invitación a compra ágil: 3658-181-COT26",6
3658-236-AG26,"COMPRA DE MONITOR MULTIPARAMETROS,Orden de Compra generada por invitación a compra ágil: 3658-190-COT26",6
3659-332-SE26,ARBOLES,6
3661-262-AG26,"Orden de Compra generada por invitación a compra ágil: 3661-217-COT26 Orden de Compra codigo: 3661-262-AG26 dirigida a TODO VOLTAJE SPA, COMPRA CABLE PREENSAMBLADO PUNTO DE ELECTRICIDAD PARQUE LA ERMITA, SEGUN SOLICITUD MEMORANDUM N°158 SEGURIDAD PUBLICA,",4
3661-263-AG26,"Orden de Compra generada por invitación a compra ágil: 3661-168-COT26 Orden de Compra codigo: 3661-263-AG26 dirigida a ELEMENTAL SAFETY SPA, COMPRA GUANTES CABRITILLA, SEGUN SOLICITUD MEMORANDUM N°119 SEGURIDAD PUBLICA, 06.04.2026",4
3661-264-AG26,"Orden de Compra generada por invitación a compra ágil: 3661-211-COT26 Orden de Compra codigo: 3661-264-AG26 dirigida a SOCIEDAD CYR PRODUCCIONES LIMITADA, SERVICIO APLIFICACION DESFILE EN HONOR AL DIA DE LAS GLORIAS NAVALES, SEGUN SOLICITUD MEMORANDUM N°5",4
3661-265-AG26,"Orden de Compra generada por invitación a compra ágil: 3661-212-COT26 Orden de Compra codigo: 3661-265-AG26 dirigida a ENZO SEBASTIÁN TORO LEPE, ARRIENDO TOLDO DESFILEGLORIA NAVALES EL DIA MIERCOLES 20.05.2026 SEGUN SOLICITUD MEMORANDUM N°52 SECRETARIO MU",4
3661-266-AG26,"Orden de Compra generada por invitación a compra ágil: 3661-200-COT26 Orden de Compra codigo: 3661-266-AG26 dirigida a ESPINOZA INGENIERÍA 2 SPA, SERVICIO REPARACION GENERADOR MUNICIPAL SEGUN SOLICITUD MEMORANDUM N°248 DIDECO, 23.04.2026",4
3661-267-AG26,"Orden de Compra generada por invitación a compra ágil: 3661-219-COT26 Orden de Compra codigo: 3661-267-AG26 dirigida a IMPORTADORA Y COMERCIALIZADORA IMPRODEST SPA, COMPRA DISPOSITIVO PROTECCION PERSONAL AHUYENADOR DE PERROS  SEGUN SOLICITUD MEMORADUM N°1",4
3665-256-AG26,Adquisicion e instalación de Rodillos/piolines de batea camión Ampliroll. Operaciones y emergencias.  ,12
3665-261-AG26,Servicio de mantención y/o reparación de aires acondicionados. Dirección de Dideco. ,12
3674-280-CM26,APOSITOS POSTRADOS,6
3688-175-AG26, 11 UNIDADES DE AIRE ACONDICIONADO PARA CESFAM VALLE ALTO-MEMO N°718-compra ágil: 3688-78-COT26,4
3688-179-AG26,AIRE ACONDICIONADO SALA DE REUNIONES DESAM-MEMO N°716Orden de Compra generada por invitación a compra ágil: 3688-117-COT26,4
3688-190-TD26,Orden de Compra generada por Trato Directo ID 3688-58-FTD26,4
3688-191-AG26,1 SIILA ERGONOMICA OFICINA ADQUISICIONES compra ágil: 3688-123-COT26,4
3691-30-SE26,Suministro de productos deportivos Daem ,6
3697-402-SE26,"ADQ. POR CTTO. DE COCTELERIA Y OTROS SERVICIOS GASTRONOMICOS AÑO 2024-2026 (LINEA 1), SERVICIO DE BIENESTAR.-",6
3706-178-AG26,Batería de cocina - Seguridad Alimentaria,12
3710-178-SE26,INSUMOS MEDICOS PARA ESTERILIZACIÓN ,12
3710-191-AG26,CAMILLA BAJA PARA PODOLOGIA,12
3710-218-CM26,INSUMOS SAR,12
3710-223-SE26,CONTRATO SUMINISTRO MONITOREO GPS VEHÍCULOS CESFAM,12
3713-10-AG26,Servicio de telecomunicaciones,12
3713-32-AG26,Mobiliario,12
3713-38-CM26,Licencias,12
3713-45-AG26,Mobiliario,12
3713-49-AG26,Bodega,12
3713-52-AG26,Aditivo compuesto Adblue,12
3723-40-TD26,Orden de Compra generada por Trato Directo ID 3723-9-FTD26,4
3729-48-SE26,SERVICIO DE PRODUCCIÓN ACTIVIDAD PASANDO AGOSTO,4
3730-260-SE26,SUMI. AIRE ACONDICIONADOS NP/,6
3730-261-SE26,CONTRACION MANTENC. VEHICULOS MUNICIPALES NP/8713,4
3734-321-AG26,ADQ MERCADERIAS VARIAS,6
3740-75-SE26,SERVICIOS DE GESTIÓN DE RESIDUOS ABRIL 2026,9
3743-100-AG26,Material de Ferretería Escuela Petrona Paillaleo,6
3759-455-AG26,Orden de Compra generada por invitación a compra ágil: 3759-117-COT26,6
3764-218-AG26,"ADQUISICION DE 2 MOTOSIERRAS PARA EMERGENCIAS, OFICINA DE SEGURIDAD PUBLICA,  compra ágil: 3764-175-COT26",12
3764-258-AG26,ADQUISICION DE PENDONES INSTITUCIONALES PARA DIFUSION EN ACTIVIDADES DE PROGRAMA MUJERES JEFAS DE HOGAR - DIDECO Orden de Compra generada por invitación a compra ágil: 3764-224-COT26,12
3764-286-TD26,Orden de Compra generada por Trato Directo ID 3764-37-FTD26,4
3765-398-AG26,BODEGA EPP a compra ágil: 3765-75-COT26,4
3765-403-TD26,Orden de Compra generada por Trato Directo ID 3765-155-FTD26,4
3784-248-CM26,Orden de Compra: 3784-248-CM26,6
3789-218-AG26,MEDICAMENTOS FARMACIA DEL PUEBLO,6
3789-234-CM26,Adquisición de monitores unidad de informatica ,4
3791-489-AG26,Orden de Compra generada por invitación a compra ágil: 3791-439-COT26,6
3793-89-AG26,Orden de Compra generada por invitación a compra ágil: 3793-78-COT26,6
3797-298-AG26,Orden de Compra generada por invitación a compra ágil: 3797-181-COT26,12
3797-312-SE26,ALFAJORES DE CHOCOLATES,12
3797-316-AG26,Orden de Compra generada por invitación a compra ágil: 3797-194-COT26,4
3809-33-AG26,Impreso de formularios Atención usuario: 3809-26-COT26,6
3811-165-AG26,Orden de Compra generada por invitación a compra ágil: 3811-144-COT26,6
3821-142-SE26,Examenes Abril,4
3821-143-SE26,Reas Abril,4
3825-146-CM26,Orden de Compra: 3825-146-CM26,6
3833-337-AG26,SILLAS Y ESCRITORIO- SECRETARIA-compra ágil: 3833-281-COT26,6
3834-108-AG26,Orden de Compra generada por invitación a compra ágil: 3834-38-COT26 SEGURIDAD PUBLICA ,6
3841-50-SE26,"Arriendo de equipos, software y provisión de servicios de mantención gabinete psicotécnico, Pemuco",6
3841-51-CM26,Orden de Compra: 3841-51-CM26,4
3843-114-AG26,CONTRATACIÓN DE SERVICIO RECREATIVOS PARA ACTIVIDAD COMUNAL DE CONVIVENCIA ESCOLAR.,4
3846-41-AG26,Logo autoadhesivo SG.045,6
3850-211-AG26,Orden de Compra generada por invitación a compra ágil: 3850-153-COT26,6
3850-212-AG26,Orden de Compra generada por invitación a compra ágil: 3850-155-COT26,4
3850-213-AG26,Orden de Compra generada por invitación a compra ágil: 3850-154-COT26,4
3853-244-AG26,"Reparación, Mantención y Puesta en Marcha de Generador VIELCO AGG POWER SOLUTIONS Modelo GS150CLD",6
3872-153-SE26,"sol. n°41, memo N°7, Servicio traslado de alumnos desde sector El Peral, El LLanito y sus ,  alrededores a escuela Bélgica y liceo Alberto Gallardo Lorca, con cargo traspaso municipal, mes de mayo 2026, ORDEN DE COMPRA DESDE 3872-5-LP26.",6
3872-158-AG26,"sol. n°99, compra de tortas y jugos para escuela Bélgica con cargo SEP,  compra ágil: 3872-112-COT26",6
3872-97-SE26,"sol. n°41, memo N°7, Servicio traslado de alumnos desde sector El Peral, El LLanito y sus ,  alrededores a escuela Bélgica y liceo Alberto Gallardo Lorca, con cargo traspaso municipal, mes de abril, .ORDEN DE COMPRA DESDE 3872-5-LP26	",6
387-301-AG26,Producción de evento día de la madre (387-258-COT26),6
3874-86-AG26,UTILES DE ASEO ,6
3874-92-AG26,MATERIALES ,6
3878-50-AG26,MULTIFUNCIONALES Y TONER LICEO BICENTENARIO: 3878-27-COT26,4
3882-461-SE25,ORDEN DE COMPRA DESDE 3882-75-LE25,12
3888-323-AG26, Luminaria Alumbrado Publico  370/3888-369-COT26,6
3888-327-AG26, Reparacion de Frenos Camion JWWC 26 445/3888-431-COT26,6
3889-212-SE26,Ayudas Sociales_Convenio Ferreteria(Memo Nº154-26),6
3891-70-AG26,TINTAS Y TONER SALAS CUNAS Y JARDINES INFANTILES.Orden de Compra generada por invitación a compra ágil: 3891-75-COT26,6
3904-347-AG26,Orden de Compra generada por invitación a compra ágil: 3904-351-COT26 Tintas y toner para diversas oficinas municipales,6
3904-359-AG26,Orden de Compra generada por invitación a compra ágil: 3904-390-COT26 Medicamentos para casos sociales de la comuna,6
3904-364-AG26,"Orden de Compra generada por invitación a compra ágil: 3904-349-COT26 Servicio de alimentación consistente en estación de café para asistentes al 2do encuentro de empresas ProChile, Comuna de Bulnes 2026, FOMIL",6
3904-365-AG26,Orden de Compra generada por invitación a compra ágil: 3904-399-COT26 SERVICIO DE PRODUCCION Y DESARROLLO DE EVENTO JORNADA CAPACITANDO NUESTRAS MUJERES,6
3917-98-AG26,Implementos deportivos Liceo C-20 a compra ágil: 3917-75-COT26,4
3921-238-AG26,Departamento de Salud a compra ágil: 3921-155-COT26,6
3922-349-SE26,"Material didáctico para Escuela Molco Alto, fondos SEP",6
3922-362-SE26,"Servicio de traslado de estudiantes del Liceo Bicentenario Araucanía, salida pedagógica a la Ciudad de Temuco, Fondos PRORETENCIÓN",6
3922-369-SE26,"Servicio de traslado de estudiantes de la escuela José Abelardo Núñez, salida pedagógica a la Ciudad de Temuco, Fondos PRORETENCIÓN.",6
3922-372-SE26,"MATERIALES DE ENSEÑANZA PARA LA ESCUELA ALIHUIEN, FONDOS SEP.",6
3922-381-SE26,"Materiales de enseñanza para Liceo Bicentenario Araucanía, fondos SEP.",6
3922-395-SE26,"Servicio de traslado de estudiantes del Liceo Bicentenario Araucanía, salida pedagógica a la Ciudad de Chillán, Fondos PRORETENCIÓN",6
3927-113-AG26,"ADQUISICIÓN MATERIAL DE ASEO Y ACCESORIOS PARA ESCUELA RURAL PUAUCHO ORD N°42, ESCUELA RURAL PUCATRIHUE ORD N°23 Y DAEM AC ORD N°01, FONDOS DAEM.Orden de Compra generada por invitación a compra ágil: 3927-155-COT26",6
3938-156-AG26,Orden de Compra generada por invitación a compra ágil: 3938-140-COT26,6
3949-136-TD26,Orden de Compra generada por Trato Directo ID 3949-44-FTD26,12
3949-185-CM26,RECARGA DE GAS 2000LT - CAG (LIMA),12
3950-393-AG26,insumos para drogueria Orden de Compra generada por invitación a compra ágil: 3950-157-COT26,12
3959-42-SE26,MEDICAMENTOS NO CENABAST 1ER SEMESTRE 2026,6
3959-43-SE26,MEDICAMENTOS NO CENABAST 1ER SEMESTRE 2026,5
3959-44-SE26,MEDICAMENTOS NO CENABAST 1ER SEMESTRE 2026,6
3959-45-SE26,MEDICAMENTOS NO CENABAST 1ER SEMESTRE 2026,6
3969-20-AG26,Compra de prótesis dentales,4
3983-100-AG26,MANTENIMIENTO DE EXTINTORES DE SALUD PAREDONES,6
3986-159-AG26,Orden de Compra generada por invitación a compra ágil: 3986-163-COT26,4
4017-17-AG26,Orden de Compra generada por invitación a compra ágil: 4017-26-COT26,5
4020-371-AG26,"INSUMOS ALIMENTACIÓN, OMIL. Orden de Compra generada por invitación a compra ágil: 4020-292-COT26",6
4020-376-AG26, CAMBIO DE PASTILLAS DE FRENOS VEHICULO HYUNDAI TUCSON/ADMINISTRACIÓN/Orden de Compra generada por invitación a compra ágil: 4020-298-COT26,4
4022-248-AG26,SERV. MANTENCION PREVENTIVA DEL SPRINTER MUNICIPAL PPU: SKWZ-44 C.A: 4022-332-COT26,4
4034-193-AG26,"ADQUISICIÓN DE PROTECTORES PARA ESTUFAS DE ESTABLECIMIENTOS DE LA COMUNA, SOLICITUD DE PEDIDO N°24 Y N°29 - FONDOS FAEP 2025,  INICIATIVA: ADQUISICION DE MOBILIARIO ESCOLAR, ARTICULOS DE ALHAJAMIENTO Y EQUIPAMIENTO TECNOLOGICO PARA LOS ESTABLECIMIENTOS ",6
4035-86-AG26,Evento Bienestar // Compra ágil: 4035-86-COT26,4
4044-266-TD26,Orden de Compra generada por Trato Directo ID 4044-53-FTD26,6
4051-82-SE26,Reparación vehículo municipal PPU:VBDX-46 GUIA 333,6
4051-83-SE26,Mantención vehículo  PPU: LDWK-95 GUIA 334,6
4057-343-AG26,ADQ. ELEMENTOS TECNOLOGICOS LICEO BICENTENARIO MTM - Orden de Compra generada por invitación a compra ágil: 4057-392-COT26,6
4062-336-AG26,Orden de Compra generada por invitación a compra ágil: 4062-396-COT26,6
4062-337-AG26,Orden de Compra generada por invitación a compra ágil: 4062-401-COT26,4
407-352-TD26,Orden de Compra generada por Trato Directo ID 407-47-FTD26,6
407-359-AG26,VALVULA PARA VENTILADOR MECANICO AEONMED VG70: 407-51-COT26,6
407-360-TD26,Orden de Compra generada por Trato Directo ID 407-48-FTD26,6
407-387-TD26,Orden de Compra generada por Trato Directo ID 407-53-FTD26,6
407-484-SE26,"Reparación Ópticas, Abril 2026 desde convenio 407-",6
407-485-SE26,MTTO PROCESADOR DE TEJIDOS CUOTA 2 DE 2 407-207-LQ,6
407-497-SE26,MTTO EQ IND CUOTA 5 MAYO CEN LAV. 407-114-,6
4075-75-SE26,SERVICIO DE SERVICIO DE ARRIENDO DE FOTOCOPIADORAS,4
4081-120-SE26,MATERIAL ENSEÑANZA LICEO BICENTENARIO/SEP,5
4085-294-TD26,Orden de Compra generada por Trato Directo ID 4085-96-FTD26,6
4090-147-AG26,ARTICULOS DE PAPELERIA DESAM,6
4100-60-AG26,"ADQUISICION SERVICIO IMPRESION DEPTO. RELINCAR, proveniente de compra ágil: 4100-71-COT26, DOE 252130610",12
4104-77-AG26,PETROLEO CALDERA ESCUELA PRESBITERO,4
4104-78-AG26," UNIDAD DE ALMACENAMIENTO PARA EQUIPO COMPUTACIONAL DEL LICEO BICENTENARIO A.A.GORBEA, FONDOS MANTENCION",4
4105-304-AG26,Medicamentos e insumos veterinarios PRODESAL,6
4105-313-AG26,Compra radios,6
4105-315-AG26,Compra de Monitores y procesadores,6
4110-13-SE24,Elab Proyecto Adq Equipamiento Sedes Cominitarias,12
4110-8-SE24,ASESORIA TÉCNICA LIC MANTENIMIENTO PTA TRATAMIENTO,12
411-210-SE26,Viviendas de Emergencias Mediaguas   ID.  411-28-LE26,4
4112-52-SE26,ORDEN DE COMPRA DESDE 4112-2-LE26,4
4113-397-AG26,Orden de Compra generada por invitación a compra ágil: 4113-245-COT26,6
4116-24-AG26,Orden de Compra generada por invitación a compra ágil: 4116-29-COT26,12
4118-7-AG26,Orden de Compra generada por invitación a compra ágil: 4118-9-COT26,12
4118-8-AG26,Orden de Compra generada por invitación a compra ágil: 4118-8-COT26,12
4120-90-SE26,TRANSPORTE ESCOLAR MES DE ABRIL DE 2026,4
4120-91-SE26,TRANSPORTE ESCOLAR MES DE ABRIL DE 2026,4
4120-92-SE26,TRANSPORTE ESCOLAR MES DE ABRIL DE 2026,9
4120-93-SE26,TRANSPORTE ESCOLAR MES DE ABRIL DE 2026,4
4120-94-SE26,TRANSPORTE ESCOLAR MES DE ABRIL DE 2026,4
4120-95-SE26,TRANSPORTE ESCOLAR MES DE ABRIL DE 2026,4
4120-96-SE26,TRANSPORTE ESCOLAR MES DE ABRIL DE 2026,4
4120-97-SE26,TRANSPORTE ESCOLAR MES DE ABRIL DE 2026,4
4139-149-SE26,SERVICIO REPARACIONES EN POSTA SAN JOSE DEL CARMEN,6
4144-109-AG26,Orden de Compra generada por invitación a compra ágil: 4144-126-COT26,4
4144-110-AG26,Orden de Compra generada por invitación a compra ágil: 4144-121-COT26,6
4144-111-AG26,Orden de Compra generada por invitación a compra ágil: 4144-122-COT26,6
4144-112-AG26,Orden de Compra generada por invitación a compra ágil: 4144-120-COT26,4
4144-113-AG26,Orden de Compra generada por invitación a compra ágil: 4144-108-COT26,4
4144-114-AG26,Orden de Compra generada por invitación a compra ágil: 4144-110-COT26,4
4144-115-AG26,Orden de Compra generada por invitación a compra ágil: 4144-95-COT26,4
4144-93-AG26,Orden de Compra generada por invitación a compra ágil: 4144-104-COT26,6
4157-317-AG26,Extensiones Eléctricas para Escuela Bernardino Muñoz Gonzales Req 960223-7(190),6
4157-323-AG26,Colaciones Programa de Talentos Universidad de Concepción Mes de Mayo 2026 Req 960101-65JP(304),6
4157-325-AG26,"Amortiguadora para Bus escolar Mitsubishi, perteneciente al DAEM Req 960101-63JP(296)",6
4157-327-AG26,Tintas para centro de Fotocopiado y otras dependencias Escuela Virgen del Carmen Req 960219-55(288),5
4157-328-SE26,"Botas de agua para los auxiliares Varones de la Escuela Virgen del Carmen, Req 960219-22(315) ",4
4161-169-AG26," COMPRA DE IMPLEMENTACION DEPORTIVA, TALLERES ACLES, LICEO CLAUDIO ARRAU LEON,Orden de Compra generada por invitación a compra ágil: 4161-149-COT26",4
4161-170-AG26," COMPRA DE INSUMOS PARA SERVICIOS DE TE, LICEO CLAUDIO ARRAU LEON,Orden de Compra generada por invitación a compra ágil: 4161-159-COT26",4
4164-220-AG26,Materiales para Sede Cerrillos ,6
4164-234-AG26,Materiales para Operaciones ,6
4168-692-AG26,Orden de Compra generada por invitación a compra ágil: 4168-153-COT26,4
4173-119-SE26,Útiles escolares escuela Santa Elena,6
4174-166-TD26,Orden de Compra generada por Trato Directo ID 4174-6-FTD26,12
4179-492-AG26,Orden de Compra generada por invitación a compra ágil: 4179-64-COT26,4
4179-493-SE26,"ADQUISION DE PUERTA Y CERRADURA, PARA EDIFICIO CONSISTORIAL",4
4193-176-SE26,Material oficina para el Área de Acreditación.,6
4193-180-SE26,MATERIALES OFICINA -DSM,6
4193-183-SE26,Materiales escritorio para Bodega del Cesfam.,6
4195-540-CM26,Orden de Compra: 4195-540-CM26,6
4205-137-AG26,"ADQUISICIÓN DE MATERIALES PARA MANTENCION Y REPARACION DE INFRAESTRUCTURA, ESCUELA ELIECER PEREZ VARGAS CON DE FONDOS DE MANTENIMIENTO.",4
4256-136-AG26,limpiapiés Nomad vinillo para centro de salud de san Fabián ,6
426-117-SE26,Compra Reactivos Mayo,6
4281-96-SE26,SERVICIO DE IMPRESIÓN Y COPIAS ABRIL 2026. ,6
4284-202-SE26,ORDEN DE COMPRA DESDE 4284-55-L126,6
4291-1034-AG25,MATERIAL IMPRESO - ANT2193,12
4291-455-AG26,CENTRO DE BIOINNOVACION,6
4291-472-CM26,Orden de Compra: 4291-472-CM26,6
4291-473-CM26,Orden de Compra: 4291-473-CM26,6
4301-301-SE26,Suministro Agua Purificada S.P.33,6
4307-58-AG26,ADQUISICIÓN MATERIALES DE ASEO PARA EL JARDÍN INFANTIL Y SALA CUNA LOS CORAZONCITOS FONDOS JUNJI,4
4309-2101-SE26,ORDEN DE COMPRA DESDE 4309-37-LR24,6
4309-2103-SE26,ORDEN DE COMPRA DESDE 4309-118-LP25	,6
4309-2107-SE26,ORDEN DE COMPRA DESDE 4309-251-LQ24,6
4309-2112-SE26,ORDEN DE COMPRA DESDE 4309-247-LQ23,6
4314-160-AG26,Compra  materiales de oficina,5
4315-204-SE26,INSUMOS DIA DEL ESTUDIANTE ESC MARINA ROJAS ,4
4315-205-SE26,INSUMOS DIA DEL ESTUDIANTE ESC DOMULGO,4
4315-206-SE26,COLACIONES VISITA PEDAGOGICA 1° MEDIOS LICEO C-20,4
4315-207-SE26,INSUMOS DIA DEL ESTUDIANTE ESC ELENA ARMIJO,4
4322-273-AG26, ADQUISICION DE BOMBONES Y BRAZO DE REINA PROGRAMA DISCAPACIDAD 4322-259-COT26,4
4324-53-AG26,"CILINDROS DE OXIGENO, Orden de Compra generada por invitación a compra ágil: 4324-31-COT26",6
4335-158-SE26,MM N°175 SS MÉDICOS 2DA RESIDENCIA CR PEDIÁTRICO Y NEONATOLÓGICO / FEBRERO 2026,12
4335-863-SE25,SERVICIO DE PROCESAMIENTO DIAGNOSTICO DE BIOPSIAS NOVIEMBRE 2025,6
434-348-SE26,CANASTAS PLAN ASISTENCIAL FORMULARIO 5,6
434-353-AG26,Orden de Compra generada por invitación a compra ágil: 434-221-COT26,4
4353-79-TD26,Orden de Compra generada por Trato Directo ID 4353-19-FTD26,6
4353-80-TD26,Orden de Compra generada por Trato Directo ID 4353-20-FTD26,6
4355-438-AG26,"Orden de Compra generada por invitación a compra ágil: 4355-467-COT26, CANASTAS DE MERCADERIA,  AYUDA SOCIAL",6
4355-452-AG26,Orden de Compra generada por invitación a compra ágil: 4355-486-COT26 / SERVICIO DE MONTAJE  Y DESMONTAJE DE ESCENARIO ,4
4357-126-AG26,Orden de Compra generada por invitación a compra ágil: 4357-94-COT26,4
4357-128-AG26,Orden de Compra generada por invitación a compra ágil: 4357-97-COT26,4
4357-129-AG26,Orden de Compra generada por invitación a compra ágil: 4357-99-COT26,4
4357-130-AG26,Orden de Compra generada por invitación a compra ágil: 4357-95-COT26,6
4360-42-AG26,Escalera multipropósito articulada,6
4371-149-AG26,ADQUISICION DE CUCHILLOS Y ACCESORIOS MOTONIVELADORA VOLVO; compra ágil: 4371-101-COT26,6
4371-153-TD26,Orden de Compra generada por Trato Directo ID 4371-18-FTD26,6
4374-21-AG26,Mantención vehículos institucionales Orden de Compra generada por invitación a compra ágil: 4374-9-COT26,6
4375-1109-SE26,BOLSA MICROSCOPIO ABRIL MAYO/OC DE 4375-47-LP25,12
4375-1161-SE26,MOLTOPREN ESTERIL MAYO / 4375-105-LE24,12
4375-1162-SE26,CUCHILLOS BAJO PERFIL MAYO / 4375-198-LP24,6
4375-1169-SE26,GASAS 5CM X 5MTS MAYO / 4375-255-LE24,12
4375-1176-SE26,BATA REFORZADA MAYO/ 4375-283-LQ24,12
4375-1190-SE26,ROPA DE ELECTROFISIOLOGIA MAYO/ 4375-215-LP24,12
4375-1191-SE26,ROPA NEUROVASCULAR MAYO,12
4375-1192-SE26,PIERNERA MAYO DESDE 4375-153-LE24,12
4375-1234-SE26,CEPILLO Y PASTAS MAYO-DIC 4375-142-LP25,6
4375-1252-AG26,overoles 4375-323-COT26,6
4375-1253-SE26,FILTROS DIALISIS ABRIL/OC DESDE 4375-127-LE25,6
4375-1266-CM26,POLLO CENTRAL MAYO,12
4375-1334-AG26,MANGA STERRAD 15X70 compra ágil: 4375-271-COT26,6
4375-1337-CM26,PAPEL FOTOCOPIA MAYO: 4375-1337-CM26,6
4375-1375-AG26,BAJADAS ALIMENTACION ENTERAL compra ágil: 4375-357-COT26,6
4375-1397-SE26,KIT CIRCUITO DE VENTILACION MAYO/OC DE 4375-129-LP,6
4375-247-SE26,CANAPE ENERO PSIQUIATRIA / 4375-33-LP25,12
4375-271-SE26,MASAS PSIQUIATRIA FEBRERO / 4375-33-LP25,12
4375-683-SE26,CANAPE CENTRAL MARZO / 4375-33-LP25,12
4375-778-CM26,TOALLAS INTERFOLIADAS ABRIL: 4375-778-CM26,12
4375-902-CM26,PRE ELABORADOS CENTRAL ABRIL ,12
4375-970-SE26,suministro de impresión desde 4375-73-LE24,6
4404-87-SE26,"ADQ. de Alimentos, para Reunión de Directores 7/5/",6
4404-89-SE26,ADQ. de Alimentos Reunión Educadoras de Párvulo 14,6
4408-188-AG26,Material para uso Escuela Municipal E-170 Republica de Italia,6
4414-560-CM26,Orden de Compra: 4414-560-CM26,12
4422-25-AG26,Orden de Compra generada por invitación a compra ágil: 4422-20-COT26,12
4447-26-TD26,Orden de Compra generada por Trato Directo ID 4447-7-FTD26,6
4454-362-TD26,Orden de Compra generada por Trato Directo ID 4454-18-FTD26,6
4454-370-TD26,Orden de Compra generada por Trato Directo ID 4454-19-FTD26,6
4454-379-CM26,ALIMENTOS COMPLEMENTARIOS - DIDECO,6
4454-381-CM26,MATERIAL DE CONSTRUCCION - DIDECO,6
4455-193-SE26,Serv. movilización para alumnos de la comuna de Arauco Esc. Edelmira Vergara y Liceo San Felipe de Arauco - abril 2026,6
4455-194-SE26,Serv. movilización para alumnos de la comuna de Arauco LPC y Esc. Básica Carampangue - abril 2026,6
4455-216-SE26,Serv. movilización para alumnos de la comuna de Arauco Liceo San Felipe de Arauco - abril 2026,6
4455-280-SE26,"Serv. movilización para alumnos de la comuna de Arauco Esc. Valle Arauco, Pichilo y Esc. Cesar Monsalve, La Meseta - abril 2026",6
4455-288-AG26,Adquisicion Material Módulo dental Escuela E-726 Vicente Millan.Compra ágil: 4455-80-COT26,6
4468-53-AG26,MATERIALES DE ENSEÑANZA Y VARIOS PROGRAMA BIENESTAR ANIMAL 4468-39-COT26,6
4469-274-AG26,S.C. N° 39642 (P.C) ADQUISICIÓN DE REGLA Y CARTULINA PARA DESARROLLO TALLER PRESERVACION DOCUMENTOS ; PROYECTO 2493.; desde compra agil 4469-89-cot26.,6
4474-404-CM26,Orden de Compra: 4474-404-CM26,6
4474-407-AG26,Orden de Compra generada por invitación a compra ágil: 4474-145-COT26,6
4475-193-AG26,Herramientas y equipos para especialidad eléctrica Liceo Arturo Alessandri Palma compra ágil: 4475-196-COT26,6
4482-29-AG26,Orden de Compra generada por invitación a compra ágil: 4482-9-COT26,6
4488-81-AG26,CORTINAS ROLLER  por invitación a compra ágil: 4488-59-COT26,4
4494-238-SE26,MEDALLAS DEPORTES,6
4499-65-CM26,Adquisición de Vales de Gas Licuado de 15kg y 11kg (M-426/Salud),12
4511-27-SE26,ORDEN DE COMPRA DESDE 4511-14-LE26,6
4513-60-SE26,ORDEN DE COMPRA DESDE 4513-3-L126,4
4521-81-AG26,Orden de Compra generada por invitación a compra ágil: 4521-83-COT26,6
4525-121-AG26,Compra ágil: 4525-172-COT26 (R.P.) OPI - 4957,12
4548-285-AG26,Orden de Compra generada por invitación a compra ágil: 4548-257-COT26,6
4548-286-AG26,Orden de Compra generada por invitación a compra ágil: 4548-254-COT26,6
4548-288-AG26,Orden de Compra generada por invitación a compra ágil: 4548-249-COT26,6
4560-267-SE26,ARTICULOS DE ASEO - CENTROS VTF,6
4594-381-SE26,ARTÍCULOS DE ASEO LIC. 05-2026,4
4594-382-SE26,ARTÍCULOS DE OFICINA LIC. 05-2026,4
4594-394-SE26,INSUMOS CLINICOS,6
4594-399-SE26,INSUMOS CLINICOS,6
4596-168-AG26,TRASLADO DE ALUMNOS DESDE MULTICANCHA HASTA ESCUELA MONTELEON DE SAN NICOLAS: 4596-154-COT26,12
4596-175-AG26,TRASLADO DE ALUMNOS DESDE PLAZA DE LOS NIÑOS HASTA ESCUELA DE DADINCO DE SAN NICOLAS: 4596-176-COT26,12
4596-310-AG26,TEXTOS PARA TALLERES DE FRANCES DEL LICEO POLIVALENTE DE SAN NICOLAS: 4596-259-COT26,6
4596-322-SE26,TRASLADO DE ALUMNOS A HUALPEN DESDE LICEO POLIVALENTE DE SAN NICOLAS,4
4609-139-AG26,Orden de Compra generada por invitación a compra ágil: 4609-67-COT26,12
4609-169-SE26,ALIMENTOS NO PERECIBLES ELEAM ,12
4609-174-AG26,Orden de Compra generada por invitación a compra ágil: 4609-90-COT26,12
4609-183-SE26,ARTICULOS DE ASEO Y LIMPIEZA,12
4631-23-SE26,ORDEN DE COMPRA DESDE 4631-66-LP25,6
4642-447-CM26,Orden de Compra: 4642-447-CM26,6
4649-5-SE26,Servicio Vigilancia 2026,12
4679-44-AG26,"Adquisición de materiales eléctricos, compra ágil: 4679-80-COT26, OC Sigas N° 430",4
4714-5-AG26,Insumos computacionales,12
4728-139-CM26,CVA/COMPRA DE PASAJE AÉREO/DZ VALDIVIA/SUSANA GIGLIO,6
4737-57-CM26,"Adquisición de Útiles de Aseo  para los Establecimientos Educacionales y DAEM, con cargo a la Subvención General DAEM",6
4738-153-SE25,SERVICIO DE GUARDIAS DE SEGURIDAD POR 12 MESESORDEN DE COMPRA DESDE 4738-5-LE25,12
4766-3481-SE26,"ADQUISICION DE EXAMENES ELECTROCARDIOGRAMA , MES ABRIL 2026, CONSULTORIO MUNICIPAL 2026, SEGUN LICITACION PUBLICA ID 4766-26-LE25",6
4766-3482-SE26,"ADQUISICION DE SERVICIOS ELIMINACION DE RESIDUOS TOXICOS Y MATERIAL CORTO PUNZANTE, CONSULTORIO MUNICIPAL Y NUEVO CENTRO DE SALUD POR EL MES ABRIL DEL 2026, SEGUN LICITACION PUBLICA ID 4766-24-LE25",12
4769-39-SE26,ORDEN DE COMPRA DESDE 4769-2-L126,6
4776-1037-SE25,SERVICIOS DE PERSONAL CLÍNICO OPERATIVO Y ADMINISTRATIVO PARA LA RED HOSPITALARIA DE CAPREDENA / LIMACHE/ (LIC. 4776-21-LR25),12
4776-224-AG26,Adquisición de rack para mancuernas. CSS. Compra ágil: 4776-162-COT26,6
4776-956-SE25,SERVICIOS DE PERSONAL CLÍNICO OPERATIVO Y ADMINISTRATIVO PARA LA RED HOSPITALARIA DE CAPREDENA / LA FLORIDA / (LIC. 4776-21-LR25),12
4777-384-SE26,ALIMENTOS PERECIBLES NO PERCIBLES OTROS ELEAM MES ABRIL,4
4778-123-TD26,Orden de Compra generada por Trato Directo ID 4778-60-FTD26,12
4778-133-TD26,Orden de Compra generada por Trato Directo ID 4778-51-FTD26,12
4778-212-TD26,Orden de Compra generada por Trato Directo ID 4778-84-FTD26,12
4778-627-TD25,Orden de Compra generada por Trato Directo ID 4778-450-FTD25,12
4779-363-AG26,FFVV - METOTREXATO 20 MG/ 0.4 ML INYECTABLE - MAYO 2026,12
4779-374-AG26,FFVV - APIXABAN 2.5 MG CM - MAYO 2026,6
4817-1456-SE26,DISPOSITIVOS MEDICOS  PARA CIRUGÍA  LAPAROSCÓPICA ABDOMINAL Y RENAL  ,12
4817-1496-AG26,Orden de Compra generada por invitación a compra ágil: 4817-203-COT26,6
4817-1512-SE26,APÓSITOS GASA ESTÉRIL MATERIAL ESTÉRIL Y OTROS	,12
4817-1530-SE26,GRAPADORAS QUIRÚRGICAS Y OTROS	,12
4817-1532-SE26,GRAPADORAS QUIRÚRGICAS Y OTROS,12
4817-1550-SE26,INSUMOS PATOLOGIAS MAMARIA,12
4817-1551-SE26,INSUMOS PATOLOGÍA MAMARIA,12
4817-1622-AG26,Orden de Compra generada por invitación a compra ágil: 4817-218-COT26,6
4817-1654-SE26,CIRCUITOS Y SENSORES PARA VENTILADORES MECANICOS Y OTROS  ,4
4817-1658-SE26,AGUJAS HIPODÉRMICAS EQUIPO DE INFUSIÓN Y JERINGAS,6
4817-1665-SE26,CIRCUITOS Y SENSORES PARA VENTILADORES MECANICOS Y,6
4817-1678-SE26,CIRCUITOS RESPIRATORIOS DE ANESTESIA Y OTROS,6
4817-1693-AG26,Orden de Compra generada por invitación a compra ágil: 4817-244-COT26,6
4817-1694-AG26,Orden de Compra generada por invitación a compra ágil: 4817-245-COT26,6
4817-1701-AG26,Orden de Compra generada por invitación a compra ágil: 4817-229-COT26,6
4817-1710-AG26,Orden de Compra generada por invitación a compra ágil: 4817-238-COT26,6
4817-1713-AG26,Orden de Compra generada por invitación a compra ágil: 4817-242-COT26,6
4817-1714-SE26,HISOPOS GASA Y APÓSITOS GASA ESTÉRIL,6
4817-1715-CM26,Orden de Compra: 4817-1715-CM26,6
4828-37-AG26,Orden de Compra generada por invitación a compra ágil: 4828-26-COT26,6
4829-124-AG26,"Adquisición de alimentos, Comité de Bienestar, compra ágil: 4829-127-COT26",4
4841-30-AG26,Orden de Compra generada por invitación a compra ágil: 4841-17-COT26,12
4844-30-CM26,Orden de Compra: 4844-30-CM26 - D.A.E.M./ MATERIALES DE OFICINA 2026,12
4848-110-CM26,"COMPRA DE MATERIALES DE ASEO (TOALLAS DE PAPEL, PAPEL HIGIENICO Y SABANILLAS) PARA UNIDAD DE BODEGA DISAM EL TABO",6
4853-20-SE26,Correos de Chile,12
4858-364-SE26,ORDEN DE COMPRA DESDE 4858-26-LP26,9
4886-5-SE26,ORDEN DE COMPRA DESDE 4886-3-LE26,12
4922-103-AG26,SERVICIO DE COFFE PARA 50 PERSONAS ADULTOS MAYORES DEL PROGRAMA CUIDADOS DOMICILIARIOS compra ágil: 4922-92-COT26,4
4940-454-AG26,"PROGRAMA MAYO, DESDE AG 4940-170-COT26",6
494-1037-AG26,"PROGRAMACION,DESDE AG",6
494-1049-SE26,"PROGRAMA LABORATORIO MAYO, DESDE 494-17-LQ23",6
4955-48-AG26,ADQUISICIÓN DE ÚTILES DE ASEO PARA EL DEPARTAMENTO DE TESORERÍA INSTITUCIONAL,6
4964-32-SE26,Insumos Dentales CCR,6
4964-35-SE26,Insumos Dentales CCR,5
4965-136-AG26,"Material didáctico para Escuela La Quebrada, Ley Sep 2026.-",6
4967-729-AG26,(HUB) KIT TOXINA (KIT P/DETERM. DE CLOSTRIDIUM DIFFICILE) TEST RAPIDO PARA COSTRIDIUM LABORATORIO ABRIL 2025,6
4967-815-AG26,"(CBS) DRENAJE PENROSSE 1/2 (1,3 x 50 cms) compra ágil: 4967-336-COT26",6
4967-838-SE26,(cbs) ALCOHOL PADS 70% - DESDE 4967-48-R126,6
4967-842-SE26,(cbs) BAJADAS INFUSIÓN SIMPLES Y FOTOSENCIBLES PARA BOMBAS VOLUMÉTRICAS - DESDE 4967-30-LR25,6
4968-524-SE26,(HUB) BOTELLONES DE AGUA REPOSICION,12
4968-534-SE26,(HUB) ROPA CLINICA REPOSICION ID.4968-37-LP25,12
4968-627-AG26,(DD) Batería para electrocardiógrafo Fukuda Denshi FX-7102 (sol.42),6
4968-635-CM26,(HUB) PAPAS PROCESADAS MAYO PACIENTES Y PERSONAL,6
4968-657-CM26,(HUB) CARNES MAYO PACIENTES,12
4968-658-CM26,(HUB) CARNES MAYO PERSONAL,12
4968-660-CM26,(HUB) LACTEOS Y CONGELADOS MAYO PERSONAL,12
4968-661-CM26,(HUB) LACTEOS Y CONGELADOS MAYO PACIENTES,12
4968-668-SE26,(HUB) ALIMENTOS SEDILE MAYO ID.4968-41-LQ24,12
4968-670-SE26,(HUB) VAJILLA DESECHABLE MAYO ID.4968-58-LQ24,12
4968-672-SE26,(HUB) VAJILLA DESECHABLE MAYO ID.4968-58-LQ24,12
4968-700-AG26,(DD) Geófono detector sonda sensor fuga de agua inalámbrico ( sol.26),12
4968-718-CM26,(HUB) COMPRAS ASEO MAYO TOALLITAS HUMEDAS REPOSICION ,6
4968-722-CM26,(HUB) COMPRAS ASEO MAYO REPOSICION,6
4968-733-SE26,(HUB) BOLSAS Y MANGAS PLASTICAS ID.4968-73-LP25,6
4993-214-AG26,Orden de Compra generada por invitación a compra ágil: 4993-68-COT26,6
4993-231-SE26,ORDEN DE COMPRA DESDE 4993-38-LE26,4
5005-32-AG26,COMPRA DE GALVANOS: 5005-26-COT26,6
5019-98-AG26,Insumos dentales,4
5021-15-AG26,Camilla eléctrica para Kinesiología del CRIE,6
5051-834-SE26,5051-32-LP25/220400400102/AGUA BIDESTILADA 500 ML/ABRIL,9
5051-958-SE26,5051-95-LP25/220400400102/VALSARTAN - SACUBITRILO 100 MG/MAYO,4
5053-332-SE26,5053-121-LP25/2206005001/LLAMADO DE ENFERMERAS Y UP GRADE SISTEMA LLE/,12
5053-726-SE26,5053-124-LE24/2206005001/MANTENCION PREVENTIVA LAVADORAS SERVICIOS UANI/ABRIL,12
5053-727-SE26,5053-155-LQ24/2206005001/MANTENCION PREVENTIVA CALDERAS A VAPOR/ABRIL,12
5053-729-SE26,5053-113-le24/2206005001/Mantención preventiva equipos de Alimentación/ABRIL,12
5053-730-SE26,5053-92-LQ24/2206005001/MANTENCION PREVENTIVA ASCENSORES/ABRIL,12
5053-743-AG26,CA/2206005001/ Certificación de ascensores año 2026,12
5053-794-SE26,5053-12-LE26/2206005001/MANTENCION PREVENTIVA CALDERA DE AGUA CALIENTE EDIFICIO CDT/ABRIL,12
5053-840-SE26,5053-123-LE25/2206001002/SUMINISTRO E INSTALACION DE PISOS VINILICOS/MAYO,6
5054-86-AG26,CA/2905002001/REFRIGERADOR DE LABORATORIO/MAYO,4
5056-1251-TD26,Orden de Compra generada por Trato Directo ID 5056-400-FTD25,12
5056-1281-SE26,5056-104-LP25/2209005002/ARRIENDO DE NEURONAVEGADOR/FEBRERO,12
5056-707-SE26,5056-62-R125/2209005002/SERVICIO DE ARRIENDO DE CAMILLAS DE TRANSPORTE/ENERO,12
5056-806-SE26,5056-104-LP23/2208009/TRANSBANK DEBITO/SEPTIEMBRE,12
5056-960-SE25,CM/2211003/LICENCIA GOOGLE WORKSPACE ENT STARTER GOOGLE VAULT/GRAN COMPRA ID 74090,12
5056-980-SE26,5056-87-LQ24/221299900201/COMPRA DE EXÁMENES INTA/FEBRERO,12
5060-224-AG26,SN°9-SE´P- ADQUISICION DE MATERIALES DE ENSEÑANZA PARA ESCUELA COLLIMALLIN,6
5060-232-AG26,S010-SEP. SERVICIO DE FOTOCOPIADO PARA ESTUDIANTES DEL LICEO GABRIELA MISTRAL CON FONDOS SEP. ,6
5067-1134-AG26,Orden de Compra generada por invitación a compra ágil: 5067-1082-COT26,6
5067-1139-AG26,Orden de Compra generada por invitación a compra ágil: 5067-1031-COT26,6
5067-1152-AG26,Orden de Compra generada por invitación a compra ágil: 5067-1094-COT26,6
507428-426-AG26,Orden de Compra generada por invitación a compra ágil: 507428-120-COT26,4
507428-438-SE26,ORDEN COMPRA DESDE 507428-44-LE25 ABRIL 2026	,4
507428-448-AG26,Orden de Compra generada por invitación a compra ágil: 507428-127-COT26,4
507428-449-AG26,Orden de Compra generada por invitación a compra ágil: 507428-134-COT26,4
507428-450-AG26,Orden de Compra generada por invitación a compra ágil: 507428-122-COT26,4
5083-109-SE26,ORDEN DE COMPRA DESDE 5083-28-LQ23,12
5083-112-SE26,ORDEN DE COMPRA DESDE 5083-23-LP25,12
5083-135-SE26,ORDEN DE COMPRA DESDE 5083-27-LQ24,12
5083-144-SE26,ORDEN DE COMPRA DESDE 5083-33-LR24,12
5083-154-SE26, ORDEN DE COMPRA DESDE 5083-27-LQ24,12
5083-163-SE26,ORDEN DE COMPRA DESDE 5083-41-LP25,12
5083-167-SE26,ORDEN DE COMPRA DESDE 5083-21-LE25,12
5083-188-SE26,ORDEN DE COMPRA DESDE 5083-41-LP25,12
5083-189-SE26,ORDEN DE COMPRA DESDE 5083-27-LQ24,12
5083-191-SE26,ORDEN DE COMPRA DESDE 5083-21-LE25,12
5083-193-SE26,ORDEN DE COMPRA DESDE 5083-23-LP25,12
5083-195-SE26,ORDEN DE COMPRA DESDE 5083-24-LP25,12
5083-199-SE26,ORDEN DE COMPRA DESDE 5083-28-LQ23,12
5083-92-SE26,ORDEN DE COMPRA DESDE 5083-28-LQ23,12
5083-97-SE26,ORDEN DE COMPRA DESDE 5083-28-LQ23,12
508418-11-AG26,Orden de Compra generada por invitación a compra ágil: 508418-14-COT26,4
5098-4-AG26,Confección e intalación de puerta metalizada de seguridad,4
5110-158-SE26,Alimentos para alumnos Aniversario Colegio Crecer,6
511505-115-AG26,FACULTAD DE INGENIERÍA -FIUDA2030,6
511505-88-AG26,DEPTO. DE GEOLOGIA,6
5124-118-SE26,Textos y Test PIE,6
5139-100-SE26,"MM N°61 MANTENCIÓN PREVENTIVA DE EQUIPOS MULTIPARAMETROS, DESFIBRILADORES Y CENTRAL DE MONITOREO",6
5139-107-SE26,MM N°141 MANTENCION PREVENTIVA ASCENSORES MES MAYO 2026,6
514848-276-AG26,Orden de Compra generada por invitación a compra ágil: 514848-131-COT26,12
514862-311-TD26,Orden de Compra generada por Trato Directo ID 514862-76-FTD26,6
5153-734-AG26,KLO_Folio 647-706_Mesones de Acero Repostero y Cardiología_5153-824-COT26_OCI 213830-213831,6
5153-768-AG26,CML_MATERIALES PINTURAS MMNº316_ 5153-846-COT26,4
5158-49-AG26,PINTURA DEL LABORATORIO DE FISIOLOGÍA ANIMAL : 5158-40-COT26,4
5178-1453-AG26,260102/B91/SP 1027363/PREGRADO CANASTA UNICA 1154/KJ,12
5178-1753-AG26,B91/CANASTA COMÚN 1076/KJ ,12
5178-1756-AG26,400181/B91/SP 1027419/PREGRADO CANASTA UNICA 1195/KJ ,12
5178-1795-AG26,500103/B1/SP 1046614/EG,6
5178-1857-AG26,130403/B1/SP 1049144 MH a compra ágil: 5178-2512-COT26,6
5178-1861-AG26,35/B1/SP1043497/5178-2399-COT26/CM,12
5178-1888-AG26,100211/B1/SP 1042634/5178-1766-COT26/NG,6
5178-1908-SE26,501501/B1/SP 1050134/5178-36-B225/COTIZACION 5071/MH,6
5178-1914-AG26,570460/B1/SP 1046716/CJ,6
5178-1919-AG26,290201/B5/SP 1044361/IZ   compra ágil: 5178-2084-COT26,5
5178-1924-AG26, 570686/B5/SP 1048526/5178-2595-COT26/BA ,4
5188-246-SE26,"INFORME PROCESO DIAGNOSTICO,ID 5188-1-LP26,(LC,CAAE GINE/OBSTETRICO,POLI MAMA,2204001,MMC)",4
5215-218-AG26,Orden de Compra generada por invitación a compra ágil: 5215-228-COT26,6
5215-222-AG26,Orden de Compra generada por invitación a compra ágil: 5215-296-COT26,4
5215-223-AG26,Orden de Compra generada por invitación a compra ágil: 5215-261-COT26,4
5215-224-AG26,Orden de Compra generada por invitación a compra ágil: 5215-256-COT26,4
522-90-SE26,Atenciones de psicología Programa de Salud Mental,4
5240-123-SE26,ADQUISICIÓN DE HENO DE ALFALFA PARA CABALLARES DESDE LICITACION ID 5240-164-LR25,6
5326-603-TD26,Orden de Compra generada por Trato Directo ID 5326-294-FTD26,6
5336-12-AG26,INSUMOS DE COMPUTACION,12
5338-252-TD26,Orden de Compra generada por Trato Directo ID 5338-39-FTD26,12
5349-911-AG26,ADQUISICIÓN DE SOBRES PARA RADIOGRAFÍA ,6
5349-916-SE26,SERVICIO DE MANTENCIÓN PREVENTIVA PARA LAVADORAS DE ROPA DE LA MARCA UNIMAC DEL HPH,4
5350-893-AG26,"Compra ágil: 5350-133-COT26, Mueble de Melamina blanca 50cms de fondo, 60cms de alto, 40cms de ancho), tres cajones, con cerradura, elaborado con melamina de 2.5cms,  ",4
5350-914-AG26,"Compra ágil: 5350-153-COT26, 35 Credenciales Identificación Institucional, Dos Pendones Institucionales",4
5360-112-SE26,Retiro desechos vegetales campus saucache y velasq,4
538598-2408-TD26,Orden de Compra generada por Trato Directo ID 538598-30-FTD25,6
538598-2430-TD26,Orden de Compra generada por Trato Directo ID 538598-30-FTD25,6
538598-2431-TD26,Orden de Compra generada por Trato Directo ID 538598-30-FTD25,6
539119-1393-SE26,"B.1. SUMINISTRO DE PRODUCTOS LACTEOS PARA LA COMISIÓN HOTEL TRIZANO SEGÚN PEDIDO ADJUNTO, CORRESPONDIENTE AL MES DE ABRIL 2026, DESDE LIC. 539119-31-LQ24 DE LA DIRECCIÓN DE BIENESTAR DE CARABINEROS",12
539119-1394-SE26,"B.1 SUMINISTRO DE CONGELADOS PARA EL HOTEL TRIZANO, SEGÚN PEDIDO ADJUNTO DEL MES DE ABRIL DE 2026, CONFORME A BASES ADMINISTRATIVAS REQUERIMIENTOS TÉCNICOS Y ANEXOS DE LICITACIÓN PÚBLICA 539119-53-LP25",12
539119-1395-SE26,"B.1 SUMINISTRO DE ABARROTES PARA COMISIÓN EL HOTEL TRIZANO SEGÚN PEDIDO ADJUNTO, CORRESPONDIENTE AL MES DE ABRIL 2026, DESDE LIC. 539119-58-LR25 DE LA DIRECCIÓN DE BIENESTAR DE CARABINEROS.",12
539119-1417-CM26,"ADQUISICIÓN DE ART. DE ASEO MES DE MAYO PARA JARDIN INFANTIL PEPE GRILLO, PEQUEMUNDO, PETETIN, PASITOS VERDES Y ESCUELA ESPECIAL INTEGRAL DE LA DIRECCIÓN DE BIENESTAR DE CARABINEROS SEGÚN ORDEN DE COMPRA: 539119-1417-CM26",12
539119-1442-SE26,"B.1. SUMINISTRO DE BEBIDAS ANALCOHOLICAS, PARA EL HOTEL TRIZANO DEL MES MAYO DEL 2026. DEPENDIENTE DE LA DIRECCIÓN DE BIENESTAR, DESDE LICITACION 539119-29-LQ24.",12
539119-1454-CM26,ADQUISICION DE MATERIALES DE MANTENCION PARA EL BALNEARIO ROCAS DE SANTO DOMINGO,5
539119-1478-SE26,"B.1. SUMINISTROS DE FRUTAS Y VERDURAS FRESCAS PARA EL HOTEL TRIZANO DE CARABINEROS, SEGUN SOLICITUD DE PEDIDO ADJUNTA, CORRESPONDIENTE AL MES DE MAYO DE 2026, DESDE LICITACION 539119-2-LR25.",12
539119-1513-TD26,Orden de Compra generada por Trato Directo ID 539119-6-FTD26,4
5394-186-AG26,"ADQUISICIÓN DE MATERIALES PARA DESARROLLAR CLASES DE ENTRENAMIENTO, CON CARGO AL PROYECTO MAG2495, SOL. 156781",6
5394-194-TD26,Orden de Compra generada por Trato Directo ID 5394-33-FTD26,6
5394-195-AG26,SOLICITUD N°157027 – ADQUISICIÓN DE MOBILIARIO (SILLAS TIPO PISO BAR) ORIENTADO A MEJORAR LAS CONDICIONES DE LOS ESPACIOS ACADÉMICOS Y FORTALECER LA CALIDAD DE LOS PROGRAMAS DE POSTGRADO EN EL CONTEXTO DEL PROYECTO MAG23992 “FORTALECIMIENTO DE POSTGRADO”.,4
5413-365-SE26,CONVENIO DE SUMINISTRO PARA ROPA DE TRABAJO PARA LA UNIVERSIDAD DE LOS LAGOS.,6
5413-374-SE26,CONVENIO DE SUMINISTRO PARA ROPA DE TRABAJO PARA LA UNIVERSIDAD DE LOS LAGOS.,6
5413-376-SE26,CONVENIO DE SUMINISTRO PARA ROPA DE TRABAJO Y EQUIPOS DE PROTECCIÓN PERSONAL PARA LA UNIVERSIDAD DE LOS LAGOS,6
5416-124-AG26, 49548/SERVICIO MANTENCION SISTEMA CLIMATIZACION AIRE ACONDICIONADO DATACENTER INSTITUCIONAL,6
5416-395-AG26,Galletas,6
5416-396-AG26, 50109/servicio coffe,4
5418-95-AG26,Adquisición e Instalación de Cámaras para CCTV más Dispositivo de Ilunicación,6
5418-96-SE26,Arriendo multifucional Dimacofi (Variable) abril 2,6
542429-5-TD26,Orden de Compra generada por Trato Directo ID 542429-1-FTD26,12
5424-73-AG26,Insumos dentales,4
5434-136-AG26,RETIRO DE 300 M3 DE ESCOMBROS PARCIALES,6
5441-217-AG26,Orden de Compra generada por invitación a compra ágil: 5441-193-COT26,6
5441-496-AG25,Orden de Compra generada por invitación a compra ágil: 5441-571-COT25,12
5441-753-SE25,ARRIENDO DE CILINDROS Y RECARGA DE OXIGENO,12
5455-31-TD26,Orden de Compra generada por Trato Directo ID 5455-9-FTD26,5
546437-195-SE26,ID 121382 Colaciones frutas 09.05 becados orquesta,6
5482-100-AG26,Orden de Compra generada por invitación a compra ágil: 5482-64-COT26,6
5484-116-AG26,Orden de Compra generada por invitación a compra ágil: 5484-43-COT26,6
5485-275-AG26,Orden de Compra generada por invitación a compra ágil: 5485-257-COT26,6
548852-12-CM26,PASAJES AEREOS EVALUACIÓN PBSI SRA. MARÍA ANGELICA CONCHA MADARIAGA Y ACOMPAÑANTE,6
5500-9-AG26,Orden de Compra generada por invitación a compra ágil: 5500-10-COT26,6
551029-8-AG26,"Adquisición de una cocina a gas vía  compra ágil: 551029-11-COT26, PROGRAMA ORASMI.",6
5512-21-SE26,ORDEN DE COMPRA DESDE 5512-14-LP25,4
5517-141-AG26,Compra N°376 - Adquisición de equipos técnicos para MAC,6
5518-18-AG26,Provisión e instalación de Barras y Cortinas.,12
5520-2103-AG26,Suministro Mangas Polietileno compra ágil 5520-296-COT26,12
5520-2903-SE26,SUMINISTRO DE MATERIALES DE FERRETERIA Licitación 5520-16-LQ24,6
5520-2904-SE26,SUMINISTRO DE MATERIALES DE FERRETERIA Licitación 5520-16-LQ24,6
5520-2912-SE26,Servicio de Gestión para Instalación de Faena. Licitacion 5520-81-LR25,4
5520-2923-TD26,Orden de Compra generada por Trato Directo ID 5520-53-FTD25,6
5520-2924-SE26,Telefonía Móvil Marzo 2026 (LPú 5520-30-LQ24),4
5520-2925-SE26,Servicio de arriendo y traslado de contenedores a nivel nacional. Licitación 5520-15-LR24,4
5520-2926-SE26,Servicio de arriendo y traslado de contenedores a nivel nacional. Licitación 5520-15-LR24,4
5521-27-AG26,Orden de Compra generada por invitación a compra ágil: 5521-31-COT26,4
5539-84-AG26,Contratación de servicio de tasación comercial para dos (2) unidades fotolectoras,6
557639-776-AG26,ARTICULOS DE PAPELERIA-LICEO JORGE ALESSANDRI CDP 1106,4
557639-779-AG26,COMPRA BATERÍAS DEA Y MONITOR MULTIPARAMETROS (UGR 82) SAR,4
557639-780-AG26,COMPRA INSUMOS E INSTRUMENTAL (UGR 212) PROG. MIGRANTES - SALUD,4
557974-166-AG26,INSTRUMENTAL MEDICO compra ágil: 557974-159-COT26 PARA s-508 PEDIDO 11135,6
5586-1170-AG26, M/D   MONITOR Orden de Compra generada por invitación a compra ágil: 5586-950-COT26,5
5586-1220-AG26,J/T MATERIALES DE OFICINA Orden de Compra generada por invitación a compra ágil: 5586-987-COT26,5
5586-1229-AG26,M/D  REACTIVOS Orden de Compra generada por invitación a compra ágil: 5586-901-COT26,6
5586-1248-SE26,J/T INFORME CONSULTORÍA,4
5586-1249-AG26,M/D  INSUMOS PARA IMAGENEOLOGIA Orden de Compra generada por invitación a compra ágil: 5586-961-COT26,4
5590-201-AG26,L.E.M. (7003) s/c 19589,6
5592-23-AG26,AGUA PURIFICADA UUDD REPOL LOS RIOS,12
5592-81-SE26,MANTENCIÓN J-10098 PROVDV,12
559322-159-AG26,Insumos para Cromatógrafo - Orden de Compra generada por invitación a compra ágil: 559322-128-COT26,4
5615-272-AG26,"INSUMOS PARA TAPIZ Y MANTELERÍA SALA DE REUNIONES BIBLIOTECA MUNICIPAL, SEGUN REQ DIDECO N°130 ",6
5615-274-AG26,"ACTIVIDAD CON ORGANIZACIONES SOCIALES, DIDECO, OF. ORGANIZACIONES SOCIALES Y COMUNITARIAS, REQ. 127",6
5627-113-AG26,COMPRA DE SERVICIO,4
564162-285-AG26,112 - 90700 - Libretas con impresión en serigrafía,6
564953-432-AG26, METILFENIDATO 10 MG CM/CM REC,6
5684-259-CM26,productos tissu : 5684-259-CM26,6
5684-260-AG26,COFFE COMUNICACIONES - Orden de Compra generada por invitación a compra ágil: 5684-172-COT26,4
568658-726-AG26,Orden de Compra generada por invitación a compra ágil: 568658-762-COT26,6
568658-820-AG26,Orden de Compra generada por invitación a compra ágil: 568658-849-COT26,6
568963-111-AG26,Servicio Profesional de apoyo metodológico para el desarrollo de planes formativos de perfiles ocupacionales priorizados del catálogo de ChileValora vía compra ágil: 568963-22-COT26,6
5709-60-AG26,Compra ágil: 5709-7-COT26 Accesorios computacionales.,9
5756-171-AG26,Gabinete - Sol 8898 - 5756-102-COT26,12
5756-210-AG26,MTJ Implementos Ergonómicos - Solicitud 9012 - 5756-182-COT26,6
5756-217-AG26,CSG - Mobiliario Exterior - Solicitud 9081 - 5756-195-COT26,4
5768-70-AG26,Sistema de sonido tipo columna: 5768-39-COT26,4
5769-94-TD26,Orden de Compra generada por Trato Directo ID 5769-4-FTD26,6
5770-6-AG26,Orden de Compra generada por invitación a compra ágil: 5770-4-COT26,12
582-12-AG26,Orden de Compra generada por invitación a compra ágil: 582-5-COT26,12
584146-188-CM26,Orden de Compra: 584146-188-CM26,6
5855-130-SE26,REGULARIZACION SERV INTERNET DEDICADO MARZO 2026,4
5855-140-SE26,REG CASILLAS CORREOS CORP MAR-ABR 2026,4
586-55-TD26,Orden de Compra generada por Trato Directo ID 586-22-FTD26,12
5905-36-AG26," ADQUISICIÓN INSUMOS DENTALES FALTANTES, CESFAM HUARA, CONFORME COT. N°5905-41-COT26",12
5933-164-CM26,Orden de Compra: 5933-164-CM26 JOSE MARIPANI PUQ SCL PUQ COMETIDO FUNCIONARIO UMAG,6
5933-165-CM26,Orden de Compra: 5933-165-CM26 VANESSA MONGE PUQ SCL PUQ ALUMNA PROYECTO,6
5959-21-AG26,Orden de Compra generada por invitación a compra ágil: 5959-26-COT26. ADMINISTRACION,12
5959-29-AG26,Orden de Compra generada por invitación a compra ágil: 5959-21-COT26. FACULTAD,12
5959-37-AG26,Orden de Compra generada por invitación a compra ágil: 5959-33-COT26. CONSTRUCCION,12
5959-45-AG26,Orden de Compra generada por invitación a compra ágil: 5959-37-COT26. ADMINISTRACION,12
5959-49-AG26,Orden de Compra generada por invitación a compra ágil: 5959-45-COT26. CONSTRUCCION,12
5965-94-TD26,Orden de Compra generada por Trato Directo ID 5965-45-FTD26,5
598-104-AG26,Orden de Compra generada por invitación a compra ágil: 598-52-COT26,6
598-105-AG26,Orden de Compra generada por invitación a compra ágil: 598-72-COT26,4
598-77-SE24,Arriendo de Equipos Computacionales AIO36,12
599-46-AG26,ADQUISICIÓN DE MICROONDAS PARA COMEDOR JUNJI DIRNAC SC 60116,12
603663-303-SE25,ALMACENAMIENTO BODEGAJE Y CUSTODIA MATERIALES DESDE 603663-9-LE25,12
603663-46-AG26,Adquisición de Avisaje publicitario para convocatoria Premio Nacional de DDHH 2026,12
608-3762-TD26,Orden de Compra generada por Trato Directo ID 608-62-FTD26,12
608-4114-SE26,(CME) BOD EST PAÑO QUIRURGICO CUBREMESA,12
608-4565-SE26,(CME) STOCK ABRIL SENSOR MONITOREO DE GLUCOSA CON ,12
608-4795-SE26,(FGC) PAB PED ABR - CARDIODESFIBRILADORES - 608-221-LR24 Res N° 74 14.01.25,12
608-5138-TD26,Orden de Compra generada por Trato Directo ID 608-616-FTD25,6
608-5155-SE26,(NPS) INSUMOS MAYO- ALARGADOR LINEA ARTERIAL 150CM M/H MICROVOLUMEN NEO/PED ALARGADOR LINEA VENOSA 60CM C/LLAVE ALARGADOR VENOSO 150CM FOTOSENSIBLE M/H NEO/PED 608-166-LR25,6
608-5426-SE26,ern LABORATORIO - MAYO ORDEN DE COMPRA DESDE 608-269-LR25 RES. EXENTA N°5881 12-12-25,4
608-5427-SE26,ERN LABORATORIO - MAYO ORDEN DE COMPRA DESDE 608-269-LR25 RES. EXENTA N°5881 12-12-25,4
608-5469-AG26,ern BODEGA CENTRAL - MAYO compra ágil: 608-2752-COT26,6
608-5475-AG26,"(NVL) ""COMPRA MOBILIARIO DE OFICINA""",6
608-5483-AG26,MVE ESTERILIZACION MAYO desde : 608-2628-COT26,4
608-5486-AG26,MVE ESTERILIZACION MAYO desde: 608-2636-COT26,4
608-5525-AG26,MVE BODEGA CENTRAL MAYO desde: 608-2764-COT26,4
608-5532-AG26,MVE BODEGA CENTRAL desde 608-2770-COT26,4
608-5536-AG26,MVE BODEGA CENTRAL desde: 608-2771-COT26,4
608-5538-AG26,MVE BODEGA CENTRAL  MAYO desde 608-2775-COT26,4
608-5541-AG26,MVE BODEGA CENTRAL desde: 608-2776-COT26,4
608-5584-SE26,(LSA) FARMACIA SOLUCION CARDIOPLEJICA AM / FAM10 M,6
608-5608-AG26,MVE ESTERILIZACION MAYO desde608-2629-COT26,4
608-5611-AG26,MVE BODEGA CENTRAL desde: 608-2778-COT26,4
608-5667-TD26,Orden de Compra generada por Trato Directo ID 608-99-FTD26,6
608-5668-TD26,Orden de Compra generada por Trato Directo ID 608-100-FTD26,6
608-5675-AG26,MVE BODEGA CENTRAL  desde : 608-2777-COT26,4
608-5678-AG26,MVE BODEGA CENTRAL MAYO desde: 608-2742-COT26,4
608-5695-SE26,(LSA) FARMACIA LAMOTRIGINA 100 MG CM,6
608-5706-AG26,MVE BODEGA CENTRAL desde: 608-2758-COT26,4
608-5714-AG26,MVE BODEGA CENTRA desde 608-2759-COT26,4
609-103-SE26,Contratación de servicios de sala cuna región de Arica y Parinacota.,6
609-60-SE26,"SERVICIOS DE RETIRO DE CUBIERTA ASBESTO CEMENTO Y DEMOLICIÓN DE GALPÓN EN AGENCIA DE AREA VILLARRICA, REGIÓN DE LA ARAUCANÍAORDEN DE COMPRA DESDE 609-5-LE26",6
611136-18-AG26,Materiales de Oficina,6
612-254-CM26,DPAFS SC NO PAC 401-2026 Pasaje José Quintana Stgo- Pto Montt- Stgo,12
613419-17-SE26,Multifuncional Toshiba Biobío periodo MAYO 2026,6
617807-2502-TD26,Orden de Compra generada por Trato Directo ID 617807-315-FTD26,4
617807-2503-TD26,Orden de Compra generada por Trato Directo ID 617807-315-FTD26,4
617807-2504-TD26,Orden de Compra generada por Trato Directo ID 617807-315-FTD26,4
617807-2505-TD26,Orden de Compra generada por Trato Directo ID 617807-315-FTD26,4
617807-2506-TD26,Orden de Compra generada por Trato Directo ID 617807-315-FTD26,4
617807-2507-TD26,Orden de Compra generada por Trato Directo ID 617807-315-FTD26,4
617807-2508-TD26,Orden de Compra generada por Trato Directo ID 617807-315-FTD26,4
617807-2509-TD26,Orden de Compra generada por Trato Directo ID 617807-315-FTD26,4
617807-2510-TD26,Orden de Compra generada por Trato Directo ID 617807-315-FTD26,4
617807-2511-TD26,Orden de Compra generada por Trato Directo ID 617807-315-FTD26,4
617807-2512-TD26,Orden de Compra generada por Trato Directo ID 617807-315-FTD26,4
617807-2513-TD26,Orden de Compra generada por Trato Directo ID 617807-315-FTD26,4
617807-2515-TD26,Orden de Compra generada por Trato Directo ID 617807-315-FTD26,4
617807-2516-TD26,Orden de Compra generada por Trato Directo ID 617807-315-FTD26,4
617807-2517-TD26,Orden de Compra generada por Trato Directo ID 617807-315-FTD26,4
617807-2518-TD26,Orden de Compra generada por Trato Directo ID 617807-315-FTD26,4
617807-2519-TD26,Orden de Compra generada por Trato Directo ID 617807-315-FTD26,4
617807-2520-TD26,Orden de Compra generada por Trato Directo ID 617807-315-FTD26,4
617807-2521-TD26,Orden de Compra generada por Trato Directo ID 617807-315-FTD26,4
617807-2522-TD26,Orden de Compra generada por Trato Directo ID 617807-315-FTD26,4
617807-2523-TD26,Orden de Compra generada por Trato Directo ID 617807-315-FTD26,4
617807-2524-TD26,Orden de Compra generada por Trato Directo ID 617807-316-FTD26,4
617807-2646-SE26,ORDEN DE COMPRA DESDE 617807-76-LQ24,5
617807-2649-SE26,DMH ADQUISICIÓN MANTENCIÓN CORREO NEUMATICO,6
617807-2675-AG26,Orden de Compra generada por invitación a compra ágil: 617807-1031-COT26,6
617807-2677-AG26,CLP Orden de Compra generada por invitación a compra ágil: 617807-1038-COT26,6
617807-2679-AG26,CLP Orden de Compra generada por invitación a compra ágil: 617807-1046-COT26,6
617807-2739-AG26,Orden de Compra generada por invitación a compra ágil: 617807-823-COT26,5
619133-2381-AG26,MPAL. COMPRA INSUMOS RAYOS: 619133-536-COT26,6
619133-2389-AG26,VHG DESDE 619133-560-COT26 CAMPAÑA INVIERNO,6
619133-2463-SE26,VHG 619133-13-LP25 OXIGENOS,4
621-308-SE26,621-1288-LR25; 4500041070-4500041071-4500041072 ,6
622-205-AG26,"Refrigerador para TR Poniente, C.ágil: 622-51-COT26",5
626529-2-AG26," Servicio de exámenes médicos para beneficiarios del area social, DidecoOrden de Compra generada por invitación a compra ágil: 626529-1-COT26",12
630-10-AG26,"SERVICIOS DE SANITIZACIÓN, DESINSECTACIÓN Y OTROS VECTORES EN LAS OFICINAS REGIONALES DE VALPARAÍSO",12
630-24-AG26, SERVICIO DE LIMPIEZA DE SISTEMA ALCANTARILLADO EDIFICO LOS TRABAJADORES.,6
630-367-SE25,SERVICIO DE SOPORTE Y UPTIME POR PERIODO 12 MESES,12
630-390-SE25,APRUEBA CONTRATO DE SERVICIO DE MONITOREO PREDICTIVO DATA CENTER ,12
630424-239-AG26,COMPRA DE TELAS E INSUMOS ESCUELA RURAL ILLAHUAPI,12
630424-251-AG26,SERVICIO DE REPARACION Y MANTENCION SALA CUNA RAYITO DE SOL RIÑINAHUE ,4
630424-252-AG26,COMPRA INSUMOS ALIMENTICIOS PARA TALLER ALIMENTACION SALUDABLE ESCUELA RURAL QUILLIN,4
630424-253-AG26,COMPRA COLACIONES PARA BANDA LICEO BICENTENARIO COMPLEJO EDUCACIONAL IGNAO,4
630424-254-AG26,"COMPRA OBEROL, BUZOS, GUANTES Y RESPIRADOR PARA ESCUELA RURAL ILIHUE",4
630-53-AG26,ADQUISICIÓN INSUMOS DE OFICINA ,6
630-66-SE26,RENOVACIÓN DE USO DE LICENCIAS DE SOFTWARE/ LINEA 4 LICENCIAS TEAM VIEWER,12
630-67-SE26,RENOVACIÓN DE USO DE LICENCIAS DE SOFTWARE/ LINEA 2 LICENCIAS VEEAM,12
633470-45-AG26,SERVICIO DE CONFECCIÓN CARTELES TROVICEL - DECANATO,6
634-155-TD26,Orden de Compra generada por Trato Directo ID 634-30-FTD25,12
634-162-SE26,SUMINISTRO DE LUBRICANTES PARA TALLER EXP3/25,12
634-245-AG26,EXP. N° 215 ADQUISICIÓN DE ESCALERAS ARTICULADAS.,6
635-373-AG26,CONFECCION E IMPRESION DE AFICHES EN ACRILICOa compra ágil: 635-106-COT26,9
635-504-SE26,CONTROL DE VECTORES ESSMA SUR OT 834,6
635-514-SE26,MONITOR ACTIVIDAD FISICA ABRIL,6
635-520-SE26,EMISIÓN DE ENTREVISTAS EN CANALES DE TELEVISIÓN DEL SERVICIO DE SALUD ARICA Y PARINACOTA AÑO 2026 MES  ABRIL  2026,6
636811-304-SE25,ORDEN DE COMPRA DESDE 636811-7-LE25,12
640840-54-AG26, 78-2026 PECHERAS PLÁSTICAS,6
640840-61-AG26,85-2026 Reparación Móvil FTRF-21   ,4
643-103-AG26,ADQUISICIÓN PORTA CREDENCIALES,12
643-94-AG26,SERVICIO DE MANTENCIÓN 10.000 KMS VEHÍCULO MOTORIZADO VSBV71,6
646-51-CM26,ADQUISICION DE COMBUSTIBLE PGC,12
647694-2346-SE25,ORDEN DE COMPRA DESDE 647694-25-LE25,12
647694-5509-SE26,ORDEN DE COMPRA DESDE 647694-2-LE26,12
652-121-AG26,SABANILLAS DESECHABLES a compra ágil: 652-61-COT26,4
652-122-CM26,Orden de Compra: 652-122-CM26,4
654-165-SE26,PUBLICACIÓN EN DIARIO OFICIAL DÍA 02/05/2026,4
654478-104-CM26,MARCELA OSSIO 11-6,6
654478-99-AG26,MATERIALES PARA MANTENCIÓN DE DEPENDENCIAS,4
659-22-AG26,"ADQUISICIÓN DE VESTUARIO Y ELEMENTOS DE SEGURIDAD, PARA FUNCIONARIOS DE ESTA SEREMI.",6
673-22-AG26,Toallas de papel para uso general. Orden de Compra generada por invitación a compra ágil: 673-20-COT26,5
696704-40-AG26, EQUIPOS INFORMATICOS FISCALIA REGIONAL,6
696713-29-CM26,Compra gasolina 93 y Diesel,12
697058-27-AG26,Orden de Compra generada por invitación a compra ágil: 697058-35-COT26 - MOBILIARIO ADICIONAL,4
697-359-AG25,Servicio de Radio Taxi - Punta Arenas 697-179-COT25,12
699866-5897-AG26,AG/2204005003/HIDROGEL CON PLATA/MAYO,6
699866-6096-SE26,699866-170-LQ24/2204005003/MASCARAS LARINGEAS VARIAS MEDIDAS/MAYO,6
699866-6150-SE26,699866-52-LP25/2204003002/EXÁMENES AUTOINMUNIDAD/mayo ,6
699866-6175-SE26,699866-71-LE24/2204005003/INSUMOS POLISOMNOGRAFO/MAYO,6
699866-6178-SE26,699866-56-LE25/224003002/TEST DE DETECCION SANGRE/MAYO ,6
699866-6195-SE26,699866-178-LQ24/2204005003/SISTEMA CO-SET AMBIENTE/MAYO ,6
699866-6205-SE26,699866-13-LE25/2204005003/TROCAR TORAXICO DIFERENT/MAYO,6
699866-6209-SE26,699866-3-LP26/2204003002/LISTA DE ESPERA ONCOLÓGICA/TEST DE IDYLLA/MAYO,4
699866-6211-SE26,699866-111-LP25/2204005003/BOLSA DE PAPEL 1/4 KG/MAYO,4
699866-6212-SE26,699866-202-LE24/2204005003/EQUIPO INFUSION STERIFI/MAYO,4
699866-6213-SE26,699866-45-LP26/2204005003/CASSETE HISTOLOGICO/MAYO,6
702988-212-SE26,ORDEN DE COMPRA DESDE 702988-6-LE26,12
702988-239-SE26,ORDEN DE COMPRA DESDE 702988-32-LE25,6
702988-240-SE26,ORDEN DE COMPRA DESDE 702988-43-LE25,6
702988-241-SE26,ORDEN DE COMPRA DESDE 702988-42-LE25	,6
702988-242-SE26,ORDEN DE COMPRA DESDE 702988-43-LE25,6
705290-865-SE26,CONSULTA RESOLUCION DE VICIOS DE REFRACCION ID LICITACION 7055290-6-LQ25 MES DE MARZO 2026 (LIC. 221299900202 SRL),6
707427-59-SE25,ORDEN DE COMPRA DESDE 707427-7-LE25,4
707427-87-TD25,Orden de Compra generada por Trato Directo ID 707427-1-FTD25,4
709129-13-AG26,Adq Cortinas FR compra ágil: 709129-18-COT26,4
711-272-AG25,Servicio SDD Seremitt Aysén AG: 711-180-COT25,12
711-35-TD26,Orden de Compra generada por Trato Directo ID 711-5-FTD25,12
711-369-AG25,Servicio de Sanitización Seremitt de Arica y Parinacota,12
720-120-CM26,Orden de Compra: 720-120-CM26 PAC-503  Adquisición de materiales y útiles de aseo,6
720-123-CM26,PAC MATERIAL DE ASEO SEDE REGIONA- LAB AGRICOLA Y BRICAN,6
721703-155-AG26,EXP123299 CDP241/2026 Servicio de Capacitación correspondiente al “Curso de Formación de Fiscales y Actuarios” - Proceso de Cotización Compra Ágil ID 721703-44-COT26,4
730566-93-SE26,INI26-FUN-016/SERVICIO DE RADIO TAXI/20848/7-LE26,6
731136-4-AG26,Orden de Compra generada por invitación a compra ágil: 731136-7-COT26,4
732434-108-SE26,Cuota 29 Serv. Informático CSC abril 2026,6
734-265-TD26,Orden de Compra generada por Trato Directo ID 734-150-FTD26,4
734-266-TD26,Orden de Compra generada por Trato Directo ID 734-151-FTD26,4
741-60-SE26,SERVICIO ASESORIA TECNICA SAT,5
741-62-SE26,SERVICIO ASESORIA TECNICA SAT,6
742-31-AG26,Diesel para caldera Área Chile Chico,6
745712-146-AG26,SC PAC 304/2026- VIROLOGÍA PECUARIA - KITS INDICAL - COMPRA ÁGIL,12
745712-65-TD26,Orden de Compra generada por Trato Directo ID 745712-25-FTD25,12
745978-10-AG26,Compra de Materiales de Oficina,6
748201-425-AG26," IMPORTADORA Y COMERCIALIZADORA MEDICPRO LTDA. Crl. y Crlf Citrix 59.125, 59.127 y 59.129 compra ágil: 748201-123-COT26",6
748201-426-AG26, LABORATORIOS RECALCINE S.A. Stgo. Citrix 58.950 compra ágil: 748201-118-COT26,4
748201-427-AG26,COMERCIAL GBG SPA Crlf. y Crl. Citrix 59.147 y 59.148 compra ágil: 748201-119-COT26,4
748201-428-AG26,HOSPIMEDICA SPA Valpo. y Crl Citrix 59.131 y 59.132 compra ágil: 748201-125-COT26,4
748201-429-AG26,BECRUX LABS SPA Crl. Citrix 59.149 compra ágil: 748201-120-COT26,4
748201-432-AG26,MEGALABS CHILE S.A. Crl. Citrix 59.151 compra ágil: 748201-121-COT26,4
752-125-AG26,Adquisición de Alimentos y Bebidas,6
752618-7-SE25,OC 752618-1-LE25 Servicio de Aseo Valparaíso,12
752657-13-SE24,ORDEN DE COMPRA DESDE 752657-3-LE24. Aseo Pta Arenas,12
757818-149-SE26,ADQUISICION DE SACOS DE CARBON,6
760-130-SE26,SC 115 REPARACION AUTOMOVIL LGLJ17 OF. VALPARAISO,6
761391-170-CM26,EE/2A/INT/PCM/ALIMENTACION EE,12
761391-311-CM26,EE/3A/INT/PCM/ALIMENTACION EE,12
761391-313-CM26,EE/3C/INT/PCM/ALIMENTACION EE,12
761391-316-CM26,EE/3F/INT/PCM/ALIMENTACION EE,12
761391-326-CM26,EE/3H/INT/PCM/ALIMENTACION EE,12
761391-327-CM26,EE/3I/INT/PCM/ALIMENTACION EE,12
761391-481-CM26,EE/5A/INT/PCM/ALIMENTACION EE,12
761391-488-CM26,EE/5F/INT/PCM/ALIMENTACION EE,12
761391-489-CM26,EE/5G/INT/PCM/ALIMENTACION EE,12
761391-499-CM26,EE/5K/INT/PCM/ALIMENTACION EE,12
761391-505-CM26,EE/5L/INT/PCM/ALIMENTACION EE,12
769-218-SE26,769-84-LR25 ORTESIS PERSONAS +65 - SC 192 - 2.4,12
776-310-AG26,rmv Orden de Compra cubrepiso generada por invitación a compra ágil: 776-72-COT26,4
777304-1013-AG26,Orden de Compra generada por invitación a compra ágil: 777304-800-COT26,12
777304-1075-AG26,Orden de Compra generada por invitación a compra ágil: 777304-891-COT26,12
777304-1086-AG26,Orden de Compra generada por invitación a compra ágil: 777304-946-COT26,12
777304-1103-AG26,Orden de Compra generada por invitación a compra ágil: 777304-866-COT26,12
777304-1179-CM26,Orden de Compra: 777304-1179-CM26,12
777304-1184-SE26,Desde 777304-42-LQ25 SUTURAS MANUALES,12
777304-1259-SE26,Desde 777304-98-LR23,12
777304-1280-AG26,Orden de Compra generada por invitación a compra ágil: 777304-1009-COT26,12
777304-1288-AG26,Orden de Compra generada por invitación a compra ágil: 777304-1164-COT26,12
777304-1442-CM26,Orden de Compra: 777304-1442-CM26,12
777304-1453-AG26,Orden de Compra generada por invitación a compra ágil: 777304-1233-COT26,12
777304-1475-SE26,DESDE 777304-42-LR24,12
777304-1476-SE26,Desde 777304-10-LR25,12
777304-1526-AG26,Orden de Compra generada por invitación a compra ágil: 777304-1201-COT26,12
777304-1565-SE26,DESDE 777304-42-LR24,12
777304-1573-CM26,Orden de Compra: 777304-1573-CM26,12
777304-1593-AG26,Orden de Compra generada por invitación a compra ágil: 777304-1289-COT26,12
777304-1622-AG26,Orden de Compra generada por invitación a compra ágil: 777304-1380-COT26,12
777304-1631-AG26,Orden de Compra generada por invitación a compra ágil: 777304-1397-COT26,12
777304-1644-AG26,Orden de Compra generada por invitación a compra ágil: 777304-1353-COT26,12
777304-1645-AG26,Orden de Compra generada por invitación a compra ágil: 777304-1382-COT26,12
777304-1684-AG26,Orden de Compra generada por invitación a compra ágil: 777304-1187-COT26,12
777304-1689-SE26,ORDEN DE COMPRA DESDE 777304-48-LP25,12
777304-1692-SE26,DESDE 7777304-9-LE24,6
777304-1725-CM26,Orden de Compra: 777304-1725-CM26,12
777304-1728-AG26,Orden de Compra generada por invitación a compra ágil: 777304-1531-COT26,12
777304-1730-AG26,Orden de Compra generada por invitación a compra ágil: 777304-1542-COT26,12
777304-1750-CM26,Orden de Compra: 777304-1750-CM26,12
777304-1753-SE26,DESDE 777304-100-LR23 APOSITOS,12
777304-1754-CM26,Orden de Compra: 777304-1754-CM26,12
777304-1770-SE26,ORDEN DE COMPRA DESDE 777304-90-LR23,12
777304-1788-AG26,Orden de Compra generada por invitación a compra ágil: 777304-1491-COT26,4
777304-1795-SE26,ORDEN DE COMPRA DESDE 777304-51-LQ25,12
777304-1799-AG26,Orden de Compra generada por invitación a compra ágil: 777304-1547-COT26,12
777304-1802-AG26,Orden de Compra generada por invitación a compra ágil: 777304-1575-COT26,12
777304-1807-AG26,Orden de Compra generada por invitación a compra ágil: 777304-1423-COT26,6
777304-1835-AG26,Orden de Compra generada por invitación a compra ágil: 777304-1588-COT26,6
777304-1860-AG26,Orden de Compra generada por invitación a compra ágil: 777304-1493-COT26,4
777304-854-SE26,Desde 777304-95-LP23 JERINGAS,12
778998-53-AG26,adquisicion de materiales y utiles de aseo para la reserva ,6
788110-748-SE25,SUMINISTRO DE IMPRESIÓN Y ARRIENDO DE IMPRESORAS DESDE 788110-45-LP25,12
791756-27-SE25,LE-4099/Mant. Bombas eléctricas sumergibles  DESDE 791756-6-LE25,12
796290-29-CM26,004034006014000044140012152204007000 GBS-27-RU-ÚTILES DE ASEO JARDÍN FACH Orden de Compra: 796290-29-CM26,6
799512-440-AG26,drogueria farmacos: 799512-536-COT26,5
799512-441-AG26,DROGUERIA FARMACOS : 799512-533-COT26,5
799512-444-AG26,drogueria farmacos: 799512-534-COT26,5
800-2667-AG26,DBV-120467.VASO PLASTICO DESECHABLE TRANSPARENTE 200 ML 800-3011-COT26/OCI 214697,6
800-2673-AG26,VCC_SONDAS FOLLEY_800-2912-COT26_OCI 214704,6
800-2695-AG26,NGG_CONSUMO PABELLON_214738_800-3268-COT26,6
800-2704-AG26,JBA_CONSUMO PABELLON_214754/800-3270-COT26,4
800-2733-AG26,DOG_90107 CAH/ APOSITO DE ESPUMA BORDE SILICO.SACRA 17X17CM(800-3263-COT26/214793),6
800-2741-AG26,VCP SISTEMA D/BIOPSIA MAMARIA ESTEREOTAXICA STANDAR Orden de Compra generada por invitación a compra ágil: 800-3137-COT26,4
800-2742-AG26,VCP SISTEMA D/BIOPSIA MAMARIA ESTEREOTAXICA STANDAR Orden de Compra generada por invitación a compra ágil: 800-3138-COT26,4
800-2745-AG26,NGG_CONSUMO PABELLON_214808_800-3287-COT26,4
808211-12-SE26,COMPRA DE MATERIALES DE FERRETERIA PMU CUENCA ,4
808211-46-AG26,COMPRA VESTUARIO PROEMPLEO,4
810406-26-AG26,"Orden de Compra generada por invitación a compra ágil: 810406-35-COT26, DEPTO DE NUTRICIÓN ",12
810406-47-AG26,"Orden de Compra generada por invitación a compra ágil: 810406-49-COT26, FACULTAD DE CIENCIAS DE LA SALUD",6
810406-56-AG26,"Orden de Compra generada por invitación a compra ágil: 810406-63-COT26, DEPTO DE OBSTETRICIA",12
810406-60-AG26,"Orden de Compra generada por invitación a compra ágil: 810406-78-COT26, DEPTO DE NUTRICIÓN ",12
810406-61-AG26,"Orden de Compra generada por invitación a compra ágil: 810406-70-COT26, DEPTO. DE KINESIOLOGIA",12
810406-62-AG26,"Orden de Compra generada por invitación a compra ágil: 810406-71-COT26, DEPTO DE OBSTETRICIA",12
810406-64-AG26,"Orden de Compra generada por invitación a compra ágil: 810406-76-COT26, FACULTAD DE CIENCIAS DE LA SALUD",12
812030-233-AG26,Orden de Compra generada por invitación a compra ágil: 812030-174-COT26,12
812030-266-AG26,Orden de Compra generada por invitación a compra ágil: 812030-183-COT26,12
812030-406-CM26,Orden de Compra: 812030-406-CM26,12
812030-461-AG26,Orden de Compra generada por invitación a compra ágil: 812030-483-COT26,12
812030-462-AG26,Orden de Compra generada por invitación a compra ágil: 812030-478-COT26,12
812030-493-AG26,Orden de Compra generada por invitación a compra ágil: 812030-538-COT26,12
812030-512-SE26,ORDEN DE COMPRA DESDE 812030-34-LR24,12
812261-610-SE26,DESDE 812261-111-LR23 SERVICIO ADMINISTRACIÓN GESTION Y MANT. EQUIPO MEDICO JUNIO - JULIO 2025,12
812261-653-SE26,DESDE 812261-71-LQ24 SUMINISTRO DE PROTESIS DENTAL MARZO 2026,12
812261-700-SE26,DESDE 812261-13-LR25 SERVICIO DE TERAPIA INTEGRAL MARZO 2026,12
812261-705-AG26,Orden de Compra generada por invitación a compra ágil: 812261-234-COT26,12
812261-708-CM26,Orden de Compra: 812261-708-CM26,12
812261-7589-CM25,Orden de Compra: 812261-7589-CM25,12
812799-114-SE26,ORDEN DE COMPRA DESDE 812799-21-LE26,4
813-609-AG26,SBS 182 PC 11403 Adquisición de Hielo Seco (Anual) ,12
817607-12-TD26,Orden de Compra generada por Trato Directo ID 817607-1-FTD26,6
829-19-AG26,Orden de Compra generada por invitación a compra ágil: 829-9-COT26,6
837-262-AG26, CDP 275 MANTENCION CAMIONETA SML SANTA CRUZ a compra ágil: 837-154-COT26,6
837-263-AG26, CDP 308 MANTENCION CAMIONETA SML CONCEPCION a compra ágil: 837-163-COT26,6
837-265-AG26,CDP 286 ADQUISICION DE NEUMATICOS CAMIONETA SML PUERTO NATALES a compra ágil: 837-157-COT26,4
845-158-AG25,RRFF-SERVICIO ESTACIONAMIENTO 24 MESES-SC 58705,12
847-83-SE26,"CHEE - Aquisición de Equipamiento mobiliario equipamientos textiles y otros destinado a Jardín Infantil Santa Julia Viña del Mar_SC 60.017 (LÍNEA 9, 19, 40, 50, 51 ) DESDE 847-18-LE26",6
848-82-CM26,CE- Material de oficina P01,5
848-84-CM26,CE- Material de oficina P01,5
848-87-CM26,CE- Material de oficina P01,6
856-218-CM26,RRFF_ CARGA GAS GRANEL _ J. INF. 13.108.010 _ SC 59.845.-,12
857-211-SE24,SERVICIO DE RECICLAJE ,12
859378-73-SE26,"Traslado de Valpo a Stgo ida y vuelta, 23 de abril - RED23994",12
859378-871-AG25,2025111431000698; OTROS SERVICIOS EXTERNOS; Servicio de reparación fibra óptica (campus San Felipe). Proyecto UVA 24991,12
859378-92-AG26,2026031331001532; MAQUINARIAS Y EQUIPOS; Equipamiento Fotómetro y compresor de aire FAC CIENCIAS; UVA 25991,12
868-221-AG25,SERVICIO DE MONITOREO REMOTO DE CAMARAS DE SEGURIDAD EXTERIORES UBICADAS EN EDIFICIO INSTITUCIONAL DE CALLE GENERAL PARRA 101compra ágil: 868-89-COT25,12
868-336-SE25,ORDEN DE COMPRA DESDE 868-31-LE25,12
875646-1566-SE26,ELLIOT FARMAPED MAYO 2026. LIC 875646-14-LP25,6
875646-1575-TD26,Orden de Compra generada por Trato Directo ID 875646-18-FTD25,6
876-86-AG26,SC 3221 SUSCRIPCIÓN DIARIO LA SEGUNDA Y EL MERCURIO DIGITAL Y PAPEL GAB MINISTRA ,6
881-63-CC26,Servicio Telefonía y Banda Ancha Móvil,12
885-376-SE26,ANTENCIÓN DE PLATAFORMA DE SEGURIDAD PERIMETRAL ,6
885-393-AG26,Adquisición de insumos computacionales para la CR del Maule / 885-248-COT26,5
885-411-CM26,Orden de Compra: 885-411-CM26,6
886954-11571-CM25,ACUERDO COMPLEMENTARIO POR LIGA CLIPS ML TITANIO PARA EL HGGB,12
886954-14894-SE25,STENT CON DROGA (CA) RECUBIERTO CON EVEROLIMUS,12
886954-1630-SE26,CATETER GUIA HIDROF NEURORRAD 7 FR,12
886954-21144-SE25,STENT CON DROGA (CA) RECUBIERTO CON EVEROLIMUS,12
886954-224-TD26,Orden de Compra generada por Trato Directo ID 886954-2-FTD26,12
886954-2268-SE26,Esfínter urinario,12
886954-2328-AG26,222-1532-00//Cánula aórtica 20 FR//compra ágil: 886954-226-COT26,12
886954-2387-SE26,CATETER ACCESO PRIMARIO SELECTIVO INTRACRANEAL 6 F,12
886954-2393-SE26,CATETER NEURORADIOLOGICO DE ACCESO DISTAL 5 FR,12
886954-2497-SE26,CANASTILLO LITOTRIPTOR DE CUATRO ALAMBRES,12
886954-2507-SE26,340-1461-00/‌/PINZA BIPOLAR PUNTA CURVA 37 CMS,12
886954-2510-SE26,225-816//FILTRO VIRAL BACTERIANO BIDIRECCIONAL HEP,12
886954-2517-SE26,BAJADA EQUIPO DE INFUSION,12
886954-2525-SE26,ELECTRODOS DE PUNTA AGUJA MONOPOLAR,12
886954-2550-SE26,CATETER DEFLECTABLE DECAPOLAR SENO CORONARIO 6 FR,12
886954-2556-SE26,CANULA DE HIDROSECCIÓN,12
886954-2558-SE26,222-1294//TUBOS IRRIGACIÓN,12
886954-2566-SE26,CÁNULAS SOFT TIP 25 Ga // OTROS,12
886954-2572-SE26,PUNTA DE PINZA 23G,12
886954-2580-SE26,SISTEMA LIBERADOR PARA AMPLATZER 13 FR,12
886954-2584-SE26,SISTEMA DE CIERRE PERCUTANEO MEDIANTE SUTURA,12
886954-2588-SE26,GUIA PRESION ESTENOSIS DE LAS ARTERIAS CORONARIAS ,12
886954-2607-SE26,SONDA CICLODIODO G-PROBE,12
886954-2609-SE26,Microesponjas oftalmológica estéril,12
886954-2615-SE26,suturas,12
886954-2621-SE26,222-2078//drenaje tipo blake,12
886954-2654-SE26,CATETER VENOSO CENTRAL,12
886954-2668-SE26,"225-2041-00//TUBO ENDOTRAQUEAL HASTA 15 CM, CORRUG",6
886954-845-SE26,STENT CON DROGA (CA) RECUBIERTO CON EVEROLIMUS,12
886954-8910-AG25,Orden de Compra generada por invitación a compra ágil: 886954-68-COT25,12
886954-9229-CM25,ACUERDO COMPLEMENTARIO POR LLAVE DE 3 PASOS PARA EL HGGB,12
889473-565-AG26,"SC 7555 - CDP 3394 - Reactivos químicos P.A., material de vidrio y fungibles de laboratorio",6
895072-51-AG26,Servicio de cafetería jornada provincial Ohiggins,4
898-1450-CM26,SOLICITUD BODEGA DE FARMACIA MES DE MAYO,6
898-1451-CM26,SOLICITUD BODEGA DE FARMACIA MES DE MAYO,6
898-1453-CM26,SOLICITUD BODEGA DE FARMACIA MES DE MAYO,5
900-517-AG26,"HDS - COMPRA DE INSUMOS PARA TALLER DE JABONES, T.O. UPFT",4
900-519-CM26,Compra de abarrotes bodega mayo,6
900-520-CM26,"HDS - MATERIALES DE ASEO, BODEGA, MAYO 2026",4
900-521-CM26,"HDS - COMPRA DE MATERIALES DE OFICINA, BODEGA",4
900-523-AG26,"HDS - COMPRA DE TONER PARA BODEGA, MAYO 2026",4
905-70-SE26,Serv. Mant. y Rep. Flota Vehicular San Fdo.,6
928-11-SE26,ORDEN DE COMPRA DESDE 928-35-LE25,12
928-130-CM26,Orden de Compra: 928-130-CM26,6
928-142-AG25,Orden de Compra generada por invitación a compra ágil: 928-119-COT25,12
928-151-AG26,Orden de Compra generada por invitación a compra ágil: 928-115-COT26,6
928-154-AG26,Orden de Compra generada por invitación a compra ágil: 928-118-COT26,6
928-155-AG26,Orden de Compra generada por invitación a compra ágil: 928-119-COT26,6
929-138-AG26,PANTALON OUTDOOR DE MEDIA MONTAÑA TERMICO,12
933-32-AG26,"Mantención Camioneta Dirección Regional, invitación a compra ágil: 933-15-COT26",12
933-51-AG26,Servicio de Arriendo de VAN y Mini Bus,6
937232-340-SE26,SERVICIO DE EXÁMENES E INFORMES HOLTER DE RITMO DESDE 937232-93-LP24.Mes de Abril de 2025.,6
938614-7799-SE26,JI FAROLITOS LINEA BLANCA,12
948354-741-SE26,ORDEN DE COMPRA DESDE 948354-70-LR25,6
948354-743-SE26,ORDEN DE COMPRA DESDE 948354-74-LR25,4
948354-747-SE26,ORDEN DE COMPRA DESDE 948354-74-LR25,4
948354-748-SE26,ORDEN DE COMPRA DESDE 948354-74-LR25,4
948355-1035-SE26,Reposición de Insumos Médicos,6
948355-1036-SE26,948356-60-LR24,4
948355-978-SE26,Reposición de Insumos Médicos CL1505,4
948355-979-SE26,Reposición de Insumos Médicos CN1223,4
948355-980-SE26,Reposición de Insumos Médicos CN1233,4
948355-982-SE26,Reposición de Insumos Médicos ED9675,4
948355-985-SE26,Reposición de Insumos Médicos CM1207,4
948355-986-SE26,Reposición de Insumos Médicos CM4246,6
948355-987-SE26,Reposición de Insumos Médicos CM1209,6
948355-988-SE26,Reposición de Insumos Médicos CM2568,6
948355-991-SE26,Reposición de Insumos Médicos CO1227,4
948356-1563-SE26,948356-82-LP25,6
948356-1564-SE26,948356-80-LP25,6
948356-1566-SE26,948356-85-LR22,6
948356-1569-SE26,948356-57-LP25,5
948356-1575-SE26,948356-178-LE23,6
948356-1578-SE26,948356-126-LE23,5
948356-1580-SE26,948356-116-LQ23,5
948356-1584-SE26,948356-62-LP25,6
948356-1585-SE26,948356-60-LR24,4
948-39-CM26,Orden de Compra: 948-39-CM26,12
948-43-TD26,Orden de Compra generada por Trato Directo ID 948-8-FTD26,6
948806-1664-SE26,"INSUMOS EN CONSIGNACIÓN, FIC 1174",6
951405-131-SE26,(FDOS_INTERNOS_CC_CAS_MIL_CENT) IDH_SUMINISTRO DE VIVERES PARA LA COMISIÓN CASINO MILITAR CENTRALIZADO DEL CMC - DESDE ID 951405-17-LE25,6
951405-132-SE26,(FDOS_INTERNOS_CC_CAS_MIL_CENT) IDH_SUMINISTRO DE VÍVERES (CARNES Y DERIVADOS) PARA LA COMISIÓN CASINO MILITAR CENTRALIZADO DEL CMC - DESDE ID 951405-17-LE25,6
951405-133-SE26,(FDOS_INTERNOS_CC_CAS_MIL_CENT) IDH_SUMINISTRO DE VIVERES PARA LA COMISIÓN CASINO MILITAR CENTRALIZADO DEL CMC - DESDE ID 951405-17-LE25,6
951405-142-CM26,"(PPTO)_CLD4_FAC_ ""ADQUISICIÓN DE ALIMENTOS PARA CONFECCIÓN DE ALIMENTACIÓN DIARIA DEL PERSONAL DE PLANTA Y SLC DEL CMC """,6
956-126-TD25,Orden de Compra generada por Trato Directo ID 956-7-FTD25,12
957865-166-AG26,CDP N°211 Servicio de alojamiento para el desarrollo de VII Encuentro Nacional de Ministros y Ministras en Visita Extraordinaria,6
975-131-AG26,ADQUISICIÓN CORTINAS ROLLER 8 UNIDADES.,6
977-43-SE26,ALMACENAJE DE DOCUMENTOS,4
995118-56-CM26,ADQUISICIÓN DE ABARROTES DESTINADOS A LA COMISIÓN RANCHO,6
998-95-TD26,Orden de Compra generada por Trato Directo ID 998-8-FTD25,6
998-96-TD26,Orden de Compra generada por Trato Directo ID 998-8-FTD25,6
998-98-TD26,Orden de Compra generada por Trato Directo ID 998-10-FTD25,4
