Codigo,Nombre,CodigoEstado
1002584-90-AG26,Servicio de Aromatización por 12 meses para la DEP1002584-29-COT26,12
1002592-20-AG26,CDP 705 SERVICIO DE PUBLICACIÓN DIARIO DIGITAL,12
1002772-6182-SE26,"CANISTER 300 CC VAC ID: 1002772-115-LR25 (LC,U.CUIDADO DE LA PIEL,2204005003,MMC)",6
1003473-1455-SE26,CERT. CONSUMO FOLIO 12 (1003473-62-LR25),4
1003473-1456-SE26,CERT. CONSUMO FOLIO 398 (1003473-62-LR25),4
1003473-1466-SE26,CERT. CONSUMO FOLIO S/F (1003473-62-LR25),4
1003473-1467-SE26,CERT. CONSUMO FOLIO 177 (1003473-62-LR25),4
1003473-1468-SE26,CERT. CONSUMO FOLIO 91 (1003473-62-LR25),4
1003473-1472-SE26,CERT. CONSUMO FOLIO 57 (1003473-62-LR25),4
1003473-1475-SE26,CERT. CONSUMO FOLIO 55 (1003473-62-LR25),4
1003473-1477-SE26,CERT. CONSUMO FOLIO 371 (1003473-62-LR25),4
1003473-1506-SE26,CERT. CONSUMO FOLIO 213 (1003473-62-LR25),4
1003473-2359-AG26,PROG. PABELLON:  MAYO 2026 compra ágil: 1003473-2303-COT26,6
1003473-887-SE26,CERT. CONSUMO FOLIO 434 (1003473-62-LR25)	,4
1006-90-SE26,Servicio de Obras Menores - D.V.Reg. de Magallanes,6
1006-92-AG26,Orden de Compra generada por invitación a compra ágil: 1006-25-COT26,6
1008790-57-SE26,Fertilizantes(503772-20) ID 1008790-3-LE26,4
1018-55-AG26,"Adquisición de Ipad 11""",6
1019-163-AG26,Orden de Compra generada por invitación a compra ágil: 1019-81-COT26,4
1028897-141-AG26,"Sp 80 Adquisición de vacunas y administración destinado a Liceo Público Bicentenario Luis González Vásquez, RBD 6585, Gral (jg)",12
1028897-352-AG26,SP 197  ADQUISICIÓN E INSTALACIÓN DE CONTAINERS PARA BODEGAJE LICEO TP HUALPIN Y ESCUELA EL SEMBRADOR DEL SLEPCA SUB. GENERAL JCAT,4
1035-15-AG25,Orden de Compra generada por invitación a compra ágil: 1035-4-COT25,12
1035-30-AG26,Orden de Compra generada por invitación a compra ágil: 1035-17-COT26,12
1038-77-SE26,Alimentación personal PNTP  SIRE 679 SIC 822,12
1038-89-TD26,Orden de Compra generada por Trato Directo ID 1038-17-FTD26,4
1044-20-AG26,Baterías DAP-RM.,4
1047027-205-AG26,(JVF) DEXAMETASONA AM 4MG/ML. CA: 1047027-154-COT26 ABRIL,4
1047027-241-AG26,(JVF) SOLIFENACINA 5MG. CA: 1047027-179-COT26,4
1051765-359-CM26,CCP CHILLAN/ RECARGA DE GAS LICUADO GRANEL( DM 365723),6
1057049-14503-SE26,SHV RES 1005  PAC MAYO-JUNIO 2026 ADQUISICION HISOPO 1057049-12-LE26,6
1057049-14663-SE26,"JAC ""CONSIGNACIONES FUS 2383/2023  ID.1057049-158-LQ24 ADJ: INT.960/2024 CONT: INT.1335/2024 TRAUMATOLOGIA GUIA:5380 COT:2805 PCTE: C.A.D. CX:09-03-2026 RT: 4874.Memo 11/2026",6
1057049-14683-SE26,MCM - Desde ID. 1057049-106-LR25- Res. Ex. Adj. 1483 - Int. 783 - Res. Ex. Ctto. 2042 Int. 935 - SERVICIO DE CAMA INTEGRAL PARA PACIENTES DE LARGA ESTADÍA DEL HOSPITAL CLINICO SAN BORJA ARRIARÁN PAC 2025 -  Memo 81,6
1057374-242-SE26,SERVICIO DE ASEO MES DE ABRIL 2026,4
1057379-208-SE26,COMPRA DE CARNE PARA ALIMENTACIÓN 04-05-2026 - HSAP ,12
1057379-222-SE26,COMPRA DE APOYO ADMINISTRATIVO ABASTECIMIENTO - MAYO 2026 HSAP ,6
1057379-224-SE26,COMPRA SERVICIO DE PROTESIS - ABRIL 2026,6
1057379-225-SE26,ELIMINACIÓN DE RESIDUOS CORTO PUNZANTES - ABRIL 2026 HSAP,6
1057388-201-CM26,KIT DE CURACIONES,6
1057389-2352-SE26,PAPEL GRADO MEDICO CREPADO,6
1057389-2354-SE26,HISOPO PARA LAVADO INSTRUMENTAL LUMENn PEQUEÑO,6
1057389-2364-SE26,CONTROL DE ESTERILIZACION PARA AUTOCLAVE ROLLO ,5
1057389-2365-AG26,TERMOMETRO CLINICO PRISMATICO (MERCURIO),4
1057402-2663-SE26,PABELLON.MARZO.ALARGADOR.MACHO/MACHO.(INS)	,6
1057402-4648-SE26,(MIS) PEDIDO ASEO MAYO,6
1057402-4789-CM26,TRASLADO PAC: E. SALAZAR Y F. SALAZAR CON ACOMPAÑANTE (RET),12
1057402-4791-CM26,TRASLADO PAC: S. HERNANDEZ CON ACOMPAÑANTE (RETORNO),12
1057402-4793-CM26,TRASLADO PAC: J. MARIN CON ACOMPAÑANTE (RETORNO),12
1057402-4794-CM26,TRASLADO PAC: V. GALLARDO CON ACOMPAÑANTE (RET),12
1057402-4795-CM26,(5076) Ronda Clinica / Dra. Martinez / Transplante Cornia,12
1057402-4796-CM26,TRASLADO PAC: M. ASTORGA CON ACOMPAÑANTE (RET),12
1057402-4797-CM26,TRASLADO PAC: R. AUBEL (RET),12
1057402-4799-CM26,TRASLADO PAC: L. SANCHEZ CON ACOMPAÑANTE (IDA),12
1057402-4802-CM26,TRASLADO PAC: J. BUSTAMANTE CON ACOMPAÑANTE (IDA),12
1057402-4813-AG26,(5074) Servicio Sellado de Cubierta. Compra ágil: 1057402-622-COT26,4
1057402-4830-CM26,TRASLADO PAC: R. OYARZUN (RET),12
1057402-4831-CM26,TRASLADO PAC: E. ALMONACID CON ACOMPAÑANTE (RET),12
1057402-4835-CM26,TRASLADO PAC: E. HUINAO CON ACOMPAÑANTE (RET),12
1057402-4839-CM26,TRASLADO PAC: C. NORAMBUENA CON ACOMPAÑANTE (RET),12
1057402-4842-CM26,TRASLADO PAC: P. PEDRERO CON ACOMPAÑANTE (RET),12
1057402-4845-CM26,TRASLADO PAC: R. DURAN CON ACOMPAÑANTE (IDA),12
1057402-4847-CM26,TRASLADO PAC: V. POLL (RET),12
1057402-4848-CM26,TRASLADO PAC: C. BARRIA CON ACOMPAÑANTE (IDA),12
1057402-4849-CM26,TRASLADO PAC: L. LARA (IDA),12
1057402-4850-CM26,TRASLADO PAC: C. ALONSO CON ACOMPAÑANTE (IDA),12
1057404-220-AG26,INSUMOS DE MICROBIOLOGIA - Orden de Compra generada por invitación a compra ágil: 1057404-149-COT26,12
1057404-248-AG26,INSUMOS OFTALMOLOGICOS - Orden de Compra generada por invitación a compra ágil: 1057404-168-COT26,12
1057404-289-AG26,SONDA MONOKA - Orden de Compra generada por invitación a compra ágil: 1057404-146-COT26,12
1057404-3-SE26,INSUMOS CATARATAS,12
1057404-5341-SE25,INSUMOS GRUPO SANGUÍNEO EN TARJETAS GEL,12
1057404-66-AG26,INSTRUMENTAL MENOR - Orden de Compra generada por invitación a compra ágil: 1057404-20-COT26,12
1057414-324-SE26,CS-ARRIENDO EQUIPOS COMPUTACIONALES CENTRO DE APOYO COMUNITARIO PERSONAS CON DEMENCIA-22.09.006-BDSS218830-(aag),4
1057414-325-SE26,CS-ARRIENDO NOTEBOOK DEPTO. PROCESOS CLINICOS Y GESTIÓN HOSPITALARIA - 22.09.006- BDSS222066-(aag),4
1057414-326-SE26,CS- SERVICIO DE ASEO CENTRO DE APOYO COMUNITARIO PERSONAS CON DEMENCIA ABRIL 2026- 22.08.001 - BDSS207911 - (aag),4
1057414-328-SE26,CS- SERVICIO DE ASEO PARA EL SS.BB. MES ABRIL 2026- 22.08.001 - BDSS215225- (aag),4
1057415-2914-CM26,CM-BENEFICIO DE ALIMENTACION ABRIL-REQ.1.22.01.001.002-HFCN 47105 - (ecm),4
1057415-2915-CM26,CM-ARTICULOS DE ASEO-REQ# 2204007002-HFCN 43754 (isp),4
1057415-2916-SE26,CS-PRODUCTOS QUIMICOS DE LIMPIEZA-REQ.#11 2204007002 HFCN 46989 (ecm),4
1057415-2917-SE26,CS- CERAMICOS CECOSF JULIO HEMMELMANN- SERVICIOS GENERALES-REQ.-22.06.001.002-HFCN-46930-ijf,4
1057417-11353-CM26,"IG msp CM Pedido Mayo, Compra Alimentos",12
1057417-11378-CM26,"IG msp CM Pedido Mayo, Compra Alimentos",12
1057417-11434-CM26,"IG msp CM Pedido Mayo, Compra Alimentos",12
1057417-11706-AG26,IC MCM AG IC PEDIDO MAYO 2026,6
1057417-11870-CM26,IC MCM CM IC PEDIDO MAYO 2026,5
1057421-260-SE26,CS- Rollos de Etiquetas Adhesivas Para Undidad de Farmacia Folio N°54.254 Req-9- Ítem 22.04.001 (cfg),12
1057428-86-CM26,Orden de Compra: 1057428-86-CM26,12
1057428-92-CM26,Orden de Compra: 1057428-92-CM26,12
1057429-1030-AG26,ROLLOS DE BOLSAS TRANSPARENTES PRE PICADAS,6
1057429-1070-AG26,ROLLOS DE BOLSAS DE BASURA TRANSPARENTE ALTA RESISTENCIA DE CARGA VARIAS MEDIDAS,6
1057429-1088-AG26,CIRCUITO ANESTESIUA ADULTO (10-600-347-251-00).: 1057429-710-COT26,6
1057429-1091-AG26, INSTRUMENTAL DENTAL: 1057429-693-COT26,4
1057431-1397-SE26,PROVIENE DE LICITACION 2157-12-LQ25,6
1057431-1404-SE26,ORDEN DE COMPRA DESDE 2157-123-LE25,6
1057431-1405-SE26,ORDEN DE COMPRA DESDE 2157-123-LE25,6
1057439-2856-AG26,Agujas para Hemodiálisis Orden de Compra generada por invitación a compra ágil: 1057439-2545-COT26,4
1057439-2910-AG26,Filtro Liquido Diálisis Orden de Compra generada por invitación a compra ágil: 1057439-2583-COT26,4
1057439-2949-AG26,Oxímetros Ambientales UCIN: 1057439-2400-COT26,6
1057439-2985-AG26,kit de inicio de audifonos invitación a compra ágil: 1057439-2486-COT26,4
1057439-3005-AG26,PAÑO DE LIMPIEZA EN ROLLO / 	1057439-2674-COT26,4
1057439-3019-SE26,BOLSA CAMISETA MAYO,4
1057439-3077-AG26,Orden de Compra generada por invitación a compra ágil: 1057439-2692-COT26,6
1057439-3085-AG26,INSUMOS CLINICOS 1057439-2778-COT26,4
1057448-116-SE26,LP. SERVICIOS DE TELEMEDICINA CON EQUIPO EN COMODATO ID 1057448-11-LE25 - FR 60-2,12
1057448-122-CM26,CM/ AYUDAS TECNICAS 2026 FR 417,12
1057448-160-CM26,CM/AYUDAS TECNICAS FR546,6
1057448-51-SE26,LP. SERVICIO DE TARJETAS ELECTRÓNICA DE ALIMENTACIÓN SST SEPT- DIC 2025 ID.1057448-30-LR25 - FR 490-5,12
1057448-60-SE26,"LP. 1057448-69-CO24 SERVICIO DE TELEMEDICINA PARA LA RED DE URGENCIA DEL SERVICIO DE SALUD TARAPACÁ PERIODO 2026"" - FR 903-10",12
1057448-80-SE26,SERVICIO DE LICENCIAS MEDICAS ELECTRONICAS / FR 2026-53,12
1057448-95-SE26,"LP. ""SERVICIO DE ARRIENDO Y SISTEMA CONTROL DE ASISTENCIA PARA EL SERVICIO DE SALUD TARAPACÁ ID.1057448-24-LE25 - FR 13-3",12
1057461-640-CM26,670/582/27/2026 Solicitud N°2185 Combustible Gas Licuado Caldera,6
1057472-5900-SE26,ORDEN DE COMPRA DESDE 1057472-71-LQ24,12
1057472-7368-SE26,INSUMOS CLINICOS MES ABRIL,12
1057472-8027-SE26,ORDEN DE COMPRA DESDE 1057472-103-LR24,9
1057472-8498-AG26,Orden de Compra generada por invitación a compra ágil: 1057472-187-COT26,12
1057472-8509-SE26,ORDEN DE COMPRA DESDE 1057472-166-R125,6
1057472-8553-SE26,INSUMOS CLINICOS MAYO ,6
1057472-8583-SE26,ORDEN DE COMPRA DESDE 1057472-61-LQ24,4
1057473-350-SE24,MANTENCIONES PREVENTIVAS AMBULANCIAS MERCEDES BENZ,12
1057480-1219-SE26,DIFEM LABORATORIOS S A,12
1057480-1223-SE26,DEMARKA S A,12
1057480-1279-SE26,ORDEN DE COMPRA DESDE 1057480-10-LP26,6
1057489-3902-SE26,IC FIBRAS LASER Y URETEROSCOPIO 1057489-621-LR22,12
1057489-4371-SE26,2003400006 URETEROSCOPIO FLEXIBLE DESECHABLE,12
1057489-4498-SE26,IC FIBRAS LASER Y URETEROSCOPIO 1057489-621-LR22,12
1057491-2737-SE26,CMM/PROGRAMA DE COMPRAS IMG/ MAYO 2026,6
1057491-2767-SE26,CMM/PROGRAMA DE COMPRAS IMG/ MAYO 2026,6
1057491-2771-SE26,CMM/PROGRAMA DE COMPRAS IMG/ MAYO 2026,6
1057491-2786-SE26,MPO/MANTENCION CORRECTIVA EQUIPOS CLIMATIZACION/MAYO 2026,6
1057491-2787-SE26,MPO/MANTENCION CORRECTIVA EQUIPOS CLIMATIZACION/MAYO 2026,6
1057494-1700-SE26,Povidona y Clorhexidina Abril 2026,6
1057494-1702-SE26,Alcohol 70 grados 250 ml mayo 26,6
1057494-1705-SE26,TORULA GASA 3 CM X 3 UD mayo 2026,6
1057496-896-AG26,ADQUISICION DISPOSITIVO KIT DE ASPIRACION NASOFARINGEO 10 CM1057496-551-COT26,6
1057498-1777-AG26, OA ANDADOR SIN ASIENTO CON 2 RUEDAS Orden de Compra generada por invitación a compra ágil: 1057498-1218-COT26,4
1057499-34-SE23,SERV. DE ARRIENDO DE COMPUTADORES ALL IN ONE 1057499-64-LP22,12
1057499-472-SE24,ORDEN DE COMPRA DESDE 1057499-8-LR24,12
1057499-519-TD25,Orden de Compra generada por Trato Directo ID 1057499-45-FTD25,12
1057499-75-SE26,ORDEN DE COMPRA DESDE 1057499-19-LR25,12
1057501-4582-SE26,RPCA ABRIL 1057501-766-LE25,4
1057501-4822-SE26,CLAVE 20-222 REGULARIZACIÓN SCE 421031 P.CENTRAL,6
1057501-4825-SE26,CLAVE 20-222 REGULARIZACIÓN SCE 421031 P.CENTRAL,6
1057501-4892-SE26,REPOSICIÓN INSUMOS HASTA MAYO 2026,6
1057501-4894-SE26,REPOSICIÓN INSUMOS HASTA MAYO 2026,6
1057503-2287-AG26,compra ágil: 1057503-1271-COT26,6
1057503-2325-SE26,SENSORES BILATERALES - MAYO,6
1057503-2346-CM26,PROG INSUMOS CLÍNICOS MAYO,5
1057503-2352-CM26,Orden de Compra: 1057503-2352-CM26 (MAYO),6
1057503-2363-AG26,compra ágil: 1057503-1297-COT26,4
1057506-3916-AG26,Orden de Compra generada por invitación a compra ágil: 1057506-87-COT26,12
1057506-3991-CC26,Grupos y RH de Adulto,6
1057506-4002-CC26,Compra de insumos laboratorio ,9
1057509-4988-TD26,Orden de Compra generada por Trato Directo ID 1057509-1226-FTD26,6
1057509-5108-SE26,"REEMPLAZA 1057509-258-SE26.Puesta en Marcha Atención a Participantes Plan de Traslado HCHM Enero-Febrero 2026 (CONV hchm,PSM)",4
1057509-5141-SE26,INSUMOS MES DE MAYO 2026(Conv. CJM),6
1057509-5145-SE26,INSUMOS MES DE MAYO 2026(Conv. CJM),6
1057509-5166-CC26,insumo mes de Mayo( convenio ssñ-bodega-JOP)	,4
1057510-1703-AG26,INSUMOS MEDICOS ABRIL 2026 (C.A. - FNB),4
1057532-496-AG26, F1-127-DCR/Servicio de Cafetería para Jornada de Inducción PAO y EDF año 2026,12
1057533-199-CC26,Mantenimiento Preventivo Ascensores Mayo 2026,6
1057536-1123-AG26,ADAPALENO 0.1% MAS PEROXIDO BENZOILO 2.5% GEL TUBO,12
1057536-1142-SE26,SERVICIO TRANSPORTE PACIENTES DIALISIS MES DE MARZO,12
1057536-470-AG26, SERVICIOS PROFESIONALES DE PSIQUIATRIA COSAM PUERTO MONTT,12
1057539-3240-SE26,"Memo 44, Eq Industriales, Pellets",4
1057539-3245-AG26,"Sol 364, Mantención, Mtto Acceso Principal",4
1057539-3273-CM26,"Memo 63, Eq Industriales, Gas Licuado",4
1057543-775-SE26,RNM (marzo 2026),6
1057544-8798-SE26,PROGRAMA INSUMOS CLINICOS MAYO,12
1057544-8805-SE26,PROGRAMA INSUMOS CLINICOS MAYO,12
1057544-8836-SE26,PROGRAMA INSUMOS CLINICOS MAYO,12
1057544-8849-SE26,SOLICITUD VALVULAS BAJO PERFIL,12
1057544-8856-SE26,PROGRAMA INSUMOS CLINICOS MAYO,12
1057544-8881-SE26,PROGRAMA INSUMOS CLINICOS MAYO,12
1057544-8884-SE26,PROGRAMA INSUMOS CLINICOS MAYO,12
1057544-8928-SE26,PROGRAMA INSUMOS CLINICOS MAYO,12
1057544-8932-SE26,PROGRAMA INSUMOS CLINICOS MAYO,12
1057544-8958-SE26,PROGRAMA INSUMOS CLINICOS MAYO,12
1057544-8981-SE26,PROGRAMA INSUMOS CLINICOS MAYO,12
1057544-8983-SE26,PROGRAMA INSUMOS CLINICOS MAYO,12
1057544-8984-SE26,PROGRAMA INSUMOS CLINICOS MAYO,12
1057544-8994-SE26,PROGRAMA INSUMOS CLINICOS MAYO,12
1057544-9001-SE26,PROGRAMA INSUMOS CLINICOS MAYO,12
1057544-9007-SE26,PROGRAMA INSUMOS CLINICOS MAYO,12
1057544-9026-SE26,PROGRAMA INSUMOS CLINICOS MAYO,12
1057544-9052-SE26,PROGRAMA INSUMOS CLINICOS MAYO,12
1057544-9116-SE26,PROGRAMA INSUMOS CLINICOS MAYO,12
1057544-9117-SE26,PROGRAMA INSUMOS CLINICOS MAYO,12
1057544-9170-SE26,PROGRAMA INSUMOS CLINICOS MAYO,12
1057544-9216-SE26,SOLICITUD OXIGENADORES CARDIO,12
1057544-9255-SE26,ORDEN DE COMPRA DESDE 1057544-390-LP25,4
1057544-9256-SE26,ORDEN DE COMPRA DESDE 1057544-390-LP25,4
1057544-9259-SE26,ORDEN DE COMPRA DESDE 1057544-390-LP25	,6
1057544-9262-SE26,ORDEN DE COMPRA DESDE 1057544-372-LQ24,6
1057544-9267-SE26,ORDEN DE COMPRA DESDE 1057544-372-LQ24	,4
1057544-9270-SE26,ORDEN DE COMPRA DESDE 1057544-390-LP25	,4
1057544-9271-SE26,ORDEN DE COMPRA DESDE 1057544-77-LE25	,4
1057544-9272-SE26,ORDEN DE COMPRA DESDE 1057544-136-LP25	,4
1057544-9273-SE26,ORDEN DE COMPRA DESDE 1057544-113-LP25,4
1057544-9274-SE26,ORDEN DE COMPRA DESDE 1057544-113-LP25	,4
1057544-9275-SE26,ORDEN DE COMPRA DESDE 1057544-409-LQ24,4
1057544-9278-SE26,ORDEN DE COMPRA DESDE 1057544-247-LP25,4
1057544-9280-SE26,ORDEN DE COMPRA DESDE 1057544-95-LE25,4
1057545-469-SE26,Serv. mantenimiento preventivo 1057545-150-LQ24 Nissan X-Trail FKHR-35,6
1057545-470-SE26,Serv. mantenimiento correctivo 1057545-150-LQ24 Ambulancia SAMU Rio Bueno PLSX-34,6
1057545-472-SE26,Serv. mantenimiento correctivo 1057545-150-LQ24 Camioneta Volkswagen Amarok HPXH-53,6
1057547-504-TD26,Orden de Compra generada por Trato Directo ID 1057547-21-FTD25,6
1057547-5273-SE26,ORDEN DE COMPRA DESDE 1057547-108-LE25,12
1057547-5455-SE26,ORDEN DE COMPRA DESDE 1057547-407-LQ24,12
1057547-6147-TD26,Orden de Compra generada por Trato Directo ID 1057547-155-FTD25,12
1057547-6292-SE26,ORDEN DE COMPRA DESDE 1057547-311-LE25	,12
1057547-6299-SE26,ORDEN DE COMPRA DESDE 1057547-380-LQ24,12
1057547-6361-SE26,ORDEN DE COMPRA DESDE 1057547-31-LQ25,6
1057547-6396-SE26,ORDEN DE COMPRA DESDE 1057547-36-LE25,6
1057547-6399-TD26,Orden de Compra generada por Trato Directo ID 1057547-116-FTD25,6
1057547-6455-CM26,Orden de Compra: 1057547-6455-CM26,5
1057547-6457-AG26,Orden de Compra generada por invitación a compra ágil: 1057547-966-COT26,4
1057547-6458-AG26,Orden de Compra generada por invitación a compra ágil: 1057547-971-COT26,4
1057552-280-SE26,ORDEN DE COMPRA DESDE 1057552-10-LE25,12
1058036-337-SE26,Bevacizumab,4
1058043-901-TD26,Orden de Compra generada por Trato Directo ID 1058043-69-FTD26,4
1058043-902-TD26,Orden de Compra generada por Trato Directo ID 1058043-70-FTD26,4
1058043-904-TD26,Orden de Compra generada por Trato Directo ID 1058043-71-FTD26,4
1058043-909-AG26,219-0079- LEFLUNOMIDA CM 20 MG,4
1058043-910-AG26,219-0079- LEFLUNOMIDA CM 20 MG,4
1058044-653-SE26,Fármacos Stock Mayo 2026,6
1058044-690-SE26,Fármacos Stock Mayo 2026,6
1058044-693-SE26,Fármacos Stock Mayo 2026,4
1058044-694-SE26,Fármacos Stock Mayo 2026,4
1058044-695-SE26,Fármacos Stock Mayo 2026,4
1058044-696-SE26,Fármacos Stock Mayo 2026,6
1058044-697-SE26,Fármacos Stock Mayo 2026,4
1058044-698-SE26,Fármacos Stock Mayo 2026,4
1058044-699-SE26,Fármacos Stock Mayo 2026,4
1058044-700-SE26,Fármacos Stock Mayo 2026,4
1058044-701-SE26,Fármacos Stock Mayo 2026,4
1058044-702-SE26,Fármacos Stock Mayo 2026,4
1058044-703-SE26,Fármacos Stock Mayo 2026,4
1058044-704-SE26,Fármacos Stock Mayo 2026,4
1058044-705-SE26,Fármacos Stock Mayo 2026,4
1058045-444-SE26,ORDEN DE COMPRA DESDE 1058045-2-LP26,6
1058045-450-AG26,Orden de Compra generada por invitación a compra ágil: 1058045-286-COT26,4
1058071-368-SE26,PREPARADOS OTROS	,12
1058071-496-SE26,PREPARADOS OTROS,6
1058078-1441-SE26,medicamentos e insumos- OCI,4
1058085-1052-SE26,MED 3002170039 ENEMA DE FOSFATO MONOBÁSICO DIBÁ,6
1058085-1062-SE26,3002160520 PROPOFOL MCT/LCT 1 %/50ML EMULSIÓN,6
1058085-1067-TD26,Orden de Compra generada por Trato Directo ID 1058085-81-FTD25,6
1058086-2353-SE26,INSUMOS CLINICOS DESDE 1058086-27-LR23,6
1058086-2365-SE26,ORDEN DE COMPRA DESDE 1058086-21-LQ25,6
1058086-2370-SE26,ORDEN DE COMPRA DESDE 1058086-50-LR24,6
1058090-565-AG26,PALIPERIDONA 75 MG JRP,4
1058092-81-AG26,"ADQUISICIÓN CLOZAPINA 100 MG., desde compra ágil: 1058092-67-COT26.",6
1058094-710-SE26,LPR PROVISION SUEROS LIC. 1058094-5-LQ25,6
1058097-508-AG26,Orden de Compra generada por invitación a compra ágil: 1058097-372-COT26,6
1058097-509-AG26,Orden de Compra generada por invitación a compra ágil: 1058097-369-COT26,5
1058097-512-SE26,NUTRICION PARENTERAL PERIFERICA,4
1058103-343-AG26,FÁRMACOS SC N° 730,5
1058128-929-SE26,pedido HPm,4
1058128-930-AG26,AS 1111050	LUBRICANTE DE INSTRUMENTAL QUIRURGICO: 1058128-842-COT26,4
1058128-931-AG26,AS  1110011 JABON HAND LOTION SPRAY X 400 CC (981699): 1058128-852-COT26,4
1058128-932-AG26,AS  1111009 ALCOHOL GEL SPRAY 400 ML (BACTISAN)813299 : 1058128-853-COT26,4
1058128-933-SE26,PEDIDO hpm,4
1058128-934-AG26,pedido HPM,4
1058132-725-SE26,PROGRAMA INSUMOS CLINICOS MAYO,12
1058132-771-TD26,Orden de Compra generada por Trato Directo ID 1058132-13-FTD26,6
1058134-816-SE26,ORDEN DE COMPRA DESDE 1058134-80-LQ25/FALLA CENABAST MAYO 2026.,6
1058141-2228-AG25,(APM) PEDIDO EXTRA FARMACIA PNH 16733 ETIPOSIDO 10 MG/ML SOLUCION ORAL ID: 1058141-1342-COT25,12
1058141-255-AG26,PEDIDO EXTRA FARMACIA : 1058141-188-COT26,12
1058141-587-AG26,(APM) PEDIDO FARMACIA MAYO SALMET./FLUTIC. FC 25/125 MCG INH ID: 1058141-534-COT26,12
1058141-607-AG26,(JBR) PEDIDO FARMACIA MAYO ID : 1058141-516-COT26,12
1058141-647-AG26,(JBR) PEDIDO FARMACIA MAYO ID: 1058141-587-COT26,12
1058141-648-AG26,(APM) PEDIDO FARMACIA MAYO ID: 1058141-581-COT26,12
1058141-660-AG26,(APM) PEDIDO FARMACIA MAYO METAMIZOL/BUTILESCAPOLAMINA GT FC 15 ML ID: 1058141-595-COT26,12
1058141-679-AG26,(APM) PEDIDO FARMACIA MAYO COTRIMOXAZOL SUSP. ORAL 200/40MG EN 5 ML ID: 1058141-607-COT26,12
1058141-683-AG26,(JBR) PEDIDO EXTRA FARMACIA PNH 17114 LAMOTRIGINA 5 MG ID: 1058141-584-COT26,12
1058141-685-TD26,Orden de Compra generada por Trato Directo ID 1058141-66-FTD25,12
1058141-686-SE26,(JBR) PEDIDO EXTRA FARMACIA  PNH 17496	,12
1058141-703-AG26,(JBR) PEDIDO EXTRA FARMACIA PNH 17042 ID: 1058141-613-COT26,6
1058484-13-SE26,CC-ARRIENDO MULTIFUNCIONALES SSBB MARZO/2026-REQ# 2209005001-(ecm),6
1063535-6198-SE26,FARMACOS ABRIL,12
1063535-6202-SE26,FARMACOS ABRIL,12
1063535-6204-SE26,FARMACOS ABRIL,12
1063535-6206-SE26,FARMACOS ABRIL,12
1063535-6208-SE26,FARMACOS ABRIL,12
1063535-6209-SE26,FARMACOS ABRIL,12
1063535-6210-SE26,FARMACOS ABRIL,12
1063535-6213-SE26,FARMACOS ABRIL,12
1063535-6214-SE26,FARMACOS ABRIL,12
1063538-2617-SE26,ORDEN DE COMPRA DESDE 1063538-198-LE24	,12
1063538-2844-SE26,ORDEN DE COMPRA DESDE 1063538-8-LP25,12
1063538-3279-SE26,ORDEN DE COMPRA DESDE 1063538-204-LR24,12
1063538-3607-SE26,ORDEN DE COMPRA DESDE 1063538-35-LE25	,4
1063538-3608-SE26,ORDEN DE COMPRA DESDE 1063538-89-LE25	,4
1063538-4149-SE24,ARRIENDO DE EQUIPO DE INCLUSION PARA HBSJO,12
1070620-3535-SE26,JIF-ORDEN DE COMPRA DESDE 1070620-53-LQ25,4
1070620-3719-SE26,JIF-(JP2 N°37) MAMPARA PARA CONTENEDORES UNIDAD DE URGENCIA Y DIVISIONES DE ALUMINIO MELAMINA EN BAÑO DE INFORMATICA,4
1070620-3720-SE26,"JIF-(JP2 N°36) BODEGA PARA UNACESS, BAJO ESCALERA DE 2DO ACCESO POR HEROES DE LA CONCEPCION ",4
1070620-3721-SE26,"JIF - Trabajos Segun Estado de Pago JP4 N°23 (DESTAPE, LIMPIEZA Y TAPAS DE ALCANTARILLADO EN CENTRAL DE ALIMENTACION, PILOTO PARDO, ACCESO HEROES DE LA CONCEPCION Y LAVANDERIA)",4
1070620-3723-SE26,JIF - Trabajos Segun Estado de Pago JP4 N°25 (HABILITACION Y NORMALIZACION DE BAÑOS UNIVERSALES DE LAS DIFERENTES AREAS DEL H.E.T.G),4
1070620-3724-SE26,JIF - Trabajos Segun Estado de Pago JP4 N°26 (CAMBIO TUBERIAS DE PVC A PPR DEL SISTEMA DE AGUA BLANDA EN SECTOR CALDERA HACIA ESTERILIZACION),4
1070620-3727-SE26,JIF - Trabajos Segun Estado de Pago JP4 N°27 (HABILITACION BAÑO DUCHA EN LA UNIDAD DE CIRUGIA HOSPITALIZACION),4
1070620-3737-SE26,FZG ESTADO DE PAGO JP4 N°30 REMODELACION DE BAÑO U,4
1070620-3739-SE26,"JIF-Trabajos Segun Estado de Pago JP4 N°29  CAMBIO MONOMANDOS TIPO PRE WASH EN UNIDAD DE MEDICINA FISICA, REPARACION EN TUBERIA DE HDPE EN SECTOR PILOTO PARDO, DESTAPE DE CAMARAS EN CENTRAL DE ALIMENTACION Y OTRAS REPARACIONES VARIAS CON PIEZAS ESPECIALES",4
1070620-3743-SE26,"JIF-(JP2 N°38)-REPARACION SUPERFICIE DE TABIQUES EN CMA, HEMATO-ONCOLOGIA 3 PISO EDIFICIO B Y REPARACION PISO EN JUNTA DE DILATACION EN PASILLO ENTRE CIRUGIA Y PEDIATRIA HOSPITALIZADO ",4
1070620-3933-SE26,FZG-MEMO 42/2026 MANTENCION ASCENSORES REQ. 41487,4
1070620-3935-SE26,FZG-MEMO 43 REQ. 41488 MANTENCION ASECENSORES,4
1070620-4014-AG26, RVC INSUMOS GENERALES - CIRCUITO ADULTO MONORRAMA - 1070620-1396-COT26,6
1070620-4071-AG26,RPM - PROGRAMA DENTAL INSUMOS MAYO 2026,4
1070620-4078-AG26,RPM - PROGRAMA DENTAL INSUMOS MAYO 2026,4
1070620-4116-SE26,VCT. REPOSICIÓN DENTAL N°45,4
1070620-4145-CM26,RVC INSUMOS GENERALES - 1070620-4145-CM26,6
1070620-4152-SE26,"YJF- COMPRA PROGRAMA ANATOMÍA PATOLÓGICA, MAYO 2026",4
1070620-4155-SE26,FZG- ID 41450 COMPRA DE BATERIA ZOLL M2 ,4
1070620-4160-SE26,"YJF- COMPRA PROGRAMA ANATOMÍA PATOLÓGICA, MAYO 2026",4
1070620-4161-SE26,"YJF- COMPRA PROGRAMA ANATOMÍA PATOLÓGICA, MAYO 2026",4
1070620-4163-SE26,"YJF- COMPRA PROGRAMA ANATOMÍA PATOLÓGICA, MAYO 2026",4
1070620-4165-SE26,VCT . Reposición ABBOTT Stent XIENCE 06/05/2026,4
1070620-4166-SE26,SBZ - ADQ de Analizador de Seguridad Eléctrica (H),4
1070620-4167-SE26,VCT. REPOSICION ABBOTT.CATÉTER OCT.06.05.26,4
1070620-4168-SE26,VCT. REPOSICIÓN ABBOTT BALONES 06/05/26,4
1070620-4170-SE26,vct REPOSICION ARLAB 06/05/2026,4
1070620-4172-SE26,VCT. REPOSICIÓN BALÓN - ARLAB 06/5/26,4
1070620-4175-SE26,JIF-ORDEN DE COMPRA DESDE 1070620-139-LP25,4
1074010-28-AG26, EMB - Servicio de mantenimiento de los sistemas de detección y control de Incendios.,6
1075337-7409-CM26,"rvv Compra Pedido Alimentación Lácteos (leche cultivada, yogurt ligth, quesillo, otros) Abril 2026",12
1075337-7787-CM26,"rvv Compra Pedido Alimentación No Perecibles (agua mineral 500cc, arroz integral, azúcar sachet, otros) Mayo 2026",12
1075963-3461-CM26,Orden de Compra: 1075963-3461-CM26 SR: 227066,12
1075963-3838-CM26,Orden de Compra: 1075963-3838-CM26 SR: 228113-227062,12
1075963-4687-SE26,stock bodega,12
1075963-4803-SE26,stock bodega,12
1075963-5004-SE26,stock bodega,12
1075963-5016-SE26,OC ENERO 2026 DESDE 1075963-160-LE25,6
1075963-5097-CM26,Orden de Compra: 1075963-5097-CM26 S.R. # 230347,12
1075963-5120-SE26,stock bodega,12
1075963-5224-AG26,Orden de Compra generada por invitación a compra ágil: 1075963-528-COT26,12
1075963-5290-SE26,stock bodega,12
1075963-5292-SE26,stock bodega,12
1075963-5302-SE26,stock bodega,12
1075963-5349-SE26,stock bodega,12
1075963-5352-SE26,stock bodega,12
1075963-5370-SE26,ORDEN DE COMPRA DESDE 1075963-588-LQ24 REORDEN,12
1075963-5375-SE26,OC DESDE 1075963-226-LE24 S.R. # 230990,12
1075963-5380-SE26,ORDEN DE COMPRA DESDE 1075963-603-LQ24 SR-REORDEN,12
1075963-5451-SE26,stock bodega,12
1075963-5574-SE26,stock bodega,12
1075963-5581-SE26,ORDEN DE COMPRA DESDE 1075963-433-LE25 SR 231625,12
1075963-5605-SE26,stock bodega,12
1075963-5606-SE26,stock bodega,12
1075963-5615-SE26,stock bodega,12
1075963-5616-SE26,stock bodega,12
1075963-5619-SE26,stock bodega,12
1075963-5621-SE26,stock bodega,12
1075963-5622-SE26,stock bodega,12
1075963-5625-AG26,Orden de Compra generada por invitación a compra ágil: 1075963-594-COT26,12
1075963-5650-AG26,Orden de Compra generada por invitación a compra ágil: 1075963-604-COT26,12
1075963-5652-AG26,Orden de Compra generada por invitación a compra ágil: 1075963-613-COT26,12
1075963-5696-SE26,stock bodega,12
1075963-5702-SE26,stock bodega,12
1075963-5703-SE26,stock bodega,12
1075963-5705-SE26,stock bodega,12
1075963-5706-SE26,stock bodega,12
1075963-5707-SE26,stock bodega,12
1075963-5716-SE26,stock bodega,12
1075963-5718-CM26,Orden de Compra: 1075963-5718-CM26,12
1075963-5720-SE26,stock bodega,12
1075963-5850-SE26,OC DESDE 1075963-567-LE24 SR: 231792,12
1075963-5886-SE26,stock bodega,12
1075963-5949-SE26,ORDEN DE COMPRA DESDE 1075963-552-LR24 REORDEN,6
1075963-5950-SE26,ORDEN DE COMPRA DESDE 1075963-554-LQ24 REORDEN,6
1075963-5958-SE26,ORDEN DE COMPRA DESDE 1075963-588-LQ24 REORDEN,6
1075963-5992-SE26,ORDEN DE COMPRA DESDE 1075963-437-LR23 R312391,6
1075963-6002-SE26,ORDEN DE COMPRA DESDE 1075963-512-LR22 R312472,6
1075963-6017-SE26,ORDEN DE COMPRA DESDE 1075963-514-LR22 R313148,5
1075963-6019-SE26,ORDEN DE COMPRA DESDE 1075963-552-LR24 R312450,6
1075963-6163-SE26,ORDEN DE COMPRA DESDE 1075963-322-LE24,6
1075963-6164-SE26,ORDEN DE COMPRA DESDE 1075963-473-LE24,6
1075963-6166-SE26,ORDEN DE COMPRA DESDE 1075963-348-LE25,6
1075963-6168-SE26,ORDEN DE COMPRA DESDE 1075963-514-LE24,6
1075963-6170-SE26,ORDEN DE COMPRA DESDE 1075963-78-LE25,6
1075963-6178-CM26,Orden de Compra: 1075963-6178-CM26 R: 312449 SR: 232587,12
1078078-1245-CM26,"SC 24001 - VIVIENDA DE EMERGENCIA - COMUNA DE CALBUCO, REGION DE LOS LAGOS",6
1078078-1246-CM26,"SC 24001 - KIT ASEO HOMBRE, MUJER, HABITABILIDAD - COMUNA DE CALBUCO, REGION DE LOS LAGOS",6
1078078-1252-CM26,"SC 24011 - VIVIENDA DE EMERGENCIA - COMUNA DE RIO BUENO, REGION DE LOS RIOS",6
1078078-1253-CM26,"SC 24011 - KIT HBITABILIDAD - COMUNA DE RIO BUENO, REGION DE LOS RIOS",6
1078177-346-AG26,ADQUISICIÓN DE PETROLEO A GRANEL PARA CALDERA DE 4TA COM. VICTORIA,6
1079445-261-AG26,ADQ. SERVICIO INSTALACION NEUMATICOS CON ESPIGAS VEHICULO FISCAL VPC-963,6
1079516-397-CM26," ADQUISICIÓN DE ABARROTES, CARNES, LACTEOS Y VERDURAS PARA LA COMISIÓN RANCHO DE LA 4TA.  COMISARIA QUILLOTA ORDEN DE COMPRA: 1079516-397-CM26",6
1079576-343-SE26,"ADQUISICIÓN DE PARABRISAS CON SERVICIO INSTALACIÓN INCLUÍDO PARA VEH. FISCAL BT-421 DE CARGO DE LA 5TA. COM. COP, PREFECTURA COP CONCEPCIÓN N°34 C/CARGO CONTRATO SUMINISTRO PARABRISAS VIDRIOS Y OTROS C/ INSTALACIÓN LICITACIÓN  1079576-5-LE26 S/DOE 2521833",12
1079639-387-AG26, ADQUISICION MATERIALES DE ESCRITORIO PARA LA PREFECTURA CHILOE Y UNIDADES DEPENDIENTES: 1079639-428-COT26,6
1079713-215-CM26,ADQ. COLACIONES EXT. CONMEMORACION DIA DEL TRABAJADOR (01.05.2026),12
1079713-219-CM26,ADQ. COLACIONES EXT. CONMEMORACION DIA DEL TRABAJADOR (01.05.2026),12
1079967-207-AG26,Orden de Compra generada por invitación a compra ágil: 1079967-277-COT26/ SERVICIO REPARACIÓN PORTON ELECTRICO PREFECTURA IQUIQUE,6
1079967-209-CM26,Orden de Compra: 1079967-209-CM26/ADQUISICIÓN DE RECARGA DE GAS A GRANEL PARA EL CASINO SS.OO. IQUIQUE.,6
1080094-106-SE26,ORDEN DE COMPRA DESDE 1080089-4-LP25,6
1080095-193-SE26,ESCITALOPRAM 20 MG,6
1080095-194-SE26,Insumos de aseo proveniente licit 1080089-6-LR23,6
1080095-195-SE26,Toallas de papel y papel higienico.,6
1080095-196-SE26,Bolsas prepicadas 40 x 60,6
1080095-200-SE26,ORDEN DE COMPRA DESDE 1080089-4-LP25,6
1100719-385-SE26,VHG 619133-100-LE23 PRIORITARIOS MAYO,5
1100719-386-SE26,VHG 619133-101-LE23 PRIORITARIOS MAYO,5
1100719-387-SE26,VHG 619133-12-LE25 PRIORITARIOS MAYO,4
1100719-388-SE26,VHG 619133-137-LE24 PRIORITARIOS MAYO,4
1100719-389-SE26,VHG 619133-138-LE24 PRIORITARIOS MAYO,4
1100719-390-SE26,VHG 619133-140-LE24 PRIORITARIOS MAYO,4
1100719-391-SE26,VHG 619133-141-LE24 PRIORITARIOS MAYO,6
1100719-392-SE26,VHG 619133-142-LE23 PRIORITARIOS MAYO,4
1100719-393-SE26,VHG 619133-144-LE24 PRIORITARIOS MAYO,6
1100719-394-SE26,VHG 619133-145-LE24 PRIORITARIOS MAYO,6
1100719-395-SE26,VHG 619133-163-LE24 PRIORITARIOS MAYO,6
1100719-396-SE26,VHG 619133-175-LE25 PRIORITARIOS MAYO,4
1100719-397-SE26,VHG 619133-203-LE25 PRIORITARIOS MAYO,6
1100719-398-SE26,VHG 619133-216-LE25 PRIORITARIOS MAYO ,4
1100719-399-SE26,VHG 619133-33-LE25 PRIORITARIOS MAYO,6
1100719-401-SE26,VHG 619133-68-LP25 PRIORITARIOS MAYO,4
1100719-402-SE26,VHG 619133-7-LE24 PRIORITARIOS MAYO,6
1100719-403-SE26,VHG 619133-80-LQ23 PRIORITARIOS MAYO,6
1100719-404-SE26,VHG 619133-81-LQ23 PRIORITARIOS MAYO,4
1100719-405-SE26,VHG 619133-9-LE24 PRIORITARIOS MAYO,4
1107281-81-AG26,Orden de Compra generada por invitación a compra ágil: 1107281-84-COT26,6
1114595-2-SE26,Servicio de aseo Casa Encuentro Viña del Mar REQ 082,12
1114595-6-SE26,Reajuste servicio de aseo Casa envejecer activo Viña del Mar - REQ 135 ,12
1116007-61-CM26,Orden de Compra: 1116007-61-CM26,6
1126920-179-AG26,RECARGA DE GASES INDUSTRIALES CECH,4
1126920-180-AG26,IMPLEMENTACION DEPORTIVA LICEO COMERCIAL ALBERTO VALENZUELA,4
1126920-183-AG26,MATERIALES PARA EL TALLER DE CONSTRUCCION CECH,4
1126922-202-AG26,"RBDS 7927,7938,7939,7940,7941,7978,10105003,7874,7898,7905,22012,7723 FAEP PG02 INSTALACION DE ESTUFAS A PELLETS VARIOS ESTABLECIMIENTOS EDUCACIONALES-",12
1126922-506-AG26,RBD 7958 -7956 SEP PG02 Salidas Pedagógicas para establecimientos de la comuna de Llanquihue,4
1126922-510-CM26,RBD 7959 SEP PG02 Materiales Escolares para la Escuela Básica Gabriela Mistral de la Comuna de Llanquihue,4
1152-20-AG26,Orden de Compra de la cotizacion: 1152-13-COT26- Productos de seguridad para Directora Regional- RM,6
1153624-32-SE26,ORDEN DE COMPRA DESDE 1153624-6-LE24,12
1161266-285-AG26,ADQUISICIÓN DE TINTAS PARA IMPRESORA DE ALCALDIA,4
1171142-1745-SE26,SUMINISTRO MATERIALES PARA LA PLANTA FÍSICA CAPLC DESDE 1171142-95-LE25,6
1171234-12-AG26,Pendrive y discos duro externos,4
1171234-13-AG26,Escáner para digitalización de archivos y colecciones.,4
1171234-14-AG26,SERVICIO DE MANTENCIÓN PREVENTIVA AL SISTEMA DE EXTRACCIÓN,4
1171234-16-AG26,ADQUISICIÓN DE DISPENSADORES DE MURO PARA TOALLAS DE PAPEL ,4
1171234-17-AG26,Adquisición de artículos de librería para conservación,4
1171234-18-AG26,Servicios de mantención correctiva ascensor Kone capacidad 860 kilos,4
1176474-13-AG26,Orden de Compra generada por invitación a compra ágil: 1176474-16-COT26,12
1178-20-SE26,ORDEN DE COMPRA DESDE 1178-6-LP26,6
1195-230-AG26,Orden de Compra generada por invitación a compra ágil: 1195-240-COT26,4
1195-238-AG26,Orden de Compra generada por invitación a compra ágil: 1195-249-COT26,4
1195-251-AG26,Orden de Compra generada por invitación a compra ágil: 1195-257-COT26,4
1195-252-AG26,Orden de Compra generada por invitación a compra ágil: 1195-260-COT26,4
1195-254-AG26,Orden de Compra generada por invitación a compra ágil: 1195-263-COT26,4
1195-265-SE26,REQUISICIÓN 20/04/2026,4
1207912-9-AG26,MEJORAMIENTO DEPTO. ADMINISTRACION Y SOPORTE,12
1208104-23-SE26,DR; SERVICIOS DE TRASLADOS ID; 1208104-2-LE25,6
1208110-17-AG26,TRANSPORTE MAYOR compra ágil: 1208110-8-COT26,6
1208110-18-AG26,MANTENCIÓN Y RECARGA EXTINTORES compra ágil: 1208110-10-COT26,4
1214069-314-AG25, “Contratación del Servicio de Lectura e Interpretación de Mamografías para centros de Salud Municipal de Conchalí”,12
1218393-142-AG26,Transporte de Alimentación complementaria y Fármacos CEV 1218393-59-COT26,4
1219102-1-SE26,Servicios de Aseo y Sanitización NY,12
1224982-63-AG26,Tecnica Evento ConctArte,6
1227338-95-SE26,Servicio de Arriendo Impresoras Abril,6
1227-94-SE26,"DESINSECTACIÓN, DESRATIZACIÓN, SANIT.- QUILLAGUA ",12
1227-95-SE26,"DESINSECTACIÓN, DESRATIZACIÓN, SANIT. DRAI-LOA Y A",12
1230732-44-AG26,Orden de Compra generada por invitación a compra ágil: 1230732-44-COT26,6
1232828-13-AG26,IMPLEMENTOS KINESIOLOGICOS LECOFQ: 1232828-19-COT26,6
1233613-274-AG26,BALDES ESCURRIDORES PARA ESTABLECIMIENTOS EDUCACIONALES,12
1233613-557-SE26,REP DE FILTRACIÓN DE AGUA LLUVIA ESC CERRO SOMBRERO,12
1233613-700-SE26,REP FILTRACIÓN DE AGUA Y CONSTRUCCIÓN DE DRENAJE LICEO HDM,12
1233613-711-SE26,REPARACIÓN BAÑOS LICEO LUIS ALBERTO BARRERA ,12
1233613-768-SE26,LICENCIAS WORKSPACE PLUS EDUCATION ESC CROACIA,12
1233613-795-SE26,LICENCIAS WORKSPACE PLUS EDUCATION ESC SENO OBSTRUCCION,12
1233613-802-SE26,LICENCIAS WORKSPACE PLUS EDUCATION ESC NICOLAS MLADINIC,12
1233613-831-SE26,"REPARACIÓN DE CUBIERTA, CANALETAS Y PINTURA CIELO Y MURO LICEO LUIS ALBERTO BARRERA ",12
1233613-942-CM26,ADQUISICIÓN DE GLP ESCUELA BERNARDO DE BRUYNE,4
1233613-943-CM26,ADQUISICIÓN DE GLP ESCUELA IGNACIO CARRERA PINTO,4
1233615-127-SE26,ARRIENDO IMPRESORAS ENERO - DICIEMBRE 2026 / OC DE,12
1233615-381-AG26,"RMG-SOL00532-Liceo de melinka, insumos eléctricos: 1233615-80-COT26",12
1233615-604-SE26,DMH/ SOL 00729 CAJA MANTENIMIENTO/ESCUELA PEDRO AGUIRRE CERDA/CONVENIO DE SUMINISTRO 1233615-6-LP25,12
1233615-621-SE26,PHA/SOL 349/GAS/ESC. VICTOR DOMINGO SILVA,6
1233615-703-SE26,NDF/SOL 70/AY-02 / Liceo Mañihuales - (básica media - NT 1 y NT 2) Servicio de traslado para alumnos ,6
1233615-704-SE26,PHA/SOL 364/ RECARGA GAS/LICEO ALTOS DEL MACKAY,6
1233615-718-SE26,PHA/SOL 349/RECARGA GAS/ESC. VICTOR DOMINGO SILVA,6
1233615-729-AG26,"DMH [SOL-2026-00766] Tablet pizarra mágica dibujo para Escuela ""Litoral Austral"" de Puerto Aysén Detalle de la cotización 1233615-191-COT26",4
1233616-639-SE26,ADQ. LEÑA ESCUELA MONTE BLANCO SCI N°863 PROGRAMA 02,12
1233616-877-SE26,IMPLEMENTOS MUSICALES CEIA CLAUDIO MATTE SCI N°1140 PROGRAMA 02,12
1233616-912-SE26,ARTICULOS DEPORTIVOS ESCUELA ENRIQUE GRAF SCI N°1193 PROGRAMA 02,4
1233616-913-SE26,ARTICULOS DEPORTIVOS ESC AGUA BUENA SCI N°1195,4
1233616-914-SE26,IMPLEMENTOS DE CIENCIAS ESCUELA CHACAY SCI N°1190 PROGRAMA 02,4
1233616-915-SE26,MANTENIMIENTO IMPRESORAS ESC MARTA COLVIN ANDRADE SCI N°1192,4
1233616-916-SE26,REPARACIÓN DE IMPRESORA LICEO VIOLETA PARRA SCI N°1191 PROGRAMA 02,4
1233619-559-AG26,Adquisición de Colaciones para Estudiantes del Liceo Bicentenario de Cauquenes,6
1233619-575-AG26,P02-Insumos para especialidad servicios de hotelería del Liceo Putú pertenecientes al  SLEP Maule Costa,6
1234-16-CM26,Orden de Compra: 1234-16-CM26,6
1237404-33-AG26,Orden de Compra generada por invitación a compra ágil: 1237404-27-COT26,6
1242121-237-AG26,FORMULARIO N°89 ESTACIONEMIENTO 1242121-179-COT26,4
1242131-586-CM26,Orden de Compra: 1242131-586-CM26,6
1244679-9-AG26,ADQUISICIÓN IMPRESORA LÁSER Orden de Compra generada por invitación a compra ágil: 1244679-11-COT26,6
1251954-15-AG26,Orden de Compra generada por invitación a compra ágil: 1251954-18-COT26,6
1260057-40-CM26,"TORULA DE ALGODON 3,5 G 100 UNIDADES",12
1260057-486-SE26,COJIN ANTIESCARAS	,12
1260057-7722-CM25,KIT CURACION ESTERIL DESECHABLE (KIT),12
1260-143-SE24,SS EE de Elaboración y presentación de demandas de cobro para Proyectos 6% FNDR,12
1260-43-AG26,"Adquisición de 2 Smart TV 32"" desde compra ágil: 1260-24-COT26",12
1272228-11-AG26,ECONOMATO CDP TALAGANTE Orden de Compra generada por invitación a compra ágil: 1272228-3-COT26,6
1272271-38-CM26,502/ADQUISICION DE INSUMOS PARA EL ECONOMATO DEL CPV,6
1274667-148-AG26,Orden de Compra generada por invitación a compra ágil: 1274667-120-COT26,12
1274667-162-AG26,Orden de Compra generada por invitación a compra ágil: 1274667-131-COT26,12
1274667-30-AG26,Orden de Compra generada por invitación a compra ágil: 1274667-24-COT26,12
1285502-12-SE26,ORDEN DE COMPRA DESDE 1285502-2-L126,6
1288-257-AG26,CALZADO FORMAL VARONES (BCP),4
1288-258-AG26,COMPRA DE UNIFORME FORMAL VARONES (BCP),4
1298354-167-AG26,Edu-Orden de Compra ágil: 1298354-165-COT26-Ale,6
1298355-341-AG26,Orden de Compra generada por invitación a compra ágil: 1298355-480-COT26,6
1298355-351-AG26,Orden de Compra generada por invitación a compra ágil: 1298355-489-COT26,4
1301883-122-SE24,MEJORAMIENTO LAVANDERÍA LAE IP LA SERENA,12
1301883-303-SE24,ARRIENDO DE RELOJES BIOMETRICOS CON INTEGRACION SIGPER P01,12
1301883-336-SE24,ARRIENDO DE RELOJES BIOMETRICOS CON INTEGRACION SIGPER P02,12
1305552-9-SE26,ORDEN DE COMPRA DESDE 1305552-11-LP25,12
1312459-47-SE26,ORDEN DE COMPRA DESDE 1312459-7-LE26PRODUCCIÓN EVENTO TRAVEÍA NADO CON ALETA N°42-NZM,4
1340-208-SE26,SERVICIO DE MANTENCIÓN CAMIONETA,4
1340-209-SE26,SERVICIO DE REPARACIÓN MAQUINARIA,4
1340-210-SE26,SERVICIO DE REPARACIÓN MAQUINARIA,4
1340-211-SE26,SERVICIO DE REPARACIÓN MAQUINARIA,4
1346279-48-TD26,Orden de Compra generada por Trato Directo ID 1346279-3-FTD26,6
1346281-70-CM26,ADQ ABARROTES ELABORACION MINUTAS IP IRC LAE IP ,6
1350296-665-SE26,CON/ ESPONJA TUBULAR ENDOSCOPIOS; ID 1350296-46-LR25; FR 2024-1665-M-41; 3DH; MES ABRIL 2026,6
1350296-830-AG26,"ADQ/ INSUMOS QUIRURGICOS PARA CIRUGÍAS TRAUMATOLOGICAS DEL HOSPITAL DE ALTO HOSPICIO, FR 2026-561 (1DH)",4
1350296-837-CM26,"ADQ/""ADQUISICIÓN DE ALIMENTOS PARA UNIDAD DE ALIMENTACION Y SERVICIO DIETETICO DE LECHE PARA HOSPITAL DE ALTO HOSPICIO; FR 2026-255; 7DH",4
1350296-840-CM26,"ADQ/""ADQUISICIÓN DE VERDURAS PARA UNIDAD DE ALIMENTACION Y SERVICIO DIETETICO DE LECHE PARA HOSPITAL DE ALTO HOSPICIO; FR2026-255; 2DH",4
1350296-847-CM26,ADQ / ADQUISICIÓN DE COMBUSTIBLE DIESEL PARA AMBULANCIAS DEL HOSPITAL ALTO HOSPICIO MAYO/ 2026-560,4
1366597-1019-SE26,MAOM-LOS TULIPANES CASINO-DEP78-ABRIL 2026,12
1366597-1021-TD26,Orden de Compra generada por Trato Directo ID 1366597-1229-FTD25,12
1366597-1022-TD26,Orden de Compra generada por Trato Directo ID 1366597-1268-FTD25,12
1366597-1031-TD26,Orden de Compra generada por Trato Directo ID 1366597-375-FTD26,12
1376-261-SE26,    ADQUISICIÓN DE MATERIALES DE CONSTRUCCION PARA REPARACION DEL MODULO Nº4 DEL C.D.P. DE VALLENAR,6
1376-265-CM26,F 77 ADQUISICIÓN DE GAS A GRANEL PARA CABAÑAS DE GENDARMERÍA PLAYA LORETO,6
1380-5683-AG26,Orden de Compra generada por invitación a compra ágil: 1380-2220-COT26,4
1380-5697-AG26,Orden de Compra generada por invitación a compra ágil: 1380-2344-COT26,6
1380-5711-AG26,Orden de Compra generada por invitación a compra ágil: 1380-2338-COT26,4
1380-5737-SE26,ORDEN DE COMPRA DESDE 1380-299-LP25,4
1380-5743-SE26,ORDEN DE COMPRA DESDE 1380-140-LQ25,4
1380-5831-AG26,Orden de Compra generada por invitación a compra ágil: 1380-2396-COT26,6
1381-293-AG26,Orden de Compra generada por invitación a compra ágil: 1381-212-COT26,4
1381-294-AG26,Orden de Compra generada por invitación a compra ágil: 1381-211-COT26,4
1381-295-AG26,Orden de Compra generada por invitación a compra ágil: 1381-197-COT26,4
1389488-132-SE26,1389488-6-R226//P02//Servicio Transporte Escolar - Linea 38 y 44,12
1389488-138-SE26,1389488-6-R226//P02//Servicio Transporte Escolar - Línea 64,12
1389488-139-SE26,1389488-6-R226//P02//Servicio Transporte Escolar - Línea 14 y 21,12
1393495-249-AG26,SC-42395/35470-8/JUNJI/ADQ. MATERIAL DIDACTICO/ESF,6
1398-524-SE26,ORDEN DE COMPRA DESDE 1398-37-L126,6
1398-537-AG26,Orden de Compra generada por invitación a compra ágil: 1398-189-COT26,4
1398-538-AG26,Orden de Compra generada por invitación a compra ágil: 1398-190-COT26,4
1398-547-CM26,Orden de Compra: 1398-547-CM26,4
1398-550-AG26,Orden de Compra generada por invitación a compra ágil: 1398-130-COT26,4
1398-551-AG26,Orden de Compra generada por invitación a compra ágil: 1398-129-COT26,4
1398-552-AG26,Orden de Compra generada por invitación a compra ágil: 1398-128-COT26,4
1403-331-CM26,Compra de abarrotes del CCP de Coyhaique,6
1411-1195-CM26,COLINA 1 COMPRA PARA ENTREGA PARCIALIZADA EN MES DE MAYO 2026,12
1411-1213-CM26,COLINA I COMPRA PARA ENTREGA PARCIALIZADA EN MES MAYO 2026,12
1411-1214-CM26,COLINA 1 COMPRA PARA ENTREGA PARCIALIZADA EN MES DE MAYO 2026,12
1411-1223-CM26,COLINA I COMPRA PARA ENTREGA PARCIALIZADA EN MES DE MAYO 2026,12
1411-1224-CM26,COLINA I COMPRA PARA ENTREGA PARCIALIZADA EN MES DE MAYO 2026,12
1411-893-CM26,COLINA I COMPRA PARA ENTREGA PARCIALIZADA EN MES DE ABRIL,12
1411-922-CM26,COLINA 1 COMPRA PARA ENTREGA PARCIALIZADA EN MES DE ABRIL 2026,12
1411-947-CM26,COLINA 1 COMPRA PARA ENTREGA PARCIALIZADA EN MES DE ABRIL 2026,12
1413-361-AG26,CCP OSORNO ADQUIERE INSUMOS PARA PROGRAMA PRIVADOS DE LIBERTAD Orden de Compra generada por invitación a compra ágil: 1413-130-COT26,6
1413-371-AG26,CP PTO MONTT ADQUIERE MATERIALES ESCOLARES PARA LA SS.JJ POR COMPRA ÁGIL N° 1413-134-COT26,6
1417913-307-AG26,SUMINISTRO E INSTALACIÓN DE ESTABILIZADO COMPACTADO PARA PISO EN SECTOR LOS VERDES DE CORMUDESI 1417913-118-COT26,6
1422039-138-AG26,Orden de Compra generada por invitación a compra ágil: 1422039-133-COT26,6
1422824-1094-CM26,(LER( BOBINAS ESTERILIZACION CON Y SIN FUELLE STOCK PARA 2 MESES,12
1422824-1165-CM26,(LER) TOALLA INTERDOBLADA STOCK PARA 2 MESES,12
1422824-1168-CM26,(LER) PAPEL HIGENICO PARA 2 MESES,12
1422824-1261-CM26,(LER) SERVILLETAS CORRIENTES STOCK PARA 5 MESES,12
1422824-1355-AG26,"(ETL)1422824-875-COT26 APÓSITO 25X40 CMS, doble empaque de papel bilaminado[225P1039] SOLICITADO POR ESTERILIZACION",6
1422824-1363-CM26,(LER) WYPALL AREA CLINIC APARA 2 MESES,12
1422824-856-CM26,(LER) CONGELADOS UCA ABRIL,12
1422825-870-SE26,(RCP) Servicio de traslado de funcionarios (UHD)	,12
1426098-115-CM26,P.02 REQ. 09 LAE IP CONCEPCION // COMPRA MENSUAL DE FRUTAS Y VERDURAS,6
1430707-1748-AG26,REQUERIMIENTO UNIDAD DE MEDICINA FISICA Y REHABILITACION,6
1430707-1802-AG26,GASA NO TEJIDA 10 X 10 CM STOCK MAYO 2026,6
1430707-1808-AG26,CANULA TRAQUEOTOMIA STOCK MAYO 2026,4
1430707-1809-SE26,INSUMO STOCK MAYO 2026,4
1430709-105-AG26,ADQUISICION DE EXAMEN AMBULATORIO,4
1430709-106-AG26,ADQUISICION DE EXAMENES DE LABORATORIO,4
1430709-107-AG26,ADQUISICION DE EXAMENES DE LABORATORIO,4
1432083-820-AG26,"DC,SEP, RBD 7031, ADQ SALIDA PEDAGOGICA 2208999: 1432083-400-COT26",12
1432083-889-AG26,"CSF, RBD 6953, S.C. 1669, SEP, MICROSCOPIOS, 29-05-999, ESCUELA RURAL EL SALTO DE LOS LAGOS,compra ágil: 1432083-425-COT26",6
1432083-924-AG26,"AN, RBD 36131, S.C. 1196, FAEP, CUNAS NORMATIVAS, 2904999, J.I. Y S.C. PESCADORES DE SUEÑOS, NIEBLA, VALDIVIA.",6
1432083-943-CM26,"DC, RBD 6853, SC 1736, ADQ COMBUSTIBLE LEÑA 2204999999: 1432083-943-CM26",6
1434-78-CM26,Orden de Compra: 1434-78-CM26,6
1439285-39-AG26,N° 51 MAIS ,6
1461054-152-AG26,CONTRATO SERVICIO INTERNET EMPRESA FIBRA OPTICA PARA COLEGIO DE LA HIGUERA-compra ágil: 1461054-138-COT26,4
1465-170-AG26,AG MASCARILLA ALTA CONCENTACIÓN PEDIATRICA ( BOLSA RESERVORIO Y MASCARILLA VENTURI PEDIATRICA,6
1469-1078-AG26,20-41298 ADQUISICIÓN DE ABARROTES Y ARTÍCULOS DE LIMPIEZA: 1469-1209-COT26,6
1480067-52-AG26,"PTR N° S - 55.  -ID: 1480067-36-COT26. -SIMINISTRO DE INSUMOS MEDICOS PARA CESFAM , POR UN PERIODO DE 12 MESES.",6
1480972-160-AG26,P02-CSS-MATERIALES ELECTRICOS TP LICEO MANNHEIM-RBD-1895-3,12
1480972-69-AG26,"P02-CSS-INSUMOS DE IMPRESION ESC. DIEGO PORTALES, RBD 1970-4, VILLA ALEMANA",12
1497-60-AG26,Orden de Compra generada por invitación a compra ágil: 1497-51-COT26,6
1499-11083-CM25,ALARGADOR VENOSO,12
1499-1265-SE26,JGS PROGRAMACION HEMODINAMIA MARZO,12
1499-1674-SE26,AOH Regularización Dispositivo Hemodinamia,12
1499-2049-CM26,JGS GASA (BODEGA),12
1499-2094-CM26,JGS NUTRICION  ,12
1499-2104-SE26,EML TIMOGLOBULINA 25 MG.,12
1499-2156-CM26,RSS PROGRAMACIÓN ABRIL ALIMENTACION 1499-2156-CM26,12
1499-2314-SE26,RSS CANULAS (PABELLÓN),12
1499-2360-CM26,JGS NUTRICION,12
1499-2406-AG26,JGS CAJA PARA PROTESIS DENTAL,12
1499-2408-SE26,EML REGULARIZACIÓN HEMODINAMIA,12
1499-2409-SE26,EML REGULARIZACIÓN HEMODINAMIA,12
1499-2410-SE26,EML REGULARIZACIÓN HEMODINAMIA,12
1499-2418-SE26,EML REGULARIZACIÓN HEMODINAMIA,12
1499-2472-SE26,JGS NUTRICION,12
1499-2474-SE26,JGS NUTRICION,12
1499-2476-TD26,Orden de Compra generada por Trato Directo ID 1499-6-FTD25,12
1499-2477-TD26,Orden de Compra generada por Trato Directo ID 1499-17-FTD26,12
1499-2480-SE26,AOH Insumos Pabellon,12
1499-2481-SE26,AOH Insumos Pabellon,12
1499-2487-SE26,RSS INSUMOS DE BODEGA,12
1499-2516-SE26,AOH Medicamento Urgente,12
1499-2534-SE26,JGS LABORATORIO DE BIOLOGÍA MOLECULAR,6
1499-2535-SE26,EML INSUMOS DE PABELLON,6
1499-2536-SE26,JGS LABORATORIO BIOLOGÍA MOLECULAR,6
1499899-105-CM26,"Lácteos, minuta de Mayo 2026, centros IP-IRC Y LAE-IP SRJ Limache ",12
1499899-109-CM26,"Abarrotes minuta de Mayo 2026,centros IP-IRC Y LAE-IP SRJ Limache ",12
1499899-36-AG26,Servicio Limpieza cámara desgrasadora IP IRC / LAE IP Limache,12
1499899-96-CM26,"Carnes y embutidos, minuta de Mayo 2026, centros IP-IRC Y LAE-IP Limache SRJ Limache",12
1499899-97-AG26,Equipamiento centrales de alimentaciòn centros IP-IRC y LAE IP Limache SRJ V,12
1514-1810-AG26,Orden de Compra generada por compra ágil: 1514-240-COT26  Mantenimiento electrico camioneta,4
1514-1822-AG26,Orden de Compra generada por compra ágil: 1514-241-COT26 Adquisición DVR,4
1514-1832-SE26,Mantenimiento preventivo Refrigeradores.,4
1514-1854-SE26,PAN ABRIL,4
1514-1855-SE26,ORDEN DE COMPRA DESDE 1514-81-LE24,4
1514-1856-SE26,RESONANCIAS AMBULATORIAS ABRIL,4
1514-1859-CM26,Orden de Compra: 1514-1859-CM26,4
1523-783-AG26,Orden de Compra generada por invitación a compra ágil: 1523-357-COT26,9
1523-784-AG26,Orden de Compra generada por invitación a compra ágil: 1523-391-COT26,9
1526410-27-AG26,QUÍMICOS PARA CALDERA VAPOR,6
1540-1077-AG26,"1540-619-COT26 CIRCUITO HUMIDIFICACION ACTIVA, ADULTO/PEDIATRICO. STOCK 3 MESES. MAYO 2026. FARMACIA",6
1540-1121-SE26,1540-42-LP25 CONVENIO SUMINISTRO MEDICAMENTOS CARDIOVASCULAR. STOCK 3 MESES. MAYO 2026. FARMACIA,5
1549-1872-CM26,PAC ANUAL (224-9103) 42292904	STAPLER CURVO CORTANTE 40MM,6
1549-1937-AG26,"PAC/ MENOR A 100 UTM. SE SOLICITA TONER BROTHER TN 219 CYAN/ TONER BROTHER TN 219 AMARILLO/ TONER ORIGINAL HP LASERJET 414A MAGENTA W2023A/ TONER HP 89A NEGRO/ TONER HP 215A NEGRO, 1549-1818-COT26",6
1549-1962-AG26," 231-0155 PUTTY 10CC JERINGA / 231-0145 PUTTY 2,5 CC: 1549-1821-COT26",6
1549-1963-AG26," 231-0145 PUTTY 2,5 CC // ADJUNTAR FICHA TECNICA CON ESPECIFICACIONES, COTIZACIÓN, INSUMO DEBE ESTAR EVALUADO POR EL HOSPITAL SAN JOSÉ.  1549-1822-COT26",6
1552-181-AG26,MICROFONO INALÁMBRICO DIGITAL COMPACTO - CA: 1552-58-COT26,6
1552-5256-SE25,"INFRAESTRUCTURA DE TELECOMUNICACIONES, INSTALACIÓN Y CONFIGURACIÓN",12
1554-729-AG26,REQUERIMIENTO LAMINAS DE MOLTOPREM  1554-211-COT26,6
1554-752-AG26,REQUERIMIENTO BALDES ESCURRIDOR 1554-233-COT26,6
1555-1797-CM26,APOSITO SACRO ESPUMA HIDROCELULAR MULTICAPA 16-18 X 18-20 CM,6
1555-1808-AG26, CAPTOPRIL JBE,4
1556-102-AG26,Orden de Compra generada por invitación a compra ágil: 1556-46-COT26 Adquisición de Material de Oficina ,12
1556-99-CM26,Orden de Compra: 1556-99-CM26 Adquisición de Cárneos ,12
1558-148-AG26,Compra de insumos para aseo,6
1558-149-AG26,Insumos para oftalmología,6
1562-134-AG26,MANTENCIÓN Y DIAGNÓSTICO DE CINCO (5) MICROSCOPIOS PETROGRAFICOS Y UNA (1) LUPA BINOCULAR. Orden de Compra generada por invitación a compra ágil: 1562-22-COT26,12
1562-276-CM25,MANTENIMIENTO Y SOPORTE EVOLUTIVO DEL GESTOR FORMATIVO EN LA PLATAFORMA MOODLE,12
1593-156-CM26,Adquisición de materiales de aseo y limpieza / CBS-6685-2026,12
1593-162-CM26,Adquisición de materiales de aseo y limpieza Zona Centro-Sur / CBS-6688-2026,12
1593-163-CM26,Adquisición de materiales de aseo y limpieza OR Arica/Tarapacá / CBS-6689-2026,12
1593-165-CM26,Adquisición de materiales de aseo y limpieza OR Magallanes / CBS-6695-2026,12
1593-167-CM26,Adquisición de materiales de aseo y limpieza OR Aysén / CBS-6694-2026,12
1593-168-CM26,Adquisición de materiales de aseo y limpieza OR Araucanía / CBS-6692-2026,12
1593-169-CM26,Adquisición de materiales de aseo y limpieza OR Coquimbo / CBS-6696-2026,12
1593-170-CM26,Adquisición de materiales de aseo y limpieza OR Los Ríos/Los Lagos / CBS-6693-2026,12
1593-171-CM26,Adquisición de materiales de aseo y limpieza OR Antofagasta/Atacama / CBS-6690-2026,12
1618-133-SE26,Digitalización Indexación Backup DocuWare abr 2026,6
1618-134-SE26,Soporte y mantención DocuWare abr 2026,6
1622-582-CM26,VENDA 3M SISTEMA COMPRESIVO 2094N COBAN 2.,6
1627-607-SE26,ORDEN DE COMPRA DESDE 1627-13-LE26,6
1641-13293-CM26,MVU/2026 -  1641-13293-CM26 - VARIOS INSUMOS,12
1641-13332-SE26,MVU/2026 - JERINGA INSUFLADORA PARA ANGEOPLASTIA CORONARIA (PTCA) - 1641-298-LP24.,12
1641-13700-AG26, amv/ 02-001-004-0047 Colchones 1 plaza Orden de Compra generada por invitación a compra ágil: 1641-2293-COT26,12
1641-13730-AG26, amv/ CIRCUITO DESECHABLE P/CUNA DE PROCEDIMIENTO REF. 900RD010 Orden de Compra generada por invitación a compra ágil: 1641-2345-COT26,12
1641-13816-AG26,MVU/2026 -a compra ágil: 1641-2350-COT26 - TOALLITA DESECH.CLORHEXIDINA 2% ALCOH. USO EN PIEL.,12
1641-13909-AG26,amv/ REMOVEDOR DE OXIDO P/ INSTR .DE ACERO INOX. FR 85 G Orden de Compra generada por invitación a compra ágil: 1641-2454-COT26,12
1641-13926-AG26,MGM CP 05/2026 COPELAS DESECHABLES  a compra ágil: 1641-2424-COT26,6
1641-13944-AG26, amv/ CASSETTE DE TINTA HAWO MADEGOM Orden de Compra generada por invitación a compra ágil: 1641-2444-COT26,12
1641-13974-AG26,MVU/2026 -PROGRAMA MAYO 2026 - a compra ágil: 1641-2312-COT26 - BANDEJA SUTURA.,6
1642-421-AG26,FARMACOS VARIOS PAC: 1642-270-COT26,5
1643-1075-AG26,Adquisición de Suturas Sintéticas con Despacho Incluido: 1643-544-COT26,4
1656-143-SE25,SERVICIO DE TRANSPORTE DE PERSONAS PARA USO DESDE 1656-17-LE25,12
1656-337-SE25,SERVICIO DE TRANSPORTE DE PERSONAS (1656-37-LP25),12
1656-42-CM26,VALE CARGA GAS 5K Y 15 K,12
1656-45-SE26,ARRIENDO CILINDRO DE GAS LABORATORIO MARZO-ABRIL 2026,12
1658-1205-CM26,Orden de Compra: 1658-1205-CM26  SOLI. NRO. 3  Carga gas granel,6
1658-1225-AG26,Orden de Compra generada por invitación a compra ágil: 1658-517-COT26,6
1662-565-AG26, MANTENIMIENTO PREVENTIVO DE LIMPIEZA DE PLANTA ELEVADORA,12
1662-768-AG26,COMPRA DE DISPENSADOR DE MASCARILLA DIALISIS,12
1662-769-AG26,COMPRA DE TONER Y TINTA DIALISIS,12
1662-827-SE26,COMPRA GUANTE PARA EXAMEN DE NITRILO DIALISIS,12
1662-828-SE26,COMPRA FILTRO AGUA ULTRA PURA DIASAFE PLUS DIALISI,12
1662-890-AG26,COMPRA DE MEDIAS ANTIEMBOLIA,6
1687-16-TD26,Orden de Compra generada por Trato Directo ID 1687-6-FTD26,6
1691-783-AG26,JMSS - REPOSICIÓN DE INSUMOS CLÍNICOS,4
1691-784-AG26,JMSS - REPOSICIÓN DE INSUMOS CLÍNICOS,4
1691-785-AG26,JMSS - REPOSICIÓN DE INSUMOS CLÍNICOS,4
1691-794-AG26,JMSS - REPOSICIÓN DE INSUMOS CLÍNICOS,6
1691-833-AG26,JMSS - 1691-592-COT26,4
1691-850-AG26,JMSS - REPOSICIÓN DE INSUMOS CLÍNICOS - 1691-567-COT26,4
1692-118-AG26,SERVICIO DE AUXILIAR DE ASEO PARA POSTA DE SALUD RURAL DE VILLA O´HIGGINS POR 10 MESES,12
1692-51-AG26,COMPRA DE SERVICIO DE AUXILIAR DE ASEO PARA POSTA DE SALUD RURAL DE BERTRAND POR 11 MESES,12
1704-2466-AG26,"TUBO ENDOTRAQUEAL C/ESPIRAL 7,5 a compra ágil: 1704-1597-COT26",6
1704-2485-SE26,ARRIENDO DE SERVIDOR DE CONTINGENCIA PARA EL HOSPITAL BIPROVINCIAL QUILLOTA PETORCA MES DE ENERO 2026,6
1704-2489-SE26,ARRIENDO DE SERVIDOR DE CONTINGENCIA PARA EL HOSPITAL BIPROVINCIAL QUILLOTA PETORCA MES DE FEBRERO 2026,6
1704-2492-SE26,ARRIENDO DE SERVIDOR DE CONTINGENCIA PARA EL HOSPITAL BIPROVINCIAL QUILLOTA PETORCA MES DE MARZO 2026,6
1704-2493-SE26,ARRIENDO DE SERVIDOR DEARRIENDO DE SERVIDOR DE CONTINGENCIA PARA EL HOSPITAL BIPROVINCIAL QUILLOTA PETORCA ABRIL 2026,6
1704-2502-AG26,TUBOS DE INSUFLACION C/FILTRO PARA CO2 a compra ágil: 1704-1601-COT26,6
1704-2509-SE26,ORDEN DE COMPRA DESDE 1704-35-LQ24 FEBRERO 2026	,6
1704-682-SE26,ORDEN DE COMPRA DESDE 1704-35-LQ24	ENERO 2026,6
1725-300-AG26,SOLICITUD COMPRA 10.2/446 -  ADQUISICION MATERIALES PARA ACTIVIDAD CENTEX -ID compra ágil: 1725-70-COT26,6
1741-148-AG26,ROUTER - INFORMATICA N° 10,6
1746-94-AG26, 1746-76-COT26 INSTALACIÓN ELECTRICA MENOR  P. 174 UEYDME,6
1754-345-AG26,"MANTENCIONES, REPUETSOS Y REPARACIONES FLOTA DE VEHICULOS DEPSAL: 1754-300-COT26",4
1755-80-SE26,SERVICIO DE CATERING. FORTALECER EL MONITOREO Y LA ARTICULACIÓN DE LOS PLANES PROVINCIALES DE INNOVACIÓN EDUCATIVA. SOL030_EDUC26_JCC,12
1755-81-CM26,20 VALES DE CARGAS DE GAS DE 15KG. IMPLEMENTAR PROYECTOS DE A.T.P A E.E EPJA SAAT 2026. SOL05_EDUC26_CMC.,12
1755-88-CM26,Vales de gas. SOL8_EDUC26_JMC,12
1755-91-CM26,VALES DE GAS DE 15KG. IMPLEMENTAR PROYECTOS DE A.T.P A E.E EPJA SAAT 2026. LICEO CLAUDINA URRUTIA DE CAUQUENES. SOL028_EDUC26_JCC,12
1756-17-AG26,Orden de Compra generada por invitación a compra ágil: 1756-7-COT26,6
1758-44-CM26,Orden de Compra: 1758-44-CM26,6
1759-51-CM26,Orden de Compra: 1759-51-CM26,12
1759-52-TD26,Orden de Compra generada por Trato Directo ID 1759-32-FTD26,4
1759-53-AG26,MEMO 6 INSUMOS ESPECIALIDAD CEIA JVC,4
1774-52-SE26,Servicio de arriendo de impresora multifuncional,4
1776-36-TD26,Orden de Compra generada por Trato Directo ID 1776-15-FTD26,4
1801-53-AG26,"Desratización, desinfección, desinsectación y control de plagas Hogares Indígenas",12
1805-5-SE26,BODEGAJE MAGALLANES,12
1854-2-AG26,Orden de Compra generada por invitación a compra ágil: 1854-3-COT26,4
1867-52-SE26,ADQUISICION DE INSUMOS COMPUTACIONALES ,6
1867-56-SE26,SERVICIO DE MANT PREV. Y CORREC. 15 VEHICULOS DGMN,6
1879-37-SE23,ORDEN DE COMPRA DESDE 1879-1-LQ23,12
188-316-AG26,Orden de Compra generada por invitación a compra ágil: 188-207-COT26,6
1947-2189-SE26,"221 - ADQUISICIÓN POR VENDAS ALGODON PARA YESO 10 CMS., 15CMS. Y 20CMS. - MAYO - UNIDADES VARIAS - BCZ",6
1952-1192-SE26,1952-221-LP23 MANTENCION CORRECTIVA AMBULANCIA,12
1952-1236-SE26,1952-221-LP23 MANTENCION PREVENTIVA AMBULANCIA 2/26 SG,12
1952-2375-CM25,1952-2375-CM25  INSUMOS DE ASEO ,12
1953-202-SE26,501/ CONTRATACIÓN SERVICIO ASEO UNIDADES VALPARAÍSO DESDE 1953-65-LP25 PARA EL C.R.S. QUILLOTA Y SU ANEXO AÑO 2026,12
1953-788-CM26,502/adquisición de viveres para el CPV,6
1965-190-CM26,CP COMPRA DE ALIMENTOS CONGELADOS ABRIL,12
1965-198-CM26,CP PTA ARENAS COMPRA DE ALIMENTOS MES ABRIL,12
1965-213-AG26,CP PTA ARENAS COMPRA CHOCLO TROZO Y PASTA DE CHOCLO CONG MES ABRIL 1965-116-COT26,12
1966-3-CM26,Orden de Compra: 1966-3-CM26,4
1968-1031-CM26,Orden de Compra: 1968-1031-CM26  DE GAS LICUADO PARA EL CDP DE TRAIGUEN REGION DE LA ARAUCANIA,6
1968-1032-CM26,"CCP DE VICTORIA, Adquisición de gas licuado a granel para Centro de Cumplimiento Penitenciario de Victoria, Región de la Araucanía",6
1968-1045-CM26,"CCP de Victoria, Adquisición de lácteos para el Centro de Cumplimiento Penitenciario de Victoria de Gendarmería de Chile-Región de la Araucanía.-",6
1968-1047-CM26,"CCP de Victoria, Adquisición de productos cárnicos para el CCP de Victoria Región de La Araucanía",6
1969-469-CM26,ABARROTES PARA EL CDP MULCHEN Orden de Compra: 1969-469-CM26,4
1969-470-SE26,MANTENCIÓN EQUIPAMIENTO DENTAL MULCHÉN,6
1987-1-AG26,COMPRA AGIL 1987-51-COT25 SERVICIO DE INTERNET OF. COMUNAL DE CONTAO,12
2013-719-AG26,Orden de Compra generada por invitación a compra ágil: 2013-468-COT26,6
2036-55-SE26,Res.compra N°52 C.A.  Arriendo de computadores Enero - Junio 2026,12
2042-148-AG26,Orden de Compra generada por invitación a compra ágil: 2042-148-COT26,4
2048-710-TD26,Orden de Compra generada por Trato Directo ID 2048-175-FTD26,12
2059-205-CM26,Gas a granel semana del 04-05-26 2059-205-CM26,6
2059-206-CM26,gas a granel semana del 04-05-26 2059-206-CM26,6
2069-3683-SE26,MLB-FC-SUMINISTRO DE INSUMOS VARIOS PARA ESTERILIZACION,4
2069-3684-SE26,MLB-FC-SUMINISTRO DE INSUMOS VARIOS PARA ESTERILIZACION,4
2069-4041-TD26,Orden de Compra generada por Trato Directo ID 2069-144-FTD26,4
2069-4048-TD26,Orden de Compra generada por Trato Directo ID 2069-145-FTD26,4
2069-4117-SE26,IGS-CP-052026-DEUDA PROGRAMA LABORATORIO CENTRAL 2026,4
2069-4118-SE26,IGS-CP-052026-PROGRAMA LABORATORIO MAYO 2026,4
2080-3871-SE26,ENTERALES ADICIONAL MAYO,12
2085-363-CM26,Gas Para Caldera H. Traiguen ,6
2090-253-CM26,Orden de Compra: 2090-253-CM26,6
2098-847-SE26,KMS-LQ; SUPLEMENTOS NUTRICIONALES PARA SEDILE,6
2099-169-SE26,CONV. SUM. SERVICIOS DE IMPRESIÓN A TRAVES DE ARRIENDO DE IMPRESORAS MULTIFUNCIONALES DEPARTAMENTALES CORRESPONDIENTE AL COSTO FIJO DESDE PERIODO DEL 01 AL 31  MAYO 2026,4
2099-170-TD26,Orden de Compra generada por Trato Directo ID 2099-72-FTD26,4
2103-253-SE26,"FURGON VISITAS DOMICILIARIAS MES DE ABRIL  2026, HOSPITAL LONQUIMAY ARRIENDO MENSUAL DE FURGON, INCLUYE COMBUSTIBLE, MANTENCIONES Y CHOFER, LICITACIÓN 2103-15- LE23",4
2103-254-SE26,"Servicio de mantención ascensores mes de abril 2026, Hospital de Lonquimay",4
2103-258-CC26,"TEST MES DE DICIEMBRE (26 de marzo al 25 de abril 2026) GALENICA, HOSPITAL LONQUIMAY",4
2103-269-AG26," ADQUISICION DE INSUMOS PARA SERVICIO DE KINESITERAPIA, (CINTAS DE FIJACION,COMPRESA GEL) HOSPITAL DE LONQUIMAY",4
2103-270-AG26,"ADQUISICION DE SECADORES DE MANO ELECTRICOS, HOSPITAL LONQUIMAY",4
2103-271-SE26,"Convenio de suministro, Carnes para pacientes, MES DE ABRIL 2026 , Hospital de Lonquimay",4
2103-274-SE26,"ADQUISICION DE INSUMOS UNIDAD DE UCP, MES DE ABRIL  2026, HOSPITAL DE LONQUIMAY",4
2103-275-SE26,"Convenio Suministro, unidad administracion. Mes de abril 2026, Hospital de Lonquimay",4
2103-276-AG26,"ADQUISICION DE MATERIAL DE OFICINA, HOSPITAL DE LONQUIMAY",4
2103-277-AG26," ADQUISICION DE INSUMOS DE ASEO, HOSPITAL DE LONQUIMAY",4
2103-278-SE26," ADQUISICION DE INSUMOS DE LABORATORIO , HOSPITAL LONQUIMAY",4
2109-906-SE26,CINTA CONTROL.,6
2109-907-SE26,ROLLOS QUIMICOS (2109-4-LP23).,6
2111-8715-AG26,0056010262 - TIMBRE FOLIADOR S-409 compra ágil: 2111-636-COT26,6
2115-345-AG26,Baterías - Desde 2115-129-COT26,4
2122-34-AG26,COMPRA DE MATERIALES DE OFICINA (FUNCIONAMIENTO),12
2122-60-CM26,COMPRA DE PASAJES AEROS EXPOSITOR (PUEBLO INDIGENA),12
2132-107-SE26,Servicio externo de Fiscalización en Terreno,6
2140-374-SE26,"Pasaje usuario AGKCKY-AHMTLS-AIJKHC, Tramo Pto Montt-Chaitén, Hospital Futaleufú",4
2145-369-TD26,Orden de Compra generada por Trato Directo ID 2145-123-FTD26,12
2153-317-SE26,CURSOS DE CAPACITACION RES 268 DESDE 2153-26-LE26,6
2170-322-AG26,MATERIALES DE ESCRITORIO Y PAPELERIA PARA STOCK BODEGA. ABRIL 2026 3 PARTE,6
2179-72-SE26,SERVICIO TRANSPORTE JUZGADOS CIVILES Y CAPJ MARZO,12
2184-127-SE26,Mantenimiento Vehículo Placa FKPX-41 ,6
2184-135-CM26,Carga de tarjetas electrónicas de combustible para la Iltma. Corte de Apelaciones de San Miguel - Mayo 2026,4
2199-258-AG26,LIDOCAINA 2% AMPOLLA,4
2199-259-AG26,METAMIZOL 300 MG COMPRIMIDO,4
2199-260-AG26,INSULINA CRISTALINA FRASCO,4
2199-261-SE26,SERVICIO DE ASEO ABRIL 2026,4
2199-262-SE26,INSUMOS SERVICIO DE ASEO ABRIL 2026,4
2200-147-CM26,RECARGA DE ALIMENTACION PARA JORNADAS DE FORMACION DE SALUD MENTAL - DSM,4
2201-294-AG26,JABON BALSAMICO 800CC ágil: 2201-178-COT26,6
2202-447-SE26,ORDEN DE COMPRA DESDE 2202-18-L126,12
2202-491-AG26,Orden de Compra generada por invitación a compra ágil: 2202-169-COT26,12
2205-63-AG26,LIMPIADOR DE HERIDAS compra ágil: 2205-51-COT26,6
2229-44-TD25,Orden de Compra generada por Trato Directo ID 2229-22-FTD25,12
2229-71-SE24,SERVICIO DE DEFENSA PENAL PÚBLICA RPA ZONA 3 RPA LAD-SFP,12
2258-3624-SE26,Alergenos Funcion pulmonar,12
2258-3776-CM26,Pasajes aereos: 2258-3776-CM26,6
2258-3777-CM26,Pasajes aereos: 2258-3777-CM26,6
2258-3778-SE26,LENTES MULTIPIEZA BAJA DIOPTRIA,4
2270-56-AG26,Exp. 35005 Adquisición examen toxicológico,4
2273-250-AG26,EX. 3165  ONCES PARA CLUBES DE PERSONAS MAYORES  a compra ágil: 2273-225-COT26  MEMORANDUM 10545  SGL.,6
2281-185-AG26,"S.P 377 ADQUISICION DE INTEGRAL FINO 2"" Y RIPIO INTEGRAL CHANCADO 2"" PARA EL DPTO TERRITORIAL DE LA COSTA Orden de Compra generada por invitación a compra ágil: 2281-192-COT26",12
2284-354-AG26,CAPACITACION HUMANIZACION DEL TRATO USUARIOS INTERNOS Y EXTERNOS EN APS - SOLICITUD N° 5911-2026 DESDE COMPRA AGIL 2284-273-COT26,6
2284-355-AG26,GIFTCARD PARA BIENESTAR — SOLICITUD Nº 5918,4
2292-6475-SE26,RECARGAS DE OXIGENO MEDICO CONV SAPU JULIO CONTARDO (PEDIDO 939)(SMV),4
2306-152-AG26,"SERVICIO CAPACITACION PARA PROFESORES JEFES DEL LICEO BICENTENARIO INSTITUTO COMERCIAL DE OSORNO: 2306-131-COT26, FONDOS SEP.",12
2306-272-AG26,"ADQUISICION MATERIALES DE TECNOLOGIA PARA ALUMNOS ESCUELA RURAL FORRAHUE, FONDOS SEP; compra ágil: 2306-218-COT26.",6
2307-434-SE26,"Exámenes Química, Clínica y Hormonas - MARZO 2026 (JDG)",4
2307-503-SE26,Servicio de confección de prótesis - Marzo 2026 (JDG),4
2307-513-SE26,Reparación Puerta CESFAM Pedro Jáuregui Cotización N°480 (JDG),4
2307-514-SE26,Reparación Puerta CESFAM V Centenario - Cotización N°481 (JDG),4
2307-515-SE26,Mantención ZX - RKZZ67 - Cotización N°0203 (JDG),4
2307-517-CM26,Apósito cranberry espuma hidrofílica (Req. N° 3.643)(DMH),4
2307-519-CM26,Agujas ultra-fine y vacutainer (Req. N 3.643)(DMH),4
2307-524-SE26,Mantención Preventiva Termos de agua caliente - Cotización N°488 (JDG),4
2307-529-CM26,ADQUISICIÓN DE ARTÍCULOS DE ASEO (REQ. N°3645) CBS,4
2307-530-AG26,ADQ. DE AMLODIPINO PARA U. DE DROGUERIA (REQ.3636) CAO,4
2307-531-AG26,ADQ. DE CALCIO PARA APS (REQ.3579) CAO,4
2310-276-SE26,SUMINISTRO LIMPIA FOSAS- MEMO N°3- ASESOR SEGURIDAD (Buena Paz),6
2311-146-SE26,ORD DESDE 2311-63-LE25 PRESUPUESTO N°1469,4
2322-299-AG26,Orden de Compra generada por invitación a compra ágil: 2322-227-COT26.  Adquisición premios para Campeonato Ajedrez Mes del Mar,6
2328-368-AG26,ADQUISICION DE INSUMOS COMPUTACIONALES ESCUELA ESPAÑA.FICHA  23150,12
2328-372-AG26,Orden de Compra generada por invitación a compra ágil: 2328-283-COT26 LAS CAMELIAS -TINTAS Y CARTUCHOS F 23190,12
2328-380-AG26,Orden de Compra generada por invitación a compra ágil: 2328-273-COT26 LICEO ANDRES BELLO - INSUMOS LABORATORIO CIENCIAS F 23195 ,12
2328-398-SE26,ADQUISICION DE TONER Y TINTAS PARA JARDINES INFANTILES.FICHA 22837,12
2328-399-SE26,ADQUISICION DE TONER Y TINTAS PARA JARDINES INFANTILES.FICHA 22837,12
2328-403-AG26,"ADQUISICION DE CAMARA, TRIPODE, MICROFONOS, TARJETA MEMORIA, BOLSO, TALLER AUDIOVISUAL, ESCUELA TRAPEN/DAEM 23240",12
2337-34-AG26,Orden de Compra generada por invitación a compra ágil: 2337-4-COT26,6
2348-208-SE26,PAPEL FOTOCOPIA,12
2371-140-AG26,"SP-206 EXP. 5261 compra ágil: 2371-158-COT26, ADQUISICION MATERIALES DE OFICINA, PROG. DIDECO.",6
2378-134-CM26,Orden de Compra: 2378-134-CM26,5
2381-555-SE26,ORDEN DE COMPRA DESDE 2381-15-LE26,9
2385-308-AG26,Materiales de Aseo compra ágil: 2385-216-COT26,4
2387-206-AG26,Orden de Compra generada por invitación a compra ágil: 2387-131-COT26,4
2393-558-AG26,Orden de Compra generada por invitación a compra ágil: 2393-619-COT26,6
2403-203-SE26,Pago honorarios de cobranza. F 2411,6
2403-208-SE26,"Reembolso gastos judiciales, formulario interno Nº 2016",6
2403-209-SE26,Pago honorarios de cobranza. Factura N°519,6
2404-566-SE26,PAC N°59 NP 89 DIDECO ADQ DE PAÑALES Y SABANILLAS,4
2407-275-AG26,"MANTENCION PARA VEHICULOA MUNICIPALES, JXTC-83 / JXTC8-84 SP 222 - IDDCO 260916",4
2408-344-CM26,Orden de Compra: 2408-344-CM26,5
2409-302-AG26,IMPLEMENTOS Y MAQUINARIA PARA TALLER DE ACONDICIONAMIENTO FISICO LICEO COEDUCACIONAL,6
2409-335-AG26,SERVICIO DE MANTENCIÓN DE CALDERA PARA LICEO BICENTENARIO LOS ANGELES,6
2412-273-AG26,Orden de Compra generada por invitación a compra ágil: 2412-227-COT26,6
2412-276-AG26,Orden de Compra generada por invitación a compra ágil: 2412-186-COT26,6
2422-320-AG26,SOL. ADQ. N° 945338 / COLACIONES,6
2424-561-AG26,2424-700-COT26 - 17 - 1633 - KIT DE CANDADOS MEDIANO - GRANDE,6
2424-587-AG26,SERVICIO DE PRODUCCIÓN ORQUESTA SINFÓNICA CLÁSICA JUVENIL/ PED. 31/1803 (KMGA) Orden de Compra generada por invitación a compra ágil: 2424-768-COT26,4
2432-168-CM26,SC.191 - Diesel - Depto. Movilización,12
2432-276-AG26, DIDECO-SOL-252-ALIMENTOS RUTA PROTEGE Orden de Compra generada por invitación a compra ágil: 2432-312-COT26,4
2446-476-SE26,ORDEN DE COMPRA DESDE 2446-75-LE26,6
2446-489-SE26,ORDEN DE COMPRA DESDE 2446-64-LE26,6
2453-303-AG26,"PM N°340 OC N°340 DEPTO. SERVICIOS MUNICIPALES (1 SERVICIO DE MONITOREO POR GPS, PARA 18 VEHICULOS POR UN PERIODO DE 12 MESES, SEGUN ESPECIFICACIONES EN ARCHIVO ADJUNTO)",4
2453-316-AG26,PM-355 O/C N°355(DIRECCIÓN DE OBRAS MUNICIPALES) VALLAS PEATONALES CONASET (ML),4
2455-73-CM26,VEHÍCULO TIPO SEDÁN PARA PATRULLAJE PREVENTIVO (SP N°461),6
2460-399-AG26,Provisión de bidones de agua purificada,6
2493-43-AG26,Orden de Compra generada por invitación a compra ágil: 2493-43-COT26,4
2547-93-AG26, ADQ. SILLAS DE ESCRITORIO PARA JEFE DE INFRAESTRUCTURA (FDOS EDUCACION),6
2555-67-AG26,Servicio de Flete SIC 569 SIRE 427,4
2561-131-CM26,COMPRA DE POSTRES Y ABARROTES PARA SERVICIO DE ALIMENTACION ESFORPEN ,6
2565-528-AG25,Orden de Compra generada por invitación a compra ágil: 2565-318-COT25,12
2583-210-AG26,SP 162 / DAF-RECURSOS HUMANOS/ SERVICIO DE RECLUTAMIENTO/ CFM/Orden de Compra generada por invitación a compra ágil: 2583-218-COT26,12
2585-363-AG26,"ADQ.MATERIALES DE ASEO ORD. N°154/2026, MUJER Y EQUIDAD DE GENERO, DIDECO, IMA Orden de Compra generada por invitación a compra ágil: 2585-358-COT26",6
2591-366-AG26,MATERIAL E IMPLEMENTOS DE ESTIMULACIÓN COGNITIVA,6
2591-372-AG26,Servicio de contratacion de colaciones para autocuidado fortalecimiento de herramientas para la mujer trabajadora y liderazgo municipal,6
2656-553-AG26,Orden de Compra generada por invitación a compra ágil: 2656-443-COT26,6
2663-194-SE26,Contrato adquisicion de galvanos y otros,12
2663-243-CM26,Orden de Compra: 2663-243-CM26,6
2663-246-AG26,Orden de Compra generada por invitación a compra ágil: 2663-152-COT26,4
2664-334-AG26,Orden de Compra generada por invitación a compra ágil: 2664-282-COT26,4
2667-285-SE26,TELAS PVC Y MALLA MESH OPERA LA BOHEME,4
2674-363-AG26,SACOS DE CEMENTO DE 25K PARA MEJORAMIENTO Y REPARACION DE VEREDAS: 2674-324-COT26,6
2676-278-AG26,SOPLADOR MOCHILA GASOLINA Y SOPLADOR INALAMBRICO ,6
2680-77-AG26,", ORD 84, ORS 54, ORD 06, ADQUSICION MAT MANT Y REPARACION, PRESUPUESTO JUNJI,  SUBV MANTENIMIENTO, PARA ESC NUEVA ZELANDIA, LGM, SCJIPB a compra ágil: 2680-60-COT26",6
2682-125-AG26,Mantención anual preventiva de redes húmedas,4
2686-236-AG26,ADQUISICION DE MOBILIARIO compra ágil: 2686-154-COT26,6
2688-132-CM26,Orden de Compra: 2688-132-CM26. ADQUISICION ARTICULOS DE ASEO PARA DEPENDENCIAS DEL DEPARTAMENTO DE SALUD,5
2703-343-CM26,SC 12130 Insumos odontológicos. Desp. Parcializado. Orden de Compra: 2703-343-CM26,4
2703-344-CM26,SC 12131 Insumos odontológicos. CESFAM Orden de Compra: 2703-344-CM26,4
2704-784-AG26,SC 1621 INSTALACION DE WALL PANEL compra ágil: 2704-661-COT26,6
2704-829-AG26, sc 1362 Orden de Compra generada por invitación a compra ágil: 2704-552-COT26,6
2705-590-AG26,Orden de Compra generada por invitación a compra ágil: 2705-588-COT26,4
2705-591-AG26,Orden de Compra generada por invitación a compra ágil: 2705-584-COT26,4
2723-116-SE26,"Asesoría Técnica de Obra Construcción Paseo Peatonal Linderos, Comuna de Buin",12
2727-331-AG26,LANYARDS Y PORTA CREDENCIAL PARA PROGRAMA DE CALIDAD CESFAM TERESA BALDECCHI SUAZO,6
2735-402-AG26,"Adquisición de Kit de Contención Emocional, compra ágil: 2735-305-COT26",6
2735-7-CM26,MOBILIARIO GENERAL CENTRO CÍVICO,12
2755-145-AG26," MATERIALES PARA BANQUILLO CUBIERTO PISTA ATLETICA PARQUE DYR, FOLIO 441 compra ágil: 2755-107-COT26",12
2757-180-AG26,"Adquisición de insumos médicos (bajalengua, hojas de bisturí, branula, cepillo, bowiedick, filtro viral) para red de salud de San Antonio.Orden de Compra generada por invitación a compra ágil: 2757-188-COT26",6
2757-186-AG26,Adquisición de insumos médicos (riñon estéril pulpa desechable) para red de salud de San Antonio.Orden de Compra generada por invitación a compra ágil: 2757-194-COT26,6
2765-183-AG26,Insumos y materiales para Depto emergencias compra ágil: 2765-160-COT26,6
2766-244-SE26,ORDEN DE COMPRA DESDE 2766-37-L126,6
2770-141-SE25,ORDEN DE COMPRA DESDE 2770-18-LQ25 - Contrato 54-2025,12
2770-167-TD25,Orden de Compra generada por Trato Directo ID 2770-25-FTD25,12
2770-356-SE25,ORDEN DE COMPRA DESDE 2770-164-I225 contrato 129_2025,12
2777-228-SE26,ORDEN DE COMPRA DESDE 2777-20-LR25,6
2777-252-AG26,Orden de Compra generada por invitación a compra ágil: 2777-185-COT26,6
2789-145-AG26,Orden de Compra generada por invitación a compra ágil: 2789-79-COT26,6
2789-186-AG26,Orden de Compra generada por invitación a compra ágil: 2789-119-COT26,6
2793-409-AG26,Orden de Compra generada por invitación a compra ágil: 2793-332-COT26,6
2799-431-SE26,Servicio de Publicidad y Difusión Digital Los Andes Online Abril 2026,6
2805-203-AG26,DISCO DURO EXTERNO SSD,4
2833-384-AG26,"Materiales de aseo para Colegio Santiago Escuti Orrego, Orden de Compra generada por invitación a compra ágil: 2833-344-COT26",6
2852-360-AG26,compra ágil: 2852-92-COT26 Mochilas Cert-Seguridad ,6
2852-368-TD26,Orden de Compra generada por Trato Directo ID 2852-12-FTD26,4
2854-525-SE26,COMPRA ARRIENDO SAPU MODULAR PARA POSTA NUEVA BRAUNAU,6
2859-336-AG26,ADQUISICION MATERIAL PEDAGOGICO,5
2885-229-SE26,CANASTAS DE ALIMENTOS TIPO 1,4
2885-230-SE26,CANASTAS DE ALIMENTOS TIPO 1,4
2902-235-SE26,ADQUISICION INSUMOS ALIMENTICIOS - ESCUELA RURAL AULEN,9
2902-236-SE26,ADQUISICION INSUMOS ALIMENTICIOS - ESCUELA SEMILLERO DE ROLECHA,9
2902-237-SE26,ADQUISICION INSUMOS ALIMENTICIOS - COLEGIO MAURICIO HITCHCOCK,9
2902-238-SE26,ADQUISICION COLACIONES ALUMNOS - ESCUELA CATARATAS DEL ALERCE,9
2912-211-AG26,compra ágil: 2912-175-COT26 MATERIALES DE REHABILITACIÓN,6
2916-8-TD26,Orden de Compra generada por Trato Directo ID 2916-9-FTD24,12
2923-319-AG26,Orden de Compra generada por invitación a compra ágil: 2923-291-COT26,6
2923-325-AG26,Orden de Compra generada por invitación a compra ágil: 2923-326-COT26,6
2923-329-AG26,Orden de Compra generada por invitación a compra ágil: 2923-324-COT26,6
2923-333-AG26,Orden de Compra generada por invitación a compra ágil: 2923-338-COT26,4
2926-67-AG26,Orden de Compra generada por invitación a compra ágil: 2926-65-COT26,6
2952-83-SE26,ADQUISICIÓN DE ARTÍCULOS ELECTRÓNICOS,6
2961-324-AG26,Orden de Compra generada por invitación a compra ágil: 2961-367-COT26,6
2981-293-SE26,PASAJES NACIONALES DESTINACION,12
2981-354-SE26,PASAJES NACIONALES COMETIDO FUNCIONARIO,12
2981-356-SE26,PASAJES NACIONALES DESTINACION,12
2981-384-SE26,PASAJES NACIONALES DESTINACION,12
2981-386-SE26,SEGURO INTERNACIONAL,12
2981-388-SE26,PASAJES NACIONALES COMETIDO FUNCIONARIO,12
2981-408-SE26,PASAJES NACIONALES COMETIDO FUNCIONARIO,12
2983-84-SE26,REPARACIONES CUARTEL PDI PUNTA ARENAS,6
2989-198-AG26,Orden de Compra generada por invitación a compra ágil: 2989-116-COT26,12
2989-207-AG26,Orden de Compra generada por invitación a compra ágil: 2989-124-COT26,12
2989-211-AG26,Orden de Compra generada por invitación a compra ágil: 2989-119-COT26,12
2989-212-AG26,Orden de Compra generada por invitación a compra ágil: 2989-120-COT26,12
2989-218-SE26,Servicios oxigeno medicinal mes de marzo 2026	,12
2989-242-AG26,Orden de Compra generada por invitación a compra ágil: 2989-144-COT26,4
2989-246-SE26,ORDEN DE COMPRA DESDE 2989-2-LP26,6
2989-382-AG25,Orden de Compra generada por invitación a compra ágil: 2989-217-COT25,12
2989-568-AG25,Orden de Compra generada por invitación a compra ágil: 2989-306-COT25,12
2989-706-AG25,Orden de Compra generada por invitación a compra ágil: 2989-402-COT25,12
2994-167-SE26,CONVENIO FERRETERIA 2994-16-LP26,4
2994-168-SE26,CONVENIO SUMINISTRO ARRIENDO DE FURGON,4
3014-142-AG26,ADQUISICIÓN DE GALLETAS Orden de Compra generada por invitación a compra ágil: 3014-130-COT26,4
3014-144-AG26,SERVICIOS DE PRESENTACIÓN ARTISITICA MÚSICA NORTEÑA Orden de Compra generada por invitación a compra ágil: 3014-131-COT26,4
3014-145-AG26,"ADQUISICIÓN ALIMENTOS, ACTIVIDAD CONMEMORATIVAS Orden de Compra generada por invitación a compra ágil: 3014-133-COT26",4
3017-341-AG26,Orden de Compra generada por invitación a compra ágil: 3017-333-COT26,6
3046-130-AG26,001034800801000033909012152204002000 BAM 066 CM ART ENTRENAMIENTO ETIA,4
3046-134-AG26,001034800801000033911022152204009000 BAM 061 CM INSUMOS INFORMATICOS ETIA,4
3046-135-AG26,001034800801000033911032152204999000 BAM 063 CM PILAS ETIA,4
3046-136-AG26,001034800801000033911022152204001000 BAM 028 CM ART OFICINA ETIA,4
3046-147-AG26,001034800801000033911022152204002000 BAM 060 BRUJULAS ETIA ,4
3046-148-AG26,001034800801000033911022152204002000 BAM 059 CM LIBROS ETIA,4
3046-149-AG26,001034800801000033911032152204013000 BAM 062 CM MOCHILA HIDRATACION ETIA,4
3046-152-AG26,001034180403000044199022152204013000 BAM 044 CM EXTINTORES SEI,4
3046-158-AG26,001034800801000033911012152204007000 BAM 055 CM ARTICULOS ASEO ETIA,4
3046-175-AG26,002034006001000044165012152204004000 GS-08 CA ADQ. DE PRODUCTOS FARMACEUTICOS Orden de Compra generada por invitación a compra ágil: 3046-146-COT26,4
3046-177-AG26,001034200000000011124992152204003000 G55-06-CA ADQ. DE PRODUCTOS QUIMICOS Orden de Compra generada por invitación a compra ágil: 3046-144-COT26,4
3046-178-AG26,001034220000000044199012152204012000 GBA-01-CA ADQ. DE MATERIALES Y HERRAMIENTAS Orden de Compra generada por invitación a compra ágil: 3046-147-COT26,4
3061-113-AG26,"O.C. CENMACUAR,ELEMENTOS DE PROTECCION PERSONAL",6
3065-63-SE26,ARRIENDO FOTOCOPIADORA,12
307-45-SE26,"Servicio de Almacenamiento, Marzo 2026",4
3086-545-AG26,ADQUISICION PRORRECO FF BLANCO compra ágil: 3086-429-COT26,6
3086-546-AG26,COMFUES - ADQUISICION DE HERRAMIENTAS,6
3130-5813-SE26,REPOSICIÓN REACTIVO DE LABORATORIO (31532),9
3134-40-AG26,"ESTACIÓN DE CARGA, EQUIPOS DE TC. Y KIT DE MICROFONOS",12
3134-86-AG26,ADQUISICIÓN DE EQUIPOS DE CLIMATIZACIÓN,4
3140-4625-AG26,"Orden de Compra generada por invitación a compra ágil: 3140-169-COT26, MATERIALES DE LIBRERIA",6
3145-246-CM26,500-505//001//AB4 SA N°26 ADQUISICIÓN DE GAS LICUADO GRANEL CASINO CAVANCHA DM 243953 ,6
3151-259-AG26,Orden de Compra generada por invitación a compra ágil: 3151-264-COT26,4
3151-260-AG26,Orden de Compra generada por invitación a compra ágil: 3151-255-COT26,4
3152-160-SE26,MANTENCION CORRECTIVA DE CALDERA DE CALEFACCION SE,6
3152-177-AG26,MOCHILA SANITARIA PARA SALUD MACHALI,6
3156-182-AG26,(INV.) ENSERES PARA COCINA DE GRUMETES: 3156-138-COT26,6
316-267-SE26,"P. N°675 MCR, Cambio bomba agua CCGM",6
3173-19-AG26,ADQ. MANTENIMIENTO EXTRACTORES POLÍGONO ,6
3190-99-AG26,ADQUISICION DE ARTICULOS DE OFICINA Y TIMBRES PARA LA GOBERNACION MARITMA DE SAN ANTONIO SEGUN COMPRA AGIL N°: 3190-95-COT26,6
3191-1614-SE26,CS (CON) ADQUISICIONES DE INSUMOS CLÍNICOS ,12
3191-2158-AG26, AG (FAR1) PRODUCTOS FARMACÉUTICOS:3191-339-COT26,5
3196-114-AG26,ALIMENTO PARA EJEMPLARES CANINOS DE LA GOBERNACIÓN MARÍTIMA DE VALDIVIA. Orden de Compra generada por invitación a compra ágil: 3196-103-COT26,6
3199-9-SE26,ORDEN DE COMPRA DESDE 3199-6-LP26,6
3246-107-AG26,G7 08 CSA ADQ. TONER LASERJET FACH ANTOFAGASTA. Compra ágil: 3246-134-COT26,6
3262-3-CM26,GAS LICUADO A GRANEL,6
3265-178-SE26,ORDEN DE COMPRA DESDE 3265-10-LE26,6
3265-207-SE26,ORDEN DE COMPRA DESDE 3265-35-LE26	,4
3265-83-SE26,ORDEN DE COMPRA DESDE 3265-10-LE26,6
3275-7104-AG26,"RESTAURACIÓN Y PINTURA FACHADA, PROVISIÓN E INSTALACIÓN CIELO AMERICANO BICRIMLIG",6
3284-469-AG26,Administracion Municipal / Control de Plaga C.F.A,4
3285-204-AG26,"KIT BIENESTAR, CUIDADOS PALIATIVOS",4
3287-246-TD26,Orden de Compra generada por Trato Directo ID 3287-50-FTD26,4
3288-583-CM26,ADQUISICION DE PASAJE AEREO NACIONAL FINEX COMISION GUARIMPAS,6
3310-304-TD26,Orden de Compra generada por Trato Directo ID 3310-14-FTD26,4
3334-163-AG26,Orden de Compra generada por invitación a compra ágil: 3334-71-COT26,6
3335-419-AG26,ADQUISICIÓN DE MATERIALES DE ASEO PARA D.A.E.M. ORD. 262 SUBV. REGULAR Orden de Compra generada por invitación a compra ágil: 3335-376-COT26,6
3335-445-AG26,ADQUISICIÓN DE COLACIONES PARA LICEO RECTOR ABDÓN ANDRADE COLOMA ORD N°139 LEY SEP. - Orden de Compra generada por invitación a compra ágil: 3335-401-COT26,6
3335-453-AG26,"SERVICIO DE TRASLADO DE ESTUDIANTES A UNIVERSIDAD AUSTRAL DE CHILE ESCUELA DE TALENTOS LOS DÍAS SÁBADOS ORD.270 SUBV. SEP, PROVENEINTE DE COTIZACIÓN ÁGIL 3335-411-COT26",6
3355-174-CM26,ALIMENTOS (OTROS ANTICIPOS) P/66,6
3375-20-AG26,SERVICIO DE MANTENIMIENTO DE EXTINTORES (compra ágil: 3375-17-COT26),6
3378-4018-SE26,LICITACION 3378-16-LP25,6
3378-4021-SE26,LICITACION 3378-33-LE24,6
3378-4028-SE26,LICITACION 3378-38-LQ23,6
3378-4029-SE26,LICITACION 3378-42-LR23,6
3392-35-AG26,ADQUISICION DE INSUMOS PANADERIA,6
3399-10-CM26,"ADQUISICION DE MATERIALES Y UTULES DE ASEO , LOS CUALES SERAN EMPLEADOS EN EL ASEO Y MANTENIMIENTO DEL CASINO DE SUBOFICIALES",12
3412-45-AG26,SERVICIO0 DE EXCAVACION ,12
3416-212-CM26,F2 GAS LICUADO GRANEL ,6
3421-30-AG26,ADQ. TRANSPORTE PARA EJEMPLARES CANINOS CEC,6
3442-3-AG26,"SERVICIO DE DESRATIZACIÓN POR 12 MESES, ACOPIO RESIDUOS RECICLADOS Orden de Compra generada por invitación a compra ágil: 3442-2-COT26",12
3447-1162-SE26,MEMO N°2631 EXAMENES DE HOLTER CORRESPONDIENTE AL MES DE FEBRERO 2026,6
3447-1194-SE26,"Servicio de Mantenimiento, Soporte de Hardware y Red Municipal"" DESDE 3447-137-LP25; Mes Abril/2026",6
3447-1195-SE26,Servicio de Sistema de Gestión y Arriendo de Software Municipal DESDE 3447-178-LP25; Mes Abril/2026 - Municipal,6
3453-183-CM26,ADQUISICIÒN DE EMPANADAS PARA LA COMISION RANCHO DE LA ESCUELA DE FORMACIÒN DE CARABINEROS,12
3479-767-AG26,Servicio Integral Acto Aniversario Calbuco,4
3479-768-AG26,Colaciones Bandas,4
3485-335-AG26,Orden de Compra generada por invitación a compra ágil: 3485-374-COT26,6
3485-336-AG26,Orden de Compra generada por invitación a compra ágil: 3485-367-COT26,4
3506-291-AG26,"DIDECO, PROGRAMA CRECER EN COMUNIDAD, S/P N°46, (MATERIAL DE OFICINA) ",6
3507-312-AG26,Orden de Compra generada por invitación a compra ágil: 3507-278-COT26,6
3508-407-AG26,PLANCHAS PREPINTADAS Y OTROS,6
3516-259-SE26,ORDEN DE COMPRA DESDE 3516-21-L126,12
3516-296-CM26,Orden de Compra: 3516-296-CM26,4
3523-39-AG26,(MHM) CAP 01 ADQ DE CALZADO DE SEGURIDAD,4
3523-40-AG26,(MHM) CAP 01 ADQ DE UTILES DE ESCRITORIO,4
3523-41-AG26,(MHM) CAP 01 ADQ DE ELEMENTOS DE ASEO,4
354-127-SE25,licitacion transporte ORDEN DE COMPRA DESDE 354-4-LE25,12
354-131-CM25,DAILY FRESH RUTA SOCIAL Orden de Compra: 354-131-CM25,12
354-162-CM25,Plan Calle Orden de Compra: 354-162-CM25,12
3565-290-AG26,Orden de Compra generada por invitación a compra ágil: 3565-159-COT26,6
3596-331-AG26,ADQUISICION PRODUCTOS PARA RED LOCAL DE APOYOS compra ágil: 3596-279-COT26,6
3596-341-AG26, Conexión Alcantarillado GIMNASIO PAPUDO compra ágil: 3596-256-COT26,6
3608-251-AG26,Adq de vestimenta/Obras-Programa Operaciones y Cementerios (desde 3608-238-COT26),6
3608-256-AG26,"Adq de termo, mates y bolsos/Intercultural-Revitalización Lingüística (desde 3608-247-COT26)",6
3617-62-TD26,Orden de Compra generada por Trato Directo ID 3617-8-FTD26,12
3617-66-SE26,SS. de preparación de sustrato para sistema Patrik SIRE 366 SIC 474,12
3638-187-AG26,SERVICIO DE ARRIENDO RETROEXCAVADORA,6
3656-243-SE26,ORDEN DE COMPRA DESDE 3656-191-L125,6
3664-79-AG26,Orden de Compra generada por invitación a compra ágil: 3664-55-COT26,6
3674-257-CM26,APOSITO BODEGA,5
3678-133-AG26,ADQUISICIÓN DE INSUMOS SILVOAGROPECUARIA PROGRAMA ASAL,6
3703-237-SE26,Servicio de mantención alumbrado público ,4
3710-217-CM26,INSUMOS SAR,12
3710-231-SE26,Arriendo Software de Gestion Farmacia Municipal	,12
3712-342-SE26,"Galvanos, Oficina de la Mujer. ",4
3743-119-AG26, SERVICIOS DE MANTENCIÓN Y REPARACION ESTUFAS DE JARDINES Y SALA CUNA VTF DE LA COMUNA DE LOS SAUCES,6
3750-12-AG26,AGUJA HIPODÉRMICA 25g X 1,6
3753-151-AG26,MATERIALES DE ESCRITORIO ESC. MICROCENTROS ,6
3776-160-CM26,Adquisición de materiales escritorio para stock bodega.,12
3776-192-CM26,Adquisición de suplementos alimenticios para ayudas sociales mes de abril,12
3776-213-AG26,"Adquisición de odómetro, oficina Secplan, 3776-75-COT26.-",12
3776-93-AG26,"Adquisición de talonarios ordenes de pedido, generada por invitación a compra ágil: 3776-36-COT26",12
3791-283-SE26,ORDEN DE COMPRA DESDE 3791-24-LE26,4
3807-185-AG26,SERVICIO DE CAPAPCITACIÓN PARA 3 FUNCIONARIOS MUNICIPALES,4
3810-388-SE26,"ADQUISICION DE EPP PARA EL PROGRAMA MANTENCION Y MEJORAMIENTO DE OBRAS Y ASEO INTEGRAL EN B.N.U.P 2026, SOLICITUD 540/26, DAO",6
3810-395-AG26,"SERVICIO DE ARRIENDO DE GRUA PARA RETIRO Y TRASLADO DE VEHICULOS A CORRALES MUNICIPALES, SOLICITUD 320/26, OPERACIONES",4
3810-400-SE26,"ADQUISICION DE CONFITERIA PARA BIENVENIDA JUNTO A LAS PERSONAS MAYORES DEL PROGRAMA VINCULOS, SOLICITUD 541/26, VINCULOS",4
3826-158-AG26,Orden de Compra generada por invitación a compra ágil: 3826-214-COT26,6
3833-325-AG26,CONTADORA BILLETE - TESORERIA ,6
3834-99-AG26,Orden de Compra generada por invitación a compra ágil: 3834-34-COT26 GESTIÓN DE PERSONAS,12
3876-75-AG26,Orden de Compra generada por invitación a compra ágil: 3876-97-COT26,6
3878-42-AG26,Tablets Pro-Retención Tramo 1 y 2,6
3881-356-SE26,"ADQUISICIÓN DE TORTAS, CELEBRACIÓN DÍA DE LA MADRE",4
3881-357-SE26,"ADQUISICIÓN DE MENAJE, ACTIVIDAD CELEBRACIÓN DÍA DE LA MADRE",4
3882-167-AG26,RODILLOS SUMADORAS ,6
3885-174-SE26,CS SS IMAGENOLIGICOS T.Z.P.,9
3885-186-SE26,CS SS IMAGENOLOGICOS E.A.O,6
3885-187-SE26,CS SS IMAGENOLOGICOS Y.E.Z.,6
3885-188-SE26,CS SS IMAGENOLOGICOS S.B.B.,6
3885-189-SE26,CS SS IMAGENOLOGICOS B.P.G,6
3904-342-AG26,Orden de Compra generada por invitación a compra ágil: 3904-364-COT26 Teclado Inalámbrico oficina Licitaciones - Secplan,4
3921-201-CM26,SAR - INSUMOS Y MEDICAMENTOS,6
3935-87-SE26,OC ABRIL Linea 10 CONTRATACION DE SERVICIO DE TRANSPORTE ESCOLAR PARA ALUMNOS DE ESCUELAS MUNICIPALES DE LA COMUNA DE FREIRE DESDE 3935-26-LP26,6
3938-151-AG26,Orden de Compra generada por invitación a compra ágil: 3938-117-COT26,6
3948-119-AG26,ARRIENDO DE MAQUINAS EXCAVADORAS Y RETROEXCAVADORAS,6
3950-656-CM26,GAS PARA BODEGA DSR: 3950-656-CM26,6
3982-197-SE26,insumos mantenimiento DAEM ,6
4022-239-AG26,ADQ. CANASTA BASICA DE ALIMENTOS Y MATERIALES DE CONSTRUCCION P/CASO AYUDA SOCIAL FAM. FLORES TAPIA C.A: 4022-267-COT26,6
4057-338-AG26,ADQ. DE ASPIRADORA ELECTRICA DEM SG.-Orden de Compra generada por invitación a compra ágil: 4057-371-COT26,5
4062-294-AG26,Orden de Compra generada por invitación a compra ágil: 4062-346-COT26,6
407-450-SE26,"Mantenimiento Lavachatas, cuota 3 , des",6
407-455-SE26,TRANSPORTE PARA HOSPITALIZACIÓN DOMICILIARIA MARZO,6
407-464-SE26,MANTENIMIENTO EQUIPOS ALIMENTACIÓN DESDE 407-212-L,6
4075-73-AG26,Orden de Compra generada por invitación a compra ágil: 4075-37-COT26,4
4077-55-AG26,Adquisición materiales y útiles de oficina. ,6
4089-231-SE26,ADQUISICIÓN INSUMOS MÉDICOS PARA FARMACIA COMUNAL,6
4117-70-AG26,Orden de Compra generada por invitación a compra ágil: 4117-70-COT26,6
4123-178-SE26,ORDEN DE COMPRA DESDE 4123-2-LE26,6
4144-102-AG26,Orden de Compra generada por invitación a compra ágil: 4144-113-COT26,6
4161-160-AG26,"COMPRA DE COLACIONES TORNEO REDAO, ESCUELA LAURA MATUS M,Orden de Compra generada por invitación a compra ágil: 4161-153-COT26",4
4161-161-AG26,"COMPRA DE COLACIONES, CAMPEONATO COMUNAL FUTSAL,Orden de Compra generada por invitación a compra ágil: 4161-150-COT26",4
4162-190-AG26,Orden de Compra generada por invitación a compra ágil: 4162-157-COT26,6
4168-663-TD26,Orden de Compra generada por Trato Directo ID 4168-319-FTD26,6
4173-116-CM26,RECARGA DE GAS A GRANEL ESCUELA SANTA ELENA Orden de Compra: 4173-116-CM26,6
4180-70-CM26,ADQUISICION DE PAN ,6
418-1202-AG26,LCM-COFFEE BREAK CURSO,12
418-1352-SE26,LCM-PRODUCTOS COFFEE BREAK,12
418-1353-SE26,LCM-PRODUCTOS COFFEE BREAK,12
4195-543-SE26,SUMINISTRO MOTONIVELADORA 2026,6
4208-2-AG26,Adquisición de Servicio de mantenimiento de Viviendas Fiscales 2026,6
4232-50-CM26,GAS A GRANEL RANCHO,4
4236-258-AG26,Orden de Compra generada por invitación a compra ágil: 4236-192-COT26,6
426-109-CM26,GAS LICUADO CILINDRO MEDIANTE VALE DE RECARGA 45 KG ,12
4284-205-CM26,CALZADO DE SEGURIDAD Y BOTAS DE AGUA PROGRAMA MEJORAMIENTO INFRAESTRUCTURA MUNICIPAL Y CEMENTERIO,6
4309-2082-SE26,ORDEN DE COMPRA DESDE 4309-54-LE25,6
4314-134-SE26,ORDEN DE COMPRA DESDE 4314-11-LE26,12
4314-149-AG26,COMPRA DE CAJAS DE ALIMENTOS PARA ASISTENCIA SOCIAL,12
4353-69-AG26,MATERIALES DE OFICINA/ 4353-50-COT26/VETERINARIA MUNICIPAL/ MEMORÁNDUM N°191,6
4357-124-AG26,Orden de Compra generada por invitación a compra ágil: 4357-81-COT26,6
4364-209-AG26," Adquisición de Material didáctico, Escuela Héroes del Itata",6
4371-148-TD26,Orden de Compra generada por Trato Directo ID 4371-17-FTD26,6
4388-36-CM26,DGI- COMPRA DE PASAJE AEREO NACIONAL,12
4388-38-AG26,"SGI - Adquisición de Soporte TV, Ampolletas y Extensiones eléctricas.",6
439-166-AG26,Orden de Compra generada por invitación a compra ágil: 439-123-COT26,12
4396-46-CM26,SAN PABLO CASINO: 4396-46-CM26,6
4429-180-CM26,Orden de Compra: 4429-180-CM26,6
4449-28-CM26,Orden de Compra: 4449-28-CM26,6
4451-240-SE26,ORDEN DE COMPRA DESDE 4451-31-LE26,6
4464-127-SE26,ORDEN DE COMPRA DESDE 4464-1-LP24,6
4469-268-SE26,SC 39786 (KE) SERV ARR. VEHICULO 19 JUNIO,4
4469-269-AG26,"S.C. N° 39702 (U.F.), EQUIPAMIENTO COMPUTACIONAL (UPS, DISCO, DISPOSITIVO) PARALABORATORIO DE FONOAUDIOLOGÍA. Compra ágil: 4469-106-COT26",4
4469-270-AG26,"S.C. N° 39559(U.F.), NSUMOS PARA PROYECTO SEMILLERO (BACTERIA PAENIBACILLUS). PROY. INGE220004. UPLA. Compra ágil: 4469-108-COT26",4
4469-271-AG26,"S.C. N° 39561 (U.F.), INSUMOS PARA PROYECTO SEMILLERO (CAJA Y BIDON DE PLASTICO). PROY. INGE220004. UPLA. Compra ágil: 4469-109-COT26",4
4469-272-AG26," S.C. N° 39561 (U.F.), INSUMOS PARA PROYECTO SEMILLERO (CILINDRO DE CO2 Y REGULADOR)). PROY. INGE220004. UPLA. Compra ágil: 4469-110-COT26",4
4469-273-AG26,"S.C. N°39455 (P.C) ADQUISICIÓN DE MATERIALES ; VINCULACION CON EL MEDIO; PROYECTO UPA2493 , desde compra agil 4469-72-cot26",4
4473-141-AG26,Orden de Compra generada por invitación a compra ágil: 4473-99-COT26,12
4473-143-AG26,Orden de Compra generada por invitación a compra ágil: 4473-104-COT26,12
4473-175-AG26,Orden de Compra generada por invitación a compra ágil: 4473-127-COT26,6
4473-34-SE26,ORDEN DE COMPRA DESDE 4473-2-LE26,12
4488-80-SE26,MATERIAL DE ESCRITORIO,5
4497-63-SE25,IMPLEMENTACIÓN Y ARRIENDO SOFTWARE DE GESTIÓN DESDE 4497-28-LR25,12
4499-56-AG26,Adquisición de Vildagliptina 50mg Comprimidos o Capsulas (M-399/Salud),12
4519-182-TD26,Orden de Compra generada por Trato Directo ID 4519-5-FTD26,6
4548-248-AG26,Orden de Compra generada por invitación a compra ágil: 4548-219-COT26,6
4562-226-AG26,KIT ASISTENTE DE CUIDADOS SOLICITADO Y DESCRITO EN REQUERIMIENTO AGIL ADJUNTADO. PRLAC-DIDECO compra ágil: 4562-189-COT26,4
4587-48-AG26,SERVICIO DE MANTENCIONES Y REPARACIONES VARIAS VEHICULOS DESAM,6
4589-202-AG26,Orden de Compra generada por invitación a compra ágil: 4589-106-COT26,6
4596-301-CM26,INSUMOS DE ASEO E HIGIENE PARA ESTABLECIMIENTOS EDUCACIONALES DE LA COMUNA DE SAN NICOLÁS,6
4686-337-CM26,REPOSICION DE STOCK aseo,5
4733-140-AG26,Orden de Compra generada por invitación a compra ágil: 4733-132-COT26,6
4733-144-SE26,Obra extra. const. edificio uso múltiple los cipre,4
4733-145-SE26,ORDEN DE COMPRA DESDE 4733-14-LE26,4
4776-603-AG25,Orden de Compra generada por invitación a compra ágil: 4776-335-COT25,12
4819-55-CM26,Orden de Compra: 4819-55-CM26,6
4819-57-AG26,Orden de Compra generada por invitación a compra ágil: 4819-41-COT26,6
4848-105-AG26,COMPRA DE 1000 CARPETAS COLGANTES PARA CARTOLAS FAMILIARES PARA PROGRAMA MAIS,6
4858-383-AG26,Orden de Compra generada por invitación a compra ágil: 4858-257-COT26,6
4940-383-SE26,"PROGRAMA MAYO, DESDE ID 4940-11-LQ22",6
4940-446-AG26,"PROGRAMA RECETARIO MAGISTRAL, DESDE AG 4940-173-COT26",6
4940-447-AG26,"PROGRAMA RECETARIO MAGISTRAL, DESDE AG 4940-172-COT26",6
4967-397-SE26,(NFV) TEST INMUNO CROMATOGRAFICO PARA DETECCIÓN DE CARBAPENEMASAS - DESDE 4967-19-R125 LABORATORIO MARZO 2026,4
4967-762-AG26,(HUB) DENTAL/ LAMPARA DE FOTOCURADO,4
4967-763-AG26,(HUB) DENTAL / ROTO QUICK 54,4
4967-764-SE26,(HUB) SEDILE CHUPETES Y MAMADERAS ID.4967-66-LE25,4
4967-783-SE26,(HUB) DENTAL /BIODENTINE ID.4967-26-LP25,4
4967-784-SE26,(HUB) DENTAL / MUESTRARIO MARCHE,4
4967-812-AG26,(HUB) DENTAL / ALCOHOL DE QUEMAR-PORTA PUNTAS  SCALER-GOMAS P/PULIR ACRILICO,4
4967-829-SE26,"(HUB) CONTROL SYPHILIS, TRES NIVELES ID.4967-19-LR25 / LABORATORIO MAYO 2026",6
4967-830-SE26,(HUB) MICROPIPETA VOL.VAR.10-100 UL ID.4967-19-LR25 /LABORATORIO MAYO 2026,4
4967-832-SE26,(HUB) PUNTAS DESECHABLES AMARILLAS Y AZULES ID.4967-19-LR26/ LABORARORIO MAYO 2026,6
4967-833-SE26,(HUB) TEST RAPIDO MULTIDROGAS DE 12 PARAMETROS ID.4967-19-LR25 /LABORATORIO INSUMOS MAYO 2026,4
4967-834-SE26,(HUB) TINCIÓN GRAM KIT 4 x 500 ML ID.4967-19-LR25 /LABORATORIO INSUMOS MAYO 2026,4
4967-837-SE26,(HUB) TUBOS EXTRACCION SANGRE LILA-CELESTE-ROJO-AMARILLO-GRIS/LABORAROTORIO ,4
4967-841-SE26,(HUB) ANTICUERPOS ID.4967-25-LR25 / LABORATORIO INMUNOLOGIA MAYO 2026,4
4967-843-SE26,(JVF) MEDIO DE CONTRASTE. IMAGENOLOGIA. 4967-11-LR24,6
4967-858-SE26,(HUB) DETERMINACION VIRUS RESPIRATORIOS Y PAPILOMA ID.4967-31-LR25 LABORATORIO MAYO BIOLOGIA MOLECULAR,4
4967-859-SE26,(HUB) INSUMOS MICROBIOLOGIA ID.4967-40-LP25 / LABORATORIO MAYO 2026,4
4967-860-SE26,(HUB) INSUMOS PARA ANALISIS DE EXAMENES DE ALTA COMPLEJIDAD BIOLOGIA MOLECULAR ID.4967-46-LR25/LABORATORIO MAYO 2026,4
4967-861-SE26,(HUB) PEDIDO MICROBIOLOGÍA - DESDE 4967-52-LP25 /LABORATORIO MAYO 2026,4
4967-862-SE26,(HUB) INSUMOS MICROBIOLOGIA ID.4967-52-LP25 / LABORATORIO MAYO 2026,4
4967-863-SE26,"(HUB) REACTIVO PARA PREPARAR ANTÍGENO DE V.D.R. L, (*referencia 2 X 2.5 ML) - DESDE 4967-52-LP25 LABORATORIO MAYO 2026 (MICROBIOLOGIA)",4
4967-864-SE26,(HUB) PIPETA PASTEUR 1-1.5 ML ID.4967-52-LP25/LABORATORIO MICROBIOLOGIA MAYO 2026,4
4967-865-SE26,(HUB) SUMINISTRO DE CINTAS DE CETONEMIA B-HIDROXIBUTIRATO CON EQUIPO EN COMODATO ID.4967-56-LE25/LABORATORIO MAYO 2026,4
4967-866-SE26,"(HUB) TUBOS EPPENDORF 1,5 ML ID.4967-91-LP25 /LABORATORIO MAYO 2026",4
4967-867-SE26,(HUB) TORNIQUETE VACUETTE ID.4967-91-LP25 / LABORATORIO MAYO 2026,4
4967-868-SE26,(HUB) INSUMOS MICROBIOLOGIA ID.4967-91-LP25 / LABORATORIO MAYO 2026,4
4967-869-SE26,(HUB) CONVENIO DE SUMINISTRO DE INSUMOS TERAPIA DE REEMPLAZO RENAL CONTINUA CON EQUIPOS EN COMODATO - DESDE 4967-37-LP25 MAYO 2026,4
4968-125-AG26,(pdc) ARRIENDO CONTAINER PARA FICHAS CLÍNICAS / ENERO - DICIEMBRE 2026/ C.A: 4968-51-COT26,4
4968-236-SE26,(PDC) SM/ SERVICIO DE VEHICULOS ANEXADOS A LA LINEA 2 PARA TRASLADO DE PERSONAL HD Y OTRAS UNIDADES DESDE ID.4968-62-LR23 (ENERO 2026) UNIDAD DE SALUD MENTAL,4
4968-237-SE26,(pdc) /SG/ SERVICIO DE VEHICULOS PARA TRASLADO DE PERSONAL DE DIVERSAS UNIDADES DESDE ID.4968-62-LR23 (ENERO 2026 24/24),4
4968-273-SE26,"(pdc) ARRIENDO DE SISTEMA DE DICTAFONO, QUE INCLUYE SOFTWARE Y COMPUTADOR (ENERO  2026 CUOTA 21/24)",4
4968-354-SE26,(PDC) COSTO FIJO DE ARRIENDO DE IMPRESORAS DESDE 4968-32-LE25 (NOVIEMBRE 2025),4
4968-368-SE26,(pdc) SERVICIO DE ARRIENDO DE OSMOSIS PORTÁTIL Y/O ESTANQUE DE AGUA TRATADA PORTÁTIL Y SU MANTENCION PROVENIENTE DESDE ID.4968-5-LP25 (CUOTA 11 DE 24) / Febrero 2026,4
4968-409-SE26,(pdc) /HD/ SERVICIO DE VEHICULOS PARA TRASLADO DE PERSONAL DE HOSPITALIZACION DOMICILIARIA DESDE ID.4968-62-LR23 (ENERO 2026),4
4968-412-SE26,(pdc) /CP/ SERVICIO DE VEHICULOS ANEXADOS A LA LINEA 2 PARA TRASLADO DE PERSONAL DESDE ID.4968-62-LR23 PROGRAMA DE ALIVIO DEL DOLOR CUIDADOS PALIATIVOS (ENERO 2026),4
4968-5576-SE25,(pdc) SERVICIO DE DIÁLISIS PARA PACIENTES AGUDOS MODALIDAD SLED E INTERMITENTE PROVENIENTE ID.4968-6-LP25 (JULIO 2025),4
4968-5579-SE25,(pdc) SERVICIO DE DIÁLISIS PARA PACIENTES AGUDOS MODALIDAD SLED E INTERMITENTE PROVENIENTE ID.4968-6-LP25 (AGOSTO 2025),4
4968-5583-TD25,Orden de Compra generada por Trato Directo ID 4968-31-FTD25,4
4968-5584-TD25,Orden de Compra generada por Trato Directo ID 4968-31-FTD25,4
4968-626-TD26,Orden de Compra generada por Trato Directo ID 4968-30-FTD25,4
4968-630-AG26,(DD) Cargador para ecógrafo portátil Mindray M9 ( sol.41),4
4968-648-SE26,(HUH) FORMULARIOS REPOSICION ,4
4968-666-CM26,(HUB) FRUTAS Y VERDURAS MAYO PACIENTES,6
4968-667-CM26,(HUB) FRUTAS Y VERDURAS MAYO PERSONAL,6
4968-679-CM26,(HUB) ABARROTES MAYO PERSONAL,6
4968-6876-SE25,(pdc) SERVICIO DE DIÁLISIS PARA PACIENTES AGUDOS MODALIDAD SLED E INTERMITENTE PROVENIENTE ID.4968-6-LP25 (SEPTIEMBRE 2025),4
4968-687-SE26,(HUB) BOLSAS ASPIRACION ID.4967-44-LP25,4
4968-6886-TD25,Orden de Compra generada por Trato Directo ID 4968-31-FTD25,4
4968-688-AG26,(HUB) FORMULARIOS REPOSICION,4
4968-689-CM26,(HUB) ABARROTES MAYO PACIENTES,6
4968-696-SE26,(HUB) SAL INDUSTRIAL REPOSICION ID.4968-46-LE23,4
4968-700-AG26,(DD) Geófono detector sonda sensor fuga de agua inalámbrico ( sol.26),6
501-159-SE26,TRANSPORTE ESCOLAR GALPON-EL CENTRO-ÑIPAS MES ABRIL,6
501-160-SE26,TRANSPORTE ESCOLAR CARRIZALES-ÑIPAS ABRIL,6
501-161-SE26,TRANSPORTE ESCOLAR LOS BOTONES-ÑIPAS MES ABRIL,6
501-163-SE26,TRANSPORTE ESCOLAR QUINCHAMALÍ MES ABRIL,6
5014-8-AG26,Insumos Computacionales compra ágil: 5014-7-COT26,6
5015-10-AG26,Materiales y reparación de inmueble compra ágil: 5015-2-COT26,6
5038-37-AG26,ADQ. MAXI SACOS PARA ALMACENAR Y TRANSPORTAR MATERIAL RECICLADO DE LA COMUNA DE RÍO IBÀÑEZ ,6
5052-494-SE26,5052-3-LE26/2204008/MAMADERAS 120 ML/MAQYO,6
5055-402-SE26,5055-21-LP25/2204004004/TMT LISTA DE ESPERA/IMPLANTES ORTOPEDICOS PARA HRT/OCTUBRE,12
5055-403-SE26,5055-21-LP25/2204005003/TMT LISTA DE ESPERA/INSUMOS ORTOPEDICOS PARA HRT/OCTUBRE,12
5055-404-SE26,5055-34-LP25/2202002002/TMT LISTA DE ESPERA/ESCAFANDRAS/OCTUBRE,12
5055-405-SE26,5055-29-LP25/2204004004/IMPLANTES ORTOPEDICOS/OCTUBRE,12
5055-406-SE26,5055-30-LP25/2204004004/IMPLANTES ORTOPEDICOS PARA HRT/OCTUBRE,12
5055-407-SE26,5055-34-LP25/2204004004/IMPLANTES ORTOPEDICOS PARA HRT/OCTUBRE,12
5055-413-SE26,5055-21-LP25/2204004004/TMT LISTA DE ESPERA/IMPLANTES ORTOPEDICOS PARA HRT/NOVIEMBRE,12
5055-414-SE26,5055-21-LP25/2204005003/TMT LISTA DE ESPERA/INSUMOS ORTOPEDICOS PARA HRT/NOVIEMBRE,12
5055-415-SE26,5055-24-LP25/2204004004/TMT LISTA DE ESPERA/IMPLANTES ORTOPEDICOS PARA HRT/NOVIEMBRE,12
5055-416-SE26,5055-34-LP25/2202002002/TMT LISTA DE ESPERA/ESCAFANDRAS/NOVIEMBRE,12
5055-417-SE26,5055-34-LP25/2204005003/TMT LISTA DE ESPERA/INSUMOS ORTOPEDICOS/NOVIEMBRE,12
5055-418-SE26,5055-54-LP25/2204005003/TMT LISTA DE ESPERA/INSUMOS ORTOPEDICOS/NOVIEMBRE,12
5055-419-SE26,5055-29-LP25/2204004004/IMPLANTES ORTOPEDICOS PARA HRT/NOVIEMBRE,12
5055-420-SE26,5055-34-LP25/2204004004/IMPLANTES ORTOPEDICOS/NOVIEMBRE,12
5055-421-SE26,5055-54-LP25/2204004004/IMPLANTES ORTOPEDICOS/NOVIEMBRE,12
5055-504-SE26,5055-21-LR21/2204004004/TMT LISTA DE ESPERA/IMPLANTES ORTOPEDICOS/OCTUBRE,12
5055-505-SE26,5055-21-LR21/2204004004/IMPLANTES ORTOPEDICOS/OCTUBRE,12
5055-506-SE26,5055-30-LP25/2202002002/TMT LISTA DE ESPERA/ESCAFANDRAS/DICIEMBRE	,12
5055-512-SE26,5055-30-LP25/2204005003/TMT LISTA DE ESPERA/INSUMOS PARA IMPLANTES ORTOPEDICOS/DICIEMBRE,12
5055-513-SE26,5055-21-LP25/2204005003/TMT LISTA DE ESPERA/INSUMOS PROTESIS TOTAL REVERSA Y OTROS/DICIEMBRE,12
5060-169-AG26,"S51-2026 MANTENCION DE EXTINTORES PWS PARA 23 JARDINES INFANTILES VTF, FINANCIAMIENTO JUNJI",6
5061-214-AG26,SLP 404 ADQUISICIÓN DE MATERIALES PARA CANALIZACIÓN ELÉCTRICA STOCK BODEGA DE MATERIALES CLAUDIO VICUÑA. ID: 5061-168-COT26,4
5067-1108-AG26,Orden de Compra generada por invitación a compra ágil: 5067-912-COT26,6
5110-156-CM26,"COMPRA DE GAS, LICEO BICENTENARIO TOMAS BURGOS.",6
5110-157-CM26,"COMPRA DE GAS, INTERNADO LICEO BICENTENARIO TOMAS BURGOS.",6
511451-21-AG26,Orden de Compra generada por invitación a compra ágil: 511451-19-COT26,6
511505-112-AG26,DEPTO. DE INDUSTRIA Y NEGOCIOS,4
514848-280-CM26,Orden de Compra: 514848-280-CM26,6
514862-315-TD26,Orden de Compra generada por Trato Directo ID 514862-79-FTD26,6
5155-95-AG26,"314 - Contratación de Curso Herramientas de SQL para Oracle 12c y PostgreSQL, en modalidad online mixto. a compra ágil: 5155-42-COT26 UD_17/AG/319/2211002/386/YJA)",6
5188-228-AG26,"SENSOR TEMPERATURA/FLUJO 185 CMS PARA BASE CALEFACTORA MR850,D 5188-184-COT26,(AG,UPC ADULTO,2204005003,MMC)",6
5190-329-SE25,JENABIEN - SUMINISTRO MATERIALES ELECTRICOS,12
5190-760-CM24,JENABIEN - SERVICIO WEB HOSTING Y VPS,12
5196-292-AG26,RAA GAG 102 ADQ. INSUSMOS DE DEPORTE compra ágil: 5196-322-COT26,6
5209-548-CM26,Orden de Compra: 5209-548-CM26,6
5209-800-AG26,TENECTEPLASA 50 MG,6
5209-938-AG26,"Orden de Compra generada por invitación a compra ágil: 5209-933-COT26, 50140	SOLUCION FISIOLOGICA 0.9% 50 ML VIAFLEX/JVP",6
5215-207-AG26,Orden de Compra generada por invitación a compra ágil: 5215-227-COT26,6
522-89-AG26,"Compra utensilios desechables, Hospital de Litueche",4
5254-1110-AG26,Orden de Compra generada por invitación a compra ágil: 5254-241-COT26,4
5254-1197-AG26,Orden de Compra generada por invitación a compra ágil: 5254-228-COT26,4
5300-22-SE26,ORDEN DE COMPRA DESDE 5300-30-LP26,6
5326-466-AG26,Adquisicion de limas Endodoncia,12
5326-474-SE26,SUMINISTRO DE MEDICAMENTOS COMPRIMIDOS ORALES INYECTABLES Y OTROS MARZO 2026,12
5326-477-SE26,SUMINISTRO DE MEDICAMENTOS COMPRIMIDOS ORALES INYECTABLES Y OTROS MARZO 2026,12
5326-485-AG26,Adquisición de Especulos Quirurgicos para Servicio de Maternidad (Colposcopio),12
5349-882-AG26,ADQUISICION DE ARTICULOS DE ASEO,6
5358-81-SE26,SERVICIO MANTENCION ASCENSORES MES DE ENERO,6
5358-90-SE26,SERVICIO MANTENCION ASCENSORES MARZO A DIC.,6
5394-101-AG26,"ADQUISICIÓN DE GALVANOS PARA TITULACIONES 2026 DE CARRERAS PROFESIONALES Y TECNICAS, SOL. 156406",12
5423-162-TD26,Orden de Compra generada por Trato Directo ID 5423-61-FTD26,4
5423-163-AG26, Insumos de jardinería; compra ágil: 5423-57-COT26,4
5441-221-TD26,Orden de Compra generada por Trato Directo ID 5441-8-FTD26,6
545598-303-AG26,Orden de Compra generada por invitación a compra ágil: 545598-339-COT26,6
546437-179-AG26,ID 120809 Insumos de cafetería Atacama / 70-COT26,6
546437-184-AG26,ID 120814 Insumos de oficina OSJR Coquimbo / 90-COT26,6
546437-188-SE26,ID 120835 Materiales de oficina psicosocial OSJR Valparaíso,6
5485-277-CM26,Orden de Compra: 5485-277-CM26,5
5485-278-AG26,Orden de Compra generada por invitación a compra ágil: 5485-281-COT26,6
5504-113-AG26,COMPRA DE MATAERIAL AUDIOVISUAL- FUNCIONAMIENTO Vicedecanato,6
5520-1955-AG26,Suministro de Insumos de Aire Comprimido y Soldadura compra ágil 5520-239-COT26,6
5520-2123-SE26,Servicio de Fabricación y Mecanizado de Probetas Lic. 5520-40-CO25,12
5520-2351-SE26,Suministro de bolsas y mangas de polietileno transparentes. Licitación 5520-23-LE24,6
5520-2837-SE26,Arriendo camionetas 4x4 Lic. 5520-79-LR25,6
5520-2838-SE26,Arriendo camionetas 4x4 Lic. 5520-79-LR25,6
5520-2840-SE26,Arriendo camionetas 4x4 Lic. 5520-79-LR25,6
5520-2858-SE26,Suministro de EPP Vestuario y Calzado de Seguridad. LIC. 5520-12-LR25,4
552975-266-SE26,UNIFORMES INSTITUCIONALES DESDE 552975-20-LE26,6
552975-272-CM26,PEDIDO 16762 INSUMOS QUIRURGICOS,6
5542-46-AG26,Orden de Compra generada por invitación a compra ágil: 5542-37-COT26,4
5548-82-AG26,Orden de Compra generada por invitación a compra ágil: 5548-71-COT26,6
557639-680-AG26,ARIDOS Y CEMENTO-COLEGIO ESPAÑA CDP 1005,9
557639-719-AG26,CALCULADORA Y ATRIL - LIC DIEGO PORTALES CDP 1008,6
557639-740-AG26,ARTICULOS DE OFICINA-COLEGIO MANUEL RODRIGUEZ-CDP 1037,4
557639-741-AG26,CUCHILLERIA TALLER GASTRONOMICO-LICEO JOSE VICTORINO LASTARRIA CDP 1030,4
557639-742-AG26,RECARGA PARA PLUMONES PIZARRA-LICEO OSCAR CASTRO ZUNIGA CDP 1034,4
557639-743-AG26,GPS Y BRUJULAS-ITEMBO CDP 1048,4
557639-744-AG26,ARTICULOS DE PAPELERIA-LICEO DIEGO PORTALES CDP 1047,4
557639-745-AG26,CHALECOS REFLECTANTE-LICEO DIEGO PORTALES CDP 1036,6
5590-185-AG26,SC 19540 CC 4039 Gastón Higuera ,12
559511-101-TD26,Orden de Compra generada por Trato Directo ID 559511-56-FTD26,12
559511-52-TD26,Orden de Compra generada por Trato Directo ID 559511-26-FTD26,12
559511-53-TD26,Orden de Compra generada por Trato Directo ID 559511-27-FTD26,12
5647-78-AG26,Insumos Multimedia - GYM FEN 5647-20-COT26,4
5684-255-CM26,MONITORES SAMSUNG,4
5684-256-CM26,LICENCIA GOOGLE WORKSPACE ENTERPRISE,4
568658-813-AG26,Orden de Compra generada por invitación a compra ágil: 568658-825-COT26,6
5702-294-CM26,CET LYNCH COMPRA GAS LICUADO A GRANEL,6
574-170-CM26,Suministro gas a granel.,6
5750-32-TD26,Orden de Compra generada por Trato Directo ID 5750-3-FTD26,6
576181-83-CM26,Adquisición de materiales para reparación de baños ,6
586-181-CM26,Pasajes aéreos SCL-Concepción-SCL Cecilia Terrazas-José Espinoza-Ana Gonzalez,6
5933-152-AG26,PASAJES PARA PARTICIPANTES DEL PROGRAMA EXPLORA  compra ágil: 5933-18-COT26,4
5955-234-AG26,CARGADOR NOTEBOOK,4
595824-60-SE26,"CONTRATO DE SEGURIDAD, CONTROL DE VISITA Y ASEO ABRIL 2026",6
595824-61-SE26,SSEG. U. EMERG 3ER PISO S. MENTAL Y PORT. LOGISTICA ABRIL 2026,6
598-290-SE24,ORDEN DE COMPRA DESDE 598-38-LQ24,12
602-97-CM26,Gas granel Liceo Jose Toribio Medina (SP14),6
608-5054-SE26,(CME) BOD EST MAYO BANDEJA TRATAMIENTO HEMODIALISI,6
608-5059-SE26,(CME) BOD EST MAYO CEPILLO DESCH. ENDOSC. 200CM/CA,6
608-5061-SE26,(CME) BOD EST MAYO GASA 8 X 8 NO GAUZE GRANEL,6
608-5141-SE26,(NPS) INSUMOS MAYO - ADAPTADOR ENFIT TRANSICION SGTM 	608-113-LQ22,6
608-5154-SE26,(NPS) INSUMOS MAYO-ALARGADOR LINEA ARTERIAL 120CM M/H ALARGADOR LINEA ARTERIAL 150CM M/H ALARGADOR LINEA ARTERIAL 150CM M/M ALARGADOR LINEA ARTERIAL 30CM M/M ALARGADOR LINEA VENOSA 100-120CM C/LLAVE ALARGADOR VENOSO EN T NEO 10CM 	608-166-LR25,6
608-5171-SE26,(NPS) INSUMOS MAYO - BOLSA AUTOINFLABLE AD REUTILIZABLE  	608-190-LR23,6
608-5190-CM26,(CME) BOD EST MAYO TEST PACK DE CONTROL BIOLOGICO PARA AUTOCLAVE A VAPCINTA INDICADORA PARA VAPOR EXTERNOOR/,6
608-5193-CM26,(CME) BOD EST MAYO SET QUIRURGICO CABEZA Y CUELLO / BATA CIRUJANO REFORZADA TALLA L POLIPROPILENO ESTERIL,6
608-5223-CM26,(CME) BODEGA EST MAYO -,6
608-5232-SE26,(NPS) INSUMOS MAYO - TET C/BALON / TUBO ENDOTRAQUEAL S/BALON,6
608-5240-SE26,(NPS) INSUMOS MAYO - TUBO ENDOTRAQUEAL C/BALON  //	608-45-LE26,6
608-5317-SE26,(NPS) INSUMOS MAYO - SONDA FOLEY 2 VIAS 12FR BALON 5-15 CC//	608-114-LQ24,6
608-5330-SE26,(NPS) INSUMOS MAYO - ELECTRODO DESECHABLE PED/	608-122-LQ24,5
608-5368-SE26,PLC BODEGA CENTRAL -MAYO ORDEN DE COMPRA DESDE 608-219-LP25,6
608-5375-SE26,PLC BODEGA CENTRAL - MAYO ORDEN DE COMPRA DESDE 608-219-LP25,6
608-5380-SE26,PLC BODEGA CENTRAL - MAYO ORDEN DE COMPRA DESDE 608-260-LR24,6
608-5390-SE26,PLC BODEGA CENTRAL - MAYO ORDEN DE COMPRA DESDE 608-32-LR25,6
608-5396-SE26,PLC BODEGA CENTRAL - MAYO ORDEN DE COMPRA DESDE 608-32-LR25,6
608-5424-SE26,PLC BODEGA CENTRAL - MAYO ORDEN DE COMPRA DESDE 608-148-LR25,6
608-5430-SE26,PLC BODEGA CENTRAL - MAYO   ORDEN DE COMPRA DESDE 608-190-LR23 RES. EXENTA N°1996 23-01-2024,6
608-5448-SE26,PLC BODEGA CENTRAL - MAYO ORDEN DE COMPRA DESDE 608-254-LR24,6
608-5451-SE26,(MFT) FARMACIA IPRATROPIO BROMU 20MCG/FENO BROM 50,6
608-5494-AG26,(CME) STOCK MAYO PAPEL ECG 80 X 30MM PAPEL EKG 110 X 140 X 30MT / Orden de Compra generada por invitación a compra ágil: 608-2709-COT26,6
608-5504-TD26,Orden de Compra generada por Trato Directo ID 608-31-FTD26,6
608-5520-AG26, compra ágil: 608-2683-COT26,6
608-5526-SE26,(CME) BOD EST MAYO PAÑO QUIRURGICO CUBREMESA,6
608-5567-AG26,"(ERR) Jugos, Galletas y Agua (Banco de Sangre)",4
612543-32-AG25,Servicio Vigilancia MMA Magallanes.,12
613-7-CT26,SERVICIO DE SALA CUNA AÑO 2026 CARMEN MORALES ,12
617807-2570-CM26,Orden de Compra: 617807-2570-CM26,6
617807-2652-CM26,clp Orden de Compra: 617807-2652-CM26,6
619133-2341-AG26,CVV. PEDIDO CAMPAÑA DE INVIERNO MES DE MAYO. 619133-546-COT26,6
619133-2352-AG26,MAM Orden de Compra generada por invitación a compra ágil: 619133-553-COT26,6
620279-95-AG26, IDISMONTT - ADQUISICIÓN DE ARTICULOS DE ESCRITORIO,6
621-375-SE26,621-1261-LR25,6
623-224-CM26,DGI- COMPRA DE PASAJE AEREO NACIONAL,12
623-230-CM26,DAS- COMPRA DE PASAJE AEREO NACIONAL,12
623-231-CM26,DAS- COMPRA PASAJE AEREO NACIONAL,12
623-239-AG26,GMI - Adquisición Carpetas Institucionales especial.,4
625-112-AG26,303_ 019/2026_ ADQ. DE MATERIALES ELECTRICOS 625-94-COT26,12
643-457-CC24,SERVICIO DE TELEFONÍA MÓVIL Y BANDA ANCHA MÓVIL,12
643553-272-TD26,Orden de Compra generada por Trato Directo ID 643553-6-FTD26,6
647431-12-CM26,Orden de Compra: 647431-12-CM26,9
651-77-AG26,SERVICIO DE MANTENCION DE EQUIPO GNSS SOUTH ,4
654-128-AG26,  MANTENCION GENERAL DEPARTAMENTO 102 TORRE 2,12
682265-8-CM26,Orden de Compra: 682265-8-CM26,6
682943-5-AG26,Orden de Compra generada por invitación a compra ágil: 682943-6-COT26,6
691232-318-SE26,ARRIENDO FOTOCOPIADORA P. RIESGOS MEDPREVPRIM,4
691232-340-SE26,SERVICIO DE LIMPIEZA MEDPREVPRIM,4
691232-341-SE26,SERVICIO DE TRANSPORTE MEDPREVPRIM,4
701426-181-AG26,"Orden de Compra generada por invitación a compra ágil: 701426-113-COT26, ADQUISICIÓN DE MATERIALES Y EQUIPOS MANTENCIÓN RECINTOS DEPORTIVOS MUNICIPALES",6
702988-227-SE26,ORDEN DE COMPRA DESDE 702988-13-LE25,4
702988-228-SE26,ORDEN DE COMPRA DESDE 702988-6-LE26,4
702988-230-SE26,ORDEN DE COMPRA DESDE 702988-6-LE26,4
702988-231-SE26,ORDEN DE COMPRA DESDE 702988-6-LE26,4
702988-233-SE26,ORDEN DE COMPRA DESDE 702988-33-LE25,4
702988-234-SE26,ORDEN DE COMPRA DESDE 702988-33-LE25,4
702988-235-SE26,ORDEN DE COMPRA DESDE 702988-33-LE25,4
702988-236-SE26,ORDEN DE COMPRA DESDE 702988-6-LE26,4
705829-16-AG26,EQUIPAMIENTO CASINO FACULTAD DE ARTES - UCH 22991,6
707418-56-AG26,Orden de Compra generada por invitación a compra ágil: 707418-22-COT26,6
707423-85-CM26,"RECARGA GAS JI ENTRE JUEGOS Y SUEÑOS - CALLE Calle O'Higgins 930, VILCUN",6
707426-69-CM26,Solped N° 1100212591 - Vales de Alimentación OR 1er Semestre - CM 707426-69-CM26,4
709129-9-AG26,Mantención Cubierta FLPN compra ágil: 709129-15-COT26,6
709603-84-AG26,Consultas Nutricionales Individuales compra ágil: 709603-19-COT26,6
721-97-TD26,Orden de Compra generada por Trato Directo ID 721-38-FTD26,4
734-263-TD26,Orden de Compra generada por Trato Directo ID 734-148-FTD26,4
734-722-SE25,Arreindo base Samu,12
744835-212-AG26,KIT BANQUILLOS CABALLETES - PALAS CARBONERAS - SERRUCHOS CARPINTEROS - OTROS,6
744835-241-AG26,AGUA BIDESTILADA DESMINERALIZADA,6
748201-422-CM26,Guantes de Vinilo Crlf. Citrix 59.207 (Coordinar despacho con la Unidad Requirente),6
748201-423-CM26,Guantes de Vinilo Crl. Citrix 59.208 (Coordinar despacho con la Unidad Requirente),6
748201-431-SE26,LIC: 748201-3-LE26 Abbvie Prod. Ltda. Stgo. Sinfa ,6
752621-6-SE25,ORDEN DE COMPRA DESDE 752621-1-LE25 Servicio Aseo RM TTA 3 y 4,12
756-61-CM26,SCO 2561 Carga de gas abril SEREMI de Aysén,6
761391-478-SE26,CP/GUB/8/YRB/MANTENIMIENTOS EQUIPOS DE IMPULSION ORDEN DE COMPRA DESDE 761391-30-L126,6
765-112-CM26,Orden de Compra: 765-112-CM26,12
765-402-SE24,"Sistema de Monitoreo Electrónico de Alarmas, Conad",12
768-143-SE26, SERVICIO DE COFFE BREAK,12
768-145-SE26,INSUMOS PARA SSHH,4
768606-11-CM26,Orden de Compra: 768606-11-CM26,6
777304-1786-AG26,Orden de Compra generada por invitación a compra ágil: 777304-1553-COT26,6
777304-1795-SE26,ORDEN DE COMPRA DESDE 777304-51-LQ25,6
778989-83-AG26,Adquisición de Materiales de Enseñanza para la Reserva,6
778993-51-AG26,Adquisición de utiles de aseo para la reserva del Regimiento N°23 Copiapó.,6
779249-2-AG26,Orden de Compra Materiales de Aseo generada por invitación a compra ágil: 779249-2-COT26,4
812261-702-SE26,DESDE 812261-44-LR25 SERV. DESPACHO DE MEDICAMENTO A DOMILICIO MARZO 2026    ,6
829-18-CM26,ADQUISICIÓN DE COMBUSTIBLE PARA LOS VEHICULOS DE LA DIRECCION REGIONAL,4
831830-13-AG26,Orden de Compra generada por invitación a compra ágil: 831830-14-COT26,6
837-252-CM26,Orden de Compra: 837-252-CM26,6
838101-19-CM26,ADQUISICION DE 500 LTS DE GAS A GRANEL PARA SER EMPLEADOS EN EL FUNCIONAMINETO DE LA CALEFACCIÓN DE LA CASA DE HUESPEDES “COYHAIQUE”,6
838108-164-CM26,COMPRA DE GAS A GRANEL PARA EL CR KONTIKI,6
847-88-AG26,RRFF - SERV. DE FLETE PARA TRASLADO DE MOBILIARIO Y MATERIALES A JARDIN INFANTIL PETI MAHATU VALPARAÍSO - SC 60.510,6
848-73-CM26,RRFF Gas granel JI Gotitas de Colores,6
848-76-AG26,Botiquines P02 ,6
872535-133-AG26,Orden de Compra generada por invitación a compra ágil: 872535-116-COT26,6
874750-148-SE26,MANTENCION ABRIL SISTEMA ACTIVOS FIJOS 10/24,6
875646-1557-AG26,"(GGD)COMPRA TIRA CIM ERTAPENEM,  a compra ágil: 875646-932-COT26",4
883-68-AG26,ADQ. DE MATERIALES DE FERRETERIA,12
885-390-CM26,Orden de Compra: 885-390-CM26,12
886954-2552-SE26,CATET DECAPOLAR DEFLECT SENO CAVITARIO 6 FR 1200 P,6
886954-2616-SE26,sutura,6
886954-2628-SE26,sutura,6
886954-2643-SE26,suturas,6
892-19-SE26,SERVICIO DE REPARACION Y MANTENCION DE CAMIONETA F,4
898-1405-AG26,Tejido Tubular de 5 - 6 CM . Compra ágil: 898-499-COT26,6
898-1408-AG26,Canula yankahuer N° 18 punta corona y recta. Compra ágil: 898-503-COT26. CAMPAÑA DE INVIERNO,6
898-1424-SE26,INSTRUMENTAL QUIRURGICO febrero 2026,6
898-1425-SE26,INSTRUMENTAL QUIRURGICO MARZO 2026,6
898-1431-SE26,ALCOHOL GEL 950 BOLSA 898-113-LE25 Res.Adj. N°2696,6
898-1432-SE26,"JABON 950 BOLSA 898-163-LE25, Res. Adj. n°3992 fec",6
898-1473-SE26,"SUGAMMADEX 200 MG/2ML, LIC. 898-27-LQ25, Res. Adj. N°	",6
898-1474-SE26,"URAPIDIL 5 MG 5 ML 898-124-LQ25,Res. Adj. N°3431 F",6
898-1476-SE26,VITAMINAS HIDROSOLUBLES Y LIPOSOLUBLES 898-141-LP2,6
898-1480-SE26,"ISOSORBIDE 10 MG 898-192-LE25, Res Adj. N°4648 FEC",5
907562-56-CM26,Orden de Compra: 907562-56-CM26,12
909103-26-AG26,OAP-MATERIALES DE ASEO OFICINA AREA-SIRE N°306,6
920802-49-AG26,(ASIS. CONÉ) ADQ. DE ELEMENTOS DE FERRETERÍA,6
934626-7-AG26,REQ. 22530. Compra de kit de engrase móvil tambor para Sala Burbujas. CC 5-02-001. Publicación Compra Ágil 934626-14-COT26,6
947621-94-AG26,Adquisición de anticongelante,4
947621-95-SE26,Adquisición de lubricantes,4
948355-1000-SE26,Reposición de Insumos Médicos ,6
948355-990-SE26,Reposición de Insumos Médicos ,6
948356-1538-SE26,948356-104-LP25,4
948356-1539-SE26,948356-144-LE23,4
948356-1540-SE26,948356-151-LE25,4
948356-1542-SE26,948356-152-LP23,4
951-4-SE26,SERVICIO DE ASEO AREAS COMUNES,12
979-482-SE26,SC-2026430,4
