Codigo,Nombre,CodigoEstado
1000813-152-AG26,FI_ ADQUISICION DE ELEMENTOS PARA LA COMISION SECRETARIA DEL CASINO MILITAR DE OFICIALES DE LA 4TA BRIACO CHORRILLOS  compra ágil: 1000813-127-COT26,12
1000813-174-CM26,LP_ADQUISICION DE PASAJES DESPLIEGUE MZS.-Orden de Compra: 1000813-174-CM26,6
1000813-175-CM26,LP_ADQUISICION DE PASAJES DESPLIEGUE MZS.- Orden de Compra: 1000813-175-CM26,6
1000813-176-CM26,LP_ADQUISICION DE PASAJES DESPLIEGUE MZS.-Orden de Compra: 1000813-176-CM26,6
1000813-177-CM26,LP_ADQUISICION DE PASAJES DESPLIEGUE MZS.-Orden de Compra: 1000813-177-CM26,6
1000813-178-CM26,LP_ADQUISICION DE PASAJES DESPLIEGUE MZS.-Orden de Compra: 1000813-178-CM26,6
1000813-180-CM26,LP_ADQUISICION DE PASAJES DESPLIEGUE MZS.-Orden de Compra: 1000813-180-CM26,6
1000813-182-CM26,LP_ADQUISICION DE PASAJES DESPLIEGUE MZS.-Orden de Compra: 1000813-182-CM26,6
1000813-183-CM26,LP_ADQUISICION DE PASAJES DESPLIEGUE MZS.-Orden de Compra: 1000813-183-CM26,6
1002588-122-SE26,Capacitación Apoyo al Aprendizaje Profundo O.C.DESDE 1002588-42-LE26,6
1002588-130-AG26,Adquisición de tabletas de cloración de estanques de almacenamiento para consumo humano; Escuelas Rurales; Orden de Compra generada por invitación a compra ágil: 1002588-45-COT26,4
1002588-131-CM26,Adquisición equipos computacionales para SLEP Puerto Cordillera.,4
1002592-21-TD26,Orden de Compra generada por Trato Directo ID 1002592-2-FTD26,6
1002772-3042-SE26,"BAJADA AMIKA TAPA ROSCA CONEXION ENFIT,(LC,TRANSV,2204005003,APG)",12
1002772-4466-SE26,"MOLTOPLEN ASEO/RIÑON DESECHABLE NO ESTERIL, ID 1002772-123-LR25,(LC,TRANSVERSAL,2204005003,MMC)",12
1002772-4671-SE26,"FRESAS PARA PABELLON ID 1002772-128-LR25) )LC,PABELLON,2204005003,JRT)",12
1002772-5336-SE26,"BOLSA COLOSTOMIA UNA PIEZA ADULTO//TOALLITA REMOVEDORA ADHESIVO//PASTA PROTECTORA STOMASIVE TUBO ID 1002772-105-LR24 (LC,TRANSV,2204005003,CBO)	 ",12
1002772-6153-SE26,"SOLUCION IRRIGACIÓN PARA DESCONTAMINACIÓN DE HERIDAS, 250ML (ACIDO HIPOCLOROSO) ID:1002772-83-LR25(LC,CUIDADO PIEL,2204005003,APG)",6
1002772-6191-AG26,"SONDA DE CALIBRACION 36 FR X55-60CMS LARGO  (SONDON) ID: 1002772-1240-COT26 (AG,Pabellon Central y Anestesia,2204005003,RRC)",6
1002772-6192-AG26,"SONDA DE CALIBRACION 38 FR X 55-60 CMS LARGO ID:  1002772-1241-COT26 (AG,Pabellon Central y Anestesia,2204005003,RRC)",12
1002772-6221-SE26,"GEL ANTIMICROBIANO CON PLATA 45 GR ID:1002772-83-LR25 (LC,PAB.CENTRAL,2204005003,MTM)",12
1002772-6238-SE26,"CEPILLO LIMPIEZA ORAL DESECHABLE CON ASPIRACION ID:1002772-25-LQ25 (LC,MEDICINA 6-C,2204005003,APG)",6
1002772-6378-SE26,"IMPLANTE MAMARIO RECUBIERTO DE POLIUTERANO, DISTINTOS VOLÚMENES, MEDIDAS Y PROYECCIÓN ID: 1002772-91-LQ24 (LC,Patologia Mamaria,2204004004,APG)",6
1002772-6402-AG26,"MANIPULADOR UTERINO ZUMI,ID:1002772-1311-COT26,(AG,PAB,CENTRAL,2204005003,APG)",6
1002772-6403-AG26,"CURETA QUIRÚRGICA PARA CURACIONES MEDIDA 4 MM,ID:1002772-1324-COT26,(AG,CAAE INDIFERENCIADO,2204005003,APG)",6
1002772-6407-SE26,"INSUMOS CIRUGIA DE CADERA Y PROTESIS EN DISPLASIA LIC 1002772-72-LR24 (LC,PABELLON,2204004004,CMG)",6
1002772-6408-SE26,"PROTESIS TOTAL DE CADERA LIC 1002772-20-LQ25 (LC,PABELLON,2204004004,CMG)",6
1002772-6412-SE26,"PROTESIS TOTAL DE CADERA LIC 1002772-20-LQ25 (LC,PABELLON,2204004004,CMG)",6
1002772-6417-AG26,"CALZON MALLA,ID;1002772-1418-COT26,(AG,TRANSVERSAL,2204005003,APG)",4
1002772-6418-AG26,"ELECTRODO DE ELECTROCARDIOGRAMA  PEDIATRICO,ID: 1002772-1405-COT26,(AG,TRANSERVSL,2204005003,APG)",4
1002772-6422-SE26,"KIT BALON MADURACION CERVICAL ID:1002772-145-LE25 (LC,PARTO.PAB,2204005003,MTM)",6
1002772-6423-AG26,"GEL ESTERIL SACHET P/ECOGRAFICA DOBLE EMPAQUE,ID:1002772-1406-COT26,(AG,TRANSVERSAL,2204005003,APG)",4
1002772-6425-SE26,"AGUJA DE ANESTESIA ESPINAL 25G X 5 ID:1002772-146-LR25 (LC,PARTOPABE,2204005003,MTM)",6
1002772-6427-SE26,"PROTESIS DE CADERA VÁSTAGO CÓNICO MONOBLOCK, VÁSTAGO DE PERFIL DISTAL REDUCIDO NO CEMENTADO MÁS COTILO OPCION DOBLE MOVILIDAD LIC.1002772-34-LQ25 (LC,PABELLON,2204004004,CMG)",6
1002772-6429-SE26,"PROTESIS DE CADERA VÁSTAGO CÓNICO MONOBLOCK, VÁSTAGO DE PERFIL DISTAL REDUCIDO NO CEMENTADO MÁS COTILO OPCION DOBLE MOVILIDAD LIC.1002772-34-LQ25 (LC,PABELLON,2204004004,CMG)",6
1002772-6432-SE26,"PROTESIS DE CADERA VÁSTAGO CÓNICO MONOBLOCK, VÁSTAGO DE PERFIL DISTAL REDUCIDO NO CEMENTADO MÁS COTILO OPCION DOBLE MOVILIDAD LIC.1002772-34-LQ25 (LC,PABELLON,2204004004,CMG)",6
1002772-6434-AG26,"APOSITO CARBOXIMETILCELULOSA PLATA LAMINA 10 X 10 CM ,ID:1002772-1398-COT26,(AG,EMERGENCIA ADULTO,CAAE INDFI,2204004003,APG)",4
1002772-6437-AG26,"APOSITO CARBOXIMETILCELULOSA PLATA LAMINA 10 X 10 CM,ID;1002772-1248-COT26,(AG,PAB.CEENTRAL,2204004003,APG)",4
1002772-6439-AG26,"PAPEL TERMOQUíMICO MONITOR CARDIOFETAL MI9IIA PHILLIPS PARA MONITOR FM20,ID;1002772-1377-COT26,(AG,PARTO,ALTO RIESGO,CAAE GINECO,2204005003,APG)",6
1002772-6441-AG26,"APOSITO TRANSPARENTE ADHESIVO 5 X 7 CM I.V.,ID:1002772-1278-COT26,(AG,CX ADULTO,2204004003,APG)",4
1002772-6442-SE26,"TUTORES EXTERNOS TIPO AO LIC 1002772-14-LQ24 (LC,PABELLON,2204004004,CBO)",6
1002772-6443-SE26,"TUTORES EXTERNOS TIPO AO LIC 1002772-14-LQ24 (LC,PABELLON,2204004004,CBO)",6
1002772-6444-SE26,"TUTORES EXTERNOS TIPO AO LIC 1002772-14-LQ24 (LC,PABELLON,2204004004,CBO)",6
1002772-6445-SE26,"TUTORES EXTERNOS TIPO AO LIC 1002772-14-LQ24 (LC,PABELLON,2204004004,CBO)",6
1002772-6446-SE26,"TUTORES EXTERNOS TIPO AO LIC 1002772-14-LQ24 (LC,PABELLON,2204004004,CBO)",6
1002772-6447-SE26,"TUTORES EXTERNOS TIPO AO LIC 1002772-14-LQ24 (LC,PABELLON,2204004004,CBO)",6
1002772-6448-SE26,"TUTORES EXTERNOS TIPO AO LIC 1002772-14-LQ24 (LC,PABELLON,2204004004,CBO)",6
1002772-6449-SE26,"TUTORES EXTERNOS TIPO AO LIC 1002772-14-LQ24 (LC,PABELLON,2204004004,CBO)	",6
1002772-6454-AG26,"TAPON DE SELLADO, DIAMETRO 0,8 MM  ID: 1002772-1375-COT26 (AG, OBSTETRICIA Y GINECOLOGIA,2204005003,RRC)",4
1003473-1490-AG26,PROG. LABORATORIO MAYO 2026 compra ágil: 1003473-1171-COT26,12
1003473-1845-AG26,PROG. INDIFERENCIADO 04/2026. 1003473-1591-COT26,12
1003473-1847-AG26,PROG. INDIFERENCIADO 04/2026: 1003473-1592-COT26,12
1003473-1889-CM26,PROG.PABELLON ABRIL 2026 -  1003473-1889-CM26,12
1003473-2005-AG26, Pedido especial MEMO N°358/(compra ágil: 1003473-1358-COT26),12
1003473-2063-AG26,PROG. PEDIATRIA MAYO 2026 compra ágil: 1003473-1686-COT26,6
1003473-2194-SE26,PROG. PEDIATRIA MAYO 2026 1003473-171-LP25,12
1003473-2211-AG26, ERP N°902686/INSUMOS SALUD OCUPACIONAL/(compra ágil: 1003473-1998-COT26),12
1003473-2296-AG26,PROG.GINECOLOGIA MAYO 2026-compra ágil: 1003473-2110-COT26,12
1003473-2361-CM26,PROG INDIFERENCIADO 05/2026 1003473-2361-CM26,12
1003473-2399-AG26,PROG. PABELLON: MAYO 2026 compra ágil: 1003473-2213-COT26,6
1003473-2423-AG26,PROG.ESTERILIZACION MAYO 2026-compra ágil: 1003473-2161-COT26,6
1003473-2468-AG26, PROG INDIFERTENCIADO 05/20261003473-2294-COT26,6
1003473-2485-AG26,PROG INDIFERENCIADO 05/2026: 1003473-2324-COT26,6
1003473-2493-AG26,PROG INDIFERENCIADO 05/2026 1003473-2257-COT26,6
1003473-2513-AG26,PROG INDIFERENCIADO 05/2026: 1003473-2302-COT26,6
1003473-2515-AG26,PROG INDIFERENCIADO 05/20261003473-2273-COT26,6
1003473-2523-AG26,HWMODINAMIA MAY-2026/ compra ágil: 1003473-1684-COT26,6
1003473-2529-AG26,PROG PABELLON 05/2026 1003473-2193-COT26,6
1003-74-SE26,TRASLADO FUNCIONARIOS FACT N° 915,4
1004-77-SE26,SERVICIOS ELECTROMECANICOS MAQUINARIAS Y EQUIPOS,6
1004-78-SE26,COMBUSTIBLE A GRANEL VIALIDAD PROVINCIAL COYHAIQUE,6
1007793-91-SE26,Coffe break para reunión de delegados CFT.,4
1008790-63-AG26,Materiales para construcción de cerco ganadero (504068-71): 1008790-79-COT26,6
1011254-212-AG26,MANTENIMIENTO PREVENTIVO SEMESTRAL PARA RESONADOR MARCA SIEMENS,6
1011254-222-AG26,REPUESTO PARA INCUBADORA MARCA ATOM ,4
1011254-226-AG26,BATERIA PARA VENTILADOR MECANICO PURITAN BENNETT 840,4
1011254-227-AG26,MANTENIMIENTO PREVENTIVO ECOTOMOGRAFO MINDRAY,4
1017-23-AG26,Mantención Impresoras 1017-26-COT26,4
1018-61-CM26,Adquisición pasaje aéreo Puerto Montt-Santiago-Marcelo Parra-19-05-2026,6
1019-179-CM26,Orden de Compra: 1019-179-CM26 PASAJES AEREOS PARA D. GONZALEZ SANTIAGO BALMACEDA SANTIAGO IDA 25/05 REGRESO 01/06,6
1020-139-SE26,PASAJE AÉREO - DESTINO LA SERENA,6
1020-140-SE26,CAMBIO DE PASAJE - DESTINO PUNTA ARENAS,6
1020-145-SE26,CAMBIO DE PASAJE - DESTINO PUNTA ARENAS,6
1020-146-SE26,CAMBIO DE PASAJE - DESTINO CONCEPCIÓN,6
1020-148-SE26,PASAJE AÉREO - DESTINO COPIAPO,6
1020-149-SE26,PASAJE AÉREO -DESTINO COPIAPÓ,6
1023923-474-SE26,COMPRA SERVICIOS / MARIA JOSE VILLAGRA MUÑOZ,6
1023923-528-SE26,COMPRA SERVICIOS / JOSE MARCHENA TOVAR,6
1028897-135-AG26,SP 87 DISTRIBUCION DE AGUA EN CAMION ALJIBE MES DE ABRIL 2026;SUB. GENERAL; CSD ,12
1028897-382-SE26,"SP 338 Servicio de Mantención Preventiva Vehículo CXBJ 46, Complejo Educacional Público Darío Salas Díaz , RBD 6500, Gral (jg)",12
1028897-401-SE26,"SP 344-345 Servicio de Mantención Correctiva Vehículos pertenecientes al SLEP Costa Araucanía, Gral (jg)",6
1028897-402-AG26,"SP 339 COMPRA DE 16 SEGUROS OBLIGATORIOS DE ACCIDENTES PERSONALES, SUB. GENERAL, DRL",6
1028897-407-AG26,SP 381 SERVICIOS DE TRASLADO PARA ESTUDIANTES DEL LICEO REINO DE SUECIA RBD 6452 / NVG /SEP/ SUSTENTABLE ,4
1028897-408-AG26,SP 384 SERVICIO DE TRASLADO ESTUDIANTES COMPLEJO EDUCACIONAL CLAUDIO ARRAU LEON DEL SERVICIO LOCAL DE EDUCACION PUBLICA COSTA ARAUCANIA RBD 6497  SEP JCAT SUSTENTABLE,4
1035685-154-CM26,Orden de Compra: 1035685-154-CM26,6
1035685-155-CM26,Orden de Compra: 1035685-155-CM26,6
1037-38-TD26,Orden de Compra generada por Trato Directo ID 1037-4-FTD26,12
1038-38-SE26,Proyecto Mobiliario Reserva Nacional Magallanes Sire 554,12
1039043-6-SE26,SERVICIO DE ASEO OFICINA SECTOR PEMUCO,12
1039043-8-SE26,SERVICIO DE ASEO AGENCIA AREA YUNGAY,12
1039-133-CM26,JACS SIRE N° 852  Materiales para mantención Brigadas DPCIF-RM,12
1039-148-AG26,VMR SIRE 834 Materiales de Aseo Casino,6
1040166-21-AG25,Orden de Compra generada por invitación a compra ágil: 1040166-8-COT25,12
1046-15-AG26,Orden de Compra generada por invitación a compra ágil: 1046-8-COT26,6
1047296-80-AG26,Orden de Compra generada por invitación a compra ágil: 1047296-7-COT26,6
1048-187-AG26,"Trituradora de papel, de carto, soldadora y malla raschel (Medio ambiente)",6
1049-2134-SE25,OC ERP 55122. ORDEN DE COMPRA DESDE 1049-115-LE25,12
1049-334-AG26,OC 55925 - MONITOREO SATELITAL - ABATE MOLINA/ DRA.BARBIERI,12
1049-676-AG26,OC 56358 ARRIENDO CAMIONETA 4x4 CON FACTIBILIDAD DE DEVOLUCIÓN EN AEROPUERTO,12
1049-847-CM26,"OC 56581 INSUMOS PARA EL BAÑO, COQUIMBO",5
1049-879-CM26,OC 56619 - Pasajes aéreos CCP - PMC - CCP para Jurleys Vellojin,12
1049-893-AG26,OC 56635 PEDIMENTO MATERIALES ENFERMERÍA -DRA BARBIERI - VALPARAÍSO,6
1049-894-TD26,Orden de Compra generada por Trato Directo ID 1049-23-FTD26,4
1051425-34-SE26,"OC DESDE 1051425-8-LE26, SErv. de Sanitización, Desinsectación, Desratización y Control de Malezas, destinado a mantener las instalaciones libres de plagas voladoras, rastreras, roedores y vegetación no deseada para los recintos fiscales de apoyo a la con",6
1051765-322-AG26,CDP San Carlos 1051765-79-COT26 retiro calefon antiguo y adquisicion e instalación  nuevo calefon,12
1051765-380-CM26,CDP San Carlos adquisición de gas a granel,6
1051765-392-SE26,DIRREG.ÑUBLE /ADQUISICION ARTICULOS DE OFICINA,6
1057049-12640-SE26,"JAC. ""CONSIGNACIONES"" SUMINISTRO IMPLANTES PROTESIS TOTAL CADERA DESDE 1057049-380-LR24 PCTE: I.F.F. GUIA: 591363, CX:16-10-2025, RT: 2825",12
1057049-12641-SE26,"JAC. ""CONSIGNACIONES"" SUMINISTRO IMPLANTES PROTESIS TOTAL CADERA DESDE 1057049-380-LR24 PCTE: C.C.G GUIA: 591365, CX:16-10-2025, RT: 2832",12
1057049-13341-SE26,MES RE N°549 ID.1057049-35-LQ24 PAC PROGRAMA INSUMOS MARZO-ABRIL 2026,12
1057049-14080-SE26,"JAC.""CONSIGNACIONES"" FUS: 2215/2023 ADQUISICION IMPLANTES PARA PROCEDIMIENTO RODILLA PRIMARIA UNIDAD TMT ADULTO DESDE 1057049-447-LR23 PCTE: J.C.L CX:28-08-2025,  GUIA:591532, RT:2690",12
1057049-14489-SE26,MCM - Desde ID. 1057049-141-LQ25 - RES. EX. ADJ N°2074 - INT1108/2025 - RES. EX. APP CONT. 171 - INT 150 - Contratación de servicios de turnos de personal clínico para el servicios dental especialidades - Memo 19,12
1057049-14689-AG26,APC - DESDE 1057049-262-COT26 ADQUISICIÓN DE IMPLEMENTOS DE FONOAUDIOLOGÍA - dirigida a REDNEUROL INSUMOS LIMITADA - FUS 1323/2025,4
1057049-14695-SE26,SHV INT 337/2025 1057049-71-LE25 PAC MAYO-JUNIO 2026 CAL SODADA 45 - 5 KG. BODEGA GENERAL,12
1057049-14805-SE26,JCD INT. 384 RE 1176 DESDE 1057049-7-LE26 (OC formalizacion de contrato) PAC anual 2026,6
1057049-14837-TD26,Orden de Compra generada por Trato Directo ID 1057049-19-FTD26,6
1057049-14905-SE26,FCU INT1121 RE N°2161 ID 1050749-185-LE25 PAC PROGRAMA INSUMOS MAYO -JUNIO 2026,12
1057049-14972-AG26,SHV AG FUS 283 ADQUISICION GRADILLAS 1057049-273-COT26,12
1057049-14978-AG26,JCD PROGRAMA INSUMOS PAC ANUAL 2026 DESDE: 1057049-264-COT26,6
1057049-14992-SE26,FCU RE N°3031 ID 1057049-321-LE25 PAC PROGRAMA INSUMOS MAYO JUNIO 2026,6
1057049-14996-SE26,BMC RE N°2391 ID.1057049-256-LE24 PAC PROGRAMA INSUMOS MAYO - JUNIO 2026,12
1057049-14999-SE26,BMC PAC ID.1057049-256-LE24 INT. 1583/2024 PROGRAMA INSUMOS MAYO - JUNIO 2026,12
1057049-15017-SE26,BMC PAC ID.1057049-259-LE24 INT.2454/2024 PROGRAMA INSUMOS MAYO - JUNIO 2026,12
1057049-15028-SE26,JCD INT. 565 RE 1205 DESDE 1057049-22-LP26 (oc formalización de contrato) PAC MAYO- JUNIO 2026,12
1057049-15032-SE26,JAC INT 405 RES 1080 ID 1057049-356-LE25 CATETER DE INSERCCIÓN PERIFERICA.   PAC INSUMOS MAYO JUNIO 2026,6
1057049-15042-SE26,JAC INT. 01 RE 157 DESDE ID 1057049-331-LP25 PROGRAMA PAC INSUMOS MAYO JUNIO 2026,6
1057049-15049-SE26,JAC INT 1172/2025 RX 2172INSUMOS VARIOS PARA EL SERVICIO DE PABELLON DESDE 1057049-160-LQ25. PROGRAMA INSUMOS MAYO JUNIO 2026,12
1057049-15066-SE26,BMC RE N°3160 ID.1057049-269-LP24 PAC PROGRAMA INSUMOS MAYO - JUNIO 2026,12
1057049-15068-SE26,BMC PAC ID.1057049-269-LP24 INT. 2073/2024 PROGRAMA INSUMOS MAYO - JUNIO 2026,12
1057049-15096-SE26,JAC. PAC ID.1057049-163-LE24 INT. 1161/2024 PROGRAMA INSUMOS MAYO JUNIO 2026,12
1057049-15119-SE26,JAC INT. 959 RE 1878 DESDE 1057049-168-LP25 PAC INSUMOS 2026 MAYO JUNIO 2026,12
1057049-15125-SE26,BMC INT 1602 RE 3128/2025 DESDE 1057049-292-LQ25 PAC PROGRAMA INSUMOS MAYO - JUNIO 2026,12
1057049-15127-SE26,JAC  ASAS DRENAJES Y OTROS INSUMOS DESDE 1057049-168-LP25 PROGRAMA INSUMOS MAYO JUNIO 2026,6
1057049-15130-SE26,BMC RE N°1315 DESDE 1057049-30-LQ25 PROGRAMA INSUMOS MAYO - JUNIO 2026,6
1057049-15148-AG26,GSP AG PAC ANUAL MEDIO DE MONTAJE 500 ML compra ágil: 1057049-283-COT26,12
1057049-15157-SE26,JAC Adquisición de insumos generales oftalmología para HCSBA DESDE 1057049-183-LQ24. PROGRAMA INSUMOS MAYO JUNIO 2026,6
1057049-15158-SE26,BMC INT 144 RE N°256 ID 1057049-329-LP25 PAC PROGRAMA INSUMOS MAYO - JUNIO 2026,6
1057049-15159-SE26,JAC Adquisición de insumos generales oftalmología para HCSBA DESDE 1057049-183-LQ24. PROGRAMA INSUMOS MAYO JUNIO 2026,6
1057049-15168-SE26,JAC INT. 951 RE 1818/2025 DESDE 1057049-187-LE25 PROGRAMA INSUMOS MAYO JUNIO 2026,6
1057049-15173-SE26,JAC BRAZALETE IDENTIFICACION ADULTO DESDE 1057049-189-LP25. PROGRAMA INSUMOS MAYO JUNIO 2026,6
1057049-15179-SE26,JAC INT. 1236 RE 2308/2025  DESDE 1057049-189-LP25 PROGRAMA INSUMOS MAYO JUNIO 2026,6
1057049-15187-SE26,JAC INT. 1433 RE 3139 DESDE 1057049-193-LE25 PROGRAMA MAYO JUNIO 2026,6
1057049-15192-SE26,JAC INT. 1433 RE 3139 DESDE 1057049-193-LE25 PROGRAMA INSUMOS MAYO JUNIO 2026,6
1057049-15209-SE26,JAC INT. 2010/2024 ID.1057049-347-LE24  PAC PROGRAMA INSUMOS MAYO JUNIO 2026,6
1057049-15213-SE26,JAC INT 146/2026 RES 276 ID 1057049-347-LE25  PAC INSUMOS MAYO JUNIO 2026.,6
1057049-15216-SE26,JAC INT. 2012 RE 2989/2024 DESDE ID.1057049-348-LP24 PROGRAMA INSUMOS PAC MAYO JUNIO 2026,6
1057049-15217-SE26,JAC INT. 2022/2024 ID 1057049-350-LP24 PAC PROGRAMA INSUMOS MAYO JUNIO 2026.,6
1057055-40-SE26,SHV INT 1690 RES 2459 DESDE 1057055-105-LQ24 PAC ENERO 2026 HALOPERIDOL 5MG/1ML,12
1057055-4289-SE25,MES INT 733/2025 1057055-66-LQ25 PAC OCTUBRE 2025 NAPROXENO 275 MG.-HIDROQUINONA CREMA 4%,12
1057055-482-SE26,GSP INT 37/2025 1057055-111-LR24 NUTRICIONES PARENTERALES DOMICILIARIAS FEBRERO 2026,12
1057055-531-SE26,SHV RES 525 PAC MAYO 2026 SUMINISTRO DE PREPARADOS MAGISTRALES DESDE 1057055-8-LE26,12
1057055-635-SE26,SHV INT 389/2025 DESDE 1057055-26-LQ25 PAC ABRIL 2026  FLECAINIDA 100 MG COMP.,12
1057055-726-SE26,SHV INT 900 RES 1969 1057055-29-LQ25. PAC MAYO 2026 MAGISTRALES,12
1057055-747-SE26,"MES INT 1705/2024 1057049-287-LQ24 PAC ALIMENTOS SEDILE MAYO 2026  ENSURE COMPACT, GLUCERNA POLVO",12
1057055-750-SE26,"MES INT 1757/2024 1057049-308-LQ24 PAC ALIMENTOS SEDILE MAYO 2026, NEOSURE ",12
1057055-761-SE26,SHV INT 352/2025 1057055-17-LQ25  PAC MAYO 2026 BICTEGRAVIR/TENOFOVIR ALAFENAMIDA/EMTRICITABINA 50/25/200 MG. CENABAST SUSPENDIDO,12
1057055-770-SE26,SHV  INT 624/2025 1057055-55-LQ25 PAC MAYO 2026  CICLOSPORINAS  ,12
1057055-774-SE26,SHV INT 887/2025 DESDE ID 1057055-67-LQ25 PAC 2026 MEMANTINA 10 MG. CENABAST FALTANTE ,12
1057055-779-SE26,SHV INT 1056/2025 RES 2260 ID 1057055-75-LQ25. FUS 268/ 2026 DUPILUMAB 300 MG/2 ML INY.  ,12
1057055-780-SE26,SHV INT 1056/2025 1057055-75-LQ25. PAC MAYO 2026 DICLOFENACO 12.5 MG SUPOSITORIO. ,12
1057055-781-SE26,SHV INT 1058/2025 1057055-78-LQ25 PAC MAYO 2026 PIRIDOSTIGMINA 60 MG (MESTINON). ,12
1057055-782-SE26,SHV INT 1743/2024 1057055-79-LR24 PAC MAYO 2026 SECUKINUMAB 150MG. CENABAST ELIMINADO,12
1057055-786-SE26,SHV  INT 1811/2024 RES 2768 ID 1057055-84-LQ24 PAC MAYO 2026 IMIQUIMOD 5 GR CREMA. ,12
1057055-787-SE26,SHV RES 2425  1057055-92-LQ25 FUS 12/ 2026 TREPROSTINIL 10 MGML VIAL 20 ML ,12
1057055-813-SE26,SHV INT 1380 RES 2174/2024 ID 1057055-72-LQ24 PAC MAYO 2026  METILFENIDATO 10 MG APROBADO CON SUSPENSION POR DEUDA,12
1057055-816-SE26,GSP INT 385/2026 1057055-13-LE26 PAC MAYO BEVACIZUMAB 1.25MG/0.05ML,6
1057055-819-SE26,GSP INT 112/2026 1057055-122-LP25 PAC MAYO LETROZOL 2.5 MG. FARMACO CEM. APROBADO CON SUSPENSION POR DEUDA NO DISPONIBLE PARA PEDIDO ESPECIAL,6
1057055-822-SE26,GSP INT 665/2025 1057055-56-LE25 PAC MAYO 2026 HIALURONATO DE SODIO 015% SOL.OFT. SIN PRESERVANTES,6
1057055-826-SE26,GSP RES 577 PAC MAYO 2026 SUMINISTRO DE CLOBAZAM 1057055-19-LP26,4
1057055-827-AG26,"GSP AG PAC ANUAL SUPLEMENTO NUTRICIONAL CON ARGININA, GLUTAMINA Y PROTEÍNAS, PARA AYUDAR EN LA CICATRIZACIÓN DE ÚLCERAS O ESCARAS EN PACIENTES HOSPITALIZADOS. SOBRE DE 25 - 30 GRS compra ágil: 1057055-28-COT26",4
1057062-179-AG26, Contratación de servicio de producción para concierto en Coyhaique 14/5 y Puerto Aysen 15/5_Fisabs 1439_Programa orquesta a compra ágil: 1057062-163-COT26,6
1057124-8-CM26,Insumos Aseo,6
1057124-9-CM26,Papeleria Aseo,6
1057370-263-TD26,Orden de Compra generada por Trato Directo ID 1057370-6-FTD26,12
1057370-264-TD26,Orden de Compra generada por Trato Directo ID 1057370-5-FTD26,12
1057384-369-SE26,Trabajo correctivo Autoclave,6
1057384-48-SE26,ORDEN DE COMPRA DESDE 1057384-168-LE25,12
1057387-248-AG26,COMPRA DE OTOSCOPIOS PARA URGENCIAS,5
1057387-249-AG26,"MEDICAMENTO DE CUIDADOS PALIATIVOS ONCOLOGICOS, AUMENTO DE CONSUMO",6
1057389-1996-CM26,Artículos de Aseo e Higiene ,12
1057389-2041-SE26,Pacientes TMT,12
1057389-2042-SE26,Pacientes TMT,12
1057389-2043-SE26,Pacientes TMT,12
1057389-2044-SE26,Pacientes TMT,12
1057389-2045-SE26,Pacientes TMT,12
1057389-2046-SE26,Pacientes TMT,12
1057389-2471-SE26,Pedido Carnes Lunes UCA Pacientes	,4
1057389-2472-SE26,Carnes UCA Funcionarios,4
1057389-2473-SE26,Pedido Carnes hogar protegido,4
1057390-257-TD26,Orden de Compra generada por Trato Directo ID 1057390-4-FTD24,12
1057390-327-TD26,Orden de Compra generada por Trato Directo ID 1057390-3-FTD26,5
1057402-3615-TD26,Orden de Compra generada por Trato Directo ID 1057402-44-FTD26,12
1057402-5060-SE26,ORTESIS/MAYO/BOTA INM. CORTA-LARGA-CABEST. (iNS),4
1057402-5103-SE26,PABELLON.MAYO.KIT.LARINGEO(INS),6
1057404-587-SE26,"MUEBLES PARA MEDICINAS HOMBRE, MUJERES Y PEDIATRIA - ORDEN DE COMPRA DESDE 1057404-37-L126",6
1057414-356-SE26,CS-TRASLADOS REPETIDORAS LONCOPANGUE ANTUCO- 22.06.007 - BDSS234782- (aag),4
1057414-357-AG26,AG - ADQUISICION LECTOR DE HUELLA PARA BOX MEDICO CENTRO DE DEMENCIA- REQ.10 - ITEM 22.04.009 - BDSS229427- (JBU),4
1057415-2934-AG26,CA-SABANAS-MEDICINA-REQ. 22.02.001-HFCN 46831 isp ,6
1057417-10380-SE26,IC PCF LP OIC PEDIDO ABRIL 2026,12
1057417-11523-SE26,"SG VLP NAP LP ARRIENDO, PROVISIÓN E INSTALACIÓN DE SIST VISUALIZACIÓN, GESTIÓN Y ALMACENAMIENTO EX IMAGENOLOGÍA (CUOTA 18/60), MES FEBRERO 2026.-",6
1057417-11525-SE26,"SG VLP NAP LP ARRIENDO, PROVISIÓN E INSTALACIÓN DE SIST VISUALIZACIÓN, GESTIÓN Y ALMACENAMIENTO EX IMAGENOLOGÍA (CUOTA 19/60), MES MARZO 2026.-",6
1057417-11613-AG26,"IG jpg AG, pedido mayo 2026, manometro",12
1057417-11640-AG26,IC MCM AG IC PEDIDO MAYO 2026,12
1057417-11667-AG26,IG  rrr  AG PEDIDIO MAYO 2026 LIMPIA CONTACTOS Y OTROS,12
1057417-11688-SE26,"IC GVSM LP OIC, SOLIC. ADQ. 424079",12
1057417-11691-AG26,IG rrr AG PEDIDO MAYO CABLES LIBRE DE HALÓGENOS,12
1057417-11713-AG26,"IG rrr AG PEDIDO MAYO 2026, AMARRAS PLASTICAS",6
1057417-11746-SE26,AC geb LP 1057417-354-LQ23 PET-CT (abr) f.5050,6
1057417-11841-SE26,PRO MAP LP CX RED+OTS FEBRERO 2026. CENTRAL,4
1057417-11843-SE26,SG PMT LP OP TRASLADOS DE PASAJEROS LINEA N°1: DIALISIS MARZO 2026 / MEMO N°427.722,12
1057417-11844-SE26,SG PMT LP OP TRASLADOS DE PASAJEROS INCORPORACIÓN LINEA N°3: HOSPITALIZACION DOMICILIARIA MARZO 2026 / MEMO N°427.722,12
1057417-11846-SE26,SG PMT LP OP TRASLADOS DE PASAJEROS LINEA N°3: HOSPITALIZACION DOMICILIARIA MARZO 2026 / MEMO N°427.722,12
1057417-11848-SE26,SG PMT LP OP TRASLADOS DE PASAJEROS LINEA N° 4: VEHÍCULOS C.R. SALUD MENTAL - MARZO 2026 / MEMO N°427.722,12
1057417-11849-AG26,IG rrr AG PEDIDO MAYO MICROPOLAR CHAQUETA,6
1057417-11850-SE26,SG PMT LP OP TRASLADOS DE PASAJEROS LINEA N° 4: SALUD MENTAL (PRAIS) - MARZO 2026 / MEMO N°427.722,12
1057417-11874-SE26,SG KCS LP CAP CONVENIO SERVICIOS DE COFFE BREAK Y ALIMENTACIÓN PARA ACT. CAPACITACION - ABRIL 2026 MEMO N°428.757,4
1057417-11876-AG26,"IG msp AG Pedido Marzo, Compra de guantes",12
1057417-11885-AG26,"IG msp AG S.A 399962, Compra Pantalla turno de llamada",6
1057417-11912-SE26,AC geb LP 1057417-464-LE25 Cariograma sangre (abr) f.5049,4
1057417-11922-AG26,"IG jpg AG, Pedido mayo 2026 carro materno fetal",12
1057417-11937-AG26,"IG msp AG Pedido junio , Compra cubre calzados desechales",4
1057417-11959-CM26,IC MCM AG IC SOLIC.ADQ.429144 HOSPITAL CAMPAÑA,12
1057417-11969-TD26,Orden de Compra generada por Trato Directo ID 1057417-108-FTD25,12
1057417-11970-SE26,"IG msp LP Pedido Junio, Compra Carne molida	",4
1057417-11971-TD26,Orden de Compra generada por Trato Directo ID 1057417-15-FTD25,12
1057417-11972-SE26,"IG msp LP Pedido Junio, Compra bolsas de polietileno",4
1057417-11974-SE26,IC MCM LP IC SOLIC.ADQ.429144 HOSPITAL CAMPAÑA,12
1057417-11977-SE26,"IG msp LP Pedido Junio, Compra Suplementos",6
1057417-11981-SE26,"IG msp LP Pedido Junio, Compra cinta autobag	",4
1057417-11983-SE26,"IG msp LP Pedido Junio, Compra Suplementos",6
1057417-11991-SE26,IC MCM LP IC SOLIC.ADQ.429144-429145 HOSPITAL CAMPAÑA,12
1057417-11993-SE26,IC MCM LP IC SOLIC.ADQ.429144 HOSPITAL CAMPAÑA,12
1057417-11995-SE26,IC MCM LP IC SOLIC.ADQ.429144 HOSPITAL CAMPAÑA,12
1057417-12000-SE26,IC MCM LP IC SOLIC.ADQ.429144 HOSPITAL CAMPAÑA,12
1057417-12001-SE26,IC MCM LP IC SOLIC.ADQ.429144 HOSPITAL CAMPAÑA,12
1057417-12007-SE26,IC MCM LP IC SOLIC.ADQ.429252 HOSPITAL CAMPAÑA,12
1057417-12009-SE26,IC MCM LP IC SOLIC.ADQ.429144 HOSPITAL CAMPAÑA,12
1057417-12010-SE26,IC MCM LP IC SOLIC.ADQ.429144 HOSPITAL CAMPAÑA,12
1057417-12011-SE26,IC MCM LP IC SOLIC.ADQ.429144 HOSPITAL CAMPAÑA,12
1057417-12019-SE26,IC MCM LP IC SOLIC.ADQ.429145 HOSPITAL CAMPAÑA,12
1057417-12030-SE26,IC MCM LP IC SOLIC.ADQ.429144 HOSPITAL CAMPAÑA,12
1057417-12065-CM26,"IG msp CM Pedido Junio, compra de pecheras desechables",6
1057417-12080-CM26,"IG msp CM Pedido Junio, Compra Alimentos",4
1057417-12081-SE26,"AC AFY LP 1057417-244-LE24 MEDICOS EN CONSULTA DE NEUROCIRUGIA, MARZO 2026, FOLIO 7053",4
1057417-12107-CM26,"IG msp CM Pedido Junio , Compra Alimentos",4
1057417-12108-AG26,"IG msp AG Pedido Junio, Compra Alimentos",6
1057417-12118-AG26,"IG msp AG Pedido Junio, Compra Alimentos",6
1057417-12128-AG26,IC MCM AG IC SOLIC.ADQ.429144 HOSPITAL CAMPAÑA,5
1057417-12133-CM26,"IG msp CM Pedido Junio, Compra Alimentos",4
1057417-12134-CM26,"IG msp CM Pedido Junio, Compra Alimentos",6
1057417-12141-CM26,"IG msp CM Pedido Junio, Compra Alimentos",4
1057417-12142-CM26,"IG msp CM Pedido Junio, Compra Alimentos",4
1057417-12144-CM26,"IG msp CM Pedido Junio, Compra Alimentos",4
1057417-12146-CM26,"IG msp CM Pedido Junio, Compra Alimentos",4
1057417-12151-CM26,"IG msp CM Pedido Junio, Compra Alimentos",4
1057417-12153-CM26,"IG msp CM Pedido Junio, Compra Alimentos",4
1057417-12160-AG26,IC MCM AG IC PEDIDO MAYO 2026,6
1057418-312-CM26,CM-INSUMOS CLÍNICOS-B. FARMACIA-22.04.005.003-HFCM42692-(ISM),12
1057418-320-CM26,CM-INSUMOS CLÍNICOS-B. FARMACIA-22.04.005.003-HFCM42692-(ISM),12
1057418-324-SE26,CS-INSUMOS DENTALES-ESTRATEGIA SALUD BUCAL-22.04.004.002-HFCM 43105-(MBH),12
1057418-326-SE26,CS-INSUMOS DENTALES-ESTRATEGIA SALUD BUCAL-22.04.004.002-HFCM 43105-(MBH),12
1057418-335-SE26, LIC-INSUMO CLINICO-CIRUGIA MENOR- 22.04.005.003- HFCM 41589(ISM),6
1057418-336-SE26,LIC-INSUMO CLINICO-CIRUGIA MENOR- 22.04.005.003- HFCM 41589(ISM),6
1057418-342-SE26, LIC-INSUMO CLINICO-CIRUGIA MENOR- 22.04.005.003- HFCM 41589 (ISM),6
1057418-343-SE26, LIC-INSUMO CLINICO-CIRUGIA MENOR- 22.04.005.003- HFCM 41589 (ISM),6
1057418-344-SE26, LIC-INSUMO CLINICO-MEDICINA- 22.04.005.003- HFCM 40758 (ISM),6
1057418-350-SE26,LIC-INSUMO CLINICO-CIRUGIA MENOR- 22.04.005.003- HFCM 41589(ISM),6
1057418-363-SE26,CS-SERVICIO MOVILIZACIÓN PROG.PESPI-22.08.007-HFCM 43239-MBH,6
1057420-289-SE26,GC- BENEFICIO ALIMENTACION FUNCIONARIOS ITEM 22.01.001.002 HFCH50331 (cdb),12
1057420-342-SE26,CS- LEÑA ITEM 22.03.003 HFCH51962 (cdb),12
1057420-348-SE26,CS- OXIGENO MEDICINAL ITEM 22.04.003.001 HFCH52126(scch),12
1057420-366-SE26,"CS- FRUTAS, VERDURAS Y OTROS ALIMENTOS ITEM 22.01.001.001 HFCH52224 (ism)",12
1057420-51-SE26,CS- INSUMOS DE LABORATORIO WEEK D-CELLS-ITEM 22.04.003.002- HFCH49477(scch),12
1057421-299-SE26,CS –ADQUISICIÓN DE TALONARIOS DE PASAJES EN BUS LAJA/LOS ANGELES PARA COMETIDOS FUNCIONARIOS-FOLIO 54.548- REQ.9- ITEM 2208007 (ila),6
1057421-302-CC26,CC- Retiro de Residuos Especiales y Peligrosos Mes Abril 2026 HFC Laja. Folio N°54.861 Req-9- Ítem 22.08.001 (cfg).,6
1057428-283-SE26,1057428-34-LP25,12
1057428-86-CM26,Orden de Compra: 1057428-86-CM26,12
1057428-92-CM26,Orden de Compra: 1057428-92-CM26,12
1057429-1142-AG26,REACTIVOS HEMOTOLOGICOS DxH520,12
1057429-1143-AG26,REACTIVOS QUIMICA CLINICA,12
1057429-1144-AG26,REACTIVOS QUIMICA,12
1057429-1151-AG26,REACTIVOS PARA LABORATORIO CENTRAL,12
1057429-1155-CM26,GAS LICUADO CALDERAS y LAVANDERÍA,6
1057429-1173-AG26, PUNTAS AMARILLAS DESECHABLES,6
1057429-1174-AG26, REACTIVOS LABORATORIO,6
1057429-1175-AG26,PANEL RESPIRATORIO,6
1057430-1315-SE26,Formularios Bodega General,6
1057430-1321-AG26,Insumos Maternidad (Test Rápido de Embarazo),6
1057430-1322-SE26,Servicios Exámenes de Biopsia (Abril),6
1057430-1329-AG26,Mantención reparativa de camas eléctricas marca Paramount Bed,6
1057431-1451-SE26,2157-94-LQ25,6
1057432-109-SE26,ORDEN DE COMPRA DESDE 1057432-6-LR26,6
1057434-224-SE26,SERVICIOS DE MOVILIZACIÓN PARA TRASLADO DE EQUIPOS DE SALUD Y REQUERIMIENTOS A FINES DEL CESFAM DR. VICTOR MANUEL FERNÁNDEZ,6
1057434-505-AG26,COMPRA MATERIAL DE ESCRITORIO MAYO 2026 ,6
1057434-527-SE26,CONVENIO DE SUMINISTRO INSUMOS CLINICOS DENTALES CVMF.,12
1057434-532-SE26,SERVICIOS DE MOVILIZACION PARA TRASLADO DE EQUIPOS DE SALUD Y REQUERIMIENTOS A FINES DEL CESFAM DR. VICTOR MANUEL FERNANDEZ,6
1057434-538-AG26,COMPRA ARTICULOS DE ASEO SAR MAYO 2026,4
1057434-539-AG26,"ADQUISICION EQUIPOS (MALETA PORTATIL, CAVITRON, LAMPARA LED) UNIDAD DENTAL DEL CVMF 2026.",4
1057434-540-AG26,MONOMERO ALIKE UNIDAD DENTAL CVMF 2026.,4
1057434-541-AG26,COMPOSITE FOTOCURADO PARA BRACKET DE REPOCICION UNIDAD DENTAL CVMF 2026.,4
1057434-542-AG26,MASCARA PROTECTOR FACIAL COMPLETO TRANSPARENTE UNIDAD DENTAL CVMF 2026.,4
1057438-65-SE26,OC Luís Rivera abril 2026 PSCV,4
1057438-66-SE26,OC Camila Molina PSCV 2026,4
1057438-74-SE26,OC Karol Postigo abril Ex.H,4
1057439-3135-AG26, DECASOL 800 para limpieza intercambiadores placas compra ágil: 1057439-1999-COT26,6
1057439-3204-AG26,"AGUA DESMINERALIZADA LITRO, ALCOHOL ISOPROPILICO 70 GRADOS 1 LT CON PULVERIZADOR / 	1057439-2867-COT26",6
1057439-3360-AG26,INS-5215	INFUSORES ELASTOMERICOS 1.5 ML/HR. 7 DIAS : 1057439-2989-COT26,6
1057439-3364-AG26,Orden de Compra generada por invitación a compra ágil: 1057439-3010-COT26,6
1057439-3367-AG26,Orden de Compra generada por invitación a compra ágil: 1057439-3017-COT26,6
1057439-3387-AG26,TINTA CANON GI10 1057439-3021-COT26,4
1057439-3392-AG26,FORMULARIO OIRS 1057439-3029-COT26,4
1057439-3396-AG26,Camilla de examen compra ágil: 1057439-2875-COT26,6
1057439-3406-AG26,INSUMOS ESTERILIZACION: 1057439-2949-COT26,6
1057439-3412-AG26,Orden de Compra generada por invitación a compra ágil: 1057439-2729-COT26,6
1057439-3418-CM26,Orden de Compra: 1057439-3418-CM26,6
1057439-3422-AG26,Equipamiento de Red Core (Ubiquiti) compra ágil: 1057439-2916-COT26,4
1057439-3427-AG26,Orden de Compra generada por invitación a compra ágil: 1057439-3025-COT26,6
1057439-3428-AG26,Orden de Compra generada por invitación a compra ágil: 1057439-3037-COT26,4
1057439-3430-AG26,FOLLETOS BANCO DE SANGRE 1057439-3107-COT26,4
1057439-3431-AG26,Orden de Compra generada por invitación a compra ágil: 1057439-3114-COT26,4
1057439-3432-AG26,VALVULA EVALUACION RESPIRATORIA DE TRES PASOS SIMILAR NIF-TEE,6
1057439-3433-AG26,INS-1692	SONDA NELATON DESECHABLE Nº 24: 1057439-3036-COT26,4
1057439-3436-AG26,Orden de Compra generada por invitación a compra ágil: 1057439-3119-COT26,4
1057440-264-AG26,REPARACION CAMILLA - MOVILIZACION,4
1057440-270-AG26,Orden de Compra generada por invitación a compra ágil: 1057440-31-COT26,6
1057440-271-SE26,CARGA DE PETROLEO CENTRAL TERMICA (ESTANQUE 2),6
1057440-272-SE26,CARGA DE PETROLEO CALDERA ANTIGUA (ESTANQUE 1),6
1057448-175-AG26,AG INSUMOS Y REPUESTOS AMBULANCIAS SAMU FR.2026-604,4
1057461-673-CM26,BE/ CLORO-ESCOBILLON-TRAPEROS DOBLE ASEO,6
1057461-751-CM26,BE/ TOALLAS DE PAPEL 250/ SERVILLETAS ARTICULOS DE ASEO MAYO 2026,5
1057468-106-SE24,Renovación Complementaria equipos computacionales,12
1057472-8439-SE26,INSUMOS CLINICOS MAYO,12
1057472-8587-SE26,ORDEN DE COMPRA DESDE 1057472-63-LE24,4
1057472-8713-SE26,ORDEN DE COMPRA DESDE 1057472-15-LQ24,12
1057472-8715-SE26,ORDEN DE COMPRA DESDE 1057472-138-LQ23,12
1057472-8716-SE26,ORDEN DE COMPRA DESDE 1057472-138-LQ23,12
1057472-8719-SE26,MANT. CORRECTIVO MOTORES QUIRÚRGICOS,6
1057472-8753-SE26,INSUMOS CLINICOS MAYO ,12
1057472-8758-SE26,INSUMOS CLINICOS MAYO ,12
1057472-8839-AG26,Orden de Compra generada por invitación a compra ágil: 1057472-206-COT26,6
1057473-165-SE26,"Recarga Tarjeta de alimentación-Turnos Extras, Reemplazos y Justificaciones.",12
1057473-166-SE26,1057473-16-LQ25 SERVICIOS DE ASEO DEPENDENCIAS Y BASES SAMU MES DE ABRIL 2026,12
1057476-368-AG26,SUSCRIPCIÓN DIARIO OFICIAL ,12
1057476-425-AG26,BOLSAS HERMETICAS BODEGA INSUMOS/BODEGA CENTRAL,6
1057480-1151-AG26,Orden de Compra generada por invitación a compra ágil: 1057480-268-COT26,12
1057480-1217-AG26,Orden de Compra generada por invitación a compra ágil: 1057480-285-COT26,12
1057480-1262-SE26,COMERCIALIZADORA Y LOGISTICA X&V SPA,12
1057480-1264-SE26,COMERCIALIZADORA Y LOGISTICA X&V SPA,12
1057480-1275-SE26,ORDEN DE COMPRA DESDE 1057480-11-LE26,12
1057480-1280-SE26,CASTILLA Y ARAGON SPA,12
1057480-1281-SE26,ORDEN DE COMPRA DESDE 1057480-11-LE26,12
1057480-1301-AG26,Orden de Compra generada por invitación a compra ágil: 1057480-278-COT26,12
1057480-1303-AG26,Orden de Compra generada por invitación a compra ágil: 1057480-298-COT26,12
1057480-1308-AG26,Orden de Compra generada por invitación a compra ágil: 1057480-299-COT26,12
1057480-1311-SE26,CABLE CONDUCTOR DE ECG DE 3 DERIVADAS,12
1057480-1327-SE26,	BARRON VIEYRA INTERNATIONAL SPA,12
1057480-1346-SE26,ORDEN DE COMPRA DESDE 1057480-27-LQ25,12
1057480-1354-SE26,CASTILLA Y ARAGON SPA,12
1057480-1358-AG26,Orden de Compra generada por invitación a compra ágil: 1057480-309-COT26,12
1057480-1369-AG26,Orden de Compra generada por invitación a compra ágil: 1057480-310-COT26,12
1057480-1400-SE26,GALENICA S.A.,4
1057480-1401-SE26,GALENICA S.A.,4
1057480-1402-SE26,GALENICA S.A.,4
1057480-1403-SE26,GALENICA S.A.,4
1057489-21800-SE25,IC 2003400096 	CATETER PIGTAIL 5FR X65CM ,12
1057489-4327-CM26,IC VESTUARIO MÉDICO DISPOMEDICA BATA QUIRURGICA ESTÉRIL REFORZADA TALLA L UNIDAD,12
1057489-4930-SE26,I.Q. 2002260211 CONCENTRADO ACIDO PARA HEMODIALISIS TIP ,12
1057489-5137-SE26,IC 2003450628 	AGUJA KIRSCHNER 2.0  1057489-456-LE25,12
1057489-5544-SE26,O.Q TUBOS EPPENDORF Y PUNTAS CON FILTRO PARA MICRO,12
1057489-5562-SE26,O.Q INSUMOS LABORATORIO PARA EL HDS,12
1057489-5951-SE26,IC 2003477523 	ELECTRODO ANAL CON CABLE FIJO 2MM ENCHUFE HEMBRA ,12
1057489-6220-SE26,SERVICIO DE RADIOTERAPIA PARA EL HDS NOVIEMBRE 2025 ,12
1057489-6223-SE26,SERVICIO DE RADIOTERAPIA PARA EL HDS  DICIEMBRE  2025,12
1057489-6225-SE26,2003408011 SONDA FLEXIBLE PARA ARGON	,12
1057489-6226-SE26,SERVICIO DE EXáMENES PETCT PARA EL HOSPITAL DEL SALVADOR  FEBRERO  2026,12
1057489-6232-SE26,6201000082 PAPEL ALUSA PLAST ALIMENTOS,12
1057489-6238-CM26,SOLUCIONES PARA LAVADO DE HERIDAS,12
1057489-6242-SE26,RESONANCIA MAGNéTICAS CARDIACAS ADULTO PARA EL HDS,12
1057489-6264-SE26,"SERVICIO DE TRASLADO PACIENTES M2-M3, CUOTA 5 / MARZO 2026.",12
1057489-6276-AG26,Adquisición de Cables UTP y Conectores para Informática a compra ágil: 1057489-152-COT26,12
1057489-6284-SE26,SERVICIO DE PROCESAMIENTO DE EXAMENES DE LAB. CLINico FEBRERO 2026 ,12
1057489-6301-SE26,2002257748 APOSITO NO ADHERENTE DE POLIESTER 30.5 ,12
1057489-6339-SE26,SERVICIO DE SISTEMA INFORMATICO DE LABORATORIO Y SISTEMA DE LA GESTION DE INFORMACION LIS Y LIMS PARA ANATOMIA PATOLOGICA,12
1057489-6381-SE26,2003408008 CUBRE MANGO DE LAMPARA,6
1057489-6427-SE26,2002220107 SET TRAQUEOSTOMIA PERCUTANEA 8FR TIPO TRACOE,6
1057489-6428-SE26,2002220167	PIEZA EN T AEROGEN SOLO 22MM,4
1057489-6434-SE26,CONSIGNACION ABRIL  2026 INSUMOS PARA CIRUGIA VITRE,6
1057489-6435-CM26,	 JABON DESINFECTANTE DIFEMCARE ANTIBACTERIAL LIQUIDO BOTELLA 340 ML 118C-61/21,4
1057489-6437-SE26,2002220221 KIT TRAQUEOSTOMIA 7.5 C/ENDOCANULA Y AS,6
1057489-6440-SE26,2002220202 CATETER URETERAL DOBLE J DE LARGA DURAC,4
1057489-6444-SE26,2002220425 CATETER PARA ANESTESIA EPIDURAL 16G X 8,6
1057489-6447-SE26,2002220619 AGUJA FISTULA AV 16G 25MM P/HEMODIALIS,6
1057489-6448-SE26,SUMINISTRO DE SONDAS URINARIAS ,4
1057489-6451-SE26,2002250074 CREMA HUMECTANTE 10% UREA 350 ML,4
1057489-6452-SE26,2002280029 STAPLER LINEAL CORTANTE 75MM AZUL (TIPO TCL75) DIGESTIVO BAJO,4
1057489-6453-SE26,2003401114 TROCAR LUMBAR 21G X 90MM,4
1057489-6454-TD26,Orden de Compra generada por Trato Directo ID 1057489-136-FTD25,4
1057489-6455-SE26,2003450104 SISTEMA DE LAVADO PULSATIL	,4
1057489-6456-CM26,2002257227	GUANTE QUIRUR. N 6.5 ESTERIL,4
1057490-927-SE26,"M. DE COAGULACIÓN, MARZO 2026,RC_10578",6
1057490-951-SE26,Mantención RX Osteopulmonar_RC 10551_Febrero 2026_1 de 24,5
1057490-984-SE26,"TOMA DE MUESTRAS BIOLÓGICAS,MAR 2026,RC 10686",4
1057490-985-SE26,"TOMA DE MUESTRAS BIOLÓGICAS, ABRIL 2026,RC 10684",4
1057490-986-SE26,"S. ARRENDAMIENTO SERVIDORES INFRAESTRU, RC 10622_MARZO 2026",6
1057490-987-SE26,"S ARRIENDO SERVIDOR RIS PAC,MAR 2026 RC 10624",6
1057490-989-SE26,ORDEN DE COMPRA DESDE 1057490-74-LR22,4
1057491-2637-CM26,JCO/ALIMENTOS/PERECIBLES/FUNCIONARIOS/MAYO 2026,12
1057491-2671-SE26,CMM/PROGRAMA DE COMPRAS IMG/MAYO 2026,12
1057491-2714-AG26,JCO/PERECIBLES/ALIMENTOS/PACIENTES/MAYO 2026,12
1057491-2854-AG26,CMM/PROGRAMA DE COMPRAS IMG/ABRIL + MAYO 2026 (DESPACHO PARCIAL),12
1057491-2877-SE26,MPO/PEDIDO PACIENTE 2328353 II INFANCIA/MAYO 2026,12
1057491-2880-AG26,MPO/PEDIDO PACIENTE TRAUMATOLOGIA/MAYO 2026,12
1057491-2887-AG26,MPO/PROGRAMA ECONOMATO-ASEO/MAYO 2026,6
1057491-2902-SE26,"MPO/SERV. HRS.PROFESIONALES, TEC., ADMIN. Y AUXILIARES PARA CR. PACIENTE CRÍTICO ( UPC NEONATAL) - B-PARTTIME/MAYO 2026",6
1057491-2903-SE26,"MPO/SERV. HRS.PROFESIONALES, TEC., ADMIN. Y AUXILIARES PARA CR. PACIENTE CRÍTICO ( RESIDENCIA MÉDICA) - CPART-TIME/MAYO 2026",6
1057491-2905-SE26,"MPO/SERV. HRS.PROFESIONALES, TEC., ADMIN. Y AUXILIARES PARA CR. PACIENTE CRÍTICO ( UPC NEONATAL) - B-PARTTIME/MAYO 2026",6
1057492-1865-TD26,Orden de Compra generada por Trato Directo ID 1057492-119-FTD26,6
1057492-1866-AG26,MANTENCION CORRECTIVA PARA CAMAS CLINICAS ELECTRICAS Y CAMILLA DE TRANSPORTE,4
1057494-1257-AG26,S-COM-26466 MP y cambio de repuesto electrocardiógrafo ,12
1057494-1263-SE26,S-COM-26271 MP Electrobisturies Anual 2026,12
1057494-1267-SE26,S-COM-26426 MC Electrobisturí Marzo 2026,12
1057494-1295-AG26,"S-COM-26519 Rodamientos para motores eléctricos, turbinas y chumaceras completas",12
1057494-1318-SE26,S-COM-26499 MP Ambulancia RHXY-64,12
1057494-1354-SE26,S-COM-26274 MC TRABAJOS YA REALIZADOS EN ESTACIONE,12
1057494-1407-SE26,S-COM-26279 MC SUMINISTRO DE VALVULAS MOTORIZADAS ,12
1057494-1415-SE26,S-COM-26441 MP ASCENSORES ABRIL 2026,12
1057494-1424-SE26,S-COM-26508 MC reparación de equipo de aire acondi,12
1057494-1459-SE26,S-COM-26355 MC Instrumental Febrero 2026,12
1057494-1493-SE26,S-COM-26603 REAS MAR26,12
1057494-1722-SE26,EQUIPO ADMINISTRACION SANGRE PEDIATRICO,6
1057494-1808-SE26,Formularios mayo 2026 1057494-12-LE24,6
1057494-1855-SE26,MASCARILLA ANESTESIA  MAYO 2026,6
1057494-1862-AG26,1057494-286-COT26 ALCOHOL ETILICO,6
1057494-1868-SE26,Insumo Cx Columna Pac. L.E.. COTZ. 26306,4
1057494-436-SE26,S-COM-25040 MC Opticas Octubre 2025,12
1057494-496-SE26,S-COM-25801 MP equipos Grason Anual 2026,12
1057494-765-SE26,"S-COM-25842 MP Equipos Steelco ENE, FEBR y MARZ 2026",12
1057494-8604-AG25,S-COM-24867  Reemplazo de Servomotor en Quemador Baltur,12
1057494-877-AG26,S-COM-26202 Suministro de gráficas ,12
1057494-9149-SE25,S-COM-25145 MC Ópticas Octubre 2025,12
1057494-9699-SE25,S-COM-25497 MP MENSUAL ABRIL 2026,12
1057495-364-CM26,ADQUISICIÓN PROYECTADA ANUAL  DE INSUMOS PARA EL HOSPITAL DR. LUCIO CORDOVA,12
1057495-467-AG26,CONTRATACIÓN DE SOFTWARE ASISTAX PARADECLARACIÓN JURADA 1887 PARA EL HDLC DESDE 1057495-267-COT26 PAC 2026,12
1057495-503-CM26,ADQUISICIÓN DE FRUTAS Y VERDURAS PARA EL HOSPITAL DR. LUCIO CÓRDOVA,12
1057495-512-CM26,ADQUISICIÓN DE CARNES Y CONGELADOS PARA EL HOSPITAL DR. LUCIO CÓRDOVA,12
1057495-553-AG26,ADQUISICIÓN DE ASPIRADORA ANTIESTATICA PARA EL HOSPITA DR. LUCIO CÓRDOVA. DESDE 1057495-312-COT26,12
1057495-561-SE26,"ADQUISICION DE KIT PARA BIOLOGIA MOLECULAR / CARGA VIH, PARA EL HOSPITAL DR. LUCIO CORDOVA,  DESDE LIC 1057499-11-LR25",12
1057495-563-AG26,ADQUISICIÓN DE TROCAR O AGUJA ESPINAL PUNTA LAPIZ C/INTRO 25G X 5 PARA EL HDLC. DESDE 1057495-315-COT26,12
1057495-582-CM26,ADQUISICIÓN JERINGA HIPODÉRMICA CONTROLADA CRANBERRY LUERLOCK CON AGUJA 10 ML 21G X 1 1/2 PARA EL HOSPITAL DR. LUCIO CORDOVA,12
1057495-587-AG26,ADQUISICIÓN DE JABÓN SYNDET GEL 400 ML PARA EL HOSPITAL DR. LUCIO CÓRDOVA DESDE COTIZACIÓN ID: 1057495-322-COT26,6
1057495-590-AG26,"ADQUISICIÓN DE TAPA  16X100mm PARA EL HOSPITAL DR. LUCIO CORDOVA, DESDE LA COT: 1057495-338-COT26",4
1057495-5-CM26,"ADQUISICIÓN DE PECHERA/BATA CON MANGA DESECHABLES X UNID. ENFERMERIA (ROPERIA), PARA EL HOSPITAL DR. LUCIO CORDOVA",12
1057496-851-SE26,Adquisicion formularios  Mayo,6
1057496-931-SE26,MATENIMIENTO PREVENTIVO VRV MES DE ABRIL 2026,6
1057496-941-AG26,"Adquisicion bolsas plásticas, según documento adjunto a compra ágil: 1057496-563-COT26",6
1057496-963-AG26,Adquisición etiquetas  según documento adjunto a compra ágil: 1057496-570-COT26,6
1057496-980-AG26,ADQUISICION DISPOSITIVO CONTENEDOR BOLSA DESEHABLE COLOSTOMIA C/ PLACA  50 MM 1057496-584-COT26,4
1057498-1317-AG26,INSUMOS UCM compra ágil: 1057498-860-COT26,12
1057498-1359-AG26,OA APOSITO NO TEJIDO 10 X 10 CMS Orden de Compra generada por invitación a compra ágil: 1057498-855-COT26,12
1057498-1645-AG26,LN INSUMOS CLINICOS  1057498-1142-COT26,12
1057498-1674-AG26,LN INSUMOS CLINICOS 1057498-1145-COT26,6
1057498-1706-AG26,OA KIT DE ECOGRAFIA ESTERIL Orden de Compra generada por invitación a compra ágil: 1057498-1166-COT26,12
1057498-1708-AG26, OA ELECTRODO PEDIATRICO Orden de Compra generada por invitación a compra ágil: 1057498-1170-COT26,12
1057498-1756-SE26,LPR ARRIENDO IMPRESORA ABRIL 2026,6
1057498-1773-AG26, OA AGUJA DESECHABLE 25 G X 5/8 Orden de Compra generada por invitación a compra ágil: 1057498-1204-COT26,12
1057498-1876-AG26,MC INSUMOS ASEOOrden de Compra generada por invitación a compra ágil: 1057498-1336-COT26,4
1057501-2003-SE26,STOCK MINIMO ,12
1057501-21-SE26,PROGRAMACIÓN REACTIVOS HASTA ENERO 2026,12
1057501-2521-CM26,INSUMOS CONVENIO MARCO,12
1057501-2526-CM26,INSUMOS CONVENIO MARCO,12
1057501-2578-SE26,INSUMOS RPCA HASTA DICIEMBRE,12
1057501-2894-SE26,INSUMOS PROGRAMA  HASTA DICIEMBRE,12
1057501-3266-SE26,"SERVICIO MANTENCIÓN PREVENTIVA DE ASCENSORES, MEMO N°596, MARZO 2026",4
1057501-3643-SE26,PROGRAMACIÓN REACTIVOS HASTA ABRIL 2026,12
1057501-3728-SE26,INSUMOS RPCA HASTA MARZO,12
1057501-3869-SE26,"SERVICIO DE MANTENIMIENTO CORRECTIVO DE CENTRALES TERMICAS Y REDES DE VAPOR, MEMO N°606, MARZO 2026",4
1057501-3872-AG26,LOGIST  COMPRA  EXTRA  ART. OFICINA 1298-COT26 MARZO 2026,6
1057501-3893-CM26,INSUMOS CONVENIO MARCO,12
1057501-3930-CM26,COMPRA PROGRAMA ALIMENTOS ABRIL 2026,12
1057501-3985-SE26,"MANTENCION CORRECTIVA EQUIPOS ELECTRÓGENOS, MARZO 2026, MEMO N°607",4
1057501-4217-SE26,CLAVE 20-222 INSUMOS HASTA ABRIL,12
1057501-4242-SE26,CLAVE 20-222 INSUMOS HASTA ABRIL,12
1057501-4473-TD26,Orden de Compra generada por Trato Directo ID 1057501-45-FTD26,6
1057501-4538-SE26,INSUMOS RPCA HASTA MAYO,6
1057501-4582-SE26,RPCA ABRIL 1057501-766-LE25,12
1057501-4596-SE26,PROGRAMACIÓN REACTIVOS HASTA MAYO 2026,12
1057501-4613-AG26,INSUMOS compra ágil: 1057501-1424-COT26,12
1057501-4639-CM26,RPCA ABRIL 2026: 1057501-4639-CM26,12
1057501-4640-SE26,SILLAS APILABLES SCE: 420170 EMERGENCIA ADULTO. ABRIL 2026,4
1057501-4642-SE26,PROGRAMACIÓN REACTIVOS HASTA MAYO 2026,12
1057501-4675-TD26,Orden de Compra generada por Trato Directo ID 1057501-262-FTD25,4
1057501-4681-SE26,"ARRIENDO DE SISTEMA DE VIDEOVIGILANCIA, MEMO N°612, CUOTA N°01, ABRIL 2026",4
1057501-4683-SE26,"ARRIENDO DE SISTEMA DE VIDEOVIGILANCIA, MEMO N°613, CUOTA N°02, ABRIL 2026",4
1057501-4685-SE26,"ARRIENDO DE SISTEMA DE VIDEOVIGILANCIA, MEMO N°614, CUOTA N°03, ABRIL 2026",4
1057501-4694-SE26,"SERVICIO DE MANTENCIÓN PREVENTIVA Y CORRECTIVA BOMBAS Y COMPRESORES, MEMO N°616, ABRIL 2026",4
1057501-4712-TD26,Orden de Compra generada por Trato Directo ID 1057501-73-FTD26,4
1057501-4724-SE26,PROGRAMACIÓN REACTIVOS HASTA MAYO 2026,12
1057501-4725-SE26,PROGRAMACIÓN REACTIVOS HASTA MAYO 2026,12
1057501-4744-AG26,CLAVE 20-222 INSUMOS HASTA MAYO,12
1057501-4778-SE26,"SERV. ESPECIALIZADOS TRATAMIENTOS QX DE ONCOLOGÍA, MEMO N°267, DICIEMBRE 2025",6
1057501-4779-SE26,"SERV. ESPECIALIZADOS TRATAMIENTOS QX DE ONCOLOGÍA, MEMO N°268, ENERO 2026",6
1057501-4817-SE26,"MANTENCIÓN CORRECTIVA INCUBADORAS DEL CADSR, MEMO N°94, ABRIL 2026",4
1057501-4820-SE26,"MANTENCIÓN CORRECTIVA INCUBADORAS DEL CADSR, MEMO N°102, ABRIL 2026",4
1057501-4824-TD26,Orden de Compra generada por Trato Directo ID 1057501-238-FTD25,4
1057501-4834-SE26,"SERVICIO DE MANTENCION CORRECTIVA BOMBAS Y COMPRESORES, MEMO N°620, ABRIL 2026",4
1057501-4839-AG26,INSUMOS compra ágil: 1057501-913-COT26,4
1057501-4843-SE26,"SERVICIO DE MANTENIMIENTO PREVENTIVO DE CENTRALES TERMICAS Y REDES DE VAPOR, MEMO N°618, ABRIL 2026",4
1057501-4850-SE26,"ARRIENDO DE VENTILADORES, MEMO N°110, MAYO 2026, CUOTA 41/42",4
1057501-4851-AG26,PROYECTADA 2026: 1057501-1497-COT26,4
1057501-4861-SE26,"Arriendo Equipos Dispensador de Medicamentos para Farmacia, Cuota N°19/24, Memo N°113, Mayo 2026",4
1057501-4862-SE26,"ARRIENDO DE VENTILADORES NO INVASIVOS, MEMO N°121, CUOTA 6/12, MAYO 2026",4
1057501-4866-TD26,Orden de Compra generada por Trato Directo ID 1057501-257-FTD25,4
1057501-4867-TD26,Orden de Compra generada por Trato Directo ID 1057501-256-FTD25,4
1057501-4869-SE26,"ARRIENDO DE CENTRAL DE MONITOREO Y MONITORES, MEMO N°124, CUOTA 4/12, MAYO 2026",4
1057501-4870-SE26,"ARRIENDO DE MONITORES MULTIPARAMETROS, MEMO N°125, CUOTA N°06/24, MAYO 2026",4
1057501-4871-TD26,Orden de Compra generada por Trato Directo ID 1057501-234-FTD25,4
1057501-4872-TD26,Orden de Compra generada por Trato Directo ID 1057501-226-FTD25,4
1057501-4874-TD26,Orden de Compra generada por Trato Directo ID 1057501-227-FTD25,6
1057501-4879-TD26,Orden de Compra generada por Trato Directo ID 1057501-216-FTD25,4
1057501-4881-TD26,Orden de Compra generada por Trato Directo ID 1057501-41-FTD25,4
1057501-4894-SE26,REPOSICIÓN INSUMOS HASTA MAYO 2026,12
1057501-4938-SE26,"MANTENCIÓN CORRECTIVA CAMAS CLÍNICAS, MEMO N°148, ABRIL 2026",6
1057501-4982-SE26,"MANTENCIÓN CORRECTIVA ELECTROBISTURÍ, MEMO N°101, ABRIL 2026",4
1057501-4990-SE26,"MANTENCIÓN CORRECTIVA VENTILADORES MECÁNICOS, MEMO N°103, ABRIL 2026",4
1057501-4999-TD26,Orden de Compra generada por Trato Directo ID 1057501-78-FTD26,4
1057501-5002-TD26,Orden de Compra generada por Trato Directo ID 1057501-78-FTD26,4
1057501-5072-AG26,LOGIST  COMPRA  DE ABARROTES-1519-COT26 MAYO 2026,6
1057501-5164-SE26,"ARRIENDO MÓDULOS TRASPLANTE HEP. MARZO 2026, PROV. N°384",6
1057501-5189-SE26,"ARRIENDO IMPRESORAS TIPO ZEBRA, CUOTA 3/36, ABRIL 2026",6
1057501-5199-CC26,"SERVICIO DE ARRIENDO DE COMPUTADORAS AIO Y NOTEBOOK, CUOTA 27/48, MAYO 2026",6
1057501-5208-CC26,"Equipamiento y Software RIS/PACS, CUOTA 05/60, ABRIL 2026",5
1057501-5247-SE26,OXIGENO LIQUIDO MES DE ABRIL 2026,6
1057501-5248-SE26,GASES MEDICINALES ABRIL 2026,6
1057501-5345-CM26,LOGIST  COMPRA EXTRA  DE  GAS GRANEL  MAYO  2026 ,6
1057501-5377-SE26,PROGRAMACIÓN INSUMOS HASTA MAYO 2026,6
1057501-5381-SE26,REPOSICIÓN INSUMOS HASTA MAYO 2026,6
1057501-5383-SE26,FORMULAS ENTERALES.,6
1057501-5385-SE26,PROGRAMACIÓN INSUMOS HASTA MAYO 2026,6
1057501-5390-SE26,FORMULAS ENTERALES,6
1057501-5403-SE26,RPCA MAYO 2026,4
1057501-699-CM26,INSUMOS CONVENIO MARCO,12
1057501-797-SE26,PROGRAMACIÓN REACTIVOS HASTA FEBRERO 2026,12
1057501-999-SE26,INSUMOS RPCA ENERO A DICIEMBRE,12
1057503-2155-AG26,Orden de Compra generada por invitación a compra ágil: 1057503-1195-COT26,12
1057503-2501-AG26,Compra ágil: 1057503-1381-COT26 (MAYO),6
1057503-2517-AG26,compra ágil: 1057503-1391-COT26,9
1057503-2523-AG26,Compra ágil: 1057503-1308-COT26 (Mayo),6
1057503-2531-SE26,"MEMO Nº 133, LABORATORIO",6
1057503-2539-AG26,Orden de Compra generada por invitación a compra ágil: 1057503-1374-COT26,6
1057503-2557-AG26,compra ágil: 1057503-1388-COT26,6
1057503-2567-AG26,compra ágil: 1057503-783-COT26,6
1057503-2591-AG26,compra ágil: 1057503-1391-COT26,4
1057503-719-SE26,Consumo junio 2025,12
1057508-1623-SE26,OC INSUMOS SALUD MENTAL ABRIL 2026,6
1057508-1707-CM26,Orden de Compra: 1057508-1707-CM26,6
1057508-1716-SE26,INFORMA CONVENIO SSÑ Y UBB PROGRAMAS DE CAPACIT.,4
1057509-2925-TD26,Orden de Compra generada por Trato Directo ID 1057509-820-FTD26,6
1057509-2926-TD26,Orden de Compra generada por Trato Directo ID 1057509-821-FTD26,6
1057509-5347-SE26,ADQ. DE INSUMOS VENTILACION (LIC-EQUIPOS-CCA),12
1057509-5572-TD26,Orden de Compra generada por Trato Directo ID 1057509-1367-FTD26,4
1057509-5575-TD26,Orden de Compra generada por Trato Directo ID 1057509-1369-FTD26,4
1057509-5587-SE26,inmunohistoquímicas del 10/03 al 31/03 2026(Conv. - CJM) ,6
1057509-5592-SE26,"Sillas ergonomicas (Conv, PRM)",6
1057509-5601-TD26,Orden de Compra generada por Trato Directo ID 1057509-1378-FTD26,6
1057509-5624-TD26,Orden de Compra generada por Trato Directo ID 1057509-996-FTD26,6
1057509-5626-AG26,"CUADRO DENTAL MAYO JUNIO 2026(CA,PSM)1057509-525-COT26",4
1057509-5627-AG26,ADQ. CATETER SICME 8144 ID: 1057509-529-COT26 (C.A-CCA),6
1057509-5632-TD26,Orden de Compra generada por Trato Directo ID 1057509-1387-FTD26,6
1057509-5637-TD26,Orden de Compra generada por Trato Directo ID 1057509-1392-FTD26,6
1057509-5643-SE26,ADQ.SET TRAUMATOLOGICO (CONV.-JAA),4
1057509-5644-AG26,"CUADRO DENTAL MAYO_JUN2026 (CA,PSM) 1057509-481-COT26",4
1057509-5645-AG26,MANTENCIÓN PREVENTIVA TERMOCICLADORA ID: 1057509-427-COT26 (C.A-EQUIPOS-CCA),4
1057509-5647-AG26,"Memorias (Compra ágil ID 1057509-497-COT26, PRM)",4
1057510-1787-AG26,MUEBLES AEREOS,6
1057510-1801-CC26,INSUMOS MEDICOS MAYO 2026 (CONV. - FNB),4
1057510-1802-SE26,INSUMOS MEDICOS MAYO 2026 (CONV. - FNB),6
1057510-1804-CC26,INSUMOS MEDICOS MAYO 2026 (CONV. - FNB),6
1057510-1805-SE26,INSUMOS MEDICOS MAYO 2026 (CONV. - FNB),4
1057510-1807-CC26,INSUMOS MEDICOS MAYO 2026 (CONV. - FNB),4
1057510-1808-CC26,INSUMOS MEDICOS MAYO 2026 (CONV. - FNB),4
1057510-1819-CC26,INSUMOS MEDICOS MAYO 2026 (CONV. - FNB),4
1057510-1820-CC26,INSUMOS MEDICOS MAYO 2026 (CONV. - FNB),4
1057510-1821-CC26,INSUMOS MEDICOS MAYO 2026 (CONV. - FNB),4
1057510-1822-SE26,COMPRA EXÁMENES LABORATORIO MARZO 2026 (SOL. 817),4
1057510-1823-SE26,"SISTEMA APOYO ALIMENTACIÓN, ARRIENDO ABRIL 2026 (SOL. 818)",4
1057510-1824-CC26,INSUMOS MEDICOS MAYO 2026 (CONV. - FNB),6
1057510-1825-CC26,INSUMOS MEDICOS MAYO 2026 (CONV. - FNB),6
1057510-1826-CC26,INSUMOS MEDICOS MAYO 2026 (CONV. - FNB),4
1057511-672-SE26,ALIMENTACIÓN PARA FUNCIONARIOS TURNOS MAYO 2026,6
1057512-423-AG26,MICROONDAS PARA SALA HOSPITAL AMIGO 2026,12
1057512-424-AG26,SET DE LOZA PARA SALA HOSPITAL AMIGO 2026,12
1057513-257-CM26,Orden de Compra: 1057513-257-CM26,6
1057513-258-SE26,Extractores de Aire Kinesiología,4
1057513-260-CC26,Cambios de Luminarias,4
1057513-261-AG26,Orden de Compra generada por invitación a compra ágil: 1057513-83-COT26,4
1057513-263-CC26,INFORMES DE RADIOGRAFIAS ,4
1057513-265-CM26,Orden de Compra: 1057513-265-CM26,4
1057531-15-CM26,"Toallas Clinic interfoliadas, Gofradas y p higiénico Febrero-Abril 2026",12
1057531-172-AG26,UCA - Llaves Monomando según Orden de Compra generada por invitación a compra ágil: 1057531-34-COT26,12
1057531-181-CM26,UCA- LACTEOS COLUN ENERO - MAYO 2026,6
1057532-640-AG26,F2-61-26-IVO/ADQUISICION DE EQUIPAMIENTO LACTANCIA MATERNA/BALANZA - CALEFACTOR,12
1057532-661-AG26,F1-121-26-NAM / ZAPATOS SEGURIDAD / PREVENCION DE RIESGO / Orden de Compra generada por invitación a compra ágil: 1057532-174-COT26,4
1057532-679-SE26,F3-12-26-JOA/Adquisición medicamento//L.P. ID 1057532-35-LE26,12
1057532-710-SE26,CC-DCR/Convenio de Movilización Newen/Abril 2026,12
1057532-711-AG26,F2-98-26-JOA//Adquisicion test de embarazo//compra ágil: 1057532-179-COT26.,12
1057532-722-SE26,CC-IVO/Mant. Correctiva Chevrolet D-MAX; PPU:JJ.ZG-49,4
1057532-724-SE26,CC-RUA/Mant. Correctiva Toyota Rav-4; PPU: HS.XX-7,4
1057533-209-CC26,Arriendo Impresoras Multifuncional MAR26,12
1057533-216-SE26,SERVICIO MOVILIZACION FUNCIONARIOS ABRIL 2026,12
1057533-218-AG26, FSC-85|YRV|GABINETE PARA DEA compra ágil: 1057533-107-COT26,6
1057533-99-CC26,Mantención Monitores Signos Vitales y Desfib Mar26,12
1057534-576-SE26,Prótesis removibles Marzo,6
1057534-593-AG26,Insumos rehabilitación,6
1057534-598-SE26,Dosimetro 2do trimestre especial,6
1057535-200-AG26,Compra Contenedor Isotérmicos y Termógrafos para cadena en frio Abril 2026,12
1057535-237-AG26,Compra Retenedor Pediátrico / Neonatal para camilla y bolso de transporte Mayo 2026,6
1057536-1246-AG26,INSUMOS DESECHABLES (ITEM PRESUPUESTARIO 2204014),12
1057536-1253-AG26,PAPELERIA PARA TALLER INFANTO ADOLECENTE (ITEM PRESUPUESTARIO 2204002),12
1057536-1383-AG26,INSUMOS DE CAFETERIA (ITEM PRESUPUESTARIO 2201001003),6
1057536-1400-TD26,Orden de Compra generada por Trato Directo ID 1057536-53-FTD26,4
1057539-1288-AG26,INSUMO MEDICO LABORATORIO/FEBRERO 2026,12
1057539-1411-SE26,INSUMOS MEDICOS FEBRERO/2026,12
1057539-15486-AG24,INSUMOS MEDICOS ALMACEN DIC/2024,12
1057539-1607-SE26,INSUMO MEDICO LABORATORIO/MARZO 2026,12
1057539-1681-SE26,INSUMOS MEDICOS MARZO/2026,12
1057539-1682-CM26,INSUMOS MEDICOS MARZO/2026,12
1057539-1687-SE26,INSUMOS MEDICOS ALMACEN MARZO/2026,12
1057539-1699-CM26,INSUMOS MEDICOS MARZO/2026,12
1057539-1711-AG26,INSUMOS MEDICOS ALMACEN MARZO/2026,12
1057539-1714-AG26,INSUMO MEDICO ANATOMIA PATOLOGICA/MARZO 2026,12
1057539-1733-SE26,INSUMOS MEDICOS MARZO/2026,12
1057539-1736-AG26,INSUMOS MEDICOS ALMACEN MARZO/2026,12
1057539-17455-AG25,INSUMOS MEDICOS MAYO/2025,12
1057539-1745-CM26,INSUMOS MEDICOS MARZO/2026,12
1057539-17470-AG25,INSUMOS MEDICOS ALMACEN MAYO/2025,12
1057539-1748-CM26,INSUMOS MEDICOS MARZO/2026,12
1057539-1750-AG26,INSUMOS MEDICOS ALMACEN MARZO/2026,12
1057539-1761-AG26,INSUMOS MEDICOS MARZO/2026,12
1057539-1770-AG26,INSUMOS MEDICOS ALMACEN MARZO/2026,12
1057539-1776-AG26,INSUMOS MEDICOS ALMACEN MARZO/2026,12
1057539-1792-AG26,INSUMOS MEDICOS MARZO/2026,12
1057539-1800-AG26,INSUMO MEDICO ENDOSCOPIA/MARZO 2026,12
1057539-1808-AG26,INSUMOS MEDICOS MARZO/2026,12
1057539-1820-AG26,INSUMOS MEDICOS MARZO/2026,12
1057539-1824-SE26,INSUMOS MEDICOS MARZO/2026,12
1057539-19013-AG25,DESPACHO PARCIALIZADO/2025,12
1057539-19016-AG25,DESPACHO PARCIALIZADO/2025,12
1057539-19112-AG25,INSUMOS MEDICOS ALMACEN JULIO/2025,12
1057539-19546-AG25,INSUMOS MEDICOS ALMACEN JULIO/2025,12
1057539-20232-AG25,INSUMOS MEDICOS AGOSTO/2025,12
1057539-20787-AG25,INSUMOS MEDICOS AGOSTO/2025,12
1057539-21210-AG25,INSUMOS MEDICOS ALMACEN SEPTIEMBRE/2025,12
1057539-29624-AG25,INSUMOS MEDICOS ALMACEN DICIEMBRE/2025,12
1057539-3384-SE26,"Memo 142, Eq Médicos, Mtto Equipo de Rx Portátiles",6
1057539-3455-SE26,INSUMO MEDICO LABORATORIO/MAYO 2026,9
1057539-3466-SE26,"Memo 138, Eq. Médicos, Mtto. Mamógrafo",6
1057539-3498-AG26,INSUMOS MEDICOS ALMACEN MAYO/2026,6
1057539-3500-AG26,INSUMOS MEDICOS ALMACEN MAYO/2026,6
1057539-3506-SE26,"Memo 164, Eq. Médicos, Mtto. Eq de Rayos TAC	",6
1057539-3515-SE26,"Memo 169, Eq Médicos, Mtto. Equipo de Tratamiento ",6
1057539-3519-CM26,RESMA PAPEL CARTA/BODEGA ECONOMATO,4
1057539-3555-CM26,Compra deJ ALEA EN POLVO SIN AZUCAR FRAMBUESA para CENTRAL,6
1057539-3564-SE26,1057539-134-LR25 SOPORTE MANTENCIÓN Y DESARROLLO DE SERV. ERP/MES ABRIL 2026,4
1057539-3567-SE26,LIC 1057539-110-LR24 IMPR LASER CUOTA 15/36_MEMO100,6
1057539-3577-AG26,RESMAS HOJA A3compra ágil: 1057539-1776-COT26,4
1057539-3586-SE26,1057539-187-LR24 TRASLADO DE PACIENTE EN AVION AMBULANCIA AEREA_MEMO 94,6
1057539-3588-SE26,1057539-187-LR24 TRASLADO DE PACIENTE EN AVION AMBULANCIA AEREA_MEMO 95,6
1057539-3662-AG26,insumos lab-clinico pedido de mayo 2026. PEDIDO 400796 -,6
1057539-3667-TD26,Orden de Compra generada por Trato Directo ID 1057539-25-FTD26,6
1057539-3682-AG26,insumos lab-clinico pedido de mayo 2026. PEDIDO 400796,6
1057539-3684-AG26,insumos lab-clinico pedido de mayo 2026. PEDIDO 400796,6
1057539-3687-AG26,insumos lab-clinico pedido de mayo 2026. PEDIDO 400796,6
1057539-3697-AG26,INSUMOS MEDICOS MAYO/2026,6
1057539-3698-AG26,INSUMOS MEDICOS MAYO/2026,6
1057539-3699-AG26,INSUMOS MEDICOS MAYO/2026,6
1057539-3704-AG26,INSUMOS LAB-CLINICO MAYO 2026-PEDIDO 400796,6
1057539-3712-AG26,insumos lab-clinico pedido de mayo 2026. Segun consolidado,4
1057539-3714-CM26,INSUMOS MEDICOS MAYO/2026,4
1057539-3717-SE26,INSUMOS MEDICOS MAYO/2026,4
1057539-3719-AG26,INSUMOS ANATOMIA PATOLOGICA  MAYO 2026 PEDIDO 400653 - 398240,6
1057539-3722-SE26,INSUMOS MEDICOS MAYO/2026,4
1057539-5850-CM25,DESPACHO PARCIALIZADO ESTERILIZACION / 2025,12
1057539-5872-CM25,DESPACHO PARCIALIZADO/ 2025,12
1057539-599-AG26,INSUMOS MEDICOS ALMACEN ENERO/2026,12
1057540-1262-SE26,APT SERVICIO ORIENTADORAS ABRIL 2026,6
1057540-1264-AG26,"MAH, COMPRA DISTINTAS SUTURAS, P/1080",6
1057540-1265-AG26,"MAH, COMPRA CORREAS DE PAVLIK , P/1080",6
1057540-1274-AG26," MAH COMPRA INSUMOS CLÍNICOS TRANSVERSALES, P/1080",4
1057540-1275-AG26,"MAH, COMPRA DE CLORHEXIDINA Y POVIDONA YODADA P/1080",4
1057540-1277-SE26,"AUL, COMPRA CUCHILLO PARA RASURADOR QX  P/1080",6
1057540-1305-SE26,PNS RETIRO RESIDUOS ABRIL 2026,6
1057541-1156-AG25,OGB; Compra ágil: 1057541-881-COT25 METALOPROTEASAS Prog. Cardiovascular 2025,12
1057543-830-CM26,SILLA DE RUEDAS,4
1057544-3887-SE26,ORDEN DE COMPRA DESDE 1057544-193-LP25,12
1057544-6835-SE26,ORDEN DE COMPRA DESDE 1057544-193-LP25	,12
1057544-7752-SE26,ORDEN DE COMPRA DESDE 1057544-63-LP25	,12
1057544-7913-SE26,ORDEN DE COMPRA DESDE 1057544-240-LP25	,12
1057544-8155-SE26,ORDEN DE COMPRA DESDE 1057544-193-LP25	,12
1057544-8452-SE26,GRAN COMPRA N°80503 COMPRA SUMINISTRO DE ABARROTES,12
1057544-8475-SE26,GRAN COMPRA N°80503 COMPRA SUMINISTRO DE ABARROTES,12
1057544-8899-SE26,ORDEN DE COMPRA DESDE 1057544-274-CO25	,12
1057544-8947-SE26,ORDEN DE COMPRA DESDE 1057544-45-LE26	,12
1057544-9058-SE26,ORDEN DE COMPRA DESDE 1057544-63-LP25	,12
1057544-9258-AG26,Orden de Compra generada por invitación a compra ágil: 1057544-190-COT26,12
1057544-9280-SE26,ORDEN DE COMPRA DESDE 1057544-95-LE25,12
1057544-9331-SE26,ORDEN DE COMPRA DESDE 1057544-28-LE25,12
1057544-9395-SE26,ORDEN DE COMPRA DESDE 1057544-361-LQ24,4
1057544-9396-SE26,ORDEN DE COMPRA DESDE 1057544-361-LQ24,4
1057544-9397-SE26,ORDEN DE COMPRA DESDE 1057544-218-LP25	,6
1057544-9403-SE26,ORDEN DE COMPRA DESDE 1057544-63-LP25	,6
1057544-9405-SE26,ORDEN DE COMPRA DESDE 1057544-411-LE23	,6
1057544-9432-SE26,SOLICITUD VALVULAS CARDIOCIRUGIA,4
1057544-9433-SE26,ORDEN DE COMPRA DESDE 1057544-63-LP25,4
1057545-500-AG26,CEPILLOS DENTALES PROGRAMAS MINISTERIALES Orden de Compra generada por invitación a compra ágil: 1057545-73-COT26,6
1057547-4432-SE26,ORDEN DE COMPRA DESDE 1057547-460-LE25,12
1057547-5081-SE26,ORDEN DE COMPRA DESDE 1057547-460-LE25,12
1057547-5339-SE26,ORDEN DE COMPRA DESDE 1057547-62-LE26/EXTRA ABRIL 2026.,12
1057547-5553-CM26,Orden de Compra: 1057547-5553-CM26,12
1057547-5557-CM26,Orden de Compra: 1057547-5557-CM26,12
1057547-6084-CM26,Orden de Compra: 1057547-6084-CM26,12
1057547-6281-SE26,ORDEN DE COMPRA DESDE 1057547-6-LE26,6
1057547-6437-SE26,ORDEN DE COMPRA DESDE 1057547-41-LE26,6
1057547-6481-SE26,ORDEN DE COMPRA DESDE 1057547-209-LQ25,6
1057547-6492-SE26,ORDEN DE COMPRA DESDE 1057547-209-LQ25,6
1057547-6506-SE26,ORDEN DE COMPRA DESDE 1057547-209-LQ25,6
1057547-6524-SE26,ORDEN DE COMPRA DESDE 1057547-136-LP24,12
1057547-6561-SE26,Traslado de pacientes Servicio Ambulancias,6
1057547-6630-SE26,ORDEN DE COMPRA DESDE 1057547-472-LE25,6
1057547-6633-AG26,Orden de Compra generada por invitación a compra ágil: 1057547-1025-COT26,12
1057547-6661-AG26,Orden de Compra generada por invitación a compra ágil: 1057547-1048-COT26,6
1057547-6671-SE26,ORDEN DE COMPRA DESDE 1057547-138-LQ25,12
1057547-6698-AG26,Orden de Compra generada por invitación a compra ágil: 1057547-993-COT26,12
1057547-6793-SE26,ORDEN DE COMPRA DESDE 1057547-585-LR24,12
1057547-6807-SE26,ORDEN DE COMPRA DESDE 1057547-322-LQ25,12
1057547-6833-SE26,ORDEN DE COMPRA DESDE 1057547-530-LP25,12
1057547-6890-SE26,ORDEN DE COMPRA DESDE 1057547-573-LE24,12
1057547-6908-TD26,Orden de Compra generada por Trato Directo ID 1057547-2-FTD26,6
1057547-6962-SE26,ORDEN DE COMPRA DESDE 1057547-268-LQ25	,4
1057547-6973-TD26,Orden de Compra generada por Trato Directo ID 1057547-152-FTD25,6
1057547-6997-TD26,Orden de Compra generada por Trato Directo ID 1057547-2-FTD26,6
1057547-6998-TD26,Orden de Compra generada por Trato Directo ID 1057547-152-FTD25,6
1057547-7000-TD26,Orden de Compra generada por Trato Directo ID 1057547-2-FTD26,6
1057547-7001-TD26,Orden de Compra generada por Trato Directo ID 1057547-152-FTD25,6
1057547-7005-TD26,Orden de Compra generada por Trato Directo ID 1057547-2-FTD26,6
1057547-7007-TD26,Orden de Compra generada por Trato Directo ID 1057547-152-FTD25,6
1057547-7026-SE26,ORDEN DE COMPRA DESDE 1057547-633-LQ24,6
1057547-7029-SE26,ORDEN DE COMPRA DESDE 1057547-633-LQ24,6
1057547-7081-TD26,Orden de Compra generada por Trato Directo ID 1057547-2-FTD26,6
1057547-7083-TD26,Orden de Compra generada por Trato Directo ID 1057547-152-FTD25,6
1057547-7090-SE26,ORDEN DE COMPRA DESDE 1057547-283-LP25,6
1057547-7097-TD26,Orden de Compra generada por Trato Directo ID 1057547-2-FTD26,6
1057547-7099-TD26,Orden de Compra generada por Trato Directo ID 1057547-152-FTD25,6
1057547-7101-TD26,Orden de Compra generada por Trato Directo ID 1057547-2-FTD26,6
1057547-7102-TD26,Orden de Compra generada por Trato Directo ID 1057547-152-FTD25,6
1057547-7106-TD26,Orden de Compra generada por Trato Directo ID 1057547-2-FTD26,6
1057547-7107-TD26,Orden de Compra generada por Trato Directo ID 1057547-152-FTD25,6
1057547-7112-TD26,Orden de Compra generada por Trato Directo ID 1057547-2-FTD26,6
1057547-7114-TD26,Orden de Compra generada por Trato Directo ID 1057547-152-FTD25,6
1057547-7116-TD26,Orden de Compra generada por Trato Directo ID 1057547-2-FTD26,6
1057547-7117-TD26,Orden de Compra generada por Trato Directo ID 1057547-152-FTD25,6
1057547-7119-TD26,Orden de Compra generada por Trato Directo ID 1057547-2-FTD26,6
1057547-7122-TD26,Orden de Compra generada por Trato Directo ID 1057547-2-FTD26,6
1057547-7123-TD26,Orden de Compra generada por Trato Directo ID 1057547-152-FTD25,6
1057547-7125-TD26,Orden de Compra generada por Trato Directo ID 1057547-2-FTD26,6
1057547-7126-TD26,Orden de Compra generada por Trato Directo ID 1057547-152-FTD25,6
1057547-7127-TD26,Orden de Compra generada por Trato Directo ID 1057547-2-FTD26,6
1057547-7128-TD26,Orden de Compra generada por Trato Directo ID 1057547-152-FTD25,6
1057547-7130-TD26,Orden de Compra generada por Trato Directo ID 1057547-2-FTD26,6
1057547-7131-TD26,Orden de Compra generada por Trato Directo ID 1057547-152-FTD25,6
1057547-7133-TD26,Orden de Compra generada por Trato Directo ID 1057547-2-FTD26,6
1057547-7135-TD26,Orden de Compra generada por Trato Directo ID 1057547-152-FTD25,6
1057547-7142-SE26,ORDEN DE COMPRA DESDE 1057547-396-LR25,6
1057547-7143-TD26,Orden de Compra generada por Trato Directo ID 1057547-152-FTD25,6
1057547-7145-SE26,ORDEN DE COMPRA DESDE 1057547-432-LR25,6
1057547-7154-TD26,Orden de Compra generada por Trato Directo ID 1057547-2-FTD26,6
1057547-7157-TD26,Orden de Compra generada por Trato Directo ID 1057547-152-FTD25,6
1057547-7159-TD26,Orden de Compra generada por Trato Directo ID 1057547-2-FTD26,6
1057547-7161-TD26,Orden de Compra generada por Trato Directo ID 1057547-152-FTD25,6
1057547-7165-TD26,Orden de Compra generada por Trato Directo ID 1057547-2-FTD26,6
1057547-7166-TD26,Orden de Compra generada por Trato Directo ID 1057547-152-FTD25,6
1057547-7168-TD26,Orden de Compra generada por Trato Directo ID 1057547-2-FTD26,6
1057547-7169-TD26,Orden de Compra generada por Trato Directo ID 1057547-152-FTD25,6
1057547-7171-TD26,Orden de Compra generada por Trato Directo ID 1057547-2-FTD26,6
1057547-7172-TD26,Orden de Compra generada por Trato Directo ID 1057547-152-FTD25,6
1057547-7174-TD26,Orden de Compra generada por Trato Directo ID 1057547-2-FTD26,6
1057547-7175-TD26,Orden de Compra generada por Trato Directo ID 1057547-152-FTD25,6
1057547-7177-TD26,Orden de Compra generada por Trato Directo ID 1057547-2-FTD26,6
1057547-7178-TD26,Orden de Compra generada por Trato Directo ID 1057547-152-FTD25,6
1057547-7180-TD26,Orden de Compra generada por Trato Directo ID 1057547-2-FTD26,6
1057547-7181-TD26,Orden de Compra generada por Trato Directo ID 1057547-152-FTD25,6
1057547-7185-TD26,Orden de Compra generada por Trato Directo ID 1057547-2-FTD26,6
1057547-7186-TD26,Orden de Compra generada por Trato Directo ID 1057547-2-FTD26,6
1057547-7189-TD26,Orden de Compra generada por Trato Directo ID 1057547-152-FTD25,6
1057547-7192-TD26,Orden de Compra generada por Trato Directo ID 1057547-152-FTD25,6
1057547-7196-TD26,Orden de Compra generada por Trato Directo ID 1057547-2-FTD26,6
1057547-7207-TD26,Orden de Compra generada por Trato Directo ID 1057547-2-FTD26,6
1057547-7209-TD26,Orden de Compra generada por Trato Directo ID 1057547-152-FTD25,6
1057547-7222-SE26,ORDEN DE COMPRA DESDE 1057547-585-LR24,6
1057547-7223-TD26,Orden de Compra generada por Trato Directo ID 1057547-152-FTD25,6
1057547-7225-TD26,Orden de Compra generada por Trato Directo ID 1057547-2-FTD26,6
1057547-7226-TD26,Orden de Compra generada por Trato Directo ID 1057547-152-FTD25,6
1057547-7227-TD26,Orden de Compra generada por Trato Directo ID 1057547-2-FTD26,6
1057547-7228-TD26,Orden de Compra generada por Trato Directo ID 1057547-152-FTD25,6
1057547-7233-SE26,ORDEN DE COMPRA DESDE 1057547-526-LP23,6
1057547-7234-SE26,ORDEN DE COMPRA DESDE 1057547-526-LP23,6
1057547-7235-SE26,ORDEN DE COMPRA DESDE 1057547-526-LP23,6
1057547-7236-SE26,ORDEN DE COMPRA DESDE 1057547-526-LP23,6
1057547-7237-SE26,ORDEN DE COMPRA DESDE 1057547-530-LP23,6
1057547-7238-SE26,ORDEN DE COMPRA DESDE 1057547-530-LP23,6
1057547-7239-SE26,ORDEN DE COMPRA DESDE 1057547-539-LE23,6
1057547-7240-SE26,ORDEN DE COMPRA DESDE 1057547-540-LE23,6
1057547-7242-SE26,ORDEN DE COMPRA DESDE 1057547-530-LP23,6
1057547-7243-SE26,ORDEN DE COMPRA DESDE 1057547-513-LP23,6
1057547-7244-SE26,ORDEN DE COMPRA DESDE 1057547-71-LQ25,6
1057547-7245-SE26,ORDEN DE COMPRA DESDE 1057547-95-LP24,6
1057547-7246-SE26,ORDEN DE COMPRA DESDE 1057547-111-LR24,6
1057547-7247-SE26,ORDEN DE COMPRA DESDE 1057547-111-LR24,6
1057547-7248-SE26,ORDEN DE COMPRA DESDE 1057547-111-LR24,6
1057547-7249-SE26,ORDEN DE COMPRA DESDE 1057547-111-LR24,6
1057547-7250-SE26,ORDEN DE COMPRA DESDE 1057547-111-LR24,6
1057547-7252-SE26,ORDEN DE COMPRA DESDE 1057547-111-LR24,6
1057547-7253-SE26,ORDEN DE COMPRA DESDE 1057547-111-LR24,6
1057547-7279-SE26,ORDEN DE COMPRA DESDE 1057547-417-LP25,6
1057547-7283-SE26,ORDEN DE COMPRA DESDE 1057547-461-LP25,6
1057547-7285-SE26,"RES. N° 2267, TRAUMATOLOGÍA STRYKER",4
1057547-7287-SE26,"RES. N° 2267, TRAUMATOLOGÍA STRYKER",4
1057547-7288-SE26,ORDEN DE COMPRA DESDE 1057547-461-LP25,6
1057547-7289-SE26,ORDEN DE COMPRA DESDE 1057547-191-LP25,4
1057547-7293-SE26,ORDEN DE COMPRA DESDE 1057547-352-LR25	,4
1057547-7294-SE26,ORDEN DE COMPRA DESDE 1057547-352-LR25,4
1057548-204-AG26,Pan servicio alimentacion a compra ágil: 1057548-98-COT26,12
1057548-248-AG26,compra ágil:Insumos de lab. 1057548-163-COT26,12
1057548-269-CM26,Orden de Compra: Carnes 1057548-269-CM26,12
1057548-304-SE26,Arriendo Flat Panel por 6 meses 1057548-9-LE26,12
1057548-353-CM26,Orden de Compra: Fruta y verdura 1057548-353-CM26,12
1057548-402-AG26,compra ágil: Trocares toracicos 1057548-214-COT26,12
1057548-404-AG26,ompra ágil: Insumos anestesia 1057548-240-COT26,12
1057548-422-SE26,gases clinicos lic 1057545-14-LQ25 ABRIL 2026,12
1057548-424-CM26,Orden de Compra: Gas a granel 1057548-424-CM26,12
1057548-430-AG26,compra ágil: Perlas/varillas Nitrato de plata 1057548-257-COT26,12
1057548-435-CM26,"Orden de Compra, insumos curaciones avanzadas: 1057548-435-CM26",12
1057548-436-CM26,"Orden de Compra, insumos curaciones avanzadas:1057548-436-CM26",12
1057548-437-CM26,"Orden de Compra, insumos curaciones avanzadas: 1057548-437-CM26",12
1057548-439-TD26,Orden de Compra generada por Trato Directo ID 1057548-14-FTD26,12
1057548-460-CM26,Orden de Compra: Endozime 1057548-460-CM26,12
1057548-463-CM26,Orden de Compra:Insumos esterilización y pabellón 1057548-463-CM26,12
1057548-483-SE26,obras menores cot 129 lic 1057545-63-LP24,6
1057548-484-SE26,obras menores cot 122 lic 1057545-63-LP24,6
1057548-498-AG26, compra ágil coffe break : 1057548-290-COT26,6
1057549-210-AG26,compra ágil: 1057549-35-COT26 MATERIAL DIDÁCTICO Y ELEMENTOS DE ENSEÑANZA SALA CUNA HFCL,4
1057549-214-AG26,compra ágil: 1057549-38-COT26 INSUMOS BASE SAMU ,6
1057550-143-AG26,Lanyard,12
1057550-154-AG26,ROPA EPP,4
1057551-222-SE26,RETIRO DE RESIDUOS MES DE ABRIL LIC N°1057545-34-,4
1057551-231-AG26,GUANTES ALTO RIESGO DE NITRILO a compra ágil: 1057551-127-COT26,4
1057822-8-AG26,Orden de Compra generada por invitación a compra ágil: 1057822-7-COT26,6
1057876-5-AG26,RR.FF./VABO/CA: 1057876-1-COT26,4
1057876-6-SE26,RR.FF/VABO/CA: 1057876-5-COT26,4
1057900-1-AG26,COMPRA ESTUFA CULTIVO,6
1057944-12-AG26,(VAR) Banqueta de Plástico de 3 Puestos 1057944-11-COT26,12
1057944-16-AG26,(RCP) Banquetas de Plástico de 3 puestos,4
1058001-258-SE26,Calcio carbonato cm 500 mg,6
1058012-1121-SE26,(FAR) CONTROLADOS AUMENTO PACIENTES/ TAPENTADOL LP 150 MG CM (PALEXIS),6
1058012-1123-SE26,"(FAR) MEDICAMENTO Cx OFTALMOLOGÍA MAYO / MITOMICINA 400 MCG + SOLVENTE 1 CC (0,04%)",4
1058012-1125-SE26,(FAR) STOCK CRITICO F. DOSIS UNITARIA/ METRONIDAZOL 500 MG 100 ML SOL INY FA,4
1058012-1126-SE26,(FAR) STOCK CRITICO URGENTE/REMIFENTANILO CLORHIDRATO 1 MG FA,4
1058014-70-AG26,PREPARADOS DERMATOLOGICOS MAGISTRALES - Orden de Compra generada por invitación a compra ágil: 1058014-27-COT26,6
1058024-778-AG26,FA CPS AG PEDIDO JUNIO 2026 ,6
1058024-783-AG26,FA JAT AG PEDIDO JUNIO 2026 ,6
1058024-784-AG26,FA CPS AG PEDIDO JUNIO 2026,6
1058024-799-AG26,FA NVC AG PEDIDO JUNIO 2026,6
1058024-800-AG26,FA CPS AG PEDIDO JUNIO 2026 ,6
1058024-802-AG26,FA JAT AG PEDIDO JUNIO 2026,6
1058024-805-AG26,FA NVC AG PEDIDO JUNIO 2026 ,4
1058024-806-AG26,FA NVC AG PEDIDO JUNIO 2026,4
1058024-807-AG26,FA CPS AG PEDIDO JUNIO 2026 ,4
1058024-808-AG26,FA JAT AG PEDIDO JUNIO 2026 ,4
1058024-809-AG26,FA NVC AG PEDIDO JUNIO 2026,6
1058024-810-AG26,FA NVC AG PEDIDO JUNIO 2026,4
1058024-811-AG26,FA NVC AG PEDIDO JUNIO 2026,4
1058024-813-AG26,FA NVC AG PEDIDO JUNIO 2026,4
1058024-814-AG26,FA NVC AG PEDIDO JUNIO 2026,6
1058024-817-AG26,FA NVC AG PEDIDO JUNIO 2026,4
1058024-818-AG26,FA CIA AG PEDIDO JUNIO 2026,6
1058024-819-AG26,FA CIA AG PEDIDO JUNIO 2026,6
1058024-820-AG26,FA CIA AG PEDIDO JUNIO 2026,4
1058024-821-AG26,FA CIA AG PEDIDO JUNIO 2026,6
1058024-822-AG26,FA CIA AG PEDIDO JUNIO 2026,6
1058024-823-AG26,FA CPS AG PEDIDO JUNIO 2026 ,4
1058024-825-AG26,FA CIA AG PEDIDO JUNIO 2026,6
1058024-826-AG26,FA CIA AG PEDIDO JUNIO 2026,4
1058024-827-AG26,FA CPS AG PEDIDO JUNIO 2026 ,6
1058024-828-AG26,FA JAT AG PEDIDO JUNIO 2026 ,6
1058024-833-AG26,FA CIA AG PEDIDO JUNIO 2026,6
1058024-834-AG26,FA CPS AG PEDIDO JUNIO 2026 ,5
1058025-24-SE26,CS-FÁRMACOS-BODEGA FARMACIA-22.04.004.001.02-HFCM42621(SOG),12
1058025-26-SE26,CS-FÁRMACOS-BODEGA FARMACIA-22.04.004.001.02-HFCM42621(SOG),12
1058025-27-SE26,CS-FÁRMACOS-BODEGA FARMACIA-22.04.004.001.02-HFCM42621(SOG),12
1058026-18-SE26,"LIC. Adquisición medicamentos Hospital Sta. Barbara, REQ.5/220400400102-HSAB60366-60367-LAB",12
1058035-137-AG26, MEMANTINA Y OMEPRAZOL: 1058035-134-COT26,5
1058036-182-AG26,Medicamentos Azul de Tripán,12
1058036-293-AG26,Medicamentos Prednisona,12
1058036-327-AG26, Azul de Metileno,12
1058036-332-SE26,Medicamentos Pargeverina + Metamizol,12
1058039-36-AG26,COMPRA FARMACOS PRAIS ABRIL 2026 ,4
1058043-1015-AG26," 217-0213- FLUTICASONA FUROATO 92 MCG, UMECLIDINIO 55 MCG, VILANTEROL 22 MCG DO POLVO P/INH FC 30 DO",6
1058043-1016-AG26,217-0212- ACIDO URSODESOXICOLICO 250 MG / 5 ML FC SUSP. 250 ML,6
1058043-1019-AG26," 217-0199- TRAVOPROST FC 0,04 MG/ TIMOLOL FC 5 MG",6
1058043-1021-AG26,217-0196-LANSOPRAZOL SUSP 30 MG SOBRE,6
1058043-1024-AG26,INSULINA GLARGINA 100 UI / ML LAPICES DESECHABLES,6
1058043-1029-AG26,217-0198 BRINZOLAMIDA 1% BRIMONIDINA 0.2% SOL OFTALMICA FC 5 ML,6
1058043-1031-AG26," 217-0159- NEPAFENACO 0,1% SOLUCION OFTALMICA FC 5 ML",6
1058043-1032-SE26,Soluciones Hemofiltración,6
1058043-1033-AG26, 216-0236- HALOPERIDOL DECANOATO 50 MG,6
1058043-1034-AG26,219-0098-PEMETREXED FA 500 MG/ 50 ML,6
1058043-987-AG26,219-0058-TALIDOMIDA CP 100 MG,6
1058043-991-AG26,DIENOGEST CM 2 MG,6
1058043-995-AG26,LENVATINIB CP 10 MG,6
1058044-637-SE26,Fármacos Stock Mayo 2026,6
1058045-478-SE26,ORDEN DE COMPRA DESDE 1058045-1-LP26,6
1058071-453-SE26,PREPARADOS OTROS,12
1058071-508-AG26,POLIETILENGLICOL 3350 17G SOBRE,6
1058071-510-AG26,VIGABATRINA 500MG (SABRIL),6
1058078-1319-AG26,Orden de Compra generada por invitación a compra ágil: 1058078-317-COT26,12
1058078-1415-SE26,medicamentos e insumos- OCI,6
1058078-1507-SE26,medicamentos e insumos- OCI (alcohol gel 340 ml),4
1058078-1562-SE26,ORDEN DE COMPRA DESDE 1058078-78-LE24	,6
1058078-1563-SE26,ORDEN DE COMPRA DESDE 1058078-6-LE26	,4
1058078-1567-AG26,Orden de Compra generada por invitación a compra ágil: 1058078-398-COT26,5
1058078-1568-AG26,Orden de Compra generada por invitación a compra ágil: 1058078-399-COT26,4
1058078-1569-AG26,Orden de Compra generada por invitación a compra ágil: 1058078-391-COT26,6
1058078-1570-SE26,ORDEN DE COMPRA DESDE 1058078-1-LQ25,6
1058078-1573-AG26,Orden de Compra generada por invitación a compra ágil: 1058078-394-COT26,6
1058078-1574-SE26,medicamentos e insumos- OCI,6
1058078-1575-SE26,ORDEN DE COMPRA DESDE 1058078-70-LE24	,6
1058078-1576-SE26,medicamentos e insumos- OCI ,4
1058078-1577-SE26,ORDEN DE COMPRA DESDE 1058078-36-LQ25,6
1058078-1578-SE26,ORDEN DE COMPRA DESDE 1058078-36-LQ25	,6
1058078-1579-SE26,medicamentos e insumos- OCI( exámenes ),4
1058078-1581-SE26,ORDEN DE COMPRA DESDE 1058078-36-LQ25,6
1058078-1582-SE26,ORDEN DE COMPRA DESDE 1058078-32-LR25	,4
1058078-1583-SE26,ORDEN DE COMPRA DESDE 1058078-32-LR25,4
1058078-1584-AG26,Orden de Compra generada por invitación a compra ágil: 1058078-401-COT26,4
1058078-1585-SE26,ORDEN DE COMPRA DESDE 1058078-32-LR25	,4
1058078-1586-SE26,ORDEN DE COMPRA DESDE 1058078-36-LQ25	,6
1058078-1587-SE26,ORDEN DE COMPRA DESDE 1058078-36-LQ25,6
1058085-1121-SE26,MED 3002140158 FINERENONA 10 MG COMPRIMIDO,6
1058085-1122-SE26,MED 3002187500 GLUCOSA 5 %/250ML SOLUCIÓN INYECTAB,6
1058085-1123-SE26,MED 3002187556 GLUCOSA 30 %/500ML SOLUCIÓN INYECTA,6
1058086-2410-SE26,ORDEN DE COMPRA DESDE 1058086-6-LR23,6
1058086-2414-SE26,ORDEN DE COMPRA DESDE 1058086-2-LP26,6
1058086-2432-SE26,ORDEN DE COMPRA DESDE 1058086-27-LR23,6
1058086-2447-SE26,ORDEN DE COMPRA DESDE 1058086-23-LR24,6
1058086-2484-SE26,ORDEN DE COMPRA DESDE 1058086-17-LE25,12
1058087-298-SE26,SSA/RECUPERACION CENABAST BODFAR/MAYO 2026,6
1058090-594-SE26,VORICONAZOL 50 MG CM. CP,6
1058090-601-AG26,HIDRATO DE CLORAL CERTIFICADO ,6
1058090-644-AG26,IBUPROFENO 200 MG CM,6
1058090-651-AG26,BUDESONIDA 1 MG/7 ML SALIVA ARTIFICIAL CSP 300 ML PREPARADO MAGISTRAL,6
1058090-652-SE26,AGUA DESTILADA 1 LT MATRAZ,4
1058090-653-SE26,"SODIO CLORURO 0,9% 50 ML VIAFLEX",6
1058090-654-SE26,GLUCOSA 1000 ML 50%,4
1058091-47-AG26,ADQUISICIÓN DE BROMURO IPRATROPIO INH 200MCG PARA EL HOSPITAL DR. LUCIO CÓRDOVA. DESDE 1058091-49-COT26,12
1058091-48-AG26,ADQUISICIÓN DE QUIETAPINA 25 MG PARA EL HOSPITAL DR. LUCIO CÓRDOVA. DESDE  1058091-52-COT26,12
1058091-50-AG26,ADQUISICIÓN PROYECTADA Y PARCIALIZADA DE GLUCOSA 5% 250 ML ENV SEMIRIGIDO PARA EL HOSPITAL DR. LUCIO CÓRDOVA. DESDE  1058091-50-COT26,5
1058094-661-AG26,EB MEDICAMENTOS,12
1058094-674-AG26,Orden de Compra generada por invitación a compra ágil: 1058094-645-COT26,12
1058094-681-AG26,LPR MEDICAMENTOS compra ágil: 1058094-658-COT26,12
1058094-682-AG26,LPR MEDICAMENTOS compra ágil: 1058094-657-COT26,12
1058094-683-AG26,LPR MEDICAMENTO compra ágil: 1058094-652-COT26,12
1058094-689-AG26,LPR MEDICAMENTOS compra ágil: 1058094-662-COT26,12
1058094-691-AG26,LPR MEDICAMENTOS compra ágil: 1058094-664-COT26,12
1058094-695-AG26,LPR MEDICAMENTOS compra ágil: 1058094-670-COT26,12
1058094-698-AG26,LPR MEDICAMENTOS compra ágil: 1058094-673-COT26,12
1058094-703-AG26,LPR MEDICAMENTOS compra ágil: 1058094-681-COT26,12
1058094-705-AG26,LPR MEDICAMENTOS compra ágil: 1058094-683-COT26,12
1058094-707-AG26,LPR MEDICAMENTOS  compra ágil: 1058094-685-COT26,12
1058094-708-AG26,LPR MEDICAMENTOS compra ágil: 1058094-667-COT26,12
1058094-724-AG26,LPR MEDICAMENTOS compra ágil: 1058094-701-COT26,12
1058094-726-AG26,LPR MEDICAMENTOS Orden de Compra generada por invitación a compra ágil: 1058094-700-COT26,12
1058094-727-AG26,LPR MEDICAMENTOS compra ágil: 1058094-703-COT26,12
1058094-729-AG26,LPR MEDICAMENTOS compra ágil: 1058094-705-COT26,12
1058094-730-AG26,LPR MEDICAMENTOS compra ágil: 1058094-695-COT26,12
1058094-736-AG26,LPR MEDICAMENTOS compra ágil: 1058094-688-COT26,12
1058094-737-AG26,LPR MEDICAMENTOS a compra ágil: 1058094-707-COT26,12
1058094-741-AG26,LPR MEDICAMENTOS compra ágil: 1058094-720-COT26,12
1058094-742-AG26,LPR MEDICAMENTOS compra ágil: 1058094-719-COT26,6
1058094-744-AG26,LPR MEDICAMENTOS compra ágil: 1058094-713-COT26,12
1058094-745-AG26,LPR MEDICAMENTOS compra ágil: 1058094-712-COT26,12
1058094-749-AG26,LPR MEDICAMENTOS compra ágil: 1058094-727-COT26,12
1058094-751-AG26,EB MEDICAMENTOS,12
1058094-752-AG26,LPR MEDICAMENTOS compra ágil: 1058094-730-COT26,12
1058094-755-AG26,LPR MEDICAMENTOS compra ágil: 1058094-733-COT26,12
1058094-756-AG26,LPR MEDICAMENTOS compra ágil: 1058094-734-COT26,12
1058094-758-AG26,LPR MEDICAMENTOS compra ágil: 1058094-736-COT26,12
1058094-759-AG26,LPR MEDICAMENTOS compra ágil: 1058094-737-COT26,12
1058094-760-AG26,LPR MEDICAMENTOS compra ágil: 1058094-738-COT26,12
1058094-762-AG26,LPR MEDICAMENTOS compra ágil: 1058094-740-COT26,12
1058094-763-AG26,LPR MEDICAMENTOS compra ágil: 1058094-741-COT26,12
1058094-782-AG26,LPR MEDICAMENTOS compra ágil: 1058094-759-COT26,6
1058094-785-SE26,LPR MEDICAMENTO LIC.1058094-4-LQ25,6
1058095-370-SE26,PROGRAMA SUEROS MARZO 2026,12
1058095-522-SE26,PROGRAMA SUEROS ABRIL 2026,12
1058095-732-TD26,Orden de Compra generada por Trato Directo ID 1058095-1-FTD26,12
1058095-800-SE26,REPOSICIÓN MEDICAMENTOS MAYO 2026,6
1058095-818-SE26,SCE 420945,6
1058095-821-AG26,Orden de Compra generada por invitación a compra ágil: 1058095-264-COT26,6
1058095-822-AG26,Orden de Compra generada por invitación a compra ágil: 1058095-266-COT26,6
1058102-422-TD26,Orden de Compra generada por Trato Directo ID 1058102-21-FTD26,6
1058102-423-CC26,FARMACIA MES DE MAYO(CONVENIO SSÑ-BODEGA-NAO),6
1058102-424-AG26,Orden de Compra generada por invitación a compra ágil: 1058102-221-COT26,6
1058102-425-AG26,Orden de Compra generada por invitación a compra ágil: 1058102-213-COT26,6
1058102-426-CC26,Farmacia mes de mayo(convenio ssñ-bodega-jgl),4
1058103-370-CC26,FÁRMACOS SC N°832,4
1058103-371-CC26,FÁRMACOS SC N°832,6
1058103-372-CC26,FÁRMACOS SC N°832,4
1058103-373-CC26,INSUMOS MEDICOS MAYO 2026 (CONV. - FNB),4
1058106-159-CC26,COMPRA DE INSUMOS  QUIRURGICOS ,4
1058106-160-CC26,COMPRA  DE    INSUMOS PARA LABORATORIO,4
1058106-161-CC26,COMPRA  DE    INSUMOS PARA LABORATORIO,4
1058106-164-CC26,COMPRA  DE  INSUMOS PARA  LABORATORIO ,4
1058106-165-CC26,COMPRA DE REACTIVOS PARA LABORATORIO,6
1058128-1002-AG26,pedido HPM,4
1058128-1006-AG26,pedido HPM,6
1058128-1013-SE26,PEDIDO hpm,6
1058128-1015-AG26,pedido HPM,4
1058128-1016-SE26,PEDIDO hpm,4
1058132-803-SE26,PAC 2026 - MAYO,6
1058132-827-SE26,Magistrales,6
1058132-839-SE26,PAC 2026 - MARZO,6
1058132-840-SE26,PAC 2026 - MAYO,4
1058132-841-SE26,PAC 2026 - MAYO,4
1058133-50-AG26,Paliperidona 75 mg Departamento Salud Mental,12
1058133-62-AG26,Paliperidona 150 mg Departamento Salud Mental,4
1058134-806-SE26,ORDEN DE COMPRA DESDE 1058134-20-LP25/FALLA CENABAST MAYO 2026.,12
1058134-819-SE26,ORDEN DE COMPRA DESDE 1058134-54-LP24/MAYO 2026.,12
1058134-831-SE26,ORDEN DE COMPRA DESDE 1058134-60-LQ24/MAYO 2026.,12
1058134-833-SE26,ORDEN DE COMPRA DESDE 1058134-117-LR24/MAYO 2026.,12
1058134-834-SE26,ORDEN DE COMPRA DESDE 1058134-7-LP25/MAYO 2026.,12
1058134-856-AG26,Orden de Compra generada por invitación a compra ágil: 1058134-199-COT26/EXTRA MAYO 2026.,4
1058137-16-AG26,Inhaladores,12
1058141-551-AG26,(APM) FALTA CENABAST MARZO PENICILINA G SOD FA 2000000 ID: 1058141-497-COT26,12
1058141-588-AG26,(APM) FALTA CENABAST ABRIL ID: 1058141-521-COT26,12
1058141-596-AG26,(APM) FALTA CENABAST ABRIL FINERENONA CM 10 MG ID: 1058141-511-COT26,12
1058141-597-AG26,(APM) FALTA CENABAST ABRIL FINERENONA CM 10 MG ID: 1058141-512-COT26,12
1058141-623-AG26,(APM) PEDIDO FARMACIA MAYO ID: 1058141-572-COT26,12
1058141-633-AG26,(APM) FALTA CENABAST ABRIL  PANCREOLIPASA CP 25000 UI PM ID: 1058141-523-COT26,12
1058141-646-AG26,(APM) PEDIDO FARMACIA MAYO ID: 1058141-578-COT26,12
1058141-659-AG26,(APM) PEDIDO FARMACIA MAYO GEL LUBRICANTE OFT FC 10 ML ID: 1058141-569-COT26,12
1058141-670-AG26,(APM) PEDIDO FARMACIA MAYO ID: 1058141-568-COT26,12
1058141-672-AG26,(APM) PEDIDO FARMACIA MAYO ID: 1058141-599-COT26,12
1058141-678-SE26,(JBR) PEDIDO FARMACIA MAYO LANSOPRAZOL SO,6
1058141-681-AG26,(APM) PEDIDO FARMACIA MAYO PROPAFENONA CM 150 MG ID: 1058141-610-COT26,12
1058141-696-AG26,(APM) FALTA CENABAST ABRIL - MAYO SUNITINIB CP 12.5 MG ID: 1058141-623-COT26,12
1058141-705-AG26,(APM) INCUMPLIMIENTO CENABAST ABRIL MIDAZOLAM AM 50 MG/10 ML ID: 1058141-628-COT26,12
1058141-710-AG26,(APM) INCUMPLIMIENTO CENABAST ABRIL MORFINA CLORH AM 10MG/ML 1 ML ID: 1058141-640-COT26,12
1058141-719-AG26,(APM) PEDIDO FARMACIA GALENICA MAYO ID: 1058141-644-COT26,12
1058141-733-AG26,(JBR) PEDIDO EXTRA FARMACIA OLANZAPINA F.A 10 MG ID : 1058141-655-COT26,6
1058339-151-AG26,"Compra insumos veterinarios, progra muni n°42, memo n°54/2026-Progra PDTI",6
1062448-1198-SE26,"SERVICIO DE TRASLADO PROGRAMA ""TE CUIDO""",12
1062448-1472-CC26,COMPRA DE INSUMOS MEDICOS,12
1062448-1496-AG26,COMPRA DE INSUMOS MEDICOS,12
1063535-5999-AG26,Orden de Compra generada por invitación a compra ágil: 1063535-161-COT26,12
1063535-6084-SE26,FARMACOS ABRIL,12
1063535-6087-SE26,FARMACOS ABRIL,12
1063535-6139-AG26,Orden de Compra generada por invitación a compra ágil: 1063535-191-COT26,12
1063535-6233-SE26,FARMACOS MAYO,12
1063535-6239-AG26,Orden de Compra generada por invitación a compra ágil: 1063535-200-COT26,12
1063535-6242-SE26,FARMACOS MAYO,12
1063535-6243-SE26,FARMACOS MAYO,12
1063535-6246-SE26,FARMACOS MAYO,12
1063535-6249-AG26,Orden de Compra generada por invitación a compra ágil: 1063535-202-COT26,12
1063535-6251-SE26,FARMACOS MAYO,12
1063535-6253-AG26,Orden de Compra generada por invitación a compra ágil: 1063535-204-COT26,12
1063535-6256-AG26,Orden de Compra generada por invitación a compra ágil: 1063535-207-COT26,12
1063535-6257-AG26,Orden de Compra generada por invitación a compra ágil: 1063535-209-COT26,12
1063535-6258-SE26,FARMACOS MAYO,12
1063535-6259-SE26,FARMACOS MAYO,12
1063535-6262-SE26,FARMACOS MAYO,12
1063535-6264-SE26,FARMACOS MAYO,12
1063535-6266-SE26,FARMACOS MAYO,12
1063535-6267-SE26,FARMACOS MAYO,12
1063535-6271-SE26,FARMACOS MAYO,12
1063535-6272-SE26,FARMACOS MAYO,12
1063535-6273-SE26,FARMACOS MAYO,12
1063535-6274-SE26,FARMACOS MAYO,12
1063535-6275-SE26,FARMACOS MAYO,12
1063535-6278-SE26,FARMACOS MAYO,12
1063535-6279-SE26,FARMACOS MAYO,12
1063535-6280-SE26,FARMACOS MAYO,12
1063535-6281-SE26,FARMACOS MAYO,12
1063535-6283-SE26,FARMACOS MAYO,12
1063535-6284-SE26,FARMACOS MAYO,12
1063535-6286-SE26,FARMACOS MAYO,12
1063535-6287-SE26,FARMACOS MAYO,12
1063535-6289-SE26,FARMACOS MAYO,12
1063535-6290-SE26,FARMACOS MAYO,12
1063535-6291-SE26,FARMACOS MAYO,12
1063535-6293-SE26,FARMACOS MAYO,12
1063535-6310-SE26,FARMACOS MAYO,12
1063535-6312-SE26,FARMACOS MAYO,12
1063535-6314-SE26,FARMACOS MAYO,12
1063535-6315-SE26,FARMACOS MAYO,12
1063535-6317-SE26,FARMACOS MAYO,12
1063535-6323-AG26,Orden de Compra generada por invitación a compra ágil: 1063535-212-COT26,6
1063535-6325-SE26,FARMACOS MAYO,12
1063535-6340-AG26,Orden de Compra generada por invitación a compra ágil: 1063535-216-COT26,6
1063535-6341-SE26,FARMACOS MAYO,4
1063535-6342-SE26,FARMACOS MAYO,6
1063535-6343-SE26,FARMACOS MAYO,6
1063535-6344-SE26,FARMACOS MAYO,6
1063535-6345-SE26,FARMACOS MAYO,4
1063535-6346-SE26,FARMACOS MAYO,4
1063535-6347-SE26,FARMACOS MAYO,4
1063535-6348-SE26,FARMACOS MAYO,4
1063535-6349-SE26,FARMACOS MAYO,6
1063535-6350-SE26,FARMACOS MAYO,4
1063535-6351-SE26,FARMACOS MAYO,6
1063535-6352-SE26,FARMACOS MAYO,6
1063535-6353-SE26,FARMACOS MAYO,6
1063535-6354-SE26,FARMACOS MAYO,4
1063535-6356-SE26,FARMACOS MAYO,4
1063538-2636-AG26,Orden de Compra generada por invitación a compra ágil: 1063538-643-COT26,12
1063538-3186-CM26,Orden de Compra: 1063538-3186-CM26,12
1063538-3266-SE26,ORDEN DE COMPRA DESDE 1063538-51-LE26,12
1063538-3366-SE26,ORDEN DE COMPRA DESDE 1063538-269-LR24,12
1063538-3414-AG26,Orden de Compra generada por invitación a compra ágil: 1063538-891-COT26,12
1063538-3532-SE26,ORDEN DE COMPRA DESDE 1063538-262-LP23,12
1063538-3707-AG26,Orden de Compra generada por invitación a compra ágil: 1063538-924-COT26,6
1063538-3763-AG26,Orden de Compra generada por invitación a compra ágil: 1063538-1019-COT26,6
1063538-3773-AG26,Orden de Compra generada por invitación a compra ágil: 1063538-1066-COT26,6
1063538-3774-AG26,Orden de Compra generada por invitación a compra ágil: 1063538-941-COT26,6
1063538-3777-CM26,Orden de Compra: 1063538-3777-CM26,6
1063538-3781-SE26,ORDEN DE COMPRA DESDE 1063538-93-LP25	,4
1063538-3782-SE26,ORDEN DE COMPRA DESDE 1063538-76-LE25	,4
1063538-3783-SE26,ORDEN DE COMPRA DESDE 1063538-52-LP25,4
1063538-3784-AG26,Orden de Compra generada por invitación a compra ágil: 1063538-1079-COT26,4
1063538-3785-AG26,Orden de Compra generada por invitación a compra ágil: 1063538-1047-COT26,4
1067355-227-AG26,insumos para mantencion,4
1067355-229-SE26,Recarga Oxigeno,4
1067455-204-AG25,Mesas infantiles para habilitación de espacios SN 1067455-138-COT25,12
1067455-205-AG25,CATERING MESA ARTICULACIÓN ÑUBLE 25/11 1067455-139-COT25,12
1067455-206-AG25,SERVICIO CATERING ACTIVIDAD PIB CONCHALÍ 13 NOV1067455-144-COT25,12
1069417-483-AG26,PARCHES DEA PARA CESFAM SAN RAMON NONATO compra ágil: 1069417-339-COT26,6
1069417-488-AG26,INSUMOS Y EQUIPOS COMPUTACIONALES PARA CESFAM SAN RAMON NONATO compra ágil: 1069417-241-COT26,5
1069417-502-AG26,COMPRA DE GRADILLAS PARA PRESTACIONES GES DE LA DIRECCION DE SALUD MUNICIPAL COMPRA AGIL N°1069417-366-COT26,4
1069417-503-AG26,"Servicios de Coffee para 2 Actividades de Capacitación dirigido a funcionarios de APS, y Unidades dependientes de la Dirección de Salud Municipal de Chillán. compra ágil: 1069417-394-COT26",6
1070329-107-CM26,"PAI - SOL PLAN N°103 APOSITO ANTIMICROBIANO CON PLATA 5 X 5 CM/ APOSITO ANTIMICROBIANO CON PLATA 10 X 12,7 CM ",6
1070329-128-AG26,PAI - SOL PLAN N°103 APOSITOS desde 1070329-68-COT26,4
1070329-129-AG26,PAI - SOL PLAN N°137 CUCHILLO PARA RASURADOR QUIRURGICO/ VENDA GASA 10 CM ENVASE ESTERIL desde 	1070329-69-COT26,4
1070329-130-AG26,PAI - SOL N°137 FILTROS BACTERIANOS desde 1070329-70-COT26,6
1070620-1975-CM26,"YJF- COMPRA PROGRAMA ALIMENTACIÓN, PECHUGA DE POLLO CONGELADO, MARZO 2026",12
1070620-2468-CM26,RVC INSUMOS GENERALES - DESPACHO PARCIALIZADO - 1070620-2468-CM26,12
1070620-3239-SE26,VCT. REPOSICIÓN CAMIR  7.04.26,12
1070620-3295-SE26,VCT. REPOSICION ABBOTT.CATÉTER OCT.9.04.26,12
1070620-3838-CM26,"YJF- COMPRA PROGRAMA ALIMENTACIÓN, CARNE ROJA, MAYO 2026",12
1070620-3942-SE26,JIF-ADQ PRODUCTOS ASEO - TOALLAS JUMBO,12
1070620-3965-CM26,JIF-Orden de Compra: 1070620-3965-CM26,12
1070620-4111-SE26,vct reposicion endoscopia 04/05/26,12
1070620-4167-SE26,VCT. REPOSICION ABBOTT.CATÉTER OCT.06.05.26,12
1070620-4172-SE26,VCT. REPOSICIÓN BALÓN - ARLAB 06/5/26,12
1070620-4192-SE26,VCT. Reposición BOSTON StentSynergy XD 06/05/2026,12
1070620-4193-SE26,VCT. REPOSICIÓN BOSTON. 06.05.26,12
1070620-4196-SE26,vct. REPOSICIÓN BALÓN - BOSTON 06/5/26,12
1070620-4205-SE26,vct. REPOSICIÓN COOK BALON VASCULAR 07/05/26,12
1070620-4206-SE26,VCT REPOSICION CENCOMEX 07/05/2026,12
1070620-4219-SE26,VCT. REPOSICIÓN CAMIR.07.05.26,12
1070620-4235-SE26,VCT.REPOSICIÓN ARLAB 07.05.26,12
1070620-4240-SE26,VCT. REPOSICIÓN CAMIR GUÍAS.07.05.26,12
1070620-4273-CM26,RVC INSUMOS GENERALES- DESPACHO PARCIALIZADO - 1070620-4273-CM26,12
1070620-4278-CM26,RVC INSUMOS GENERALES - 1070620-4278-CM26,12
1070620-4300-CM26,JIF-Orden de Compra: 1070620-4300-CM26,12
1070620-4329-SE26,"YJF- COMPRA SEGÚN MEMO N°196 UNIDAD DE FARMACIA, FENILEFRINA ",12
1070620-4335-SE26,VCT. REPOSICIÓN CAMIR.11.05.26,12
1070620-4338-SE26,VCT. Reposición CAMIR 11/05/26,12
1070620-4347-AG26, RVC INSUMOS GENERALES - CONO CUBRE P/LAMPARA QUIRURGICA - 1070620-1463-COT26,12
1070620-4362-SE26,SBZ - Programa Laboratorio MAYO,12
1070620-4365-SE26,"YJF- COMPRA PROGRAMA FARMACIA, MAYO 2026",12
1070620-4404-AG26,RVC INSUMOS PABELLON -1070620-1487-COT26,6
1070620-4420-AG26,FZG- COMPRA DE IMPRESORA MULTIFUNCIONAL ,6
1070620-4499-SE26,SBZ - Mant Preventiva Incubadoras Giraffe Omnibed,6
1070620-4510-CM26,mrC INSUMOS GENERALES: 1070620-4510-CM26,6
1070620-4515-CM26,RVC insumos generales: 1070620-4515-CM26,6
1070620-4524-CM26,rvc insumos generales: 1070620-4524-CM26,6
1070620-4525-SE26,xar. COMPRA IMPLANTE REPOSICION Placa Origin CIRUGIA MARZO 2026,4
1070620-4529-AG26, RVC INSUMOS GENERALES - 1070620-1524-COT26,6
1070620-4531-SE26,"JIF-(JP2 N°39)-(INSTALACION MAMPARA EN PABELLON MATERNIDAD Y PUERTAS SALAS AISLAMIENTO MEDICINA 3ER PISO, EDIFICIO B PASILLO HACIA HEMATONCOLOGIA)",4
1070620-4534-SE26,JIF-(JP2 N°40)-(TRABAJOS ALUMINIO PARA REMODELACION DE BAÑOS AUXILIARES Y FUNCIONARIOS H.E.T.G),4
1070620-4535-SE26,VCT. REPOSICIÓN CAMIR.15.05.26,4
1070620-4537-AG26, YHC. EXAMEN CINTIGRAFIA OSEA,4
1070620-4539-AG26,"YHC. PANEL INVITAE DE MIOPATIA, ENFERMEDADES MUSCULARES",4
1070620-4540-AG26, YHC. PANEL INVITAE DE SINDROME DE SOBRECRECIMIENTO (TEST CODE 55011),4
1070620-4541-SE26,VCT. Reposición HMG Stent Angiolite 15/05/2026,4
1070620-4542-SE26,VCT REPOSICION MEDIPLEX 15/05/2026,4
1070620-4543-AG26," YHC. EXAMEN PANEL NEFROTICO , GLOMERULOESCLEROSIS FOCAL , SEGMENTARIA",4
1070620-4546-SE26,JIF-ORDEN DE COMPRA DESDE 1070620-5-LE25,6
1070620-4548-AG26, YHC. EXAMEN PANEL TROMBOFILIA HEREDITARIA,4
1070620-4550-SE26,JIF-(JP2 N°41)-(INSTALACION MOSQUITEROS EN PERFILERIA DE ALUMINIO Y MALLAS DE CARBONO EN SALA ESPERA DE URGENCIA),4
1070620-4554-SE26,CAC - LENVATINIB 4 MG CM- PROGRAMA MAYO FARMACIA,6
1075337-7384-SE26,cpt Compra de Insumos clínicos para Urología (GUÍA HIDROFÍLICA DE NITINOL RECTO) Pedido de Abril 2026 desde 1075337-27-LR25,9
1075337-7603-AG26,cpt Compra de Insumos clínicos para Urología (MORCELADOR GIRATORIO/RECIPIENTE COLECTOR DE TEJIDO/OTROS) Pedido de Abril 2026 desde compra ágil: 1075337-770-COT26,12
1075337-7797-SE26,cvc Compra de Lentes Introculares según consumo y reposición Enero 2026 desde 1075337-46-LQ24,12
1075337-7832-SE26,"cvc Compra de Lentes Introculares según consumo y reposición Febrero, Marzo y Abril 2026 desde 1075337-46-LQ24",12
1075337-7834-SE26,"rvv Compra Pedido Economato Aseo (paño esponja absorbente, bolsa transparente 15x25) Mayo 2026 desde 1075337-39-LP25",12
1075337-7837-SE26,rvv Compra Pedido Economato Aseo (limpiador de piso) Mayo 2026 desde 1075337-39-LP25,6
1075337-7935-SE26,cpt Compra Insumos clínicos para Anatomía Patológica (TINCION DE MASON/PORTAOBJETO IMPRIMIBLE) Pedido de Mayo 2026 desde 1075337-12-LP25,12
1075337-7988-AG26,cpt Compra de Insumos clínicos para Imagenología (JERINGA INYECTORA RM) Pedido de Mayo 2026 desde compra ágil: 1075337-965-COT26,12
1075337-7995-AG26,cpt Compra de Insumos clínicos (BOLSA PAPEL 1/4-1/8 L) Pedido de Mayo 2026 desde compra ágil: 1075337-958-COT26,12
1075337-8043-SE26,cpt Compra de Insumos Clínicos (GRAPADORAS CIRCULAR CON CABEZAL 29 MM) pedido de Mayo 2026 desde 1075337-117-LQ23,12
1075337-8052-SE26,cpt Compra de Insumos clínicos (VENDA ELÁSTICA COHESIVA) Pedido de Mayo 2026 desde 1075337-18-LR24,12
1075337-8054-SE26,cpt Compra de Insumos clínicos (PELICULA PROTECTORA SIN ALCOHOL SIMILAR CAVILON SPRAY) Pedido de Mayo 2026 desde 1075337-1-LR25,12
1075337-8055-SE26,cpt Compra de Insumos clínicos (CIRCUITO REANIMADOR EN PIEZA T) Pedido de Mayo 2026 desde 1075337-1-LR25,12
1075337-8073-SE26,cpt Compra de Insumos clínicos (CIRCUITO PASIVO CON PUERTO) pedido de Mayo 2026 desde 1075337-34-LP25,12
1075337-8088-SE26,cpt Compra de Insumos clínicos (PARCHE REDONDO CON ADHESIVO) Pedido de Mayo 2026 desde 1075337-3-LR24,12
1075337-8101-SE26,cpt Compra de Insumos clínicos (VENDA ELASTICA COHESIVA) Pedido de Mayo 2026 desde 1075337-46-LR25,12
1075337-8119-SE26,cpt Compra de Insumos clínicos de EPP (GUANTE NITRILO TALLA M) Pedido de Mayo 2026 desde 1075337-49-LR25,12
1075337-8120-SE26,cpt Compra de Insumos clínicos (PAPEL REGISTRO MONITOREO CARDIOFETAL 100X150 MM) Pedido Mayo 2026 desde 1075337-50-LR25,12
1075337-8128-SE26,cpt Compra de Insumos clínicos (ACIDOS GRASOS HIPEROXIGENADOS) Pedido de Mayo 2026 desde 1075337-52-LR25,12
1075337-8132-SE26,cpt Compra de Insumos clínicos (APOSITO ADHESIVO TRANSPARENTE/APOSITO CARBON) Pedido de Mayo 2026 desde 1075337-52-LR25,12
1075337-8146-SE26,cpt Compra de Insumos clínicos (HUMIDIFICADOR PRELLENADO DESECHABLE 500 ML) Pedido de Mayo 2026 desde 1075337-67-LR25,12
1075337-8153-CM26,rvv Compra Pedido Economato Escritorio (papel fotocopia carta) Mayo 2026,12
1075337-8154-SE26,ycc Pago SERVICIOS DE COBRANZA SOAP (MARZO - ABRIL 2026) desde 1075337-51-LE25,12
1075337-8186-SE26,cpt Compra de Insumos clínicos para Esterilización (PAPEL CREPADO/HISOPO GASA NO ESTERIL/OTRO) pedido de Abril 2026 desde 1075337-40-LR24,12
1075337-8207-SE26,cpt Compra de Insumos Clínicos para UMT (Cassette/Control de calidad/otros) Extra Mayo 2026 desde 1075337-139-LQ22,6
1075339-421-AG26," khr Compra de Fármacos (FARICIMAB JERINGA, PRELLENADA ESTERIL 6 MG/0,05M) Pedido extra Mayo 2026 compra ágil: 1075339-318-COT26",4
1075963-1538-CM26,Orden de Compra: 1075963-1538-CM26 SR: 222239,12
1075963-1778-SE26,OC DESDE 1075963-226-LE24 SR: 223379,12
1075963-2250-SE26,ORDEN DE COMPRA DESDE 1075963-475-LE25 MANT. PREVE,12
1075963-2478-SE26,ORDEN DE COMPRA DESDE 1075963-475-LE25 MANT. CORRE,12
1075963-2612-TD26,Orden de Compra generada por Trato Directo ID 1075963-20-FTD24,12
1075963-279-SE26,ORDEN DE COMPRA DESDE 1075963-159-LE25 - MP,12
1075963-3465-TD26,Orden de Compra generada por Trato Directo ID 1075963-13-FTD24,12
1075963-3477-SE26,ORDEN DE COMPRA DESDE 1075963-512-LR22 R308394,12
1075963-3838-CM26,Orden de Compra: 1075963-3838-CM26 SR: 228113-227062,12
1075963-4317-SE26,ORDEN DE COMPRA DESDE 1075963-159-LE25 - MP,12
1075963-4954-SE26,ORDEN DE COMPRA DESDE 1075963-356-LE25 - MC,12
1075963-5165-SE26,ORDEN DE COMPRA DESDE 1075963-546-LE24,12
1075963-5166-SE26,ORDEN DE COMPRA DESDE 1075963-546-LE24,12
1075963-5238-TD26,Orden de Compra generada por Trato Directo ID 1075963-3-FTD26,12
1075963-5568-SE26,ORDEN DE COMPRA DESDE 1075963-473-LE25 R309863,12
1075963-5587-SE26,ORDEN DE COMPRA DESDE 1075963-2-LQ25,12
1075963-5790-TD26,Orden de Compra generada por Trato Directo ID 1075963-8-FTD25,5
1075963-5885-SE26,ORDEN DE COMPRA DESDE 1075963-342-LP25 - MC,12
1075963-5958-SE26,ORDEN DE COMPRA DESDE 1075963-588-LQ24 REORDEN,12
1075963-5974-SE26,ORDEN DE COMPRA DESDE 1075963-150-LR22 R312420,12
1075963-5990-SE26,ORDEN DE COMPRA DESDE 1075963-388-LR21 REORDENES,12
1075963-6162-SE26,ORDEN DE COMPRA DESDE 1075963-512-LR22 REORDEN,12
1075963-6361-SE26,ORDEN DE COMPRA DESDE 1075963-270-LP25,12
1075963-6396-SE26,ORDEN DE COMPRA DESDE 1075963-515-LR22 R313319,6
1075963-6397-SE26,ORDEN DE COMPRA DESDE 1075963-552-LR24 R313305,6
1075963-6454-SE26,ORDEN DE COMPRA DESDE 1075963-290-LE25,4
1075963-6485-SE26,ORDEN DE COMPRA DESDE 1075963-197-LE24,4
1075963-6486-SE26,ORDEN DE COMPRA DESDE 1075963-487-LE24,4
1075963-6487-SE26,ORDEN DE COMPRA DESDE 1075963-372-LE25,4
1075963-6508-CM26,Orden de Compra: 1075963-6508-CM26,6
1075963-6555-TD26,Orden de Compra generada por Trato Directo ID 1075963-47-FTD25,6
1075963-6556-CM26,Orden de Compra: 1075963-6556-CM26 S.R. # 233296,4
1075963-6586-SE26,ORDEN DE COMPRA DESDE 1075963-461-LE25,6
1075963-6588-SE26,ORDEN DE COMPRA DESDE 1075963-197-LE24,4
1075963-6589-SE26,ORDEN DE COMPRA DESDE 1075963-505-LE25,4
1075963-6593-CM26,Orden de Compra: 1075963-6593-CM26,6
1075963-6597-CM26,Orden de Compra: 1075963-6597-CM26,6
1075963-6598-CM26,Orden de Compra: 1075963-6598-CM26,6
1076403-26-SE24,SLA_PC N°3374_GESTION DE PASAJES _Pasajes Internacionales y nacionales,12
1076403-46-SE24,SLA_PC N°3374_GESTION DE PASAJES _Pasajes Internacionales y nacionales,12
1076710-105-SE26,OC DESDE 1076710-3-LP26 MEDICAMENTOS COMP.CÁPSULAS ÓVULOS NO INTERMEDIADO,5
1076710-106-SE26,OC DESDE 1076710-3-LP26 MEDICAMENTOS COMP. CÁPSULAS ÓVULOS NO INTERMEDIADO,4
1076710-108-SE26,ORDEN DE COMPRA DESDE 1076710-3-LP26,4
1076710-118-SE26,OC DESDE 1076710-10-LP25 SUMINISTRO DE MEDICAMENTOS OFICINALES Y MAGISTRALES,6
1077161-225-CM26,Orden de Compra: 1077161-225-CM26,12
1077367-28-SE26,SG PMT LP OP TRASLADOS DE PASAJEROS LINEA N° 4: SALUD MENTAL (SENDA) - MARZO 2026 / MEMO N°427.722,12
1077367-29-SE26,AC geb LP 1077367-5-LE25 Monitores S.M. (abr) f.5042,4
1077367-30-SE26,AC geb LP 1077367-5-LE25 Monitores S.M. (abr) f.5043,4
1077367-31-SE26,AC geb LP 1077367-5-LE25 Monitores S.M. (abr) f.5044,4
1077367-32-SE26,AC geb LP 1077367-5-LE25 Monitores S.M. (abr) f.5045,4
1077367-33-SE26,AC geb LP 1077367-5-LE25 Monitores S.M. (abr) f.5046,4
1077367-34-SE26,AC geb LP 1077367-5-LE25 Monitores S.M. (abr) f.5047,4
1077920-185-SE26,SC N°297 ADQUISICION DE DROGA ONCOLÓGICA PARA TRATAMIENTO DE PACIENTES CON CA DE MAMA DEL CENTRO ONCOLOGICO DEL NORTE.,6
1077920-186-SE26,SC N°300 ADQUISICION DE DROGAS ONCOLÓGICAS ORALES DE ALTO COSTO PARA TRATAMIENTO DE PACIENTES DEL CENTRO ONCOLOGICO DEL NORTE.,6
1077920-191-SE26,SC N°292 ADQUISICIÓN DE FÁRMACOS AÑO 2025 PARA EL CENTRO ONCOLÓGICO DEL NORTE.,5
1077920-192-SE26,SC N°293 ADQUISICIÓN DE FÁRMACOS AÑO 2025 PARA EL CENTRO ONCOLÓGICO DEL NORTE.,6
1077920-194-SE26,SC N°289 COMPRA DE FÁRMACOS PSICOTRÓPICOS Y ESTUPEFACIENTES PARA PACIENTES DEL CENTRO ONCOLÓGICO DEL NORTE.,6
1078078-1341-CM26,"SC 24108 - VIVIENDA DE EMERGENCIA - COMUNA DE MULCHEN, REGION DEL BIOBIO",6
1078078-1347-CM26,"SC 24102 - DIFERENTES KIT - COMUNA DE CHOLCHOL, REGION DE LA ARAUCANIA",6
1078078-1350-CM26,"SC 24110 - DIFERENTES KIT - COMUNA DE QUELLON, REGION DE LOS LAGOS",6
1078078-1355-CM26,"SC 24132 - VIVIENDA DE EMERGENCIA - COMUNA DE SAN FERNANDO, REGION DE OHIGGINS",6
1078078-1368-CM26,"SC 24141 - DIFERENTES KIT - COMUNA DE LINARES, REGION DEL MAULE",6
1078177-370-AG26, ADQUISICIÓN DE INSUMOS DE PELUQUERIA 6TA COM. LOMCOCHE,6
1078177-375-CM26,ADQUISICIÓN ALIMENTACIÓN FISCAL MES ABRIL  2026 PREFECTURA VILLARRICA,4
1078333-8-SE26,SERVICIOS MÉDICOS ESPECIALIZADOS PARA REALIZACIÓN DE ECOTOMOGRAFÍAS ABDOMINALES PARA PACIENTES DEL HPH,4
1079445-245-AG26, ADQ. PASAJES 1 VEHICULO CON PASAJEROS SAICAR BAHIA AZUL- CRUCE PUNTA DELGADA a compra ágil: 1079445-232-COT26,12
1079445-277-AG26,ADQ. CALEFACTORES COMISION POBLACIONES 2DA. COM. PUERTO NATALES,6
1079445-289-AG26,ADQ. UTILES DE ASEO SIPOLCAR MAGALLANES,6
1079454-126-AG26, ADQUISICIÓN DEL SERVICIO DE REPARACIÓN DE LOS VEHÍCULOS FISCALES (AP-2993) A CARGO DEL RETÉN ASCOTAN Y (AP-3062) A CARGO DEL RETÉN SOCOMPA SEGÚN N.C.U.:2151236580 - Orden de Compra generada por invitación a compra ágil: 1079454-173-COT26.,6
1079486-83-AG26,ADQUISICIÓN DE LIVING PARA CARABINEROS ATACAMA.,4
1079516-447-SE26,"MANTENCION CORRECTIVA VEHICULO MAXUS MODELO D90 ELITE AT, SIGLA Z-10974 DE LA TENENCIA REÑACA ALTO, VIN LSFA431B1SA046856",6
1079516-448-SE26,"MANTENCION CORRECTIVA VEHICULO MAXUS MODELO D90 ELITE AT, SIGLA Z-10945 DE LA 5TA. COM. VIÑA DEL MAR, VIN LSFA431B9SA046779",6
1079516-455-SE26," MANTENCION 40000 KM VEHICULO MAXUS MODELO D60 ELITE AT SIGLA Z-10626 DE LA TENENCIA LAS CRUZADAS, VIN LSKG4BC15RD049147",6
1079516-458-SE26," MANTENCION 50000 KM VEHICULO MAXUS MODELO D60 ELITE AT SIGLA Z-10627 DEL RETEN LOS MOLLES, VIN LSKG4BC14RD049446",6
1079516-473-CM26,"ADQUISICIÓN DE 2.000 LITROS DE GAS GRANEL PARA LA 3RA. COMISARÍA DE LIMACHE.-(SE ADJUNTA ANEXO 5, DEUDA VIGENTE CON TRABAJADORES, PARA SU FIRMA Y SEA ADJUNTADO A LOS ANTECEDENTES DE ESTA COMPRA, CONFORME LO ESTABLECE LA LEY)  ",6
1079516-474-CM26,"ADQUISICIÓN DE 150 LITROS DE GAS GRANEL PARA LA 5TA. COMISARÍA VIÑA DEL MAR.  ((SE ADJUNTA ANEXO 5, DEUDA VIGENTE CON TRABAJADORES, PARA SU FIRMA Y SEA ADJUNTADO A LOS ANTECEDENTES.)",6
1079516-476-CM26,"ADQUISICIÓN DE 3.000 LITROS DE GAS GRANEL PARA LA 2DA. COMISARÍA SAN FELIPE.  (SE ADJUNTA ANEXO 5, DEUDA VIGENTE CON TRABAJADORES, PARA SU FIRMA Y SEA ADJUNTADO A LOS ANTECEDENTES.)",6
1079563-158-AG26,ADQUISICION DE PIZARRAS PARA LA ZONA DE CARABINEROS LIBERTADOR BERNARDO O´HIGGINS,12
1079563-178-AG26,ADQUISICIÓN DE MATERIALES DE CONSTRUCCIÓN PARA LA ZONA LIBERTADOR BERNARDO O´HIGGINS.,12
1079563-93-AG26,ADQUISICION DE EQUIPOS MENORES PARA LA 4TA. COM. RENGO DEPENDIENTE DE LA PREFEECTURA CACHAPOAL N°11.,12
1079566-130-AG26,"SERVICIO DE MANTENCION Y REPARACION DE LAS DEPENDENCIAS DE LA SECCION SIPOLCAR, DEPENDIENTE DE LA PREFECTURA LINARES",4
1079566-178-AG26,ADQUISICION DE MATERIALES DE CONSTRUCCION DESTINADOS A LAS UNIDADES DEPENDIENTES DE LA ZONA DE CARABINEROS MAULE,12
1079566-193-AG26,"ADQUISICIÓN DE MATERIALES DE CONSTRUCCIÓN, DESTINADOS A LAS SECCIÓN DE INTELIGENCIA POLICIAL DE LA PREFECTURA DE CARABINEROS CURICÓ",6
1079566-195-AG26,"SERVICIO DE INSTALACIÓN Y PUESTA EN MARCHA DE DOS MOTORES ELECTRICOS PARA PORTÓN, DESTINADOS A LA 4TA. COMISARÍA DE CARABINEROS TALCA",4
1079576-404-AG26,"ADQUISICION DE MENAJE PARA LA COMISION HOSPEDERIA DE LA ZONA DE CARABINEROS BIOBIO, SEGUN D/E 253586695",4
1079639-323-AG26,ADQUISICION DE 02 BALIZAS PARA LOS VEHICULOS FISCALES DE CARGO DEL DEAOPERPOL,12
1079639-402-AG26,ADQUISICIÓN MATERIALES DE CONSTRUCCIÓN PARA EL  TALLER TIC OSORNO: 1079639-459-COT26,12
1079639-413-CM26,"ALIMENTACION RACION 365, MES DE MAYO : 1079639-413-CM26",12
1079639-414-CM26,"ALIMENTACION RACION 240, MES DE MAYO :1079639-414-CM26",12
1079639-415-CM26,"ALIMENTACION COLACION, MES DE MAYO : 1079639-415-CM26",12
1079639-432-AG26,SERVICIO DE MANTENCIÓN PARA VEHÍCULOS POLICIALES Z-10810 Y CM-317 DE 4TA. COMISARIA DE CARABINEROS CALBUCO.,6
1079639-433-AG26,ADQUISICIÓN CURSO AUTOCAD PARA LA SECCION CRIMINALISTICA PUERTO MONTT DE LA ZONA LOS LAGOS: 1079639-420-COT26,4
1079639-434-AG26,ADQUISICIÓN MATERIALES DE ESCRITORIO SECCIÓN SAICAR CHILOÉ: 1079639-486-COT26,4
1079639-435-AG26,REPARACION DEL VEHICULO POLICIAL B-144 OS10 PREF CHILOE: 1079639-523-COT26,4
1079639-436-AG26,REPARACION DE CAMARA DE MICROSCOPIO PARA LA SECCION LABOCAR: 1079639-510-COT26,4
1079659-124-SE26,ADQUISICIÓN E INSTALACIÓN DE CÚPULAS PARA EL PARQUE VEHICULAR DE LA ZONA C.O.P. E INTERVENCIÓN SUR. DESDE 1079659-14-LP26,6
1079689-185-CM26,ADQUISICIÓN DE UTILES DE ASEO PARA TOTALIDAD DE AA.FF. REGIÓN AYSEN ,6
1079689-187-CM26,ADQ. MATERIALES DE OFICINA PARA TOTALIDAD DE AA.FF. REGIÓN AYSÉN,6
1079694-119-AG26,"ADQUISICIÓN DE 04 ESTANQUES DE COMBUSTIBLES (03 PARA TRANSPORTE DE DIESEL DE 400 LTS., CADA UNO Y 01 PARA GASOLINA DE 330 LTS.,) DESTINADOS A LA TENENCIA PIRIHUEICO (F) DEP. DE LA SUBPREFECTURA FRONTERIZA. SEGÚN COTIZACIÓN N°1079694-120-COT26",12
1079694-122-AG26,ADQUISICIÓN DE HERRAMIENTAS DESTINADAS AL ÁREA DE MANTENIMIENTO DE VEHÍCULOS POLICIALES DE LA 5TA. COMISARÍA PANGUIPULLI DEP. DE LA PREFEC. VALD. N°23. SEG. COT. N°1079694-84-COT26,12
1079694-127-AG26,"ADQUISICIÓN DE 36 CILINDROS DE GAS VACIÓS DE 15 KG., Y 03 CILINDROS DE GAS VACÍOS DE 05 KG., DESTINADOS A LAS UNIDADES POLICIALES Y DESTACAMENTOS DEPENDIENTES DE LA ZONA DE CARABINEROS DE LOS RÍOS. SEGÚN COTIZACIÓN N°1079694-122-COT26",12
1079694-132-AG26,"ADQUISICIÓN DEL SERVICIO DE MANTENCIÓN DE LOS 30.000 KM., DESTINADOS AL VEHÍCULO POLICIAL SIGLA LM-117 DE CARGO DE LA UNIDAD DE INVESTIGACIÓN DE ACCIDENTES DE TRÁNSITO DEPENDIENTE DE LA PREFECTURA VALDIVIA N°23. SEG. COT. N°1079694-128-COT26",12
1079694-134-SE26,SUMINISTRO DE PETRÓLEO PARA 3RA. COM. LA UNIÓN DESDE 1079694-22-LE26,12
1079713-235-CM26,ADQ. SERV. CARGA 750 LTS GAS A GRANEL PARA LA 47° COM. LOS DOMINICOS.,6
1079866-132-SE26,ADQ. RECARGA DE TARJ. ALIMENTACIÓN ZONA OESTE - ID: 1079866-15-LE26,12
1079866-144-AG26,ADQUISICION INSUMOS TALLER DEAOPERPOL C.D.P.22.04.007;22.04.999;22.04.001;22.03.001.003 DOE 251738738 /R: 1079866-110-COT26,12
1079866-148-AG26,ADQUISICION DE SERVICIO DE MANTENCION Y REPARACIÓN PARA VEHICULO RP-5772 DE LA 59. COM. LAMPA - PREF. NORTE DEPENDIENTE DE LA ZONA OESTE - DOE 248549677 - ID: 1079866-101-COT26,12
1079866-151-AG26,ADQUISICIÓN DE DISPOSITIVOS TRABA RUEDAS ANTIRROBO PARA VEHÍCULOS Y MOTOCICLETAS- 29°COMISARÍA LA FARFANA C.A N°:1079866-116-COT26 DOE: 251939143 ,12
1079866-155-CM26,ADQUISICIÓN  DE 2700 LTRS GAS A GRANEL  PARA LA 5TA. COM. CONCHALÍ1079866-155-CM26 -DOE 252254600 -CDR Nº178,12
1079866-157-CM26,ADQUISICIÓN DE 1880 LITROS DE GAS A GRANEL PARA LA 24A. COM. MELIPILLA 1079866-157-CM26 -DOE 252254558 -CDR Nº179,12
1079866-169-AG26,Adquisicion de materiales de construccion para la 3ra.Com. Stgo. Central y 56. Com Peñaflor C.D.P. 159 Y C.D.P. 168 DOE 3RA.COM.252293333 Y DOE.252293299  compra ágil: 1079866-124-COT26,12
1079866-185-CM26,ADQUISICIÓN  DE 170 LITROS DE GAS A GRANEL PARA  RETÉN CODIGUA  24A. MELIPILLA 1079866-185-CM26 -DOE 253571467 CDR Nº207,6
1079866-199-AG26,ADQ. CONEXION ELECTRICA CONTAINER RETEN RUNGUE,6
1079967-205-AG26,"Orden de Compra generada por invitación a compra ágil: 1079967-273-COT26/SERVICIO DE MANTENIMIENTO Y REPARACIÓN DEL INMUEBLE FISCAL UBICADO EN SANTA LAURA NRO. 1057, IQUIQUE, COMISIÓN VIVIENDAS FISCALES PREFECTURA IQUIQUE.",12
1079967-239-AG26,Orden de Compra generada por invitación a compra ágil: 1079967-312-COT26/ ADQUISICIÓN DE REPUESTOS PARA LOS VEHICULOS DE CARGO DE LAS UNIDADES DEPENDIENTES DE LA PREFECTURA IQUIQUE.,4
1079967-240-AG26,Orden de Compra generada por invitación a compra ágil: 1079967-313-COT26/ SERVICIO ADQUISICIOÓN REPUESTOS PARA EL VEHICULO FISCAL DE CARGO LA SECCIÓN ASUNTOS INTERNOS DE LA PREFECTURA IQUIQUE.,4
1080095-243-AG26,Orden de Compra generada por invitación a compra ágil: 1080095-58-COT26,4
1080157-76-AG26,SERVICIO DE MANTENCIÓN DE CALDERA DE AGUA PARA LA ESCUELA DE FORMACIÓN DE CARABINEROS GRUPO LOS ANDES ,6
1080286-162-CM26,"ADQUISICION INSUMOS COMISION RANCHO, PARA LA 28° COMISARIA",6
1080289-14-AG26,E1 02-RT5 Adquisición de resmas de papel carta - Prog. VPM,6
1080936-70-SE26,BLUSAS / 6,6
1082-3-AG26,Adquisicon Articulos de Oficina,4
1082957-137-AG26,Servicio de Catering en el marco de la actividad Cuarta Sesión Comité Soluciones Globales de la Región de Coquimbo,4
1084156-305-CM26,KG 22 P02 15005 MANTENIMIENTO MATERIALES DE FERRETERIA,5
1084170-39-AG26,CURSO GESTOR INCLUSION LABORAL,6
1085944-10-SE26,(5076) Servicio de Nutricionista diciembre  2025,6
1091793-400-SE24,TD SERV. INTERNET ARICA Y PARINACOTA ,12
1099402-169-SE26,OC DESDE 1099402-13-LE26 MAMOGRAFIAS,4
1099899-82-AG26,FIRMA ELECTRONICA AVANZADA Y SIMPLE - COSAM LOS ANDES Orden de Compra generada por invitación a compra ágil: 1099899-24-COT26,4
1100719-437-AG26,VHG DESDE 1100719-47-COT26 BIOTINA,6
1100719-440-AG26,Orden de Compra generada por invitación a compra ágil: 1100719-48-COT26,4
1107276-124-AG26,Orden de Compra generada por invitación a compra ágil: 1107276-170-COT26,6
1107276-138-SE26,ORDEN DE COMPRA DESDE 1107276-6-LE26,6
1107279-37-AG26,Orden de Compra generada por invitación a compra ágil: 1107279-63-COT26,4
1107282-60-AG26,Orden de Compra generada por invitación a compra ágil: 1107282-61-COT26,6
1109692-67-AG26,SERVICIO DE ALIMENTACIONES PARA FUNCIONARIOS EN PORVENIR Prov.de compra ágil: 1109692-57-COT26* FF.PP,12
1113144-14-AG26,ALIMENTACION NO PERECIBLE  PN PATAGONIA ,12
1113265-42-CM26,Orden de Compra: 1113265-42-CM26,5
1113265-46-CM26,Orden de Compra: 1113265-46-CM26,6
1125-33-SE26,Servicios mantención equipos aire acondicionado.,4
1126920-189-AG26,BATERIAS PARA MINIBUSES CECH,4
1126920-191-AG26, SALIDA PEDAGOGICA Encuentro Regional SEA 2026 ESCUELA AMANECER DE LO MOSCOSO,4
1126920-192-AG26,INSUMOS COMPUTACIONALES CECH,4
1126920-194-AG26,MANTENCION MAQUINAS DE COSER CECH,4
1126920-8-SE26,RENOVACION SERVICIO MANTENCION ELECTRICA P02 AÑO 2026,12
1126922-525-AG26,PG96 CECI SERVICIO DE TRANSPORTE PARA ALUMNOS DEL PROGRAMA CECI ,4
1126922-553-AG26,RBD 7941 SEP PG02 Adquisición de tambores originales Brother DR-411 para impresora Liceo Carlos Ibañez del campo de Fresia.,6
1126922-568-SE26,RBD 7723 MANTENIMIENTO PG02 REPARACIONES PARA LA ESCUELA GRUPO ESCOLAR DE PUERTO VARAS,6
1126922-569-SE26,RBD 7722 MANTENIMIENTO PG02 REPARACIONES BAÑOS COLEGIO ROSITA NOVARO DE LA COMUNA DE PUERTO VARAS,4
1126922-570-SE26,RBD 7967 Mantenimiento PG02 Reparación Portón Escuela Rural Colegual de Llanquihue,4
1126922-573-SE26,RBD 7905 Mantenimiento PG02 Mantenimento estufas a pellet para la Escuela Rural Paraguay Chico de la Comuna de Los Muermos,4
1126922-575-SE26,RBD 22309 MANT PG02 Reparación bomba impulsora Colegio Inglés Mabel Condemarín comuna de Los Muermos,4
1126922-576-SE26,RBD 7878 FAEP PG02 Cambio de cielo oficina dirección Escuela rural Palihué,4
1126922-577-SE26,RBD 22310 FAEP PG02 Cambio de Puertas y ventanas para Escuela rural Yerbas Buenas,4
1126922-578-CM26,RBD 22309 GENERAL PG02 Gas a granel para calefacción dependencias del E.E. Colegio Inglés Mabel Condemarín comuna de Los Muermos,4
1126922-580-SE26,RBD 22012 MANT PG02 Mejoramiento baño de profesores Liceo Punta de Rieles ,4
1126922-581-SE26,"RBD 22519 MANTENIMIENTO PG02 CAMBIO DE INODORO PARA COLEGIO MIRADOR DEL LAGO, COMUNA DE PUERTO VARAS.",4
1126922-582-CM26,RBD 7976 GENERAL PG02 ADQUISICIÓN DE RECARGA DE GAS ESCUELA BERNARDO PHILIPPI COMUNA FRUTILLAR,6
1126922-583-SE26,"RBD 22519 MANTENIMIENTO PG02 REPARACIÓN DE BAÑOS PARA COLEGIO MIRADOR DEL LAGO, COMUNA DE PUERTO VARAS.",4
1126922-586-AG26,RBD 22309-22012 SEP PG02 Transporte salidas educativas para estudiantes Liceo Punta de Rieles y Colegio Inglés Mabel Condemarín,4
1126922-588-SE26,RBD 7967 Mantenimiento PG02 Reparaciones baños y exterior Escuela Rural Colegual de Llanquihue,4
1126922-590-SE26,RBD 7967 Mantenimiento PG02 Reparación filtración Escuela Rural Colegual de Llanquihue,4
1126922-596-AG26,RBD 7975 SEP PG02 SERVICIO DE INTERNET PARA ESCUELA ARTURO ALESSANDRI PALMA COMUNA FRUTILLAR,4
1129525-35-AG26,COMPRA MATERIAL DE MANTENCION/SCAG 28-2026,6
1142-123-AG26,"Adquisición alimentos vía invitación a compra ágil: 1142-60-COT26, RESIDENCIA TRANSITORIA.",6
1142-124-AG26,Adquisición tóner vía  a compra ágil: 1142-63-COT26 Delegación Presidencial Región del Maule.,5
1147293-63-AG26,SERVICIO ALOJAMIENTO TEMUCO a compra ágil: 1147293-47-COT26,12
1151549-388-SE25,Arriendo de Impresoras 1151549-4-LP25,12
1153624-148-SE23,BROWSE INGENIERÍA DE SOFTWARE,12
1155324-12-TD26,Orden de Compra generada por Trato Directo ID 1155324-1-FTD26,4
1156369-24-TD26,Orden de Compra generada por Trato Directo ID 1156369-7-FTD26,4
1156369-25-SE26,Servicios de vulcanización ,4
1158-59-TD26,Orden de Compra generada por Trato Directo ID 1158-5-FTD26,6
1159-94-TD26,Orden de Compra generada por Trato Directo ID 1159-61-FTD26,6
1161-194-AG26,RIB-LAREDO-FWS-EXP:2.465/2026 REF:374-AG-MATERIALES DE  COMPUTACIÓN-SEMILLA,6
1161-223-AG26,JPT/EXP.2923-MATERIALES EMERGENCIA IA-PECUARIA- 1161-109-COT26,4
1161-224-AG26,ECC EXP 2905/2026 LUPAS Y PINZAS SAG PUERTO VARAS ,6
1161-230-SE26,LPAT Exp 2934 Servicio de Aseo de Octubre a Diciem,4
1161-25-SE26,SBV-LAREDO-EXP.665-REF.24-SERVICIO SEGURIDAD ENERO A DICIEMBRE,12
1161266-302-AG26,SERVICIO DE PUBLICACIÓN CONCURSO PÚBLICO EN DIARIO PROVINCIAL,4
1165648-86-AG26,VENDAS FOFAR sol N°284,6
1165648-88-AG26,HERRAMIENTAS Y EQUIPOS SSGG sol N°269,6
1171142-1337-SE26,"Mantenimiento Preventivo Planta de tratamiento de agua y red de distribución del CAPLC, ABRIL - MAYO Depto. Operaciones. ID 1171142-219-LQ24",12
1171142-1381-AG26, Servicio de mantenimiento correctivo para contenedores de muestras 1171142-725-COT26,12
1171142-1583-SE26,INSUMOS PARA CX DE TOBILLO Y PIE PARA EL CAPLC DESDE LIC 1171142-91-LP24,6
1171142-1590-SE26,Implantes Artroplastia de Hombro CAPLC desde lic 1171142-56-lq24,6
1171142-1750-AG26, AGUJA PARA JERINGA CARPULE DES UD CORTA 30G X 7/8/1171142-989-COT26/BODEGA DENTAL,6
1171142-1767-CM26,SUMINISTRO DE GAS LICUADO GRANEL SEGUN SOLICITUD PARA CECOSAM TEMUCO,12
1171142-1778-CM26,CONTROL BIOLOGICO ESTERILIZACION P/OXIDO ETILENO UD / BODEGA INSUMOS ,6
1171142-1780-SE26,SERVICIO DE ADQUISICÓN MANTENC Y RECARGA EXTINTORES PARA CAPLC,4
1171142-1793-CM26,CONTROL BIOLOGICO ESTERILIZACION P/OXIDO ETILENO UD / BODEGA INSUMOS ,6
1171142-1795-SE26,Servicio de traslado de paciente CAPLC en ambulancia básica y avanzada ID LIC 1171142-107-LP25 / ABRIL 2026,12
1171142-1823-SE26,ADQUISICIÓN DE INSUMOS CON EQUIPO EN COMODATO PARA UNIDAD DE ESTERILIZACIÓN DEL CAPLC / 1171142-24-LQ24  ,4
1171142-1895-SE26,MEROPENEM 1000 MG INYECTABLE/ 1171142-26-LE25,6
1171142-1933-SE26,"BUDESONIDA / FORMOTEROL INHALADOR 320/9,0 MCG	",6
1171142-1934-CM26,SUMINISTRO DE GAS LICUADO GRANEL SEGUN SOLICITUD PARA HOGAR PROTEGIDO DEL CAPLC ,4
1171142-1936-SE26,"BUDESONIDA/FORMOTEROL 160/4,5 MCG POLVO SECO/1171142-5-le25",6
1171166-148-CM26,P02/RIG: SLEP/COMPRA UTILES DE ASEO//LICEO TECNOLOGICO DE COPIAPO,5
1171234-15-AG26,MATERIALES DE ELECTRICIDAD,6
1172445-36-SE26,P02 SEP MAP/ADQUISICION DE I. MUSICALES LICEO DE MUSICA DESDE 1172445-4-LE26,6
1172445-79-AG26,P02SEP/EVA/LICEO FERNANDO ARIZTÍA/RBD420/ORD10/LICEO MERCEDES FRITIS/RBD400/ORD02/ARTÍCUÑLOS DE LIBRERIA,4
1173418-32-SE26,CET DEL CCP TEMUCO SERVICIO DE RETIRO DIARIO DE RESIDUOS PERIODO 21 FEBRERO AL 20 MARZO 2026 GENDARMERIA DE CHILE,12
1173431-23-AG26,TONERS Y OTROS BODEGA CENTRAL CET CONCEPCION,5
1173431-25-CM26,abarrotes área repostería  cet concepción  ,12
1173445-16-AG26,INSUMOS CAFETERIA: 1173445-14-COT26,12
1173446-19-CM26,Orden de Compra: 1173446-19-CM26- PRODUCSTOS DE ASEO ,4
1173466-14-CM26,516/ COMPRA DE GAS TALLER DE PINTURA,12
1173466-15-CM26,516/ COMPRA DE GAS PARA PANADERIA Y CENTRAL DE ALIMENTACION ,12
1173480-18-CM26,Adquisición Recarga Gas a Granel para Panaderia CET CCP Rengo: 1173480-18-CM26,6
1174300-15-AG26,PRODUCTOS ELECTRICOS compra ágil: 1174300-6-COT26,4
1174300-16-AG26,Alimentación - Adquisición de víveres para confección de ejercicios de alimentación,6
1174300-17-AG26,MANTENCION VEHICULOS FISCAL compra ágil: 1174300-5-COT26,6
1175-2510-SE25,CDP N° 7/2025: suministro gas,6
1175-299-CM26,Orden de Compra: 1175-299-CM26,12
1175-358-SE26,CDP 333-25 OC DESDE 1175-124-LE25,12
1175-370-SE26,CDP 333-25 OC DESDE 1175-124-LE25	,12
1175-383-AG26,CDP N°289/2026: MODIFICA PERM. TELECO,6
1175-384-SE26,CDP 101/26 Atenciones dentales Salud Mapuche Marz2,4
1175-389-SE26,"CDP. N* 59.24,Cuota N*24/24",6
1175-400-SE26,CDP 174/2025 cofee curso Jornada habilidades paren,4
1175-401-CM26,Orden de Compra: 1175-401-CM26,5
1175-6-SE26,"CDP. N* 48.24, Servicio de transporte prestado MES Noviembre 2025 (Ruta medica)",4
1177296-144-CM25,Desarrollo y mantención software platafroma conectando saberes /DAT,12
1177296-177-AG26,ID 109//Adquisición de licencias Microsoft Teams Rooms Pro para salas Calafate y Futaleufú//compra ágil: 1177296-38-COT26.AIS,6
1178386-10-AG26,Orden de Compra generada por invitación a compra ágil: 1178386-7-COT26,6
1178789-11-AG26,Recarga de extintores para el Juzgado de Letras de Pitrufquén,6
1180828-19-SE26,1180828-22-LP25/ MOBILIARIO PARA CESFAM MAULE NORTE,12
1180828-21-SE26,1180828-22-LP25/ MOBILIARIO PARA CESFAM VICHUQUEN,12
1180828-4-SE26,1180828-22-LP25 / MOBILIARIO PARA CESFAM CURANIPE,12
1180968-14-TD26,Orden de Compra generada por Trato Directo ID 1180968-3-FTD26,6
1183-26-AG26,ASEO BIENESTAR : 1183-9-COT26,6
1183926-80-AG26,Orden de Compra generada por invitación a compra ágil: 1183926-94-COT26,12
1193180-23-AG26,Mantenimiento de Aire Acondicionado,12
1193663-19-AG26,Compra de pastilla Cloradoras según compra ágil: 1193663-21-COT26,6
1193663-21-AG26,Compra de papel higiénico industrial y toallas de papel según compra ágil: 1193663-22-COT26,6
1194617-1-AG26,Orden de Compra generada por invitación a compra ágil: 1194617-2-COT26,6
1195104-145-AG26,SERVICIO DE TRASLADO DE PASAJEROS DR TARAPACÁ,6
1197-20-SE26,CONVENIO DE SUMINISTRO MANTENCION PREVENTIVA Y REPARACION DE VEHICULOS FISCALES DEL IND OC DESDE 1197-4-L126,12
1197-52-CM26,Artículos de Aseo e Higiene Dirección Regional Atacama Orden de Compra: 1197-52-CM26,5
1208093-28-AG26,"Servicio de mantención preventiva y reparación (260.000; 270.000; 280.000; 290.000; 300.000 kilómetros) para modelo Chevrolet Captiva 2022 RL-TC30, desde CA: 1208093-15-COT26",12
1208094-35-AG26,Habilitación Sala de Familias UEFAA; OC compra ágil: 1208094-27-COT26,4
1208983-84-AG26,Adquisición Camas 1 Plaza para RF,12
1208983-88-AG26,Adquisicion Insumos de Oficina UEFAA-UADOP,6
1208983-89-AG26,Adquisicion Insumos Aseo UEFAA - UADOP,6
1208985-55-SE26,RFA-RFAT Servicio de Suministro giftcard Vestuario y Calzado Tienda Falabella y Tienda Ripley ;Alimentación y artículos de aseo personal en Supermercado Unimarc,6
1208985-60-CM26,2 PASJES PUQ-P.MONTT-PUQ INTERVENCION MMBS,6
1208985-61-CM26,Adq. Pasje PUQ-SCL-PUQ intervencion NNGA,6
1209004-85-AG26,P02: RF PEHUENCHE – INSUMOS TALLERES ID1209004-73-COT26,12
1209004-92-AG26,P02: TARJETAS GIFT CARD  ID 1209004-78-COT26 ,12
1209403-76-SE26,Adq. Calzado Según Cot. Adjuntas NNA,4
1211-10-AG26,Orden de Compra generada por invitación a compra ágil: 1211-4-COT26 (Insumos SC N°4 EDUC),6
1211839-230-CM26,Orden de Compra: 1211839-230-CM26,6
1211839-287-AG26,Orden de Compra generada por invitación a compra ágil: 1211839-174-COT26,4
1211839-288-AG26,Orden de Compra generada por invitación a compra ágil: 1211839-183-COT26,6
1212561-2-TD26,Orden de Compra generada por Trato Directo ID 1212561-2-FTD26,4
1213444-195-AG26,CÁMARA TÉRMICA  compra ágil: 1213444-87-COT26,6
1214069-49-CM26,Gas a granel para CECOSF Lucas Sierra,6
1214102-586-AG26,DGC/SP34/ETIQUETAS/SAR ESTRELLA: 1214102-337-COT26,6
1214102-820-AG26,DGC/SP33/BOLSAS PLASTICAS/DROGUERIA: 1214102-466-COT26,6
1214102-927-CM26,DGC/SILLAS/DIRECCION DE SALUD: 1214102-927-CM26,4
1214102-928-AG26,DGC/SP108/EPP INVIERNO/DIRECCION DE SALUD: 1214102-537-COT26,6
1214102-948-AG26,DGC/SP67/LIMPIEZA CAMARAS/SAR ESTRELLA: 1214102-559-COT26,4
1214102-949-AG26,DGC/INSUMOS PODOLOGIA/DIRECCION DE SALUD: 1214102-552-COT26,6
1214102-951-SE26,GOA / SERVICIO CREMATORIO MES DE ABRIL 2026,6
1214102-957-AG26,DGC/MANTENCION BOMBAS Y ESPIROMETROS: 1214102-544-COT26,4
1214102-958-AG26,DGC/SP103-69-52/TALONARIOS: 1214102-554-COT26,4
1214102-959-AG26,DGC/SP80/HORNO/CESFAM C.R.S.H: 1214102-565-COT26,4
1214102-961-AG26,DGC/SP28/MANTENCION CENTRAL DE INCENDIO/FARMACIAS : 1214102-563-COT26,4
1214102-964-AG26,DGC/SP86/DETECTAR FILTRACION/CESFAM C.R.S.H: 1214102-567-COT26,4
1216060-132-AG26,Orden de Compra generada por invitación a compra ágil: 1216060-150-COT26,6
1216062-506-SE26,REQ 32-26/SOL 401/ FARMACIA COMUNAL,9
1216062-572-AG26,SOL: 425/ Orden de Compra generada por invitación a compra ágil: 1216062-230-COT26,6
1216062-576-SE26,REQ 32-26/SOL 401/ FARMACIA COMUNAL,6
1216062-577-AG26,Orden de Compra generada por invitación a compra ágil: 1216062-229-COT26,6
1216088-127-AG26,CALZADO DE SEGURIDAD,6
1216090-55-SE26,ORDEN DE COMPRA DESDE 1216090-4-LE26,6
1217466-36-AG26,LIBROS PROYECTO FAIP. Compra ágil: 1217466-18-COT26,6
1221016-6304-SE26,ORDEN DE COMPRA DESDE 1221016-8-LE26,12
1224953-331-CM26,Orden de Compra: 1224953-331-CM26,6
1224953-341-SE26,ORDEN DE COMPRA DESDE 1224953-10-LE26,6
1224953-344-TD26,Orden de Compra generada por Trato Directo ID 1224953-8-FTD26,6
1224953-347-AG26,Orden de Compra generada por invitación a compra ágil: 1224953-183-COT26,4
1224953-348-AG26,Orden de Compra generada por invitación a compra ágil: 1224953-190-COT26,4
1224957-318-AG26,Orden de Compra generada por invitación a compra ágil: 1224957-297-COT26,6
1224957-321-AG26, LIBROS - CUADERNOS DE ACTIVIDADES Orden de Compra generada por invitación a compra ágil: 1224957-286-COT26,6
1230632-50-SE26,ORDEN DE COMPRA DESDE 1230632-13-LE25,4
1230760-4-CM26,Vales de gas Residencia,6
1230760-5-AG26,Compra Ágil de Masajeadores Musculares y de Pies CCR,4
1230872-69-SE26,Pedido N°3,6
1230872-73-AG26,Orden de Compra generada por invitación a compra ágil: 1230872-31-COT26,4
1233604-13-AG26,Orden de Compra generada por invitación a compra ágil: 1233604-19-COT26,12
1233604-17-AG26,Orden de Compra generada por invitación a compra ágil: 1233604-22-COT26,12
1233604-8-AG26,Orden de Compra generada por invitación a compra ágil: 1233604-11-COT26,12
1233607-44-AG26,1233607-15-COT26 GPR ADQ. DE SEGUROS SIN DEDUCIBLE PARA VEHÍCULOS INSTITUCIONALES DEL SLEP IQUIQUE,12
1233607-48-SE26,ORDEN DE COMPRA DESDE 1233607-1-LE26,4
1233607-51-CM26,KJC ADQ PASAJES AEREO (D.E) ,12
1233613-411-SE26,SUMINISTRO MAT ENSEÑANZA FEB ESC BDO. O´HIGGINS R.,12
1233613-453-SE26,PROTOCOLOS Y BATERÍAS PSICOLÓGICAS ESC PADRE HURTADO,12
1233613-483-SE26,SUMINISTRO TINTAS - MARZO ESC BDO. O´HIGGINS R.,12
1233613-504-SE26,SUMINISTRO DIDACTICO - FEB ESC LIBERTADOR BDO. O´H,12
1233613-952-AG26,ADQUISICIÓN DE MATERIALES ELÉCTRICOS PARA EE,5
1233613-998-SE26,ARTICULOS MUSICALES - MARZO - ESCUELA 18 DE SEPTIEMBRE,6
1233615-755-CM26,DMH [SOL-2026-00362] SUMINISTRO GAS GRANEL LICEO RAUL BROUSSAIN CAMPINO,12
1233615-771-SE26,DMH/SOL 00888 JARDIN INFANTIL AYSEN CHIQUITO/MATERIALES DE ASEO/CONVENIO DE SUMINSITRO 1233615-11-LP26,5
1233615-776-SE26,PHA/SOL INT 103/INSUMOS ASEO/SERVICIO LOCAL DE EDUCACIÓN PÚBLICA/CONVENIO SUMINISTRO 1233615-11-LP26,5
1233615-778-CM26,NDF/SOL 366/Jardin Infantil Vallecitos de Aysen/Gas granel para calefaccion ,6
1233615-782-AG26, PHA/SOL 869/INSUMOS ENFERMERIA/LICEO JOSEFINA AGUIRRE MONTENEGRO compra ágil: 1233615-226-COT26,6
1233615-783-AG26,JGS[SOL-2026-00583-585/ INSUMOS ELECTRICOS EE Y JUNJI SLEP AYSEN. Orden de Compra generada por invitación a compra ágil: 1233615-234-COT26,6
1233615-786-SE26,NDF/SOL 402/Liceo Tecnico Profesional Profesor Ricardo Navarrete Barria/Carga de gas para calefaccion,4
1233615-787-AG26, JGS[SOL-2026-00681] Materiales Deportivos/LICEO BICENTENARIO AUSTRAL LORD COCHRANE. Orden de Compra generada por invitación a compra ágil: 1233615-241-COT26,4
1233615-788-AG26, JGS[SOL-2026-00881] implementación de un laboratorio de ciencias e invernadero/ ESCUELA HAMBURGO Orden de Compra generada por invitación a compra ágil: 1233615-235-COT26,4
1233616-770-SE26,COLACIONES ESCUELA EL CARBON SCI N°998 PROGRAMA 02,12
1233616-870-SE26,MATERIALES DE FERRETERIA LICEO JORGE ALESSANDRI SCI N°1135 PROGRAMA 02,12
1233616-884-SE26,MATERIALES DE FERRETERIA ESCUELA EL SAUCE SCI N°1154 PROGRAMA 02,12
1233616-903-SE26,INSTRUMENTOS MUSICALES ESCUELA JOSÉ TOHÁ SOLDEVILA SCI N°1183 PROGRAMA 02,12
1233616-928-SE26,INSTALACIÓN CÁMARAS DE VIGILANCIA ESCUELA BULI CASERIO SCI N°1319 PROGRAMA 02,6
1233616-932-CM26,LICENCIAS OFIMÁTICAS SCI N°1336 PROGRAMA 01,12
1233616-947-SE26,ADQ. CÁMARAS DE VIGILANCIA ESCUELA PORVENIR DE CATO SCI N°1341 PROGRAMA 02,6
1233616-948-SE26,EVALUACIÓN CÁMARAS DE SEGURIDAD ESCUELA PORVENIR DE CATO SCI N°1337 PROGRAMA 02,9
1233616-953-SE26,EVALUACIÓN CÁMARAS DE SEGURIDAD ESCUELA DOMITILA URREJOLA SCI N°1337 PROGRAMA 02,4
1233619-204-SE26,SERVICIO DE TRANSPORTE ESCOLAR LÍNEA N°10 ESCUELA CLORINDO ALVEAR PREBÁSICA - CAUQUENES,12
1233619-547-AG26,"Adquisición de Adaptadores, discos duros y soporte TV para la Escuela Las Corriente ",12
1233619-614-AG26,P02 Adquisición de insumos de ferretería para especialidad de madera en Liceo san  Ignacio,4
1233822-32-CM26,Orden de Compra: 1233822-32-CM26,6
1233829-176-AG26,Compra Ágil. Control de Asistencia 1233829-37-COT26.-,12
1234-18-TD26,Orden de Compra generada por Trato Directo ID 1234-10-FTD26,6
1234212-10-AG26,ADQUISICIÓN DE PAPELERIA PARA LICEO MERCEDES MARIN DEL SOLAR,6
1236-38-CM26,REQ. N°29_PASAJES AEREOS_JUDO_PPCH,6
1236-39-CM26,REQ. N°29._PASAJES AEREOS_JUDO_PPCH,6
1237328-212-AG26,Orden de Compra generada por invitación a compra ágil: 1237328-58-COT26./ PAÑOS MULTIUSO DESECHABLES / CGR N° 10420260003,6
1237853-75-SE26,SUMINISTRO DE MATERIALES DE CONSTRUCCIÓN PARA CORP,6
1240098-181-TD26,Orden de Compra generada por Trato Directo ID 1240098-52-FTD26,4
1242131-651-CM26,Orden de Compra: 1242131-651-CM26,4
1242131-652-AG26,Orden de Compra generada por invitación a compra ágil: 1242131-345-COT26,4
1245440-32-AG26,Orden de Compra generada por invitación a compra ágil: 1245440-13-COT26,4
1247197-64-SE26, ADQUISICIÓN INSUMOS NO REACTIVOS PARA LABORATORIO,12
1248-2-SE26,RENUEVA CONTRATO ASEO TESORERIA ATACAMA,12
1250354-5-AG26,D.R- MANT. EQUIPO MÉDICO DENTAL: 1250354-7-COT26,4
1250357-78-AG26,ADQUISICION DE CERA ABRILLANTADORA DE PISO PARA LA ESCUELA DE GENDARMERIA DE CHILE ID: 1250357-39-COT26,6
1255790-76-CM26,Adquisicion de materiales aseo - mayo.,6
1260057-489-SE26,(15602)DENTAL ESTETICA ABRIL 2026,12
1260057-490-SE26,[66] INFORME TOMOGRAFÍA COMPUTARIZADA ENERO 2026,12
1260057-526-CM26,CATETER INTRAVENOSO 24 G X 18-20 MM,5
1260057-547-SE26,205 MANTENCION PREVENTIVA AMBULANCIA,4
1260057-549-CM26,COMPRA GAS GRANEL,4
1260-260-SE25,ARRIENDO NOTEBOOKS Y COMPUTADORES GORE RM DESDE 1260-48-LP25,12
1260-26-SE25,Arriendo Notebooks DESDE 1260-39-LE24,12
1260-44-SE26,Suscripciones Monday para el Gobierno Regional de Santiago,12
1261592-427-SE26,ORDEN DE COMPRA DESDE 1261592-41-LR25,12
1261592-470-SE26,ORDEN DE COMPRA DESDE 1261592-17-LE25,12
1261592-471-SE26,ORDEN DE COMPRA DESDE 1261592-17-LE25,12
1267885-457-AG26,SALUD - ADQUISICIÓN DE CONTROL BOARD PARA SALA RAYOS X DEL SAR PANGUIPULLI - Orden de Compra generada por invitación a compra ágil: 1267885-141-COT26,4
1267885-458-AG26,"SALUD - ADQUISICIÓN SERVICIO DE EMISIÓN DE LICENCIAS MÉDICAS ELECTRÓNICAS CESFAM PANGUIPULLI, COÑARIPE Y CHOSHUENCO - Orden de Compra generada por invitación a compra ágil: 1267885-142-COT26",4
1267885-459-AG26,SALUD - ADQUISICIÓN SERVICIO DE REPARACIÓN DE PARACHOQUES CAMIONETA VIGUS WOCK STWC52 CESFAM CHOSHUENCO - Orden de Compra generada por invitación a compra ágil: 1267885-140-COT26,4
1267885-460-AG26,SALUD-ADQUISICION DE BATERIA Y AMPOLLETA PARA OFTALMOSCOPIO PROG. UAPO-Orden de Compra generada por invitación a compra ágil: 1267885-129-COT26,4
1267885-464-SE26,SALUD-ADQUUISICION DE INSUMOS PARA SAR PANGUIPULLI,4
1267885-465-SE26,SALUD-ADQUISICION DE INSUMOS SAR PANGUIPULLI,4
1267885-466-SE26,SALUD-ADQUISICION DE INSUMOS SAR PANGUIPULLI,5
1267885-467-SE26,SALUD-ADQUISICION DE ALIMENTACION CAPACITACION COÑARIPE,4
1268-35-AG26," 1268-22-COT26, MANTENCION PLOTTER  REGION BIOBIO",6
1270172-17-AG26,Orden de Compra generada por invitación a compra ágil: 1270172-15-COT26,4
1270172-18-AG26,Orden de Compra generada por invitación a compra ágil: 1270172-16-COT26,6
1271178-164-CM26,MEMORANDUM Nº 00098/2026 SOLICITA GESTIONAR COMPRA DE MATERIALES BAJO CONVENIO MARCO PARA LA FABRICACION DE TOTEMS DE ATENCION PARA CENTROS DE SALUD Orden de Compra: 1271178-164-CM26,6
1271356-56-CM26,MEMO  17-18 / DROGUERIA / INSUMOS MEDICOS / CPU,12
1271356-73-AG26,MEMO 38-39/ IMPLEMENTACION DE TALLERES ADULTO MAYOR/ SALUD/1271356-55-COT26,6
1271359-144-SE26,MEMO 137-32-110/ADQ. DE INSUMOS MUSICALES/SEGÚN CDP/EDUCACIÓN/1271359-17- LE26,6
1272231-41-CM26,ECONOMATO OSORNO REQUIERE PRODUCTOS PARA LA VENTA,5
1274188-168-CM26,"Orden de Compra: 1274188-168-CM26 ADQUISICION DE RESMAS TAMAÑO CARTA Y OFICIO PARA EL ESTABLECIMIENTO ESCUELA LOS ROSALES DEL BAJO RBD-10651, SOLICITUD N°60",5
1274189-180-CM26,Orden de Compra: 1274189-180-CM26,12
1274189-183-AG26,Orden de Compra generada por invitación a compra ágil: 1274189-193-COT26,12
1274189-510-SE25,ORDEN DE COMPRA DESDE 1274189-6-LP25,12
1274285-112-SE26,Mantención preventiva y correctiva Equipos Médicos DESDE 1274285-61-LP25,12
1274285-37-SE26,Suministros de Insumos de Escritorio y Aseo 2026 DESDE 1274285-77-LP25,12
1274907-194-TD26,Orden de Compra generada por Trato Directo ID 1274907-78-FTD26,12
1274907-199-AG26,Orden de Compra generada por invitación a compra ágil: 1274907-41-COT26,12
1274907-222-CM26,Orden de Compra: 1274907-222-CM26,6
1274907-223-TD26,Orden de Compra generada por Trato Directo ID 1274907-91-FTD26,4
1274907-224-SE26,Servicio de Seguridad Mes Abril 2026.,4
1278-17-SE26,ORDEN DE COMPRA DESDE 1278-2-LE26,6
1282-9-AG26,Publicacion Extracto SEA atacama 19/05/2026,4
1286987-9-AG26,Orden de Compra generada por invitación a compra ágil: 1286987-6-COT26,4
1293138-108-AG26,CARRO TRANSPORTE BANDEJA (MDN),4
1294237-26-AG26,ROPA DE CAMA 1 PLAZA CASA TEA / F.35 - compra ágil: 1294237-5-COT26 (LIMA),12
1294449-29-AG26," Mantenimiento kilometraje camioneta ford F550, DESDE 1294449-10-COT26",6
1296107-89-AG26,Orden de Compra generada por invitación a compra ágil: 1296107-97-COT26,4
1296107-91-AG26,Orden de Compra generada por invitación a compra ágil: 1296107-98-COT26,4
1297-47-TD26,Orden de Compra generada por Trato Directo ID 1297-1-FTD26,4
1298354-184-SE26,EDU. ORDEN COMPRA PROVENIENTE DE ID 1298354-5-LP26,5
1298355-2-SE26,ORDEN DE COMPRA DESDE 1298355-27-LP25,12
1298355-338-AG26,Orden de Compra generada por invitación a compra ágil: 1298355-478-COT26,12
1298355-377-AG26,Orden de Compra generada por invitación a compra ágil: 1298355-473-COT26,4
1300-144-AG26,Servicios logísticos para actividades del componente III en la Región de Aysén - REQ 223,6
1300-719-SE25,Servicio de Aseo para Casas para un Envejecer Activo Región de los Ríos (REQ 816),12
1301883-211-AG25,Servicio de Cuorier 1301883-22-COT25,12
1301883-28-AG26,CRÉDITOS CLOUD AZURE | 1301883-11-COT26,12
1301883-70-SE26,SERVICIO DE ASEO Y SANITIZACIÓN ,12
1305532-22-CM26,Orden de Compra: 1305532-22-CM26,9
1305543-48-AG26,P01-JAO-TURBO CALEFACTOR PLAN INVIERNO,12
1305552-53-AG26,"Serv. de Aseo P01, Victoria 477. Orden de Compra generada por invitación a compra ágil: 1305552-46-COT26",4
1305560-50-SE26,AI - SERVICIO DE GUARDIAS Y VIGILANCIA SLEP VALDIVIA OFICINA YERBAS BUENAS P01 2208002,4
1320308-11-AG26,Orden de Compra generada por invitación a compra ágil: 1320308-12-COT26,6
1331-16-AG26,"INSTALACION DE NICHO DE CONCRETO 54CM, EN MEDIDOR DE AGUA",12
1336-58-SE26,MANTENCIÓN PREVENTIVA RETROEXCAVADORA JCB - DVLL,6
1340-204-AG26,Orden de Compra generada por invitación a compra ágil: 1340-28-COT26,4
1340-237-SE26,ORDEN DE COMPRA DESDE 1340-22-LE26,6
1343644-50-TD26,Orden de Compra generada por Trato Directo ID 1343644-5-FTD26,6
1343644-51-AG26,Adquisición de Insumos Veterinarios,6
1346281-73-CM26,ADQ GAS A GRANEL FUNCIONAMIENTO UNIDAD DE ALIMENTACION IP IRC ,6
1346282-185-AG26,Compra ágil: 1346282-58-COT26  (Visicoole) Para LAE-IP,6
1346282-187-AG26,Compra ágil: 1346282-60-COT26 (Hervidor y Balanza Digital) Para LAE-IP,6
1346283-38-SE26,"CONTRATACION OFERTA PROG MCA,LAS y LAE-SERPAJ 2026",12
1346284-77-CM26,COMPRA DE GAS LICUADO GRANEL (IP-IRC),12
1347870-43-AG26,"MATERIAL DE ESCRITORIO, REHABILITACIÓN INTEGRAL CON PRORROGA DE CONTINUIDAD RES. EX. N° 3141 SDM MEMO 125 1347870-9-COT26",4
1350296-548-CM26,"ADQ/""ADQUISICIÓN DE ALIMENTOS PARA UNIDAD DE ALIMENTACION Y SERVICIO DIETETICO DE LECHE PARA HOSPITAL DE ALTO HOSPICIO; FR 2026-255; 7DH",12
1350296-559-AG26,"ADQ/""ADQUISICIÓN DE ALIMENTOS PARA UNIDAD DE ALIMENTACION Y SERVICIO DIETETICO DE LECHE PARA HOSPITAL DE ALTO HOSPICIO; FR 2026-361; 7DH",12
1350296-614-SE26,CON/ Test para chequeo de sellado; ID 1350296-46-LR25; FR 2024-1665-M-40; 6DH; MES ABRIL 2026,12
1350296-664-AG26,ADQ/ ADQUISICIÓN DE CABLE SATUROMETRO PARA OXÍMETROS COMPATIBLE CON MASIMO RAD-G PARA LA UNIDAD BODEGA DE MEDICAMENTOS DEL HOSPITAL ALTO HOSPICIO; FR2026-308; 10DH,12
1350296-812-AG26,ADQ/ ADQUISICION DE ALIMENTOS PARA LA UNIDAD DE ALIMENTACIÓN Y SEDILE DEL HOSPITAL DE ALTO HOSPICIO; FR 2026-521 (1 DH),12
1350296-836-AG26,"ADQ/""ADQUISICIÓN DE METRONIDAZOL 500MG, CEFPODOXIMA 200 MG Y VITAMINAS PARA LA UNIDAD DE BODEGA DE MEDICAMENTOS DEL HOSPITAL DE ALTO HOSPICIO; FR 2026-522;5DH""",12
1350296-851-SE26,CON/ ARRIENDO DE SISTEMA INFORMACIÓN RADIOLÓGICA “RIS PACS”; ID 1350296-3-LR24; FR 2024-558-M-2 ; MES ABRIL 2026: LEBOX,12
1350296-908-SE26,CON/CONVENIO SUMINISTRO DE INSUMOS QUÍMICOS Y DE ASEO PARA UNIDAD DE ALIMENTACIÓN Y SEDILE CON EQUIPOS DOSIFICADORES EN COMODATO PARA EL HOSPITAL ALTO HOSPICIO POR 12 MESES; MES DE MAYO; ID 1350296-109-LQ24; FR 2024-1269-21; 10DH.,6
1350296-910-SE26,"CON/ ""Limpiador punta electrobisturi” ID 1350296-101-LP25; FR 2025-685-4:MES MAYO 2026; 7DH.",6
1350296-913-CM26,"ADQ/ ""ADQUISICIÓN DE PASAJES DE AEROLINEA (IQQ-STG) PARA PACIENTE HOSPITAL DE ALTO HOSPICIO; FR 2026-633",12
1350296-914-CM26," ADQ/ ""ADQUISICIÓN DE PASAJES DE AEROLINEA (IQQ-STG) PARA FUNCIONARIO (acompañante) HOSPITAL DE ALTO  HOSPICIO; FR 2026-633",12
1350296-915-CM26," ADQ/ ""ADQUISICIÓN DE PASAJES DE AEROLINEA (STG-IQQ) PARA FUNCIONARIO (retorno)  HOSPITAL DE ALTO  HOSPICIO; FR 2026-633",12
1350767-67-AG26,ADQUISICIÓN DE ELEMENTOS DE SASTRERÍA,4
1350767-68-AG26,ADQUISICIÓN DE AIRE ACONDICIONADO PARA GIMNASIO,4
1351-142-SE25,MODIFICACIÓN CONTRATO 1351-5-LE22,12
1351-26-AG26,Trabajos Varios en oficinas SRCeI Región Valparaíso,12
1351-29-SE26,Publicación POSESIONES EFECTIVAS Región Valparaíso,12
1351461-20-AG26,Adquisición de Materiales de Oficina SGD,12
1351461-27-SE24,Suministro de agua purificada,12
1351461-6-TD26,Orden de Compra generada por Trato Directo ID 1351461-1-FTD26,12
1351-5-SE25,CONTRATO ID. 1351-3-LQ24 - GUARDIAS SEGURIDAD,12
1357605-71-AG26,ADJUDICACION DE MATERIALES  1357605-55-COT26,4
1359575-108-AG26,"Fàrmacos para Pabellòn, CRH",6
1366597-1038-TD26,Orden de Compra generada por Trato Directo ID 1366597-378-FTD26,6
1366597-1102-TD26,Orden de Compra generada por Trato Directo ID 1366597-224-FTD26,12
1366597-1121-TD26,Orden de Compra generada por Trato Directo ID 1366597-135-FTD25,6
1366597-1127-TD26,Orden de Compra generada por Trato Directo ID 1366597-560-FTD25,4
1366597-1128-TD26,Orden de Compra generada por Trato Directo ID 1366597-404-FTD26,4
1366597-1129-TD26,Orden de Compra generada por Trato Directo ID 1366597-382-FTD26,4
1366597-794-TD26,Orden de Compra generada por Trato Directo ID 1366597-1237-FTD25,12
1366597-795-TD26,Orden de Compra generada por Trato Directo ID 1366597-1237-FTD25,12
1366597-797-TD26,Orden de Compra generada por Trato Directo ID 1366597-1237-FTD25,12
1366597-802-TD26,Orden de Compra generada por Trato Directo ID 1366597-229-FTD26,12
1366597-804-TD26,Orden de Compra generada por Trato Directo ID 1366597-229-FTD26,12
1366597-806-TD26,Orden de Compra generada por Trato Directo ID 1366597-229-FTD26,12
1366597-807-TD26,Orden de Compra generada por Trato Directo ID 1366597-229-FTD26,12
1366597-809-TD26,Orden de Compra generada por Trato Directo ID 1366597-229-FTD26,12
1366597-810-TD26,Orden de Compra generada por Trato Directo ID 1366597-229-FTD26,12
1366597-824-TD26,Orden de Compra generada por Trato Directo ID 1366597-657-FTD25,12
1366597-831-TD26,Orden de Compra generada por Trato Directo ID 1366597-232-FTD26,12
1368068-6-AG26,Orden de Compra generada por invitación a compra ágil: 1368068-7-COT26,4
1372647-21-AG26,PLOTTER Y ACCESORIOS,5
1375757-102-TD26,Orden de Compra generada por Trato Directo ID 1375757-22-FTD26,12
1375757-124-TD26,Orden de Compra generada por Trato Directo ID 1375757-30-FTD26,12
1375757-128-TD26,Orden de Compra generada por Trato Directo ID 1375757-33-FTD26,12
1375757-12-SE26,SERVICIO TRANSPORTE ESCOLAR COMUNA QUILLECO LICEO BICENTENARIO  FRANCISCO BASCUÑAN  GUERRERO ,12
1375757-15-SE26,SERVICIO TRANSPORTE ESCOLAR COMUNA  MULCHÉN ESCUELA BÁSICA CASAS  DE PILE ,12
1375757-176-TD26,Orden de Compra generada por Trato Directo ID 1375757-30-FTD26,12
1375757-23-SE26,SERVICIO TRANSPORTE ESCOLAR COMUNA MULCHÉN  ESCUELA BÁSICA RAPELCO Y  LICEO MIGUEL ÁNGEL CERDA LEIV,12
1375757-24-SE26,SERVICIO TRANSPORTE ESCOLAR COMUNA ALTO BIOBIO ESCUELA E-970 RALCO,12
1375757-84-TD26,Orden de Compra generada por Trato Directo ID 1375757-7-FTD26,12
1375757-99-TD26,Orden de Compra generada por Trato Directo ID 1375757-20-FTD26,12
1376-232-CM26,"F:70.- COMPRA DE COMBUSTIBLE DIESEL PARA LA FLOTA VEHICULAR, REGIÓN DE ATACAMA",12
1376-246-CM26,"F:73.- COMPRA DE COMBUSTIBLE DIESEL PARA LA FLOTA VEHICULAR, REGIÓN DE ATACAMA",12
1376-253-CM26,CDP DE VALLENAR COMPRA DE PAN PARA MES DE NOVIEMBRE,12
1376-268-CM26,COMPRA DE ABARROTES CCP DE CHAÑARAL,5
1376-283-CM26,CDP DE VALLENAR COMPRA DE GAS PARA EL SERVICIO DE ALIMENTACION,12
1376-284-CM26,CDP DE VALLENAR COMPRA DE FRUTAS Y VERDURAS,12
1380-5049-SE26,ORDEN DE COMPRA DESDE 1380-318-LE25,12
1380-5408-SE26,ORDEN DE COMPRA DESDE 1380-182-LQ25,12
1380-5429-AG26,Orden de Compra generada por invitación a compra ágil: 1380-2016-COT26,12
1380-5825-TD26,Orden de Compra generada por Trato Directo ID 1380-938-FTD26,6
1380-5874-CM26,STOCK BODEGA ESCRITORIO MES DE MAYO 2026. Orden de Compra: 1380-5874-CM26,12
1380-5951-SE26,DEL ID 1380-64-LR25,12
1380-5970-SE26,ORDEN DE COMPRA DESDE 1380-295-LE25,12
1380-6032-SE26,ORDEN DE COMPRA DESDE 1380-141-LE24,12
1380-6033-AG26,Orden de Compra generada por invitación a compra ágil: 1380-2485-COT26,12
1380-6060-SE26,DEL ID 1380-84-LP25,12
1380-6082-SE26,DEL ID 1380-350-LE25,6
1380-6092-SE26,DEL ID 1380-252-LQ25,6
1380-6101-SE26,DEL ID 1380-101-LP25,6
1380-6102-TD26,Orden de Compra generada por Trato Directo ID 1380-990-FTD26,6
1380-6103-SE26,ORDEN DE COMPRA DESDE 1380-284-LQ25,12
1380-6110-SE26,ORDEN DE COMPRA DESDE 1380-113-LP24,12
1380-6125-AG26,Orden de Compra generada por invitación a compra ágil: 1380-2452-COT26,12
1380-6130-AG26,Orden de Compra generada por invitación a compra ágil: 1380-2457-COT26,12
1380-6137-SE26,DEL ID 1380-169-LE25,6
1380-6150-SE26,ORDEN DE COMPRA DESDE 1380-157-LQ25,12
1380-6152-SE26,DEL ID 1380-101-LP25,6
1380-6174-AG26,Orden de Compra generada por invitación a compra ágil: 1380-2514-COT26,12
1380-6180-SE26,ORDEN DE COMPRA DESDE 1380-342-LP24,6
1380-6187-SE26,ORDEN DE COMPRA DESDE 1380-194-LQ25,12
1380-6188-SE26,ORDEN DE COMPRA DESDE 1380-358-LE25,12
1380-6195-SE26,ORDEN DE COMPRA DESDE 1380-218-LQ24,12
1380-6199-SE26,ORDEN DE COMPRA DESDE 1380-144-LQ25,12
1380-6203-TD26,Orden de Compra generada por Trato Directo ID 1380-1002-FTD26,12
1380-6206-AG26,Orden de Compra generada por invitación a compra ágil: 1380-2441-COT26,12
1380-6210-SE26,RESOL EXENTA N°7078 CLORO SACHET ORDEN DE COMPRA DESDE 1380-156-LE24,12
1380-6212-TD26,Orden de Compra generada por Trato Directo ID 1380-1005-FTD26,12
1380-6213-SE26,ORDEN DE COMPRA DESDE 1380-146-LQ24,12
1380-6214-SE26,RESOL EXENTA N°7079 JABÓN COSMÉTICO ORDEN DE COMPRA DESDE 1380-300-LQ25,12
1380-6222-CM26,RESOL.EXENTA 7089 STOCK ABARROTES,12
1380-6223-AG26,Orden de Compra generada por invitación a compra ágil: 1380-2462-COT26,12
1380-6225-TD26,Orden de Compra generada por Trato Directo ID 1380-1007-FTD26,12
1380-6233-SE26,ORDEN DE COMPRA DESDE 1380-343-LE25,12
1380-6235-TD26,Orden de Compra generada por Trato Directo ID 1380-1010-FTD26,12
1380-6236-CM26,RESOL.EXENTA 7115 STOCK ABARROTES,6
1380-6239-AG26,Orden de Compra generada por invitación a compra ágil: 1380-2376-COT26,12
1380-6240-AG26,STOCK BODEGA ESCRITORIO MES MAYO 2026. Orden de Compra generada por invitación a compra ágil: 1380-2512-COT26,12
1380-6242-SE26,ORDEN DE COMPRA DESDE 1380-283-LQ25,12
1380-6251-AG26,Orden de Compra generada por invitación a compra ágil: 1380-2503-COT26,12
1380-6262-SE26,ORDEN DE COMPRA DESDE 1380-332-LP25,12
1380-6268-SE26,COMPRA DESDE 1380-14-LQ23,12
1380-6277-CM26,STOCK BODEGA ESCRITORIO MES MAYO 2026. Orden de Compra: 1380-6277-CM26,6
1380-6278-AG26,Orden de Compra generada por invitación a compra ágil: 1380-2381-COT26,12
1380-6285-TD26,Orden de Compra generada por Trato Directo ID 1380-1023-FTD26,12
1380-6286-CM26,RESOL.EXENTA 7204 SALDO FRUTAS Y VERDURAS CASINO,12
1380-6295-SE26,ORDEN DE COMPRA DESDE 1380-88-LQ25,6
1380-6311-SE26,ORDEN DE COMPRA DESDE 1380-202-LP25,6
1380-6313-AG26,Orden de Compra generada por invitación a compra ágil: 1380-2519-COT26,6
1380-6329-AG26,Orden de Compra generada por invitación a compra ágil: 1380-2573-COT26,6
1380-6333-AG26,Orden de Compra generada por invitación a compra ágil: 1380-2571-COT26,6
1380-6369-AG26,Orden de Compra generada por invitación a compra ágil: 1380-2481-COT26,4
1380-6370-CM26,Orden de Compra: 1380-6370-CM26,4
1380-6371-CM26,Orden de Compra: 1380-6371-CM26,4
1380-6372-AG26,Orden de Compra generada por invitación a compra ágil: 1380-2558-COT26,4
1380-6373-CM26,Orden de Compra: 1380-6373-CM26,6
1380-6374-SE26,DEL ID 1380-129-LE25,4
1380-6376-AG26,Orden de Compra generada por invitación a compra ágil: 1380-2563-COT26,4
1380-6377-CM26,Orden de Compra: 1380-6377-CM26,4
1380-6378-SE26,ORDEN DE COMPRA DESDE 1380-47-LE25,4
1380-6379-SE26,DEL ID 1380-306-LE25,4
1380-6380-AG26,Orden de Compra generada por invitación a compra ágil: 1380-2538-COT26,4
1381-362-AG26,Orden de Compra generada por invitación a compra ágil: 1381-251-COT26,4
1381-363-SE26,ORDEN DE COMPRA DESDE 1175-260-LR23,4
1382-439-SE26,"RC 443, RECARGA TARJETAS ALIMENTACION DESDE 1175-209-",4
1383-139-AG26,"INSTALACION DE AIRE ACONDICIONADO, RESOL N°127",4
1383-144-AG26,"ARRIENDO DE BODEGAS, RESOL N°130",4
1383-145-AG26,"ARRIENDO DE OFICINAS, RESOL N°131",4
1385462-55-SE26,NAVEGADORPORTÁTIL MULTIBANDA CON SISTEMA MULTIGNSS DESDE 1385462-5-LE26,6
1385462-87-SE25,"Servicio de implementación, configuración y soporte de Sistema de Gestión documental SBAP",12
1388961-322-CM26,2DO CUATRIMESTRE ARTICULOS DE ASEO,12
1388961-350-AG26,Calibracion narcotest,12
1388961-354-SE26,Servicio de Telefonia Movil,12
1391-311-TD26,Orden de Compra generada por Trato Directo ID 1391-10-FTD26,12
1391-787-TD26,Orden de Compra generada por Trato Directo ID 1391-28-FTD26,12
1391-790-TD26,Orden de Compra generada por Trato Directo ID 1391-30-FTD26,12
1391-870-CM26,C.P. TALCA // FOSOAD 21 ADQUISICIÓN DE 17.000 LITROS DE GAS LICUADO GRANEL,6
1391-872-AG26,CCP MOLINA; FOSOAD N°46 ADQ. DE MAT. DE MANT. Y REPARACIÓN; generada por invitación a compra ágil: 1391-133-COT26,4
1391-877-AG26,DIRREG. FOSOAD 064 / ADQUISICION DE TERMO ELECTRICO DE 100 LTS. (compra ágil: 1391-115-COT26),4
1391-879-AG26,"CRS TALCA, FOSOAD N° 12 REPARACION Y PUESTA EN MARCHA DE AIRE ACONDICIONADO",4
1393495-188-AG26, SC-47658/9891-4/SEP/ADQ. INFRLADORES DE GLOBOS + GLOBOS/ESF,12
1393495-189-AG26, SC-47661/9891-4/SEP/ADQ. COLACION/ESF,12
1393495-190-AG26, SC-47659/9891-4/SEP/ADQ. COLACION - DÍA DEL ESTUDIANTE/ESF,12
1393495-316-AG26,SC-48949/35654-9/JUNJI/ADQ. MATERIAL DIDACTICO/ESF,5
1395-349-TD26,Orden de Compra generada por Trato Directo ID 1395-38-FTD26,6
1401-14-AG26,BLOQUEADORES SOLARES SIRE 82 SIC 126 (1401-7-COT26) E1O2RT9,12
1402-214-AG26,ADQUISICIÓN DE PROTECTOR DE MADERA PARA PISO EN AREA ADMINISTRATIVA DEL CCP DE RENGO.: 1402-95-COT26,6
1402-216-AG26,ADQUISICIÓN DE MATERIALES Y ARTÍCULOS DEPORTIVOS PARA PROGRAMA DE REINSERCIÓN SOCIAL P.P.L. GENDARMERÍA REGIÓN DE O’HIGGINS (compra ágil: 1402-99-COT26),6
1402-219-CM26,Adquisición de Cupones de gas para el CCP Santa Cruz,6
1402-222-AG26,ADQUISICIÓN DE LÍQUIDO ADBLUE PARA VEHÍCULOS FISCALES DE GENDARMERIA DE CHILE REGION DE O´HIGGINS (compra ágil: 1402-107-COT26),6
1403-327-CM26,ADQUISICIÓN GAS GRANEL PARA CCP COYHAIQUE,12
1407-209-AG26,Orden de Compra generada por invitación a compra ágil: 1407-43-COT26,12
1407-267-TD26,Orden de Compra generada por Trato Directo ID 1407-59-FTD26,6
1407-290-AG26,CRS AH COMPRA ELEMENTOS SEGURIDAD PSBC,4
1407-291-CM26,Dirreg/recarga de Diesel ,4
1410-355-AG26,"ESTADO VERDE-CPF AFTA ADQUISICION DE 04 DESAYUNOS DIA DE LA MADRE, PROGRAMA CRECIENDO JUNTOS.",12
1410-366-AG26,CP AFTA REQUIERE SERVICIO DE MUDANZA DESDE ANTOFAGASTA A LA CIUDAD DE COQUIMBO,12
1410-375-AG26,ESTADO VERDE- CPF AFTA ADQUISICION ALIMENTOS PROGRAMA CRECIENDO JUNTOS,12
1410-380-TD26,Orden de Compra generada por Trato Directo ID 1410-3-FTD26,6
1410-391-TD26,Orden de Compra generada por Trato Directo ID 1410-3-FTD26,6
1410-409-TD26,Orden de Compra generada por Trato Directo ID 1410-13-FTD26,6
1411-1311-AG26,Orden de Compra generada por invitación a compra ágil: 1411-393-COT26,12
1411-1328-AG26,CDP STGO SUR - VAJILLA PARA SERVICIO DE ALIMENTACION: 1411-394-COT26,5
1411-1374-CM26,"C.C.P.COLINA II, ORDEN N° 397, CENTRAL DE ALIMENTACIÓN.",6
1411-1394-AG26,CDP STGO SUR - ADQUISICION PETROLEO A GRANEL: 1411-480-COT26,6
1411-1399-AG26,"C.C.P. COLINA II, MINUTA N° 334, ELECTRICO DE SERVICIO SOLICITA MATERIALES.1411-469-COT26",4
1413007-32-AG26,Orden de Compra generada por invitación a compra ágil: 1413007-16-COT26,6
1413-272-CM26,CCP OSORNO ADQUIERE CARNES PARA CENTRAL DE ALIMENTACION Orden de Compra: 1413-272-CM26,12
1413-273-CM26,CCP OSORNO ADQUIERE CARNES PARA CENTRAL DE ALIMENTACION Orden de Compra: 1413-273-CM26,12
1413-274-CM26,CCP OSORNO ADQUIERE CARNES PARA CENTRAL DE ALIMENTACION Orden de Compra: 1413-274-CM26,12
1413-388-CM26,CCP OSORNO ADQUIERE ABARROSTES PARA CENTRAL DE ALIMENTACION Orden de Compra: 1413-388-CM26,5
1413-389-CM26,CCP OSORNO ADQUIERE ABARROSTES PARA CENTRAL DE ALIMENTACION Orden de Compra: 1413-389-CM26,12
1413-410-CM26,CDP ANCUD REQUIERE ALIMENTOS,6
1413-411-CM26,CDP ANCUD REQUIERE ALIMENTOS,6
1413-417-CM26,CCP OSORNO ADQUIERE ABARROTES CENTRAL DE ALIMENTACION Orden de Compra: 1413-417-CM26,12
1413-418-CM26,DIRREG LOS LAGOS REQUIERE VALES DE GAS PARA CAIS PUERTO MONTT,6
1413-428-CM26,CCP OSORNO ADQUIERE ALIMENTOS PARA CENTRAL DE ALIMENTACION Orden de Compra: 1413-428-CM26,4
1413-429-CM26,CCP OSORNO ADQUIERE PRODUCTOS PARA CENTRAL DE ALIMENTACION Orden de Compra: 1413-429-CM26,4
1415862-27-SE26,ST 22 COMPRA DE LICENCIAS DE MICROSOFT WINDOWS Y SQL: 1415862-8-LE26,6
1415862-62-TD25,Orden de Compra generada por Trato Directo ID 1415862-9-FTD25,12
14-185-CM26,P03 // ADQUISICIÓN DE LICENCIA MICROSOFT OFFICE 365 PROYECTO ELE (FMP),6
14-186-CM26,P01 // ADQUISICIÓN DE LICENCIA MICROSOFT OFFICE 365 PROYECTO EPF (FMP),6
14-187-CM26,P03 // ADQUISICIÓN DE LICENCIA MICROSOFT OFFICE 365 PROYECTO CASEN (FMP),6
14-188-CM26,P03 // ADQUISICIÓN DE LICENCIA MICROSOFT OFFICE 365 PROYECTO ENUSC (FMP),6
14-189-CM26,P03 // ADQUISICIÓN DE LICENCIA MICROSOFT OFFICE 365 PROYECTO SENDA (FMP),6
14-190-CM26,P02 // ADQUISICIÓN DE LICENCIA MICROSOFT OFFICE 365 PROYECTO CENSO (FMP),6
1422039-156-AG26,Orden de Compra generada por invitación a compra ágil: 1422039-165-COT26,6
1422051-168-AG26,Solicitud Pedidos Maquinarias P1: 1422051-152-COT26,6
1422824-10422-AG25,"(ETL)1422824-1476-COT25 GASA 7,5X7,5 CM GRANEL [225P1047] SOLICITA ESTERILIZACION",12
1422824-1149-CM26,(LER) CONGELADOS UCA MES DE MAYO,12
1422824-1150-SE26,(LER) CARNES UCA MES DE MAYO,12
1422824-1181-AG26,(RMM)1422824-761-COT26 Anticuerpo primario Ki67 ,12
1422824-1218-AG26,(RMM)1422824-788-COT26 KIT REACTIVOS LABORATORIO MAYO 2026,12
1422824-1239-SE26,(RMM)1057554-18-LR24 KIT RT-PCR PARA VIRUS RESPIRATORIOS MAYO 2026,12
1422824-1240-SE26,(RMM)1057554-17-LR24 REACTIVOS PARA EXAMENES DE PANELES DE BIOLOGÍA MOLECULAR MAYO 2026,12
1422824-1242-SE26,(RMM) 1422824-21-LR25 REACTIVOS LABORATORIO INMUNOLOGIA MAYO 2026,12
1422824-1248-SE26,(RMM)REACTIVOS LABORATORIO MICROBIOLOGÍA MAYO 2026,12
1422824-1267-AG26,(RMM)1422824-808-COT26  CAJA DE BIOSEGURIDAD,6
1422824-1319-SE26,(RMM)LABORATORIO CLINICO AREA MICROBIOLOGIA,12
1422824-1321-AG26,(LER) 1422824-839-COT26 AMONIO CUATERNARIO 5° GENERACION STOCK ANUAL,12
1422824-1322-AG26,(RMM) 1422824-848-COT26  KIT CANULA NASAL CPAP N°3 y N°4,12
1422824-1327-AG26,(RMM)1422824-858-COT26 RPR CARBON 500,12
1422824-1328-AG26,(RMM)1422824-857-COT26 TEST RAPIDO DE VRDL,12
1422824-1334-AG26,(RMM)1422824-846-COT26 ELECTRODO DESECHABLE DE AGUJA PARA MONITOR DE FUNCION CEREBRAL EEG ,12
1422824-1366-SE26,(RMM)1422824-63-LR25 SENSORES DE OXIMETRIA CEREBRAL,12
1422824-1371-AG26,(RMM)1422824-869-COT26 KIT DE REACTIVO 25-OH VITAMINA D,6
1422824-1378-SE26,(RMM)1057554-129-LQ23 INSUMOS GINECO-OBSTETRICO MAYO 2026,12
1422824-1383-AG26,(RMM)1422824-843-COT26 RESUCITADOR MANUAL PEDIATRICO,12
1422824-1384-AG26,(RMM)1422824-867-COT26  KIT REACT. HORMONA FOLICULO ESTIMULANTE-HORMONA LUTEINIZANTE-TESTOSTERONA TOTAL-PROLACTINA-CORTISOL,12
1422824-1401-AG26,(RMM)1422824-893-COT26 BOLSA DRENAJE ABDOMINAL 270CC,12
1422824-1402-SE26,(RMM)1057554-131-LQ23 SENSOR DE SATURACION MASIMO,12
1422824-1478-AG26,(FCR) 1422824-879-COT26 MAQUINA DE AFEITAR DESECHABLE,4
1422824-1498-AG26,(LER) 1422824-980-COT26 ATOMIZADOR PLASTICO STOCK ANUAL,6
1422824-1503-SE26,(DOZ) INSUMOS NEURORRADIOLOGIA INTERVENCIONAL,4
1422824-1508-SE26,(DOZ) INSUMOS NEURORRADIOLOGIA INTERVENCIONAL,4
1422824-1513-AG26,(FCR) 1422824-986-COT26 NYLON 3/0,4
1422824-1514-AG26,(RPB)-1422824-894-COT26-CUCHILLETE 15,6
1422824-1515-SE26,(DOZ) INSUMOS NEURORRADIOLOGIA INTERVENCIONAL,4
1422824-1519-AG26,(RPB)-1422824-901-COT26-CUCHILLETE CRECENT,6
1422824-1521-SE26,(DOZ) INSUMOS NEURORRADIOLOGIA INTERVENCIONAL,4
1422824-1523-SE26,(DOZ) INSUMOS NEURORRADIOLOGIA INTERVENCIONAL,4
1422824-1524-AG26,(RPB)-1422824-896-COT26-CUCHILLETE 2.4,6
1422824-1525-AG26,(FCR) 1422824-985-COT26  SONDA FOLEY SILICONA 2 VIAS BALON 5-15 N°22,6
1422824-1526-SE26,(RMM) MALLA COLPROPROMONTOSUSPENSIÓN EN Y 18 CM,6
1422824-1527-AG26,(LER) 1422824-994-COT26TONER 283A STOCK ANUAL,6
1422824-1528-AG26,(FCR) 1422824-992-COT26 TUBO ET C/B # 7.5,6
1422824-1529-AG26,(RMM)1422824-845-COT26 SET ELECTRODO DESECHABLES NEONATAL CON CABLE,4
1422824-1530-AG26,(FCR)1422824-997-COT26 SONDA ALIMENTACION 6FR,4
1422824-657-SE26,(DOZ) INSUMOS CARDIOLOGIA INTERVENCIONAL ,12
1422824-847-AG26,(FCR) 1422824-540-COT26 DIPRO MEDICAL DEVICE SPA,12
1422824-878-CM26,(LER) FLANES ABRIL UCA,12
1422824-880-CM26,(LER) LECHE CHOCOLATADA ABRIL UCA,12
1422824-884-CM26,(LER) ADEREZOS PAN ABRIL UCA,12
1422825-92-CM26,RESMAS CARTA Y OFICIO STOCK PARA 6 MESES,12
1422825-962-AG26,HERRAMIENTAS DE USO ELECTRICO - 1422825-681-COT26,6
1422825-963-AG26,REPUESTO PARA MONITOR DE SIGNOS VITALES - HCVB - 1422825-637-COT26,4
1422825-964-SE26,(RCP) Mantenimiento de equipos médicos (cuota 6 de,4
1425841-15-AG26,"Adquisición de herramientas, Dimao compra ágil: 1425841-16-COT26",6
1426038-107-AG26,Orden de Compra generada por invitación a compra ágil: 1426038-47-COT26,12
1426038-142-SE25,ORDEN DE COMPRA DESDE 1426038-17-LQ25,12
1426038-6-CM26,Orden de Compra: 1426038-6-CM26,12
1426099-81-AG26,BATERIAS PARA RADIOTRANSMISORES DEL IP IRC CHOL-CHOL,12
1428275-20-SE26,"PETROLEO PARA BIBLIOTECA, DMT",4
1430396-83-AG26,Orden de Compra generada por invitación a compra ágil: 1430396-52-COT26,6
1430525-13-AG26," CFCAS, Mantención Aire Acondicionados, Orden de Compra generada por invitación a compra ágil: 1430525-8-COT26",6
1430707-1425-AG26,REQUERIMIENTO UCA ,12
1430707-1567-SE26,KIT SUTURA ESTERIL STOCK MAYO 2026,12
1430707-1650-SE26,INSUMO STOCK MAYO 2026,12
1430707-1657-SE26,INSUMOS STOCK MAYO 2026,12
1430707-1659-SE26,APOSITO TRANSPARENTE STOCK MAYO 2026,12
1430707-1660-CM26,INSUMO STOCK MAYO 2026,12
1430707-1672-AG26,INSUMO STOCK MAYO 2026,12
1430707-1674-CM26,GUANTE QUIRÚRGICO STOCK MAYO 2026,12
1430707-1679-AG26,INSUMO STOCK MAYO 2026,12
1430707-1701-AG26,APOSITO INHIBIDOR DE METALOPROTEASA STOCK MAYO 2026,12
1430707-1702-SE26,INSUMO STOCK MAYO 2026,12
1430707-1705-AG26,TUBO SILICONA STOCK MAYO 2026,12
1430707-1706-AG26,PORTA OBJETOS STOCK MAYO 2026,12
1430707-1710-AG26,REQUERIMIENTO UNIDAD PRE QUIRURGICA TRAUMATOLOGIA,12
1430707-1712-SE26,INSUMO STOCK MAYO 2026,12
1430707-1713-SE26,INSUMO STOCK MAYO 2026,12
1430707-1715-SE26,INSUMO STOCK MAYO 2026,12
1430707-1716-SE26,INSUMO STOCK MAYO 2026,12
1430707-1725-SE26,INSUMO STOCK MAYO 2026,12
1430707-1873-AG26,PISTOLA DESECHABLE STOCK MAYO 2026,4
1430707-1874-AG26,REQUERIMIENTO U.C.A. MAYO 2026,4
1430707-1875-AG26,REQUERIMIENTO UCA  MAYO 2026,4
1430709-120-AG26,ADQUISICION DE EXAMENES RESPIRATORIOS,4
1430709-121-AG26,ADQUISICION DE EXAMENES RESPIRATORIOS,4
1430710-308-SE26,[2026] COMPRA A02 MAYO,6
1430710-342-AG26,IMPRESORAS TERMICAS REQUERIMIENTO 106/686,5
1430714-87-AG26,CELDA DE OXIGENO PARA VENTILADOR MECANICO PHILIPS,4
1430715-98-AG26,2 SILLAS ERGONOMETRICAS - COMERCIALIZACION,6
1430715-99-AG26,PANELES LUD LUZ FRIA  - ESTERILIZACION,4
1431291-153-SE26,Servicio de Mantencion Grupo Electrogeno,9
1431841-406-AG26,COT 418 - S -  SM 6541 ADQUISICION E INSTALACION DE MUEBLES AEREOS COLGANTES A MURO PARA DESAL,6
1431841-435-AG26,S -  SM 5596 - RECARGA Y ARRIENDO DE TUBOS OXIGENO - COT 442,4
1432083-1012-CM26,"AN, MULTI RBD, S.C. 906-1359-1515-1837, FAEP-SUB.GRAL, MOBILIARIO E.E., 2204999, COLEGIO DE MUSICA, COL. TTE. MERINO, ESC. EL LAUREL, CEIA LUIS MOLL BRIONES, ESC. CHILE.",6
1432083-1017-AG26," NM, RBD 6752, SC. 1706, SUBVENCIÓN GENERAL, ADQ INSUMOS ALIMENTICIOS ESPECIALIDAD GASTRONOMICA LICEO TECNICO, 2204002.",6
1432083-1022-AG26,"DC, RBD 36166, FAEP, SC 1190, ADQ CUNAS CAMAROTES 2904999: 1432083-549-COT26",6
1432083-1023-AG26,"YM, RBD 6953 - ESCUELA RURAL EL SALTO DE LOS LAGOS, SOL 1589, VISITA DE PLANETARIO, SEP, 2204002001 Orden de Compra generada por invitación a compra ágil: 1432083-554-COT26",4
1432083-1039-AG26," NM, RBD 6764, SC. 1242, SUBVENCIÓN GENERAL, ADQ. ZAPATILLAS PARA ESTUDIANTES DE LA ESCUELA ESPAÑA.",6
1432083-1040-AG26,"AN, RBD 6752, SC. 1426, SUBVENCIÓN GENERAL, BEBESTIBLES ESPECIALIDAD AT. HOTELERA, 2204002, LICEO TÉCNICO.",6
1432083-1049-AG26,"CC, RBD 7050, SOL 1986, GENERAL, LIENZO PARA ESCUELA MARIA MAXIMA ALVARADO GARAY DE PANGUIPULLI, 2204999 Orden de Compra generada por invitación a compra ágil: 1432083-563-COT26",4
1432083-1050-AG26,"CC, RBD 7079 7057, SOL 1846-1893, SEP, EQUIPOS MENORES PARA LA COMUNA DE PANGUIPULLI,2204013 Orden de Compra generada por invitación a compra ágil: 1432083-580-COT26",4
1432083-1054-AG26,"CC, RBD 7026-7023-7030-7050-7083, SOL 1751-2054-1980-1968-1436, SEP-GENERAL, TINTAS Y TONERS PARA CORRAL Y PANGUIPULLI, 22-04-009 Orden de Compra generada por invitación a compra ágil: 1432083-582-COT26",4
1432083-1063-SE26,"YM, RBD 6946, SOL 2143, ESC RURAL COMUNIDAD  SANTA CARLA DE LOS LAGOS, MANTENCIÓN INFRAESTRUCTURA, SUB GENERAL, 2206001",4
1432083-1064-SE26,"YM, RBD 36160, SOL 2142, J.I Y S.C RAYEN TRAY, MANTENCIÓN DE INFRAESTRUCTURA, JUNJI, 2206001",4
1432083-1065-SE26,"YM, RBD 6932, ESC NEVADA, MANTENCIÓN DE INFRAESTRUCTURA, MANTENIMIENTO, 2206001",4
1432083-1067-AG26,"YM, RBD 7200, SOL 2032, LICEO RODULFO AMANDO PHILIPPI DE PAILLACO, SERVICIO SALIDA PEDAGOGICA, SEP, 2208999 Orden de Compra generada por invitación a compra ágil: 1432083-601-COT26",4
1432083-441-AG26,"YM, RBD 6955, SOL 505, ESCUELA RURAL ENRIQUE HEVIA LABBE DE LOS LAGOS, 2204001001 Orden de Compra generada por invitación a compra ágil: 1432083-170-COT26",12
1432083-500-AG26,"YM, RBD 7203, SOL 955, ESC. OLEGARIO MORALES, ADQ. MATERIAL DIDACTICO, PIE, 2204002 Orden de Compra generada por invitación a compra ágil: 1432083-205-COT26",12
1432083-571-AG26,"YM, RBD 6953, SOL 1100, ESC. RURAL EL SALTO, ADQ. MATERIAL PEDAGOGICO, PIE, 2204002001 Orden de Compra generada por invitación a compra ágil: 1432083-251-COT26",12
1432083-631-AG26,"YM, RBD 6953, SOL 1092, ESC. RURAL EL SALTO, ADQ. BANDERA CHILENA, SEP, 2202001 Orden de Compra generada por invitación a compra ágil: 1432083-291-COT26",12
1432083-730-AG26,"YM, RBD 7203, SOL 1067, ESC. OLEGARIO MORALES DE OLIVA, ADQ. SILLAS, FAEP, 2204999Orden de Compra generada por invitación a compra ágil: 1432083-337-COT26",12
1432083-886-AG26,"CC, RBD 7101, SOL 1554, GENERAL, ALIMENTOS ANIVERSARIO ESCOLAR DE LA ESCUELA RURAL CACHIM DE PANGUIPULLI, 2201001 Orden de Compra generada por invitación a compra ágil: 1432083-410-COT26",12
1432083-961-AG26,"CC, RBD 7026, SOL 1926, SEP, COLACIONES Y ALMUERZO PARA ESCUELA RURAL CHAIHUIN DE CORRAL, 2201001 Orden de Compra generada por invitación a compra ágil: 1432083-504-COT26",12
1432083-992-AG26, MC- RBD 6899-6905-6902 SC 1588-1702-1688 ADQUISICIÓN DE CALIGRAFIX SEP 2204002001 Orden de Compra generada por invitación a compra ágil: 1432083-528-COT26,6
1437-227-CM26,"SE REQUIERE LA ADQUISICION DE VALES DE GAS ,SOLICITADO POR BIBLIOTECA MUNICIPAL.Orden de Compra: 1437-227-CM26",6
1437-230-AG26, ADQUISICION DE SEGUROS SOAP PARA VEHCULOS MUNICIPALES REQUERIDO POR LA UNIDAD DE VEHICULOSOrden de Compra generada por invitación a compra ágil: 1437-309-COT26,6
1439293-3-AG26,Orden de Compra generada por invitación a compra ágil: 1439293-3-COT26,6
1445811-29-AG26,Orden de Compra generada por invitación a compra ágil: 1445811-26-COT26,4
1447930-130-AG26,SSP- Adquisición de alimentos - Orden de Compra generada por invitación a compra ágil: 1447930-117-COT26,6
1450521-18-AG26,CECIPU - Adquisición de polar institucional ,6
1450521-20-AG26,CECIPU - Adquisición de almohada ,6
1452433-65-AG26,SERVICIO PRODUCCION DE EVENTOS PARA DESFILE GLORIAS NAVALES,6
1452433-66-AG26,"LANAS, HILOS, PALILLOS, BASTIDORES Y SET DE GANCHOS PARA ASISTENTES AL CENTRO COMUNITARIO",4
1455288-155-CM26,(CCOQ) ADQ DE GAS LICUADO A GRANEL PARA CLUB DE SKI(306/2026),6
1455288-156-AG26,(COFA)ADQ. DE ABARROTES.(301/2026),4
1455288-48-CM26,(CSOF) ADQUISICIÓN DE FRUTAS Y VERDURAS. (78/2026).,12
1455288-49-CM26,(CSOF) ADQUISICIÓN DE MERCADERÍA (80/2026).,12
1455288-67-CM26,ADQ DE LOMO LISO PARA CLUB DE SUBOFICIALES(140/2026),12
1456837-24-AG26,JJGC//SERVICIO DE TRANSPORTE SLEP LA QUEBRADA//1456837-27-COT26,6
1456838-33-AG26,Orden de Compra generada por invitación a compra ágil: 1456838-16-COT26,4
1460278-167-AG26,Compra Materiales para piso Vinílico 1460278-130-COT26,6
1461054-116-CM26,Orden de Compra: 1461054-116-CM26,12
1461054-166-AG26,ADQUISICION TATAMI COLEGIO ARTURO PRAT CHACHON  compra ágil: 1461054-155-COT26,6
1461054-171-AG26,Material Pedagógico Escuela Gabriela Mistral Orden de Compra generada por invitación a compra ágil: 1461054-143-COT26,4
1461054-173-AG26,ADQUISICION FILAMENTO IMPRESORA 3D PARA COLEGIO JAVIERA CARRERA- compra ágil: 1461054-144-COT26,6
1461054-174-AG26,ADQUISICION TACA TACAS Y PELOTAS PARA COLEGIO JOSE MANUEL BALMACEDA compra ágil: 1461054-159-COT26,4
1461054-175-AG26,"SERVICIO DE PODA, CARGA, TRANSPORTE Y DISPOSICIÓN DE RESIDUOS NO PELIGROSOS PARA COLEGIO LUCILA GODOY DE ALCAYAGA  Orden de Compra generada por invitación a compra ágil: 1461054-161-COT26",4
1461054-29-TD26,Orden de Compra generada por Trato Directo ID 1461054-2-FTD26,12
1461054-68-TD26,Orden de Compra generada por Trato Directo ID 1461054-13-FTD26,12
1462-168-SE26,CONSEL CAPACITACIONES SEGURIDAD Y ALARMAS SPA,12
1464-455-SE26,"SERVICIO DE PARA PAGO CON TARJETAS BANCARIAS DEBITO, CREDITO, Y ARRIENDO DE MAQUINAS PARA PAGO CON TARJETAS BANCARIAS COMISIONES CORRESPONDEN AL MES DE ENERO 2026.",4
1464-457-SE26,"SERVICIO DE PARA PAGO CON TARJETAS BANCARIAS DEBITO, CREDITO, Y ARRIENDO DE MAQUINAS PARA PAGO CON TARJETAS BANCARIAS COMISIONES CORRESPONDEN AL MES DE FEBRERO 2026.",4
1464-734-SE26,"SERVICIO DE PARA PAGO CON TARJETAS BANCARIAS DEBITO, CREDITO, Y ARRIENDO DE MAQUINAS PARA PAGO CON TARJETAS BANCARIAS COMISIONES CORRESPONDEN AL MES DE MARZO 2026.",4
1464-735-AG26,Reactivos Laboratorio 2026,4
1465-185-AG26,AG CALEFACTORES ELECTRICOS BAJO CONSUMO ,12
1465-194-AG26,AG FARMACIA: HOJA DE BISTURÍ Nº 15 ESTÉRIL,6
1465-198-AG26,"AG FARMACIA: TÓRULAS DE ALGODÓN 0,5 GR.",6
1467496-54-AG26,Parlante retro grund bluetooth usb fm color cafe diseño vintage para el SRCeI de la región de Arica y Parinacota por proyecto SENADIS a compra ágil: 1467496-70-COT26,6
1467496-55-AG26,"Pulseras sensoriales Squishy para el SRCeI de la región de Arica y Parinacota, por proyecto SENADIS. a compra ágil: 1467496-69-COT26",6
1467496-56-AG26,Carpa de distensión para el SRCeI de la región de Arica y Parinacota por proyecto Senadis.  a compra ágil: 1467496-67-COT26,6
1467496-62-AG26, Fidget- reloj de arena 30 minutos para el SRCeI de la región de Arica y Parinacota por PROYECTO SENADIS a compra ágil: 1467496-74-COT26,6
1467-70-AG25,CAPACITACION DPP CURICO,12
1469-1237-AG26,2000041371 Orden de Compra generada por invitación a compra ágil: 1469-1285-COT26,6
1469-1239-AG26,2000041347 Orden de Compra generada por invitación a compra ágil: 1469-1345-COT26,4
1469-1244-AG26,Orden de Compra generada por invitación a compra ágil: 1469-1278-COT26,6
1469-1247-AG26,Orden de Compra generada por invitación a compra ágil: 1469-1110-COT26,6
1469-1248-SE26,ORDEN DE COMPRA DESDE 1469-7-LE26,6
1469-1259-AG26,2-41479 Orden de Compra generada por invitación a compra ágil: 1469-1321-COT26,6
1469-1281-AG26,2000041552 Orden de Compra generada por invitación a compra ágil: 1469-1375-COT26,4
1471-38-CM26,Orden de Compra: 1471-38-CM26,6
1475044-49-CM26,"PISO 4, 5 Y 6 BIBLIOTECA | 5802381-3414JXJU",6
1477-105-TD26,Orden de Compra generada por Trato Directo ID 1477-10-FTD26,12
1477-126-SE26,CALL CENTER. Nov2025,12
1477-127-SE26,CALL CENTER. Dic.2025,12
1477-128-SE26,CALL CENTER. Enero.2026,12
1477-129-SE26,CALL CENTER. Febrero.2026,12
1477-130-SE26,CALL CENTER. Marzo.2026,12
1477-131-SE26,CALL CENTER. Abril.2026,12
1477751-18-SE26,CONVENIO SUMINISTRO ART DE ASEO ESCRITORIO Y CAFET,6
1479-54-TD26,Orden de Compra generada por Trato Directo ID 1479-9-FTD26,6
1480071-6-AG26,"PTR N° S - 51. ID: 1480071-4-COT26. -SUMINISTRO DE ARTICULOS DE  ASEO, PARA STOCK INTERNO POR UN PERIODO DE 12 MESES, PARA EL COSAM",6
1480972-187-AG26,P02-JAO- ARTICULOS ASEO LICEO COMERCIAL ALEJANDRO LUBET RBD: 1884-8,6
1484-15-AG26,OBSEQUIOS PROYECTO SAAT PAUL HARRIS invitación a compra ágil: 1484-11-COT26,6
1484-17-AG26,LIBRERIA PROYECTO SAAT PAUL HARRIS compra ágil: 1484-13-COT26,4
1485217-52-AG26,JPD // SALIDAS PEDAGOGICAS // VARIOS ESTABLECIMIENTOS // 1485217-14-COT26,12
1485217-66-SE26,OC por Informar// REGULARIZA PAGO COLLEGIUM ABRIL,6
1488-488-SE26,"SERVICIO DE FUMIGACION,DESINSECTACION,DESRATIZACION,CONTROL Y CAPTURA DE MURCIÉLAGOS PARA EL HOSPITAL Y OTRAS DEPENDENCIAS ANEXAS CORRESPONDIENTE AL MES DE FEBRERO 2026",4
1488-650-SE26,"CONTRATACION SERVICIO DE RECARGA, MANTENCION DE EXTINTORES Y SISTEMAS DE EXTINCION DE INCENDIOS DEL HHHA Y OTRAS DEPENDENCIAS ANEXAS.CORRESPONDIENTE AL MES DE MARZO 2026",12
1488-654-SE26,"CONTRATACION SERVICIOS DE MONITOREO Y MANTENCION DEL CCTV PARA SEGURIDAD DEL HHHA,  PERIODO CORRESPONDIENTEAL MES DE MARZO 2026",12
1488-655-SE26,"SERVICIO DE MANTENCION, REPARACION Y  PAISAJISMO DE JARDINES, BARRIDO Y LIMPIEZA DE PATIOS Y CORTE Y PODA DE ARBOLES, CORRESPONDIENTE AL MES DE MARZO 2026",12
1488-662-SE26,"SERVICIO DE RETIRO, TRASLADO Y DISPOSICION FINAL DE RESIDUOS ESPECIALES DEL HHHA, CORRESPONDIENTE AL MES DE FEBRERO 2026",12
1488-665-SE26,"SERVICIO DE RETIRO, TRASLADO Y DISPOSICION FINAL DE RESIDUOS ESPECIALES DEL HHHA, CORRESPONDIENTE AL MES DE MARZO 2026",12
1488-677-SE26,"SERVICIO DE CONFECCION, INSTALACION Y MANTENCION DE SEÑALETICA PARA EL HHHA. CORRESPONDIENTE DESDE EL18 DE MARZO 2026 HASTA EL 18 DE ABRIL 2026,",12
1488-678-SE26,"SERVICIO DE FUMIGACION,DESINSECTACION,DESRATIZACION,CONTROL Y CAPTURA DE MURCIÉLAGOS PARA EL HOSPITAL Y OTRAS DEPENDENCIAS ANEXAS CORRESPONDIENTE AL MES DE MARZO 2026",4
1488-679-SE26,"SERVICIO DE RETIRO TRASLADO Y DISPOSICION FINAL DE RESIDUOS PELIGROSOS DEL HHHA, CORRESPONDIENTE AL MES DE MARZO 2026",12
1488-700-SE26,"CONTRATACIÓN DE SERVICIO DE MANTENCIÓN PREVENTIVA Y REPARATIVA DE EQUIPOS DEL SERVICIO DE ESTERILIZACIÓN DEL HHHA (TUTNAUER), CORRESPONDIENTE AL MES DE ABRIL 2026",6
1488-702-SE26,"CONVENIO DE MANTENCIÓN PREVENTIVA Y REPARATIVA DE ASCENSORES SCHINDLER, CORRESPONDIENTE A 23 DÍAS DEL MES DE ABRIL 2026",6
1491-41-SE26,Taxi ABR Ad. Pichoy,6
1493-324-AG26,TRASLADO FUNCIONARIOS PROGRAMA FAMILIAS DEPTO SOCIAL Orden de Compra generada por invitación a compra ágil: 1493-258-COT26,4
1493-331-AG26,ADQUISICION DE JUEGOS DE MESA PARA PROGRAMA RED LOCAL DE APOYO Y CUIDADOS Orden de Compra generada por invitación a compra ágil: 1493-263-COT26,6
1495199-7-AG26, SERVICIO DE ASEO POR DOS MESES PARA LAS DEPENDENCIAS DE LA DIRECCIÓN REGIONAL DE TARAPACÁ 1495199-10-COT26,12
1495200-11-AG26,Suministro de Aire Acondicionado DR Arica y Parinacota SBAP - Orden de Compra generada por invitación a compra ágil: 1495200-15-COT26,12
1497-240-AG25,Compra ágil: 1497-209-COT25 SALA CUNA HIJO FUNCIONARIA E. MORALES,12
1498185-111-AG26,Orden de Compra generada por invitación a compra ágil: 1498185-75-COT26,6
1499-1335-SE26,JGS LABORATORIO DE MICROBIOLOGIA,12
1499-2211-SE26,JGS PROGRAMACION HEMODINAMIA,12
1499-2328-CM26,RSS PRODUCTOS ASEO 1499-2328-CM26,12
1499-2457-SE26,JGS LABORATORIO,12
1499-2493-AG26,RSS INSUMOS DESCARTABLES (ALIMENTACIÓN) X compra ágil: 1499-240-COT26,12
1499-2534-SE26,JGS LABORATORIO DE BIOLOGÍA MOLECULAR,12
1499-2536-SE26,JGS LABORATORIO BIOLOGÍA MOLECULAR,12
1499-2544-SE26,JGS LABORATORIO DE MICROBIOLOGIA,12
1499-2559-AG26,JGS CICLOSPORINA ,12
1499-2575-SE26,JGS LABORATORIO ANATOMÍA PATOLÓGICA,12
1499-2583-TD26,Orden de Compra generada por Trato Directo ID 1499-15-FTD25,12
1499-2588-TD26,Orden de Compra generada por Trato Directo ID 1499-119-FTD25,12
1499-2590-SE26,JGS LABORATORIO UMT,12
1499-2594-SE26,JGS MEDICAMENTO,12
1499-2619-SE26,RSS INSUMOS PABELLÓN,12
1499-2628-SE26,RSS SUTURAS (PABELLON),12
1499-2644-SE26,RSS INSUMOS PABELLÓN,12
1499-2647-SE26,RSS PROTESIS (PABELLÓN),12
1499-2648-AG26,RSS TOXINA BOTULÍNICA 100 UI X compra ágil 1499-211-COT26,6
1499-2666-CM26,Orden de Compra: 1499-2666-CM26,12
1499-2669-SE26,JGS PROGRAMACION HEMODINAMIA,6
1499-2675-SE26,JGS PROGRAMACION HEMODINAMIA,6
1499-2684-AG26,JGS CLORURO DE SODIO ,6
1499-836-TD26,Orden de Compra generada por Trato Directo ID 1499-15-FTD25,12
1499899-107-AG26,"Materiales, pata taller de resinas IP IRC Limache SRJ Valparaíso",12
1499899-131-SE26,"Adjudicacion de Textiles y acabados ignifugos, para centros IP-IRC y LAE-IP Limache SRJ V",4
1501468-137-AG26,P02/1263/SUBV.GENERAL/NPI/MAYO/2026 SERVICIO DE VACUNAS Orden de Compra generada por invitación a compra ágil: 1501468-14-COT26,6
1501468-139-SE26,P02/VARIOSRBD-GENERAL/EEU/MAYO/2026,6
1501468-140-SE26,P02/VARIOS RBD/JUNJI/ATCR/MAYO/2026,6
1501513-32-AG26,Cont. sum. de agua potable para establecimientos educacionales. Orden de Compra generada por invitación a compra ágil: 1501513-13-COT26,5
1501513-39-AG26,SERVICIO DE COLACIONES Y ALIMENTACIÓN PARA ESTABLECIMIENTOS EDUCACIONALES. Orden de Compra generada por invitación a compra ágil: 1501513-20-COT26,4
1501513-40-AG26,Serv. de publicar anuncio en Diario Regional. Orden de Compra generada por invitación a compra ágil: 1501513-21-COT26,4
1501-69-SE26,MANTENCION 50.000 KMS. CAMIONETA PATENTE VGJG23,6
1505-18-AG26,Orden de Compra generada por invitación a compra ágil: 1505-11-COT26,6
1506668-10-SE26,P02-CONTROL DE PLAGAS,12
1510-128-AG26,Orden de Compra generada por invitación a compra ágil: 1510-35-COT26,6
1513-28-AG26,seguro anual para el vehículo institucional Ford 1513-29-COT26,6
1514-2042-SE26,ORDEN DE COMPRA DESDE 1514-98-LQ24,6
1515304-117-AG26,ADQUISICION DE INSUMOS VARIOS PARA MANTENIMIENTO AERONAVES DE LA PREF. AEREA DE CARABINEROS DE CHILE,6
1516-10-AG26,"SERVICIO DE ARRIENDO DE IMPRESORA A COLOR, Orden de Compra generada por invitación a compra ágil: 1516-11-COT26",12
1516-40-AG26,"REPARACIÓN Y MANTENIMIENTO DE PORTÓN ELECTRICO DPP CORDILLERA, Orden de Compra generada por invitación a compra ágil: 1516-57-COT26",12
1516-41-AG26,"REPARACION CAMIONETA FISCAL TOYOTA RAV4, Orden de Compra generada por invitación a compra ágil: 1516-59-COT26",12
1516-8-AG26,"SERVICIO DE ARRIENDO DE IMPRESORAS BLANCO Y NEGRO, Orden de Compra generada por invitación a compra ágil: 1516-13-COT26",12
1523-1017-AG26,Orden de Compra generada por invitación a compra ágil: 1523-499-COT26,6
1523-1018-AG26,Orden de Compra generada por invitación a compra ágil: 1523-498-COT26,6
1523-1021-AG26,Orden de Compra generada por invitación a compra ágil: 1523-483-COT26,6
1523-1022-AG26,Orden de Compra generada por invitación a compra ágil: 1523-484-COT26,6
1523-1023-AG26,Orden de Compra generada por invitación a compra ágil: 1523-485-COT26,6
1523-1025-AG26,Orden de Compra generada por invitación a compra ágil: 1523-497-COT26,6
1523-1041-CM26,Orden de Compra: 1523-1041-CM26,4
1523-11854-AG25,Orden de Compra generada por invitación a compra ágil: 1523-1306-COT25,12
1523-11855-AG25,Orden de Compra generada por invitación a compra ágil: 1523-1308-COT25,12
1523-3604-TD25,Orden de Compra generada por Trato Directo ID 1523-9-FTD25,12
1523-949-AG26,Orden de Compra generada por invitación a compra ágil: 1523-453-COT26,12
1523-973-AG26,Orden de Compra generada por invitación a compra ágil: 1523-475-COT26,12
1523-974-AG26,Orden de Compra generada por invitación a compra ágil: 1523-472-COT26,12
1523-977-SE26,LIC.1523-13-LQ25 INSUMOS LABORATORIO,12
1525-20-AG26,Orden de Compra generada por invitación a compra ágil: 1525-9-COT26,6
1526410-20-AG26,MANTENIMIENTO PREVENTIVO FC-127 (140.000 KM),6
1526410-41-AG26,ARTÍCULOS REPARACIÓN TORRETA U.B.M ACCESO PUERTA LEONES ,6
1526410-46-AG26,MATERIALES PARA MANTENCIÓN SALA DE BOMBA,6
1532-452-SE26,ORDEN DE COMPRA DESDE 1532-26-LP26,5
1532-480-SE26,REQ 312 - ORDEN DE COMPRA DESDE 1532-10-LQ25	,4
1532-481-CM26,REQ 312 - Orden de Compra: 1532-481-CM26,4
1532-482-CM26,REQ 315 - Orden de Compra: 1532-482-CM26,6
1532-483-SE26,REQ 315 - ORDEN DE COMPRA DESDE 1532-3-LE26,4
1532-484-SE26,REQ 315 - ORDEN DE COMPRA DESDE 1532-38-LQ25,4
1532-485-SE26,REQ 315 - ORDEN DE COMPRA DESDE 1532-38-LQ25,4
1532-486-SE26,REQ 315 - ORDEN DE COMPRA DESDE 1532-38-LQ25,4
1532-487-SE26,REQ 315 - ORDEN DE COMPRA DESDE 1532-38-LQ25,4
1532-500-TD26,Orden de Compra generada por Trato Directo ID 1532-6-FTD26,4
1536-107-CM26,Orden de Compra: 1536-107-CM26,6
1540-1043-SE26,1540-63-LP25 CONVENIO SUMINISTRO DE MEDICAMENTOS DESIERTOS. STOCK 2 MES. ABRIL 2026. FARMACIA,12
1540-1078-AG26,1540-597-COT26 ADQUISICION DE AEROCAMARAS. STOCK 3 MESES. MAYO 2026. FARMACIA,12
1540-1145-SE26,"1540-13-LE26 SERVICIO DE MANO DE OBRA TALLER MECANICO PARA VEHICULOS INSTITUCIONALES, MAYO 2026, MANTENIMIENTO",6
1540-1174-AG26,1540-583-COT26 RAMPA DE ACCESO 12% DE PENDIENTE Y AMPLIACIÓN DE PORTÓN. MAYO 2026. MANTENIMIENTO,6
1540-1179-AG26,1540-672-COT26 S.P. GLUCOSALINA HIPERTONICA 500 ML. STOCK 3 MESES. MAYO 2026. FARMACIA,6
1549-2049-AG26,PAC MENOR 100 UTM 222-1788 CATETER P/ADMINISTRACION SURFACTANTE MEDIANTE METODO LISA,6
1549-2052-AG26,PAC <100 UTM FENITOINA SODICA 100 MG CM 1549-1867-COT26,9
1549-2094-AG26,237-7809 PROTESIS RECTA ANILLADA 8X70 A 8X80: 1549-1704-COT26,4
1549-2100-AG26,PAC MENOR 100 UTM 107-4802 MANTAS TERMICAS P/TEMPERATURA CUERPO COMPLETO,6
1549-2107-SE26,1549-137-LR24 SERVICIO ALIMENTACION,6
1549-2108-AG26,PAC MENOR 100 UTM ADQUISICION DE INSUMOS PARA KINESIOLOGIA,6
1549-2112-AG26,PAC MENOR 100 UTM ADQUISICION DE INSUMOS PARA KINESIOLOGIA,6
1549-2116-AG26, 254-1006 / BRACKETS ORTODONCIA GEMINI SUP/INF: 1549-1885-COT26,4
1549-2120-AG26,"EXT./ MENOR A 100 UTM, SOLICITUD EXTRAORDINARIA SEGÚN MEMORÁNDUM N° 82/26 UNIDAD DE OFTALMOLOGIA, COD.102-1539 CONTENEDOR DE BASURA,  1549-1908-COT26",6
1549-2121-AG26,"EXT./ MENOR A 100 UTM, SOLICITUD EXTRAORDINARIA SEGÚN MEMORÁNDUM N° 73/26 UNIDAD DE UNIDAD DE EMERGENCIA, COD.102-1539 CONTENEDOR PARA BASURA,  1549-1825-COT26",6
1549-2123-AG26, 224-1700 CASSETTE COMPATIBLE CON FACO EMULSIFICAR BALANCED: 1549-1798-COT26,6
1549-2124-AG26,224-0024 VISCOELÁSTICO:1 CON JERINGA VISCOELÁSTICO COHESIVO Y 1 CON JERINGA CON VISCOELÁSTICO DISPERSIVO. PRESENTACIÓN 2 JERINGAS: 1549-1917-COT26,6
1549-2130-AG26,PAC MENOR 100 UTM 222-6215 CANULA NASAL ALTO FLUJO M NEONATAL    ,6
1549-2135-AG26,"EXT./ MENOR A 100 UTM, SOLICITUD EXTRAORDINARIA SEGÚN MEMORÁNDUM N° 40/26 UNIDAD DE TIC, COD.105-9957 TONER HP 150A Negro, LaserJet M111a HP,  1549-2021-COT26",4
1549-2136-SE26,1549-50-LP25 MNT CORRECTIVA DE 22,4
1549-2145-SE26,1549-109-LR24 SUMINISTRO OX LQ MEDICINAL CRIO Y MN,4
1554-101-SE26,REGULARIZACIÓN RESOLUCION QUIRURGICA AGOSTO 2025,12
1554-655-TD26,Orden de Compra generada por Trato Directo ID 1554-82-FTD26,12
1554-718-TD26,Orden de Compra generada por Trato Directo ID 1554-557-FTD25,12
1554-789-TD26,Orden de Compra generada por Trato Directo ID 1554-103-FTD26,12
1554-794-TD26,Orden de Compra generada por Trato Directo ID 1554-104-FTD26,12
1554-806-TD26,Orden de Compra generada por Trato Directo ID 1554-105-FTD26,12
1554-858-AG26,REQUERIMIENTO ARNES DE FIJACION PARA VENTILACION MECANICA  1554-256-COT26,6
1554-867-AG26,1554-283-COT26 CLORO GRANULADO AL 62% EN SACHET DE 4 GR.,6
1554-874-AG26,Orden de Compra generada por invitación a compra ágil: 1554-290-COT26,6
1555-1593-SE26,DISPOSITIVO DE EXTRACCIÓN ENDOSCÓPICA,12
1555-1614-AG26,PIPETA UNIVERSAL - TORULA - TUBOS CONICOS,12
1555-1615-AG26,Soluciones para recolección venosa (camisa venojet),12
1555-1636-AG26,SILANO EN JERINGA MONOCOMPONENTE,12
1555-1681-CM26,ACIDO POLIGLICOLICO 1 C/AGUJA 40 MM CIRCULAR,12
1555-1688-AG26,SELLANTE FOTOCURADO,12
1555-1712-AG26,CANULA MAYO GUEDEL N-2,12
1555-1765-AG26,ISOPROTERENOL AM 1 MG SOL. INYECT. P/ADM. IM-IV,12
1555-1774-SE26,PAPEL CREPADO GRADO MEDICO 90 CM X 90 CM	,12
1555-1777-CM26,INSUMOS CLINICOS VARIOS,12
1555-1810-SE26,AZELASTINA 0.05% SOLUCION OFTALMICA 6 ML,12
1555-1814-AG26,AGUJA AMNIOCENTESIS/CORDOCENTESIS 20G X 15CM (REF: 1119615),12
1555-1815-AG26,Kit de toma de muestra parasitológica con solución PAF,12
1555-1816-AG26,ADAPTADOR LUER,12
1555-1817-AG26,TELA ADHESIVA P/TRACCION Y FIJACION CA 5 CM X 5 M,12
1555-1821-AG26, REACTIVOS DE GASES Y ETIQUETA,12
1555-1823-AG26, TROPONIN THS - PCT BRAHMS,12
1555-1824-AG26,REACTIVOS DE HORMONA,12
1555-1826-AG26, REACTIVOS DE LABORATORIO,12
1555-1828-AG26,REACTIVOS INMUNOHEMATOLOGIA,12
1555-1838-AG26,SONDAS,12
1555-1839-AG26,"FILTRO DE AGUA ,ABSOLUTO DE 0.2 MICRONES ENDOCLENS-NSX.(REF:0106733)",12
1555-1840-AG26,TROCAR PUNCION ESPINAL PUNTA LAPIZ 23 G 90 - 103 MM LARGO,6
1555-1845-AG26,PINZA LAPAROSCOPICA ENDOGUIA XL 12 MM (EGIAUXL),6
1555-1870-AG26, LEVETIRACETAM JARABE,6
1555-1872-CM26,JERINGAS,6
1555-1874-AG26,"Cinta indicadora, control químico externo óxido de etileno (ETO)",4
1555-1875-AG26," POLIGLECAPRONA ""MONOSYN"" INCOLORO 4/0 DS 19 TRIANGULAR",5
1556-132-CM26,Orden de Compra: 1556-132-CM26 Adquisición de Combustible ,6
1557-151-AG26,Orden de Compra generada por invitación a compra ágil: 1557-61-COT26,9
1557-153-AG26,Orden de Compra generada por invitación a compra ágil: 1557-60-COT26,5
1557-281-SE25,ORDEN DE COMPRA DESDE 1557-23-LE25,12
1558-157-AG26,Compra de insumos para UCA,6
1558-158-AG26,Compra de insumos clínicos,6
1559-400-TD26,Orden de Compra generada por Trato Directo ID 1559-4-FTD26,6
1559-407-AG26," MICOFENOLATO CM 500 MG MARCA LAMUCON (1559-297-COT26) (AG,FARM,220400400102,JRT)",4
1561-31-SE26,Servicios de Aseo Dirección General,12
1562-168-TD26,Orden de Compra generada por Trato Directo ID 1562-11-FTD26,6
1562-173-AG26,SITEMA DE CONTROL DE ACCESO invitación a compra ágil: 1562-24-COT26,4
1563-24-AG26,Adquisición y distribución de extintores para Sucursales de la DZCS,12
1563-27-AG26,MODIFICACION ESPACIO INTERNO SUCURSAL CAÑETE,6
1572-36-SE26,Serv. de Mant. y Rep. para JI Alternativos P01 (au,12
1572-77-SE25,Serv. de Mantención y Reparación para JI Clásicos,12
1572-88-SE25,Serv. de Mantención y Reparación para Alternativos,12
1575-311-SE25,OBRAS CIVILES OBRA TAC SC Y JI ARTURO PEREZ CANTO ,12
1575-347-SE25,OBRAS CIVILES RECONTRATACION TAC SC Y JI LOS TORUNOS,12
1575-348-SE25,CONSULTORIA RECONTRATACION TAC LOS TORUNOS ,12
1593-207-AG26,Servicio de mantención preventiva - Oficina Regional Los Lagos / CBS-6719-2026,4
1593-208-AG26,Servicio de mantención preventiva - Oficina Regional Araucanía / CBS-6717-2026,4
1602-19-CM26,SERVICIO SOPORTE Y MANTENIMIENTO SISTEMA SACLIM (mtc-14),12
1606-26-AG26,SIC 35/52/2025 - Serv. Radiotaxi  PROYECTOS AGCID  - Fondos extrapresupuestarios,12
1606-9-AG26,SIC 35/52/2025 - Serv. Radiotaxi AGCID,12
1608-46-CM26,PASAJE DELEGADA PRESIDENCIAL 27 MAYO -2026,6
1609-114-TD26,Orden de Compra generada por Trato Directo ID 1609-4-FTD26,12
1609-116-TD26,Orden de Compra generada por Trato Directo ID 1609-4-FTD26,12
1609-117-TD26,Orden de Compra generada por Trato Directo ID 1609-4-FTD26,12
1609-127-AG26,Orden de Compra generada por invitación a compra ágil: 1609-36-COT26 Adblue,6
1609-128-TD26,Orden de Compra generada por Trato Directo ID 1609-12-FTD26,4
1620-92-AG26, Reactivos E Insumos Para Programa De Apoyo Al Diagnóstico ID 1620-79-COT26,12
1620-93-AG26,Reactivos E Insumos Para Programa Demencias ID 1620-80-COT26,12
1620-94-SE26,Reactivos Equipo Química Clínica ID 1620-11-LE26,12
1620-95-SE26,Reactivos Para Determinaciones ID 1620-12-LE26,12
1620-96-SE26,Reactivos Determinación Pruebas Hematología ID 1620-13-LE26,12
1620-97-SE26,Reactivos Determinación Complicaciones Cardiacas ID 1620-14-LE26,12
1620-98-AG26,Adquisición Ropa de Cama ID 1620-84-COT26,12
1621-113-AG26,Diazepam ,12
162-134-SE26,Orden de Compra de Licitación 162-79-LP24,12
162-165-CM26,Útiles de Oficina para Oficinas de Puerto Montt,12
1622-600-AG26,KIT PARA TRANSFERENCIA DE LIQUIDOS ESTERILES ENTRE VIALES TRANSOFIX. Compra ágil: 1622-318-COT26,6
1622-633-CM26,GAS A GRANEL,4
1622-642-TD26,Orden de Compra generada por Trato Directo ID 1622-88-FTD26,12
1622-646-TD26,Orden de Compra generada por Trato Directo ID 1622-92-FTD26,12
1622-647-TD26,Orden de Compra generada por Trato Directo ID 1622-93-FTD26,6
1622-648-TD26,Orden de Compra generada por Trato Directo ID 1622-94-FTD26,12
1622-657-CM26,LICENCIAS POWER BI Y BUSINESS PARA HOSPITAL SA NVICENTE ,6
1622-660-AG26,SUTURA AESCULAP CLIP DE LIGADURA PL569T. Compra ágil: 1622-357-COT26,6
1623-169-SE26,OXIGENO CILINDRO PARA PACIENTES HPEUMO ABR-26,12
1623-170-SE26,ARRIENDO CILINDROS OXIGENO HPEUMO MAR-26,12
1623-188-CM26,Productos de aseo o.c. 1623-188-CM26,12
162-533-TD25,Orden de Compra generada por Trato Directo ID 162-2-FTD25,12
1626-17-CM26,Carnes Central de alimentación,12
1627-618-AG26,Orden de Compra generada por invitación a compra ágil: 1627-202-COT26,6
1627-646-AG26,Orden de Compra generada por invitación a compra ágil: 1627-231-COT26,6
162-86-AG26,Orden de Compra generada por invitación a compra ágil: 162-28-COT26,12
1641-11104-SE26,MVU/2026 PNP 119449 - CATETER DE TROMBECTOMIA MECANICA TIPO INDIGO 12 FR - 1641-286-LP25.,6
1641-12549-SE26,MJA CP 04/2026 SELLANTE QUIRURGICO 10 ML JERINGA PRELLENADA LIC. 1641-13-LR23,12
1641-12798-AG26,MJA CP 04/2026 APLICADOR ANTISEPTICO CHG 2% 3 ML (CHLORAPREP) COMPRA AGIL: 1641-1975-COT26,12
1641-13047-SE26,MJA CP 04/2026 SUEROS Y GLUCOSA LIC. 1641-482-LR25,12
1641-13301-SE26,"MVU/2026 ""HIDROGEL CON PLATA 45 GRS"" 1641-47-LQ24",4
1641-13354-AG26,MVU/2026 - a compra ágil: 1641-1990-COT26 - INTRODUCTOR FEMORAL CORTO DE 10 A 14 FR.,12
1641-13436-SE26,MVU/2026 - AGUJA FISTULA ARTERIOVENOSA 15 G X 1 Y OTRA MEDIDA - 1641-405-LP25.,4
1641-13464-SE26,MVU/2026 - APOSITO ESPUMA DE SILICONA TALON DE CINCO CAPAS AUTO-ADHERENTE 18.5 X 24 CM - ULC APOSITO ABSORBENTE HIDROFIBRA CMC /PLATA 10X10 CM 1641-45-LQ24,4
1641-13512-SE26,MOC/PROGR MAYO 2026 ORDEN DE COMPRA DESDE 1641-335-LP25,6
1641-13693-AG26,MVU/2026 - a compra ágil: 1641-2226-COT26 - CATETER KUMPE 5FR 400M.,12
1641-13728-AG26,ODP-CP 04-2026/PREPARADOS MAGISTRALES Y OFICINALES/compra ágil: 1641-2286-COT26,12
1641-13739-SE26,MJA CP Y PNP N° 126746  04/2026 LIC. 1641-157-LR25,12
1641-13942-SE26,MVU/2026 - APOSITO TRANSPARENTE 1641-45-LQ24,4
1641-13967-AG26,MVU/2026 - PROGRMA MAYO 2026 - a compra ágil: 1641-2317-COT26 - INTRODUCTOR FEMORAL CORTO DE 10 A 14 FR.,12
1641-13973-AG26,MVU/2026 -  PROGRAMA MAYO 2026 - a compra ágil: 1641-2313-COT26 - SACA CORCHETE QUIRURGICO ESTERIL.,6
1641-14020-SE26,MJA CP 05/2026 GLUCOSA 5 % SOL INY COLAP 250 ML UN PUERTA DE ENTRADA LIC. 1641-482-LR25,12
1641-14030-SE26,MJA CP 05/2026 NUTRICIONES PARENTERALES LIC. 1641-236-LR24,12
1641-14033-AG26,MVU/2026 - a compra ágil: 1641-2310-COT26 -  SONDA FOLEY 18 FR CON BALON 30 ML 3 VIAS Y OTRAS MEDIDAS.,6
1641-14047-AG26,MOC/PROGR MAYO 2026 Orden de Compra generada por invitación a compra ágil: 1641-2474-COT26,6
1641-14048-AG26,MVU/2026 - PROGRAMA MAYO 2026-  a compra ágil: 1641-2467-COT26 - GASTROENTEROLOGIA - MEDICINA CHACA - MEDICINA TORRE.,4
1641-14050-SE26,MJA CP 05/2026 FILGRASTIM 300 UG JERINGA PRELLENADA LIC. 1641-346-LR25,12
1641-14055-SE26,MJA CP 05/2026 PARACETAMOL 10 MG/ML AM 50 ML. LIC. 1641-357-LR25,12
1641-14100-SE26,MJA CP 05/2026 IODIXANOL 270 MG/ML SOL INY FA 50 ML. LIC. 1641-232-LP25,12
1641-14106-AG26,MVU/2026 - PROGRAMA MAYO 2026 - a compra ágil: 1641-2225-COT26 - TROCAR PUNCION ARTERIAL 18 G X 7.,4
1641-14109-AG26,mvu/2026 - PROGRAMA MAYO 2026 -a compra ágil: 1641-2364-COT26 - AGUJA HIPODERMICA DESECHABLE 27 G X 0.375 Y OTRAS.,4
1641-14110-SE26,MJA CP 05/2026 IOHEXOL 350 MG/ML SOL INY FA 50 ML. LIC. 1641-236-LP25,12
1641-14121-AG26,MVU/2026 - PROGRAMA MAYO 2026 - a compra ágil: 1641-2373-COT26 - KIT PREVENCION ALTO / ACIDOS GRASOS HIPEROZONIZADOS.,4
1641-14125-AG26,"MVU/2026 - PROGRAMA MAYO 2026 - a compra ágil: 1641-2206-COT26 - SISTEMA DESECHABLE DE BOMBA INFUSION 10ML/HORA ,27 HORAS ELASTOMERICA.",4
1641-14126-AG26,MVU/2026 - PROGRAMA MAYO 2026 - a compra ágil: 1641-2355-COT26 - MARSI REMOVEDOR DE ADHESIVO EN SACHET.,4
1641-14154-AG26,MVU/2026 -PROGRAMA MAYO 2026 - a compra ágil: 1641-2409-COT26 - HUM POLVO DE HIDROCOLOIDE,4
1641-14173-AG26,MOC/PROGR MAYO 2026 Orden de Compra generada por invitación a compra ágil: 1641-2593-COT26,4
1641-14183-AG26,MOC/PROG MAYO 2026 Orden de Compra generada por invitación a compra ágil: 1641-2551-COT26,6
1641-14192-AG26,MVU/2026 - PROGRAMA MAYO 2026 - a compra ágil: 1641-2318-COT26 - TROCAR PUNCION ARTERIAL 20 G X 4.,6
1641-14194-AG26,MOC/PROG MAYO 2026 Orden de Compra generada por invitación a compra ágil: 1641-2549-COT26,6
1641-14203-AG26,MOC/PROG MAYO 2026 Orden de Compra generada por invitación a compra ágil: 1641-2614-COT26,6
1641-14212-AG26,"MVU/2026 - PROGRAMA MAYO 2026- a compra ágil: 1641-2422-COT26-CEPILLO PARA CITOLOGIA BRONQUIAL, CODIGO BC-202D-2010 P/EQ OLYMPUS LONGITUD UTIL 105 CM, DIAMETRO DEL CEPILLO 2.0 MM, LONGITUD DE 10.0 MM, PARA CANAL DE TRABAJO 2.0 MM. DESECHABLE",4
1641-14215-SE26,MOC/MAYO LIC. 1641-486-LE24/MICROCUBETAS BANCO DE,6
1641-14229-SE26,MGM  CNP N°127321  ASA MONOPOLAR Y BIPOLAR 1641-287-LP25,6
1641-14231-AG26,MVU/2026 - PROGRAMA MAYO 2026 -a compra ágil: 1641-2415-COT26 - APOSITO SUPERABSORBENTE 10 X 10 CM.,4
1641-14232-AG26,MJA CP 05/2026 MULTIVITAMINICO HIDRO Y LIPOSOLUBLE POLVO LIOF. COMPRA AGIL: 1641-2570-COT26,12
1641-14233-AG26,MVU/2026 -PROGRAMA MAYO 2026 -  a compra ágil: 1641-2352-COT26 - ULC APOSITO DE ESPUMA HIDROFILICA CON ALGINATO PLATA 10X10 CMS.,4
1641-14254-SE26,MGM CNP N°127321 INTRODUCTOR ARTERIAL VALVULA 6 FR X 10 CM  ID 1641-516-LP25,6
1641-14262-AG26, amv/ SUPLEMENTO NUTRICIONAL NUTRICIA ACEITE MCT BOTELLA 500 ML UNIDAD Orden de Compra generada por invitación a compra ágil: 1641-2630-COT26,12
1641-14270-SE26,MOC/ MAYO  2026 LIC. 1641-512-LP24/TUBO EPPENDORF,4
1641-14276-AG26,MOC/PROG MAYO 2026 Orden de Compra generada por invitación a compra ágil: 1641-2673-COT26,6
1641-14290-AG26,MOC/PROGR MAYO 2026 Orden de Compra generada por invitación a compra ágil: 1641-2569-COT26,4
1641-14292-AG26,MOC/PROG MAYO 2026 Orden de Compra generada por invitación a compra ágil: 1641-2561-COT26,6
1641-14293-AG26,MVU/2026 - PROGRAMA MAYO 2026 - a compra ágil: 1641-2689-COT26 - AGUJA HIPODERMICA DESECHABLE 19 G X 1 Y OTRAS MEDIDAS.,4
1641-14295-AG26,MOC/PROG MAYO 2026 Orden de Compra generada por invitación a compra ágil: 1641-2545-COT26,6
1641-14302-SE26,MOC/MAYO 2026 ORDEN DE COMPRA DESDE 1641-539-LP2,6
1641-14306-SE26," MOC/PROG MAYO 2026 AGUJA ENDOSONOGRAFIA 5,2 FR 22G FNB - 1641-335-LP",4
1641-14327-AG26,ODP-CP 05-2026/SIROLIMUS (RAPAMUNE) 1 MG/ML SOL 60 ML/compra ágil: 1641-2678-COT26,12
1641-14330-AG26,MOC/PROGR MAYO 2026 Orden de Compra generada por invitación a compra ágil: 1641-2703-COT26,4
1641-14334-SE26,MGM CP 06/2026 ROPA QUIRURGICA DE PARTOS Y CESAREA  ID 1641-204-LQ24,6
1641-14336-AG26,MOC/PROG MAYO 2026 Orden de Compra generada por invitación a compra ágil: 1641-2696-COT26,4
1641-14337-SE26,MGM CP 06/2026 PAQUETE ROPA QUIRURGICA LAPAROSCOPIA 1641-399-LP24,4
1641-14338-SE26,MGM CP 06/2026 ROPA DESECHABLE CATARATAS 1641-69-LQ24,4
1641-14340-SE26,MGM CP 06/2026 SET NEUMOTORAX Y FILTRO VENA CAVA ID 1641-171-LP25,6
1641-14351-SE26,"MGM CNP N°127321 ALARGADOR ,EQUIPO IRRIGACION,TORULA GASA,TUBO ASPIRACION  ID 1641-313-LR23",6
1641-14358-AG26,MOC/PROG MAYO 2026 Orden de Compra generada por invitación a compra ágil: 1641-2681-COT26,6
1641-14369-SE26,MGM CNP N°127321  BOLSAS ASPIRACION 3.2 LT  DESECHABLE ID 1641-278-LP25,6
1641-14371-SE26,MGM CNP N°127321 CATETER VENOSO CENTRAL C/RESERVORIO ID 1641-244-LP24,4
1641-14372-SE26,MGM CNP N°127321 KIT CINTAS DETERMINACION GLICEMIA EN SANGRE ID 1641-328-LR23 ,6
1641-14373-AG26,MGM CNP N°127321 CONECTOR GIRATORIO a compra ágil: 1641-2690-COT26,5
1641-14374-SE26,MGM CNP N°127321  ELECTRODO DE PROFUNDIDAD ANESTESICA ADULTO Y PEDIATRICO ID 1641-159-LP25,6
1641-14387-SE26,MGM CNP N° 127321 TIJERA LAPAROSCOPICA METZEMBAUM  ID 1641-526-LP25,4
1641-14391-SE26,MGM  ENDOGRAPADORA ECHELON Y RECARGA 60 MM AZUL  ID 1641-36-LP25,4
1641-14392-SE26,MGM CNP N° 127321  GANCHO HOOK 5 MM P/LAPAROSCOPIA  ID 1641-540-LP25,4
1641-14394-SE26,MGM CNP N°127321  EQUIPO URETEROSCOPIO FLEXIBLE  ID 1641-245-LP25,4
1641-14396-SE26,MGM CNP N°127321 ESPONJAS NEUROQUIRURGICAS HEMOSTATICAS  ID 1641-147-LP25,4
1641-14397-SE26,MGM CNP N°127321 FERULA NASAL DE SILICONA TIPO DOYLE  ID 1641-147-LP25,6
1641-14402-AG26,MOC/PROGR MAYO 2026Orden de Compra generada por invitación a compra ágil: 1641-2195-COT26,6
1641-14408-SE26,MGM CNP N°127321 FIBRA BRONCOSCOPIO DESECHABLE 1641-276-LP24,6
1641-14409-AG26,"MVU/2026 - PROGRAMA MAYO 2026 -a compra ágil: 1641-2707-COT26 - KIT DE ANGIOPLASTIA (VALVULA HEMOSTATICA CON CLICK, ROTADOR Y ENHEBRADOR DE GUIA) YCK119B.",4
1641-14412-SE26,MGM CNP N°127321 JERINGA INSUFLADORA PARA ANGEOPLASTIAN ID 1641-298-LP24,4
1641-14424-CM26,MGM CNP N°127321 SUTURAS MANUALES Y MECANICAS ,6
1641-14432-AG26,MGM CNP N° 127321 SET ARTERIAL 20 GX 80 MM a compra ágil: 1641-2731-COT26,6
1641-14438-SE26,MGM CNP N°127321 TIJERA DE CORTE Y COAGULACION BIPOLAR  ID 1641-42-LQ24,4
1641-14449-SE26,MVU/2026 - PROGRMA JUNIO 2026 -KIT CORONARIOGRAFIAKIT CORONARIOGRAFIA - 1641-331-LP24,6
1641-14450-AG26,MOC/PROG MAYO 2026 Orden de Compra generada por invitación a compra ágil: 1641-2490-COT26,4
1641-14460-SE26,MGM CNP N° 127321 BOLSA OSTOMIA ADULTO 1 PZA  ID 1641-514-LP24,4
1641-14461-SE26,MGM CNP N° 127321 BOLSA DE UROSTOMIA 1 PIEZA  ID 1641-313-LR23,4
1641-14462-SE26,MGM CNP N° 127321 PINZA DE BIOPSIA  URETEROSCOPIO  ID 1641-255-LP25,4
1641-14463-SE26,MGM CNP N°127321 ROPA QUIRURGICA DE PARTOS  ID 1641-204-LQ24,6
1641-14464-SE26,MGM CNP N°127321 PAQUETE ROPA QUIRURGICA LAPAROSCOPIA  MID 1641-399-LP24,4
1641-14465-CM26,MGM CNP N°127321 ROPA QUIRURGICA DESECHABLE ,4
1641-14473-AG26,MGM CNP N°127321  CANASTILLO DE DORMIA DESECHABLE  a compra ágil: 1641-2693-COT26,4
1641-14474-AG26,MGM CNP N°127321 PROTESIS BILIAR DOBLE PIGTAIL 10 FR 7 CM compra ágil: 1641-2687-COT26,6
1641-14495-AG26,MOC/PROGR MAYO 2026 Orden de Compra generada por invitación a compra ágil: 1641-2521-COT26,4
1641-14509-AG26,MGM CNP N°127321 TUBO ENDOTRAQUEAL MONOBRANQUEAL N°39 FR  a compra ágil: 1641-2736-COT26,6
1641-14510-AG26,MGM CPNP N°127321 BOLSA EXTRACTORA LAPAROSCOPIA 15 MM  a compra ágil: 1641-2729-COT26,6
1641-14511-AG26,MGM CNP N°127321  TAPON NASAL 4.5 Y 8 CM a compra ágil: 1641-2750-COT26,4
1641-14512-AG26,MGM CNP N°127321 SUTURA ENDOLOOP  a compra ágil: 1641-2757-COT26,4
1641-14514-AG26,MGM CNP N°127321 TROCAR TORACOSCOPICO 12 MM  a compra ágil: 1641-2730-COT26,6
1641-14515-AG26,MGM CP 06/2026 CONECTOR GIRATORIO a compra ágil: 1641-2686-COT26,4
1641-14562-AG26,MGM CNP N°127321 CATETER EMBOLIA FOGARTY 2 Y 4 FR  a compra ágil: 1641-2692-COT26,6
1641-14612-AG26,MOC/PROG MAYO 2026 Orden de Compra generada por invitación a compra ágil: 1641-2712-COT26,4
1641-14617-AG26,MOC/PROG MAYO 2026Orden de Compra generada por invitación a compra ágil: 1641-2771-COT26,4
1641-14638-CM26,amv 02-001-003-002 PROGRAMA MES JUNIO 2026 AMBO CIRUJANO POLIPROPILENOOrden de Compra: 1641-14638-CM26,6
1641-14641-SE26,MGM CP 06/2026 ROPA DE ANGIOPLASTIA 1641-57-LQ24,4
1641-14642-SE26,MGM CP 06/2026 ROPA DESECHABLE DE CARDIOCIRUGIA 1641-61-LP25,6
1641-14643-AG26,MOC/PROG MAYO 2026 Orden de Compra generada por invitación a compra ágil: 1641-2806-COT26,6
1641-14663-CM26,amv/ 02-001-002-045 PROGRAMA DE JUNIO 2026 JABON LIQUIDO BOLSA 900-1000 MLOrden de Compra: 1641-14663-CM26,6
1641-14672-SE26,amv/KIT CIRCUITO NEONATAL PARA VENTILACION MECANIC,6
1641-14674-SE26,ODP-CNP 05-2026/PREPARADOS MAGISTRALES/LIC.1641-335-LE24,6
1641-14676-AG26,ODP-CP 05-2026/ANFOTERICINA-B LIPOSOMAL FA 50 MG POLV LIOF/compra ágil: 1641-2802-COT26,4
1641-14678-SE26,amv/ 02-001-003-020 RIÑON DESECHABLE ORDEN DE COMP,4
1641-14680-SE26,amv/SAL REFINADA P/TTO. DE AGUA (SUPERCOTASAL) ORD,4
1641-14684-TD26,Orden de Compra generada por Trato Directo ID 1641-375-FTD26,6
1641-14688-SE26,amv/ 02-001-002-083 PECHERA MANGA LARGA DESECHABLE,4
1641-14689-SE26,amv/PROGRAMA MES DE JUNIO ORDEN DE COMPRA DESDE 1641-241-LP25,4
1641-9444-SE26,ODP-CP 02-2026/HALOPERIDOL 5 MG/ML SOL INY AM 1 ML/LIC.1641-397-LP25,12
1642-423-AG26,BANDEJAS METALICAS DE ESCRITORIO_COMPRA DE ACUERDO A PAC 206_CMV_compra ágil: 1642-275-COT26,6
1643-1098-TD26,Orden de Compra generada por Trato Directo ID 1643-7-FTD26,6
1643-1123-TD26,Orden de Compra generada por Trato Directo ID 1643-1-FTD26,6
165-28-AG26,Adquisición de material de aseo.,12
1657-169-AG26," ADQUISICION DE CORPOREO, SRMS4",6
1657-179-SE26,"GIGANTOGRAFIA DE HIDATIDOSIS UNIDAD ZOONOSIS, SRMS4",4
1657-193-SE26,"LIBRETA ECOLÓGICA PROMOCION DE SALUD, SRMS4",4
1657-194-SE26,"LIBRETAS ECOLÓGICAS PROMOCION DE SALUD, SRMS4",4
1657-195-SE26,"SERVICIO ARRIENDO SEDAN UNIDAD ZOONOSIS, SRMS4",4
1657-197-SE26,"SERVICIO DE SALA CUNA, SRMS4",4
1657-211-SE26,"CAMPAÑA TEST RAPIDO VIH VISUALES Y SANGUINEOS EN TRABAJO FOCALIZADO TERRITORIAL EN POBLACIONES CLAVES Y PRIORIZADAS, SRMS4",6
1657-2-SE26,"SERVICIO DE VIGILANCIA PRESENCIAL Y ELECTRÓNICA, SRMS4",12
1657-5-SE26,"SERVICIO DE CORRESPONDENCIA INSTITUCIONAL, SRMS4",12
1657-73-SE26,"SERVICIO ARRIENDO AUTO SEDAN PARA UNIDAD DE EPIDEMIOLOGIA, SRMS4,",12
1658-1315-AG26,Orden de Compra generada por invitación a compra ágil: 1658-521-COT26,6
1658-721-AG26,Orden de Compra generada por invitación a compra ágil: 1658-270-COT26,12
1662-1001-AG26,COMPRA DE RINON DESECHABLE,4
1662-848-CM26,COMPRA DE GAS LICUADO,12
1662-855-SE26,ARRIENDO DE CAMIONETAS - ABRIL 2026,12
1662-861-SE26,SERVICIO DE ASEO EXTERNO- ABRIL 2026,12
1662-901-AG26, COMPRA DE TELA ADHESIVA IMPERMEABLE,12
1662-915-AG26,COMPRA DE NYLON AZUL MONOFILAMENTADO 4/0 ,12
1662-921-AG26, COMPRA DE FUNDA PROTECTORA DE LATEX ,12
1662-922-AG26, COMPRA DE INSUMOS MEDICOS,12
1662-924-AG26,COMPRA DE VENDA ACOLCHADA PARA YESO 15 CM,12
1662-936-AG26,COMPRA DE TEJIDO SIN TEJER AUTOADHESIVO 5 CM X 10 MTS.,12
1662-937-AG26,COMPRA DE CANULA INTRAVENOSA 18 G X 1.16,12
1662-940-AG26,COMPRA DE ESPECULO DESECHABLE,6
1662-942-AG26, COMPRA DE PATO URINARIO,12
1662-943-AG26,COMPRA DE PAPEL ECG PAGEWRITER 8.5X11,12
1662-969-AG26,COMPRA DE CEMENTO DE IONOMERO DE VIDRIO,4
1662-970-AG26,COMPRA DE MONITORES DE PRESION ARTERIAL,6
1662-971-AG26,COMPRA DE GLUCOMETROS,4
1662-986-AG26, COMPRA DE POLIGLECAPRONE 3/0 INCOLORO C/TRICLOSAN ,6
1662-991-AG26,COMPRA TEST C. DIFFICILE CD TOXINAS A Y B/GDH,6
1662-998-AG26,MANTENCION CORRECTIVA REFRIGERADOR CENTRAL ALIMENTO,4
1662-999-AG26,MANTENCION CORRECTIVA COMPRESOR AIRE SERVICIO DENTAL BOX 9,4
1663-496-SE26,PEDIDO 12/05/2026 - PPTO OP 21.01.001.001,6
1663-504-TD26,Orden de Compra generada por Trato Directo ID 1663-28-FTD26,12
1666-237-SE26,Mantenimiento equipos médicos abril,6
1667-270-SE26,SERVICIO DIÁLISIS PERITONEAL ADULTO,6
1667-274-SE26,SERVICIO DIÁLISIS PERITONEAL INFANTIL,6
1667-275-SE26,SERVICIO DIÁLISIS PERITONEAL ADULTO,6
1681-370-SE26,FORMULARIOS MES DE MAYO ,4
1691-1033-AG26,TRM-SOL.COMPRA N°2125 TEJIDO TUBULAR RLL 15 CM X 25 MT Y 3 CM X 25 MT,4
1691-408-SE26,AMM-DIÁLISIS PERITONEAL PACIENTES MARZO 2026,12
1691-570-AG26,VEM-GRD 1327,12
1691-772-AG26,Orden de Compra generada por invitación a compra ágil: 1691-539-COT26,12
1691-803-SE26,JMSS - REPOSICIÓN INSUMOS CLÍNICOS,12
1691-815-AG26,JMSS - REPOSICIÓN DE INSUMOS CLÍNICOS,12
1691-844-TD26,Orden de Compra generada por Trato Directo ID 1691-237-FTD26,12
1691-850-AG26,JMSS - REPOSICIÓN DE INSUMOS CLÍNICOS - 1691-567-COT26,12
1691-877-SE26,AMM-SOL. COMPRA LABORATORIO N°2477/1-7,12
1691-878-SE26,AMM-SOL. COMPRA LABORATORIO N°2477/2-7,12
1691-879-SE26,AMM-SOL. COMPRA LABORATORIO N°2477/3-7,12
1691-880-SE26,AMM-SOL. COMPRA LABORATORIO N°2477/4-7,12
1691-881-SE26,AMM-SOL. COMPRA LABORATORIO N°2477/5-7,12
1691-883-SE26,AMM-SOL. COMPRA LABORATORIO N°2477/7-7,12
1691-903-AG26,TRM-SOL.COMPRA N°2125 - BALON TRIP LUMEN OCLUSION 8.5 MM UD,12
1691-910-AG26,TRM-SOL.COMPRA N°2125 - CERA OSEA SO 2.5 GR,12
1691-919-CM26,JMSS - REPOSICIÓN DE INSUMOS CLÍNICOS.,12
1691-921-AG26,TRM-SOL.COMPRA N°2125 - GASA NO TEJIDA 2.5 X 2.5 CM ESTERIL 2 PL,12
1691-935-AG26,SOVM-IN SURGERY SPA-06/05/26,12
1691-936-AG26,SOVM- LIFEMED SOLUTIONS SPA-06/05/26,12
1691-942-AG26,JMSS - REPOSICIÓN DE INSUMOS CLÍNICOS,12
1691-947-AG26,JMSS - REPOSICIÓN DE INSUMOS CLÍNICOS,12
1691-981-AG26,TAPP - REPOSICIÓN INSUMOS CLINICOS DEL HOSPITAL REGIONAL COYHAIQUE.,4
1691-984-AG26,TAPP - REPOSICIÓN DE INSUMOS CLINICOS 1691-647-COT26,6
1691-985-AG26,TAPP - REPOSICIÓN DE INSUMOS CLINICOS 1691-647-COT26,6
1691-991-AG26,TAPP - REPOSICIÓN DE INSUMOS CLINICOS 1691-647-COT26,4
1692-299-SE26,SERVICIO DE TRASLADO TERRESTRE COCHRANE-TORTEL PARA FUNCIONARIA  MG PARA 03-05-2026,12
1692-325-AG26,"ADQUISICION DE IMPLEMENTOS DE COCINA UCP DEL HOSPITAL DE COCHRANE, Orden de Compra generada por invitación a compra ágil: 1692-237-COT26",5
1699-40-AG26,REPARACIONES DEL ASCENSOR EN TRIBUNAL DE JUICIO ORAL EN LO PENAL DE SANTA CRUZ,9
1699-57-AG26,ADQUISICIÓN DE ELECTRODOMÉSTICOS,6
1699-62-AG26,SUMINSTRO E INTALACIÓN DE NVR TRIBUNAL EDIFICIO RPP RANCAGUA,4
1702-294-AG26,"CTA, ESTUFAS A GAS",4
1702-295-AG26,"DENTAL, PASTAS Y CEPILLO DE DIENTES",4
1703-187-AG26,Adquisición de reactivos para exámenes de química de laboratorio clínico del Hospital Dr. Mario Sánchez Vergara.,12
1703-260-AG26,Adquisición de Micrófono de intercomunicación para Admisión del Hospital Dr. Mario Sanchez Vergara.,6
1703-268-AG26,Adquisición de extintores para Hospital Dr. Mario Sánchez Vergara,4
1704-2516-AG26,DATALOGGER Orden de Compra generada por invitación a compra ágil: 1704-1609-COT26,6
1704-2579-AG26,CARRO DE TRASLADO DE INSUMOS 1704-1269-COT26,4
1704-2593-AG26,GUANTE QUIRURGICO LIBRE DE LATEX a compra ágil: 1704-1660-COT26,6
1704-2637-TD26,Orden de Compra generada por Trato Directo ID 1704-540-FTD26,6
1704-2677-CM26,"SCALP-VEIN 23G (MARIPOSA), Orden de Compra: 1704-2677-CM26",6
1704-2683-AG26,ESPIRONOLACTONA Orden de Compra generada por invitación a compra ágil: 1704-1704-COT26,4
1704-2684-AG26,ATORVASTATINA Orden de Compra generada por invitación a compra ágil: 1704-1703-COT26,4
1704-2685-AG26,METFORMINA 850 Orden de Compra generada por invitación a compra ágil: 1704-1702-COT26,6
1704-2686-AG26,PREDNISONA 5mg Orden de Compra generada por invitación a compra ágil: 1704-1701-COT26,4
1704-2688-AG26,PREDNISONA 20mg Orden de Compra generada por invitación a compra ágil: 1704-1700-COT26,4
1704-2689-AG26,"CINTA ADHESIVA (MASKING) 18 MM ANCHO, Orden de Compra generada por invitación a compra ágil: 1704-1718-COT26",5
1704-2690-TD26,Orden de Compra generada por Trato Directo ID 1704-556-FTD26,4
1718-471-AG26,Orden de Compra generada por invitación a compra ágil: 1718-508-COT26,6
1736-473-AG26,FUSC N°238 SALUD,6
1736-478-AG26,FUSC N°230 SEGURIDAD Y CONVIV. CIUDADANA,4
1743-124-SE26,MATERIAL ELECTRICO DOM,6
1743-245-SE26,DISP. FINAL RESIDUOS DOMICILIARIOS ABRIL 2026,6
1754-368-SE26,ORDEN DE COMPRA DESDE 1754-52-LE24,4
1758-32-AG26,MANTENCION CALEFACTORES MURALES,12
1758-51-TD26,Orden de Compra generada por Trato Directo ID 1758-14-FTD26,12
1759-64-AG26,memo 13 plan deporte 50 MEDALLAS KMD,4
1774-50-TD26,Orden de Compra generada por Trato Directo ID 1774-17-FTD26,12
1774-51-TD26,Orden de Compra generada por Trato Directo ID 1774-18-FTD26,12
1774-58-CM26,ADQ. PASAJE AEREO  FUNC RODRIGO BRAVO ,6
1775-27-TD26,Orden de Compra generada por Trato Directo ID 1775-5-FTD26,6
1787-1-AG26,Orden de Compra generada por invitación a compra ágil: 1787-51-COT25,12
1787-31-SE26,PUBLICACION DIARIO OFICIAL,12
1803-22-SE26,ORDEN DE COMPRA DESDE 1803-11-LQ25,12
1851-19-SE26,CONVENIO RECUPERACION DE PIEZAS DPVC,4
1860-38-AG26,SERVICIO DE CAMARAS Y VIGILANCIA OF. DEPRIF CONAF CHILOE,4
1876-75-SE25,SERVICIO DE MANTENCIÓN Y SOPORTE DE SOFTWARE PARA CENTRAL TELEFÓNICA DIGITAL PARA CALL CENTER,12
1894-147-SE26,CON-DVO/REPARACION DE NEUMATICOS,4
1894-148-SE26,CONV-DVO/REPARACIONES MECÁNICAS,4
1894-149-SE26,CONV-DVO/REPARACIONES MECÁNICAS,4
1894-150-SE26,CONV-DVO/REPARACIONES MECÁNICAS,4
1894-151-SE26,CON-DVO/REPARACION Y REPUESTOS MULTIMARCA MAQUINAR,4
1894-152-SE26,CON-DVO/REPARACION Y REPUESTOS MULTIMARCA MAQUINAR,4
1898-36-SE25,FNDR PROMOCION-PARTICIPACION EN FERIAS,12
1904-12-SE26,SUMINISTRO DE MEZCLA ASFALTICA-ORDEN DE COMPRA DESDE 1904-2-LP26,6
1943-162-SE26,SIRE 773 SIC 879 ARRIENDO TORRES DE OBSERVACION MAYO  1943-47-LP25,4
1947-1697-SE26,400_BOLSAS DIFERENTES MEDIDAS TRANSPARENTES- VARIAS UNIDADES-CAMPAÑA INVIERNO-(JVA),12
1947-2170-SE26,820 Arriendo Torres de Laparoscopía - (01/24) - Abril 2026 - Equipos Médicos (GRS),6
1947-2225-AG26,100-0195 _ADQ ZAPATOS DE SEGURIDAD-BODEGA-MAYO-AUT SDA//: 1947-459-COT26 (JVA),12
1947-2245-CM26,"050_ADQ FRUTA Y VERDURAS ""SERGIO LETELIER""- ALIMENTACIÓN - MAYO - (JVA)",12
1947-2318-SE26,221 - ADQUISICIÓN POR TORULA ANTISEPTICA Y ESPONJA ANTISEPTICA - MAYO - UNIDADES VARIAS - BCZ,5
1947-2339-SE26,221 - ADQUISICIÓN POR CINTA ADHESIVA DE SILICONA - MAYO - UNIDADES VARIAS - BCZ,6
1947-2365-SE26,221- ADQUISICIÓN POR SUTURAS VICRYL 3/0 AG SH  Y VICRYL 5/0 AG RB-1 - MAYO - PABELLONES - BCZ,6
1947-2384-SE26,221- ADQUISICIÓN POR  VICRYL 6/0 AG 2S-14- MAYO  - UNIDAD DE PABELLÓN - JVC,6
1950-1081-AG26,(poa)Orden de Compra generada por invitación a compra ágil: 1950-435-COT26,6
1952-1008-SE26,1952-221-LP23 MANTENCION CORRECTIVA AMBULANCIA,12
1952-1018-SE26,1952-221-LP23 MANTENCION PREVENTIVA AMBULANCIA,12
1952-1738-AG25,"1952-570-COT25 SERVICIO DE ALIMENTACION DE CAPACITACION, REUNIONES Y OTROS POR PERSONA.",12
1952-733-SE26, 1952-130-LP25 INFORMES DE MAMOGRAFIA,12
1953-132-SE26,"520/Renovacion Servicio Aseo año 2026, CRS Quilpue",12
1953-47-SE26,501/ CONTRATACIÓN SERVICIO ASEO UNIDADES VALPARAÍSO DESDE 1953-65-LP25,12
1953-715-CM26,"514, COMPRA DE ABARROTES.",12
1953-812-AG26,502/ADQUISICION DE MATERIALES DE OFICINA PARA EL PRS DEL CPV,6
1953-813-AG26,502/ADQUISICION DE MATERIALES DE OFICINA PARA EL PPL DEL CPV,6
1953-832-CM26,502ADQUISICION DE INSUMOS DE OFICINA PÀRA EL CPV,6
1953-838-CM26,502/adquisición de viveres para el CPV,6
1953-841-CM26,502/ADQUISICION DE MATERIALES DE USO Y CONSUMO PARA EL PRS DEL CPV,6
1962-248-CM26,CDP ILLAPEL COMPRA DE VIVERES MAYO 2026,12
1965-247-AG26,CRS PTA. ARENAS COMPRA DE RESMAS TAMAÑO OFICIO,12
1965-249-SE26,D.R- MANT. VEHICULO FISCAL PRESUP. Nº11,4
1968-1063-AG26,Adquisición de basureros para el Centro de Detención Preventiva de Angol,6
1968-1071-CM26,Adquisición de carnes para el servicio de alimentación del Centro de Detención Preventiva de Angol,12
1968-1140-CM26,"C.C.P TEMUCO COMPRA SAL, SURTIDO DE MARISCOS Y POSTA NEGRA PARA CENTRAL ALIMENTACION",6
1968-1145-CM26,C.C.P TEMUCO ADQUISICION DE FRUTAS Y VERDURAS PARA CENTRAL ALIMENTACION,6
1968-1166-CM26,"CET VICTORIA. Adquisición de Abarrotes, para el Servicio de Alimentación, Centro de Educación  y Trabajo de Victoria, Gendarmería de Chile - Región de la Araucanía Orden de Compra: 1968-1166-CM26",6
1968-1168-CM26,Orden de Compra: 1968-1168-CM26 DE GAS LICUADO A GRANEL PARA EL CDP DE TRAIGUEN REGION DE LA ARAUCANIA,6
1969-440-AG26,CP BIO BIO ADQ DE MATERIALES E INSUMOS PARA MANTENIMIENTO CORRECTIVO RUTINARIO: 1969-180-COT26,12
1969-507-CM26,GAS GGRANEL PARA EL CET DE CAÑETE,6
1969-514-AG26,ASTILLAS PARA CALEFACCION PARA EL CDP MULCHEN Orden de Compra generada por invitación a compra ágil: 1969-218-COT26,4
1970-23-CM26,"MATERIALES DE OFICINA PARA EL AD. CAÑAL BAJO, OSORNO",12
1973-1617-SE26,(THL) ORDEN DE COMPRA DESDE 1973-83-LE25,6
1973-1628-SE26,(THL) SERVICIO DESDE 1973-36-LQ25,6
1973-1634-SE26,(MPC) OC SUMINISTRO DERIVADO DESDE 1973-43-LE25,6
1978-269-SE26,1978-82-LP25 / PLAN AMBULATORIO COMUNITARIO INFANTO JUVENIL / MARZO 2026,12
1978-336-CM26, 1978-336-CM26// INSUMOS VÍA AEREA,12
1978-379-SE26, 1978-9-LE26 // PARCHE MULTIFUNCIONAL RADIOP. P/ECG ZOLL: ELECTRODO ADULTO,12
1978-391-SE26,1978-80-LP24//SERVICIO DE INFORMES RADIOLOGICOS MES DE ABRIL DE 2026,5
1978-416-SE26,1978-129-LQ24 /SERVICIO CONTROL DE PLAGAS/ DIVERSAS DEPENDENCIAS DE SSMAULE/JUNIO,4
1978-419-AG26," CA 1978-95-COT26/ COMPRA DE GUANTES DE NITRILO TALLA XS, TALLA M Y TALLA XL",4
1978-421-SE26,1978-97-LR23/SERVICIO DE CENTRO DIURNO / ABRIL 2026,4
1979-1915-SE26,INSUMOS DE LABORATORIO DESDE ID 1979-19-LE26,6
1979-2310-CM26,INSUMOS CLINICOS CM,6
1979-2315-CM26,INSUMOS CLINICOS CM,6
1979-2327-SE26,INSUMOS CLINICOS DESDE ID 1979-128-LQ24,4
1984-18-SE25,Servicio Mantención Vehiculo Fiscales,12
1989-67-AG26,Materiales de ferretería para mantenimiento sistemas ayudas visuales desde compra ágil: 1989-41-COT26,6
1989-72-AG26,Letreros para señalética de dependencias aeropuerto desde compra ágil: 1989-58-COT26,6
2001-21-CM26,Orden de Compra: 2001-21-CM26,4
2002-19-TD26,Orden de Compra generada por Trato Directo ID 2002-11-FTD26,6
2004-17-AG26,Orden de Compra generada por invitación a compra ágil: 2004-6-COT26,4
2013-816-TD26,Orden de Compra generada por Trato Directo ID 2013-88-FTD26,4
2015-440-AG26,Orden de Compra generada por invitación a compra ágil: 2015-67-COT26,6
2015-948-SE26,OFTALMICOS CON TIMOLOL Y CARBACOL,12
2021-103-AG26,MATERIALES DE ESCRITORIO PARA CURSOS CECOPAC,6
2021-95-AG26,DAG N°10000/32 ADQUISICION DE MATERIALES DE FERRETERIA  PARA EL EMCO,6
2033-19-AG26,MATERIAL DE ESCRITORIO - SAAT LICEO BALMACEDA,6
2036-162-SE26,Res. Compra N°164 T.D.Servicio Guardias marzo  2026,4
2036-202-AG26,Res.compra N°202 M.T. Sabanas y camisas clinicas para pacientes,6
2036-211-SE26,Res.compra N°215 C.A. Retiro de residuos Peligrosos mes de abril  2026 ,6
2036-213-AG26,Res.compra N°214 M.T. Discos SSD 2.5 - Servicio de Calidad.,4
2036-215-AG26,Res.compra N°219 M.T. Brazalete - etiquetas /consolidado de escritorio 2026 ,4
2042-127-AG26,Orden de Compra generada por invitación a compra ágil: 2042-128-COT26,6
2042-162-AG26,Orden de Compra generada por invitación a compra ágil: 2042-167-COT26,6
2042-171-SE26,Mejoramiento de Taller de Artesanía comuna de Torte 2042-11-LE26,6
2046-207-SE26,ORDEN DE COMPRA DESDE 2046-4-LE25,6
2046-232-SE26,ORDEN DE COMPRA DESDE 2026-2-L126,6
2046-233-SE26,ORDEN DE COMPRA DESDE 2046-2-L126,6
2046-522-CM25,Orden de Compra: 2046-522-CM25,12
2048-1355-AG26,Orden de Compra generada por invitación a compra ágil: 2048-233-COT26,6
2048-1392-AG26,Orden de Compra generada por invitación a compra ágil: 2048-242-COT26,6
2048-1402-SE26,ORDEN DE COMPRA DESDE 2048-21-LP26	,6
2048-1405-SE26,ORDEN DE COMPRA DESDE 2048-21-LP26,6
2048-1412-TD26,Orden de Compra generada por Trato Directo ID 2048-322-FTD26,4
2048-1414-SE26,ORDEN DE COMPRA DESDE 2048-69-LE25,6
2057-80-AG26,Orden de Compra generada por invitación a compra ágil: 2057-72-COT26,6
2057-81-AG26,Orden de Compra generada por invitación a compra ágil: 2057-70-COT26,4
2059-223-AG26,R/66 Sillón Clínico 2059-75-COT26,12
2062-25-CM26,COMPRA  PROYECTO SAAT (RESMAS) DEPROV. 2026 Orden de Compra: 2062-25-CM26,5
2063-9-SE26,Servicio de aseo Abril 2026,4
2064-10-CM26,Materiales de Oficina Orden de Compra: 2064-10-CM26,6
2065-283-CM26,CM 2239-9-LR24: Mercadería. Stock mes de MAYO 2026.,12
2065-305-AG26,"Utencilios Desechables, stock mayo 2026, cotización compra ágil: 2065-203-COT26",12
2066-245-AG26,Orden de Compra generada por COMPRA DE TONER ALTERNATIVO invitación a compra ágil: 2066-86-COT26,6
2067-183-SE26,ECOTOMOGRAFIAS ABDOMINALES,12
2067-207-AG26,CUBRE CALZADO CON ANTIDESLIZANTE,12
2067-235-AG26,FARMACOS,12
2067-290-AG26,EVALUACION Y DIAGNOSTICO CAMA ELECTRICA,4
2069-4011-SE26,CGM-042026-MANTENCIÓN PREVENTIVA Y CORRECTIVA DE RX TELESCOPICO-LQ25,6
2069-4016-SE26,CGM.042026-SERVICIO DE ARRIENDO DE EQUIPO TOMOGRAFO DE COHERENCIA OPTICA-LP25,6
2069-4026-SE26,CGM-042026-MANTENIMIENTO PREVENTIVO RX TELECOMANDADO-LP20,6
2069-4060-AG26,PMH-CP-05-2026-INSUMOS CLINICOS ,6
2069-4211-AG26,GMC-CP-052026-INSUMOS CLINICOS MAYO-AG,6
2069-4218-AG26,DGP-CP-052026-COMPRA PROGRAMA EQUIPOS MEDICOS MES DE MAYO PROYECTADA HASTA SEPTIEMBRE ,4
2069-4232-AG26,DGP-CP-052026-COMPRA PROGRAMA EQUIPOS MEDICOS MES DE MAYO,4
2069-4259-AG26,SAR-CP-052026-PROGRAMA MAYO 2026 FARMACOS-AG,6
2069-4264-AG26,SAR-CP-052026-PROGRAMA MAYO 2026 FARMACOS-AG,6
2069-4270-AG26,SAR-CP-052026-PROGRAMA MAYO 2026 FARMACOS-AG,5
2069-4275-AG26,SAR-CP-052026-PROGRAMA MAYO 2026 FARMACOS-AG,5
2069-4279-AG26,SAR-CP-052026-PROGRAMA MAYO 2026 FARMACOS-AG,5
2069-4285-SE26,LSO-CG-042026-ANGIOGRAFIA-LR,4
2069-4289-AG26,DGP-CP-052026-COMPRA PROGRAMA EQUIPOS MEDICOS MES DE MAYO MAS PROYECCION AGOSTO ,4
2069-4294-AG26,DGP-CP-052026-COMPRA PROGRAMA EQUIPOS MEDICOS MES DE MAYO ,4
2069-4296-AG26,DGP-CP-052026-COMPRA PROGRAMA EQUIPOS MEDICOS MES DE MAYO MAS PROYECCION AGOSTO ,6
2069-4300-CM26,AHF-CP-052026-INSUMOS CLINICOS MAYO-CM,6
2069-4301-AG26,DGP-CP-052026-COMPRA PROGRAMA EQUIPOS MEDICOS MES DE MAYO ,4
2069-4302-AG26,JRS-CP-052026-PROGRAMA MAYO 2026 FARMACOS-AG,6
2069-4304-AG26,JRS-CP-052026-PROGRAMA MAYO 2026 FARMACOS-AG,6
2069-4306-AG26,JRS-CP-052026-PROGRAMA MAYO 2026 FARMACOS-AG,6
2069-4307-AG26,DGP-CP-052026-COMPRA PROGRAMA EQUIPOS MEDICOS MES DE MAYO ,4
2069-4347-AG26,LPS-CP-052026-INSUMOS ABARROTES MAYO A DICIEMBRE-AG,6
2069-4372-SE26,LSO-CG-042026-SDMAC-TRAUMATOLOGIA-LP,4
2074-14-AG26,Orden de Compra generada por invitación a compra ágil: 2074-10-COT26,4
2078-803-AG26,Servicio de Mantención 390.000 km. Patente GYYS 50 Delegación Arauco. SC 225,6
2080-4382-AG26,ACIDO VALPROICO 200 MG compra ágil: 2080-417-COT26,6
2080-4387-AG26,PORTAOBJETOS Compra ágil: 2080-415-COT26,6
2080-4416-SE26,SET CATÉTER ARTERIAL 20GX16CM,6
2080-4427-SE26,"APOSITO PRIMAPORE 6X8,3 CM",6
2080-4467-SE26,MIDLINE 4 FR 1 LUMEN ,6
2080-4515-CM26,CLORHEXIDINA 2% JABONOSA (RIOHEX TENSIOACTIVO),6
2098-1014-TD26,Orden de Compra generada por Trato Directo ID 2098-121-FTD26,6
2098-1031-SE26,LE-REPOSICIÓN DE FÁRMACOS/2098-52-LE26/MAYO2026/AMD,6
2098-929-SE26,LE-KMS-2098-25-LE25; PEDIDO N°9 PRODUCTOS PARA UNIDAD DE DONANTES,6
2098-991-TD26,Orden de Compra generada por Trato Directo ID 2098-110-FTD26,6
2099-194-TD26,Orden de Compra generada por Trato Directo ID 2099-81-FTD26,6
2101-598-SE26,CORCHETES N°10 1000 UNIDADES POR CAJAORDEN DE COMPRA DESDE 2101-35-L126,4
2101-800-AG26,MEROPENEM 1000 MG a compra ágil: 2101-128-COT26,6
2101-806-CM26,AEROCAMARA,6
2101-816-SE26,PALIPERIDONAS ,6
2102-215-AG26,Orden de Compra generada por invitación a compra ágil: 2102-64-COT26,12
2102-344-SE26,ARRIENDO DE 2 TOTEM GESTOR FILAS SOME Y FARMACIA,6
2102-40-AG26,Orden de Compra generada por invitación a compra ágil: 2102-751-COT25,12
2103-249-AG26," SERVICIO DE CORTE DE PAVIMENTO, CON MAQUINARIA. HOSPITAL DE LONQUIMAY",12
2103-270-AG26,"ADQUISICION DE SECADORES DE MANO ELECTRICOS, HOSPITAL LONQUIMAY",12
2103-276-AG26,"ADQUISICION DE MATERIAL DE OFICINA, HOSPITAL DE LONQUIMAY",12
2103-288-CM26,"adquisición de combustible, para el normal funcionamiento de las ambulancias, servicio de movilización Hospital Lonquimay",12
2107-885-SE26,CONVENIO DE SUMINISTRO DE MEDICIÓN DE GASES CON EQUIPO EN COMODATO” SEGUNDO LLAMADO  DESDE 2107-110-LP24 ,6
2107-899-SE26,ADQUISICIÓN DE ARTÍCULOS DE ASEO PARA REPOSICIÓN DE STOCK BODEGA CENTRAL DESDE 2107-43-LE26,6
2107-902-AG26,SUTURA NYLON (OFTALMOLOGIA): 2107-68-COT26,6
2109-894-AG26,MEDIAS ANTIEMBOLIA MEDIO REGULAR (2109-286-COT26).,12
2109-989-SE26,ESCAFANDRAS.(2109-24-LR23),6
2111-8447-SE26,Mantención Preventiva de Angiógrafo y Osteopulmonares Philips Cuota 1 de 6 ID 2111-27-LP26,5
2111-8764-SE26,Servicio de arriendo de servidores para el HUAP ABRIL 2026 2111-122-LP23,12
2111-8767-SE26,Arriendo contenedores residencias 11/12 desde el 05.04.26 al 04.05.26 ID 2111-92-LP23 (Renovación),12
2111-8868-SE26,SERVICIO DE ARRIENDO DE CONTENEDORES USOS VARIOS (01.04.2026 al 30.04.2026) LIC 2111-222-LR25,12
2111-8905-SE26,Mantenimiento Prev. equipos extracción e inyección de aire Lic 2111-277-LP24 Cuota 3 de 4,6
2111-8943-SE26,Servicio Prestación de Exámenes Inmunohistoquímica. Lic 2111-227-LQ23 Abril 2026,6
2111-8967-SE26,0050000033 - BLOCK PEDIDO ENTREGA BODEGA 50/4 E/F,6
2111-8983-CM26,2257241000 GUANTE VINILO CHICO TALLA S,6
2111-8984-CM26,2257243000 GUANTE VINOLO GRANDE TALLA L,6
2111-8991-AG26,0100100032 - DISPENSADOR DE AGUA CON PEDESTAL compra ágil: 2111-680-COT26,5
2111-8993-SE26,2224110626 - CATETER VEN. CENT. PENTA LUMEN 12 FR; LIC 2111-171-LQ24,6
2111-8999-SE26,"3400000220 - EXTRACTOR CORCHETE (QUITA SUTURA) LIC 2111-14-LE25, LINEA 1",6
2111-9003-CM26,2250000036	APOSITO GASA 20X1.5 MT ESTERIL ENV. MIXTO,6
2111-9004-AG26,2160000829 PROPOFOL 10 MG/ML 20 ML compra ágil: 2111-631-COT26,6
2111-9006-SE26,2170009012 Solución Tópica Clorhexidina Coloreada desde 2111-47-LQ23,6
2111-9007-SE26,0090000028 - CLORO GRANULADO EN SOBRE PARA 500 CC desde 2111-172-LE23 LINEA 1,6
2111-9009-SE26,0090000042 ESCOBILLAS DE ASEPSIA ESPONJA desde 2111-9-LE25,6
2111-9010-SE26,3403400057 PINZA LIGASURE SMALL JAW 16X18.8CM LF1212A ID 2111-75-LR25 L12,4
2111-9012-SE26,2243921315 - MEDIA ANTIEMBOLIICA XL ID 2111-166-LQ23,6
2111-9013-SE26,"Mantenimiento Correctivo Central Térmica Inventario N°8088, 8089 Cot. 261405 ID 2111-109-LP25",4
2111-9014-SE26,3476565603 - VALVULA VENTRICULOPERITONEAL P/MEDIA FIJA ADULTO ID 2111-41-LP25 L2,4
2111-9015-SE26,2255582001 - KIT RECOLECTOR DEPOSICIONES LIC 2111-307-LP24-LINEA 1,4
2111-9016-SE26,2242999015 - GRAPADORA LINEAL 100 MM ID 2111-384-LR25 IT1 L3,4
2111-9017-CM26,3479445503 - SISTEMA CERRADO DRENAJE TORÁCICO 3 CAMARA AQUASEAL,4
2111-9018-SE26,2242999012 - ENDO GIA UNIV. 12 MM DISP. (REF EGIAUSTND) ID 2111-75-LR25 L18,4
2111-9019-CM26,2252250058	DRENAJE JACKSON PRATT 10MM CON RESERV. 100 ML,4
2111-9020-SE26,0050000028 - BLOCK INSUMO MEDICAMENTO. ANESTESIA desde 2111-140-LQ24 LINEA 4,4
2111-9022-SE26,3470000626 - SENSOR PRESION P/CRANEOTOMIA ID 2111-391-LP24 ITEM 1.1,4
2115-1-AG26,KIT SABANILLA / 2115-408-COT25,12
2115-29-CM26,PAC INSUMOS CLÍNICOS 2026,12
2115-340-AG26,LIMPIA PIES / 2115-124-COT26,12
2115-345-AG26,Baterías - Desde 2115-129-COT26,12
2115-358-AG26,AMONIO CUATERNARIO / 2115-133-COT26,12
2115-365-SE26,AVASTIN 11.05,12
2115-370-SE26,Povidona 5% - Desde 2115-17-25,12
2115-376-AG26,MEJORA ESCALERA INTERIOR / 2115-140-COT26,4
2115-39-SE24,T. D. Servicio de esterilización externalizado ,12
2115-44-CM26,PAC INSUMOS CLÍNICOS 2026,12
2122-77-SE26,TRASLADO DE PERSONAL ABRIL (HIDATIDOSIS),12
2122-79-SE26,SERVICIO DE TRASLADO DE PERSONAL ABRIL (USO),12
2122-80-SE26,TRASLADO DE PERSONAL ABRIL (VIGILANCIA),6
2123-34-TD26,Orden de Compra generada por Trato Directo ID 2123-2-FTD26,12
2123-67-CM26,E1O2RT9 IFS DAF Combustible para Vehiculos Institucionales (SAR 678),12
2123-72-AG26,E1O2RT9 UAI Mantencion Kilometraje Camionetas Chevrolet (SAR 876),12
2123-85-CM25,UAI dgo Suministro Bidones de Agua (SAR 339),12
2123-96-SE26,E1O2RT8 COMPIN dgo Peritajes Psiquiatricos (SAR 830),9
2125-598-AG26,Compra de farmacos,12
2125-743-SE26,Compra de insumos implantes dentales,12
2125-821-SE26,Compra de reactivos diagnostic,12
2125-875-AG26,Compra de instrumental clinico ,12
2125-879-AG26,Compra de insumos clinicos varios,12
2125-880-AG26,Compra de farmacos,12
2125-881-AG26,Compra de farmacos ,12
2125-888-AG26,Compra de insumos clinicos - electrodo desfibrilador,12
2125-900-AG26,Compra de insumos clinicos - paño jabonoso,12
2125-907-CM26,Compra de insumos clinicos - cateter venoso,12
2125-913-AG26,Compra de farmacos,12
2125-918-AG26,Compra de insumos clinicos - gel ecografico,12
2125-919-AG26,Compra de insumos clinicos - absorbente,12
2125-920-AG26,Compra de insumos clinicos - ferula digital,12
2125-922-AG26,Compra de insumos clinicos - mascarilla pediatrica,12
2125-923-AG26,Compra de insumos clinicos - jeringa alimentacion ,12
2125-928-AG26,Compra de insumos clinicos - tubo end.,12
2125-929-AG26,Compra de insumos clinicos - gasa no tejida,12
2125-937-AG26,Compra de nutrición parenteral,12
2125-955-AG26,Compra de insumos clinicos - suturas,12
2125-996-SE26,Compra de farmacos,12
2129-130-TD26,Orden de Compra generada por Trato Directo ID 2129-81-FTD26,5
2133-1012-SE26,ORDEN DE COMPRA DESDE 2133-84-LP25,12
2133-1014-SE26,ORDEN DE COMPRA DESDE 2133-79-LP25,12
2133-1107-SE26,ORDEN DE COMPRA DESDE 2133-84-LP25,12
2133-1108-SE26,ORDEN DE COMPRA DESDE 2133-84-LP25,12
2133-1109-SE26,ORDEN DE COMPRA DESDE 2133-84-LP25,12
2133-1111-SE26,ORDEN DE COMPRA DESDE 2133-79-LP25,12
2133-1113-SE26,ORDEN DE COMPRA DESDE 2133-79-LP25,12
2133-1114-SE26,ORDEN DE COMPRA DESDE 2133-98-LP25,12
2133-1116-SE26,ORDEN DE COMPRA DESDE 2133-98-LP25,12
2133-1118-SE26,ORDEN DE COMPRA DESDE 2133-98-LP25,12
2133-1134-SE26,ORDEN DE COMPRA DESDE 2133-91-LP25,12
2133-1143-SE26,ORDEN DE COMPRA DESDE 2133-124-LP25	,4
2133-1147-SE26,ORDEN DE COMPRA DESDE 2133-85-LE25,12
2133-1148-SE26,ORDEN DE COMPRA DESDE 2133-83-LQ24,9
2133-1149-SE26,ORDEN DE COMPRA DESDE 2133-75-LP25,12
2133-1150-SE26,ORDEN DE COMPRA DESDE 2133-91-LP25,12
2133-1151-SE26,ORDEN DE COMPRA DESDE 2133-83-LQ24,4
2133-574-SE26,ORDEN DE COMPRA DESDE 2133-11-LP26,12
2133-582-SE26,ORDEN DE COMPRA DESDE 2133-1-LP26,12
2133-828-SE26,ORDEN DE COMPRA DESDE 2133-79-LP25,12
2136-346-SE26,INSUMOS HORMONAS LICITACION,12
2137-329-SE26,ORDEN DE COMPRA DESDE 2137-6-LP25. Calefacción.,12
2137-346-SE26,ORDEN DE COMPRA DESDE 2137-6-LP25. Calefacción.,12
2138-217-SE26, DESDE 2138-7-LE26 CONVENIO IMAGENES DIAGNÓSTICAS,5
2140-340-AG26,"Insumos de Laboratorio con cadena de Frio, Orden de Compra generada por invitación a compra ágil: 2140-63-COT26, Hospital Futaleufu",4
2140-366-AG26,"Informe Electrocardiograma, Orden de Compra generada por invitación a compra ágil: 2140-72-COT26, Hospital Futaleufu",6
2140-367-AG26,"Arriendo Electròcardiograma, Orden de Compra generada por invitación a compra ágil: 2140-71-COT26, Hospital Futaleufu",6
2140-416-SE26,Insumos de Laboratorio Cadena Frio H.Futaleufu,6
2140-421-SE26,Insumos y Reactivos de Laboratorio H. Futaleufu,6
2140-424-SE26,Insumos y Reactivos de Laboratorio H. Futaleufu,5
2140-431-SE26,Insumos y Reactivos de Laboratorio H. Futaleufu,6
2140-432-SE26,Insumos y Reactivos de Laboratorio H. Futaleufu,6
2140-434-SE26,Insumos y Reactivos de Laboratorio H. Futaleufu,9
2145-459-AG26,Laboratorio Clínico - Compra Glóbulos Rojos desde compra ágil: 2145-200-COT26,4
2146-212-AG26,Orden de Compra generada por invitación a compra ágil: 2146-83-COT26,6
2146-217-AG26,Orden de Compra generada por invitación a compra ágil: 2146-90-COT26,6
2146-222-SE26,ORDEN DE COMPRA DESDE 2146-78-LE24 ABRIL 2026,6
2147-243-TD26,Orden de Compra generada por Trato Directo ID 2147-3-FTD26,6
2151-155-AG26,Orden de Compra generada por invitación a compra ágil: 2151-42-COT26,4
2151-167-TD26,Orden de Compra generada por Trato Directo ID 2151-34-FTD26,6
2155-4-SE24,LE-1749 SERVICIO MANTENCIÓN VEHÍCULOS SII VALPARAÍSO (Reg. 06),12
2170-489-AG26,MANTENIMIENTO CORRECTIVO DE AUTOCLAVES Y EQUIPO DE OSMOSIS,4
2170-490-AG26,LAMPARA INFRARROJA  275W,6
2171-209-CM26,ARTICULOS DE ASEO ,5
2175-187-SE26,Suministro de Agua Purificada Atacama mes Abril,6
2175-191-SE26,Mantención Correctivo equipos de Aire Acond,6
2175-193-SE26,"Rep. y Norm. Eléctrico JGDDA, ORDEN DE COMPRA DESDE 2175-4-LE26",4
2176-233-AG26,Orden de Compra generada por invitación a compra ágil: 2176-124-COT26,4
217-7-SE26,Canasta ORASMI,6
2179-102-CM26,"Adquisición sillas ergonométricas, orden de Compra: 2179-102-CM26",6
2180-56-AG26,Mantencion camioneta zonal. compra ágil: 2180-20-COT26,6
2181-112-AG26,Orden de Compra generada por invitación a compra ágil: 2181-88-COT26,6
218-255-SE26,"Contratación de un Plan Complementario de Salud y Dental o de un sistema de reembolsos de gastos medicos y dentales para el servicio de Bienestar,sus afiliados/as y cargas legales -ORDEN DE COMPRA DESDE 218-13-LP26",6
2183-65-CM26,pasaje aereo curso de la academia judicial - edo - Orden de Compra: 2183-65-CM26,6
2184-137-AG26,Orden de Compra generada por invitación a compra ágil: 2184-45-COT26,6
2184-142-AG26,"Drum Xerox D125 original, código 013R00668, marca Xerox",4
2184-144-SE26,Mantenimiento Vehículo Placa FKPX-32,4
2184-146-SE26,Servicio de reparación de Motobombas Mayo 2026,4
2184-147-SE26,Servicio de adquisición controles remotos de EAA,4
2186-425-AG26,INSUMOS DE ASEO (AISLADOS),6
2188-94-AG26,COMPRA DE PAÑALES ADULTO MEMO 95 PROGRAMA DEPENDENCIA SEVERA,6
2200-164-SE26,REPARACIÓN INSTALACIÓN ELÉCTRICA OFICICNAS ADMINISTRATIVAS COSAM SAN ESTEBAN - DSM,4
2201-318-SE26,visita de emergencia calefont de Alimentación,12
2201-348-AG26,"SERVICIO DE MANTENIMIENTO PREVENTIVO DE TRES (3) REFRIGERADORES FARMACEÚTICOS EN LAS UNIDADES DE FARMACIA, ENFERMERÍA Y ABASTECIMIENTO 2201-201-COT26",12
2201-349-SE26,Servicio control de Vectores Abril 2026,12
2201-49-AG26,Servicio de control de dosimetría 2026: 2201-19-COT26,12
2202-552-AG26,Orden de Compra generada por invitación a compra ágil: 2202-198-COT26,6
2207-388-AG26,Orden de Compra generada por invitación a compra ágil: 2207-361-COT26,6
2211-477-AG26,Sol. 255 Equipamiento médico DESARROLLO COMUNITARIO PRLAC,6
2211-483-AG26,Orden de Compra generada por invitación a compra ágil: 2211-574-COT26 ABARROTES SOL 265 DIDECO (PROG. VINCULOS) ,4
2214-8-AG26,JORNADA EPJA 19/05/26,6
2215-1524-TD25,Orden de Compra generada por Trato Directo ID 2215-97-FTD25,12
2215-598-CM26,Orden de Compra: 2215-598-CM26,6
2215-600-AG26,REACTIVOS PARA LABORATORIO a compra ágil: 2215-517-COT26,4
2216-226-AG26,Orden de Compra generada por invitación a compra ágil: 2216-76-COT26,4
2229-59-SE23,SERVICIO DE DEFENSA PENAL JUVENIL ASESORÍAS JURÍDICAS SEBASTIÁN HIPÓLITO LAMILLA FARÍAS E.I.R.L. ZONA 6 - RPA - SAN ANTONIO,12
2256-18-AG26,SERVICIO RELATORÍA - VINCULACIÓN AFE Y EDUCACIÓN PARVULARIA.,6
2258-1806-SE26,ORDEN DE COMPRA DESDE 2258-166-LR25,12
2258-189-SE26,ORDEN DE COMPRA DESDE 2258-249-LR25,6
2258-1989-SE26,GUIA TERAPEUTICA HEMODINAMIA,12
2258-1992-AG26,Orden de Compra generada por invitación a compra ágil: 2258-238-COT26,12
2258-22198-CM25,"COMPRESA GASA C/CINTA RADIOPACA, PARA DESPACHOS FRACCIONADOS",12
2258-27529-SE25,BALON PERIFERICO HEMODINAMIA DIC GORE,12
2258-2943-CM26,SONDAS TUBOS ASPIRACION 6 MTS,12
2258-3224-SE26,CONCENTRADOS DIALISIS ENTREGA PARCIAL,12
2258-3449-SE26,PINZAS SMALL JAW EXACT (PLAN 90 DIAS),12
2258-3582-SE26,PACIENTE 635458 COT 288834,12
2258-3657-AG26,GUANTES QUIRURGICOS  2258-434-COT26,12
2258-3660-AG26,SUTURA  2258-432-COT26,12
2258-3662-SE26,ORDEN DE COMPRA PARA UNIDAD DE DIALISIS ,12
2258-3676-SE26,AC. TRANS RETINICO (TRETINOICA)10MG CAP.VIA ORAL (,12
2258-3685-SE26,APRIPAZOL CM 10 MG,12
2258-3710-SE26,OC 2258-70-LQ25 INSUMO LABORATORIO,12
2258-3739-SE26,OC  2258-91-LQ25 SOLICITADAS POR ANATOMIA PATOLOGI,12
2258-3744-SE26,OC 2258-20-LR25 PARA BANCO DE SANGRE,12
2258-3766-SE26,"CLORHEXIDINA COLUTORIO 0, 12 % FC 120 ML",12
2258-3799-SE26,ORDEN DE COMPRA DESDE 2258-122-LR25,12
2258-3849-SE26,"CUBREMESA ARSENALERA, DESDE 2258-300-LP25",12
2258-3856-AG26,Orden de Compra generada por invitación a compra ágil: 2258-461-COT26,12
2258-3862-AG26,Orden de Compra generada por invitación a compra ágil: 2258-454-COT26,12
2258-3871-SE26,orden de compra desde 258-226-lq24,12
2258-3874-SE26,ORDEN DE COMPRA DESDE 2258-193-LP25,12
2258-3879-SE26,ORDEN DE COMPRA DESDE 2258-4-LE25,12
2258-3885-AG26,CANASTILLO DORMIA NGAGE,12
2258-3891-SE26,PACIENTE 118242 cx 14/05/2026,12
2258-3895-AG26,Orden de Compra generada por invitación a compra ágil: 2258-457-COT26,12
2258-3917-SE26,OC para 2258-279-LP25,12
2258-3934-SE26,AZUL TRIPAN,12
2258-3985-SE26,Oc para 2258-218-H225 UNIDAD BANCO DE SANGRE,12
2258-4143-AG26,Orden de Compra generada por invitación a compra ágil: 2258-490-COT26,4
2258-4152-CM26,Pasajes aereos: 2258-4152-CM26,6
2258-4153-CM26,Pasajes aereos: 2258-4153-CM26,6
2258-4155-CM26,Pasajes aereos: 2258-4155-CM26,6
2273-38-CM26,Orden de Compra: 2273-38-CM26,12
2274-181-SE25,MANTENCION PREVENTIVA Y CORRECTIVA ASCENSORES Y MONTACARGAS S-8,12
2275-65-SE26,JUEGOS INFANTILES DESDE 2275-33-LR24,4
2275-66-SE26,ORDEN DE COMPRA DESDE 2275-26-LR22 ESTADO N°36 DTPM,4
2279-230-AG26,SP 230 SEGURIDAD PÚBLICA DIR. DE PROTECCIÓN CIVIL Y SEG. PÚBLICA Orden de Compra generada por invitación a compra ágil: 2279-220-COT26,12
2279-245-AG26,SP 245 compra ágil: 2279-202-COT26,6
2279-250-AG26,Orden de Compra generada por invitación a compra ágil: 2279-219-COT26,6
2279-255-AG26,SP 321 OMIL DIDECO Orden de Compra generada por invitación a compra ágil: 2279-234-COT26,4
2279-256-SE26,Aumento de contrato 2279-11-LE26,4
2279-257-AG26,Solicitud de pedido N°332 Deportes Orden de Compra generada por invitación a compra ágil: 2279-215-COT26,4
2281-573-AG26,S.P 1129 Escritorios con sillas y cajoneras - OLN Orden de Compra generada por invitación a compra ágil: 2281-792-COT26,12
2281-658-SE26,SUMINISTRO COMBUSTIBLE VEHICULOS Y MAQUINARIAS / DEPTO. SEGURIDAD CIUDADANA,6
2281-659-SE26,SUMINISTRO COMBUSTIBLE VEHICULOS Y MAQUINARIAS CEM,6
2281-660-AG26,Orden de Compra generada por invitación a compra ágil: 2281-933-COT26,6
2281-661-SE26,SUMINISTRO COMBUSTIBLE VEHICULOS / DEPTO. TERRITORIAL DE LA COSTA,6
2281-662-SE26,SUMINISTRO COMBUSTIBLE VEHICULOS / POOL DE VEHICULOS,6
2282-107-SE26,"Mes de abril de 2026, suministro de reposición y c",6
2284-385-SE26,PP 628-2024 3º SUMINISTRO DE MEDICAMENTOS PARA SATISFACER DEMANDA DE RECETAS INSCRITAS Y PRESENTADAS POR USUARIOS EN LAS FARMACIAS DE LA ILUSTRE MUNICIPALIDAD DE VALDIVIA-SOLICITUD 5945-2026,6
2284-388-AG26,INSUMOS PARA BOTIQUIN DESAM - SOLICITUD N°5960 : 2284-298-COT26,6
2287-268-AG26,SOL.166-DASG-HERRAMIENTAS,12
2287-308-SE26,SER. PLATAFORMA SOFTWARE RRHH MARZO 2026,6
2287-319-AG26,SOL.211-DIDECO-PROG.SOCIALES-OMNG-MATERIALES DE OFICINA ,12
2287-320-AG26,SOL.207-DF-PRESUPUESTO-CABEZAL DE IMPRESION ,12
2287-326-AG26,SOL.208-DIDECO-PROG.SOCIALES-SENDA-MATERIAL ASEO,12
2287-347-AG26,SOL.240-DIDECO-CULTURA-ALIMENTOS ,12
2287-398-AG26,SOL.259-DTTP-TORNILLOS-PERFILES-TABLAS,6
2288-359-AG26,Orden de Compra generada por invitación a compra ágil: 2288-294-COT26,12
2288-444-AG26,Orden de Compra generada por invitación a compra ágil: 2288-369-COT26,4
2289-481-CM26,Orden de Compra: 2289-481-CM26,6
2291-816-AG26,"NP Nº52 SECPLAN, ADQUISICION DE EXTINTORES : 2291-434-COT26",6
2291-817-SE26,"NP 162 CONSTRUCCION.CEMENTO Y POLIETILENO.SEGUN CONV.SUMINISTRO 2295-29-LR25, LINEA DE PRODUCTOS N°1 ""MATERIALES DE CONSTRUCCION""",6
2291-819-SE26,"NP 157 CONSTRUCCION  MAT. PARA CONSTUCCION, SEGUN CONV.SUMINISTRO 2295-29-LR2 ",6
2291-821-SE26,"NP 183 CONSTRUCCION  PINO 1 X 4"" X 3.20 BRUTO, SEGUN CONV.SUMINISTRO 2295-29-LR2",6
2291-822-SE26,"NP 182 CONSTRUCCION  PINO CEMENTO 25 KG., SEGUN CONV.SUMINISTRO 2295-29-LR25 ",6
2291-823-SE26,"NP 163 CONSTRUCCION PINO 1"" X 4"" X 3.20 BRUTO, SEGUN CONV.SUMINISTRO 2295-29-LR25 ",6
2291-826-SE26,NP/181 UN.DE CONSTRUCCION - ADQ. MAT. DE CONSTRUCCION PARA REPARACION DE TECHUMBRE MUNICIPALIDAD. CONVENIO SUMINISTRO ID 2295-29-LR25 - A2 PROG18 CTA 215-31-02-004-392.,6
2291-828-SE26,NP 170 CONSTRUCCION REPAR. VEREDA 8 OTE C. SUM,6
2291-829-SE26,"NP 166 CONSTRUCCION.CEMENTO Y POLIETILENO.SEGUN CONV.SUMINISTRO 2295-29-LR25, LINEA DE PRODUCTOS N°1 ""MATERIALES DE CONSTRUCCION""",6
2291-830-SE26,NP 171 CONSTRUCCION REPAR. VEREDA 8 OTE C. SUMINISTRO 2295-29-LR25,6
2291-832-SE26,"NP 172 CONSTRUCCION.CINTA PELIGRO SEGUN CONV.SUMINISTRO 2295-29-LR25, LINEA DE PRODUCTO N°6 ""IMPLEMENTOS DE SEGURIDAD""",6
2291-833-SE26,NP 164 CONSTRUCCION VEREDA 11 OTE CONV. SUM.,4
2291-834-SE26,NP 155 CONSTRUCCION SEDE RIVERA DE LIRCAY CONV. SU,4
2291-835-SE26,NP/165 UN.DE CONSTRUCCION - ADQ. MAT. DE CONSTRUCCION PARA REPARACIÓN DE VEREDA 11 ORIENTE FRENTE IGLESIA PENTECOSTAL  - CONVENIO SUMINISTRO ID 2295-29-LR25 - A2 PROG26 CTA 215-31-02-004-355,4
2291-836-SE26,"NP Nº159 CONSTRUCCION, A.P. BRUTO,C.S.2295-29-LR25",4
2292-6512-AG26, ADQUISICIÓN DE ROLLOS DE ETIQUETAS TÉRMICAS AUTOADHESIVAS BLANCAS / BODEGA FARMACIA (PEDIDO 3427)(SMV). Orden de Compra generada por invitación a compra ágil: 2292-286-COT26,6
2292-6519-SE26,"TUBO EXAMEN, INS/ENFERMERIA DCS-ID 2292-8-LR25 OP 647 (NMC)",6
2292-6521-CM26,"ADQUISICIÓN 6000 MOLDE QUIRURGICO MUNICARE, PEDIDO 000648(VLN)-Orden de Compra: 2292-6521-CM26",5
2292-6522-SE26,INSUMOS DE ENFERMERIA - OP 646 (NMC) - G. INTERN,4
229-372-SE26,ORDEN DE COMPRA DESDE 229-78-LE25 LINEA 2,4
229-373-AG26,Orden de Compra generada por invitación a compra ágil: 229-56-COT26,4
2294-339-AG26,MATERIAL DE ASEO ESCUELA VILLA LA PAZ // SUBV. REGULAR // NP 3 // compra ágil: 2294-330-COT26,6
2294-494-AG26,NP5 - HECTOR PEREZ BIOT - EQUIPOS MUSICALES - LEY SEP,6
2294-514-AG26,EQUIPOS E INSUMOS COMPUTACIONALES.SEP. ESCUELA CENTINELA.NP4,4
2296-811-SE24,"ARRIENDO DE EQUIPO PSICOTÉCNICO, GUÍA N°21900, TRÁNSITO.",12
2297-566-AG26,"ADQUISICION DE TRIPODE DE ALUMINIO,HUINCHAS,2297-598-COT26",6
2297-575-AG26,Orden de Compra generada por invitación a compra ágil: 2297-614-COT26,6
2297-629-AG26,"ADQUISICION DE FRASCOS VITAMINA INYECTABLE ADE,2297-653-COT26",6
2298-268-SE26,"ORDEN DE COMPRA DESDE 2298-61-LE26-SUMINISTRO SERVICIO DE ARRIENDO BUSES Y MINIBUSES, SP 42,43 Y 44",6
2298-276-SE26,"ORDEN DE COMPRA DESDE 2298-61-LE26-SUMINISTRO SERVICIO DE ARRIENDO BUSES Y MINIBUSES, SP 50 y 51",6
2298-277-SE26,"ORDEN DE COMPRA DESDE 2298-61-LE26-SUMINISTRO SERVICIO DE ARRIENDO BUSES Y MINIBUSES, SP 56",6
2298-278-SE26,"ORDEN DE COMPRA DESDE 2298-61-LE26-SUMINISTRO SERVICIO DE ARRIENDO BUSES Y MINIBUSES, SP 52 y 55",6
2298-279-SE26,"ORDEN DE COMPRA DESDE 2298-61-LE26-SUMINISTRO SERVICIO DE ARRIENDO BUSES Y MINIBUSES, SP 53",6
2298-280-SE26,"ORDEN DE COMPRA DESDE 2298-61-LE26-SUMINISTRO SERVICIO DE ARRIENDO BUSES Y MINIBUSES, SP 54",6
2298-293-SE26,"ORDEN DE COMPRA DESDE 2298-61-LE26-SUMINISTRO SERVICIO DE ARRIENDO BUSES Y MINIBUSES, SP 64",6
2298-294-SE26,"ORDEN DE COMPRA DESDE 2298-61-LE26-SUMINISTRO SERVICIO DE ARRIENDO BUSES Y MINIBUSES, SP 65",6
2298-297-SE26,"ORDEN DE COMPRA DESDE 2298-61-LE26-SUMINISTRO SERVICIO DE ARRIENDO  BUSES Y MINIBUSES, SP 66",6
2298-299-SE26,"ORDEN DE COMPRA DESDE 2298-61-LE26-SUMINISTRO SERVICIO DE ARRIENDO BUSES Y MINIBUSES, SP 67",6
2298-300-SE26,"ORDEN DE COMPRA DESDE 2298-61-LE26-SUMINISTRO SERVICIO DE ARRIENDO BUSES Y MINIBUSES, SP 68",6
2298-322-SE26,"ORDEN DE COMPRA DESDE 2298-61-LE26-SUMINISTRO SERVICIO DE ARRIENDO BUSES Y MINIBUSES, SP 71",6
2298-323-SE26,"ORDEN DE COMPRA DESDE 2298-61-LE26-SUMINISTRO SERVICIO DE ARRIENDO BUSES Y MINIBUSES, SP 72",6
2298-325-SE26,"ORDEN DE COMPRA DESDE 2298-61-LE26-SUMINISTRO SERVICIO DE ARRIENDO BUSES Y MINIBUSES, SP 73",6
2298-326-SE26,"ORDEN DE COMPRA DESDE 2298-61-LE26-SUMINISTRO SERVICIO DE ARRIENDO BUSES Y MINIBUSES, SP 74",6
2298-327-SE26,"ORDEN DE COMPRA DESDE 2298-61-LE26-SUMINISTRO SERVICIO DE ARRIENDO BUSES Y MINIBUSES, SP 75",6
2298-334-SE26,"ORDEN DE COMPRA DESDE 2298-61-LE26-SUMINISTRO SERVICIO DE ARRIENDO BUSES Y MINIBUSES, SP 77",6
2298-341-SE26,"ORDEN DE COMPRA DESDE 2298-61-LE26-SUMINISTRO SERVICIO DE ARRIENDO BUSES Y MINIBUSES, SP 85",6
2298-345-SE26,"ORDEN DE COMPRA DESDE 2298-61-LE26-SUMINISTRO SERVICIO DE ARRIENDO BUSES Y MINIBUSES, SP 86",6
2306-332-AG26,"MANTENCIÓN TABLERO, BOMBAS Y PUESTA EN MARCHA SISTEMA DE AGUAS SERVIDAS ESCUELA RURAL DE PICHIL, Orden de Compra generada por invitación a compra ágil: 2306-314-COT26",6
2307-542-AG26,TINTAS ORIGINALES HP PARA IMPRESORA DE CONTABILIDAD (REQ.3650) AAL,6
2307-561-SE26,Campo quirúrgico (R:3.482)(DMH)[2307-5-LE26],6
2318-14-SE26,ORDEN DE COMPRA DESDE 2318-82-LE25,12
2318-308-AG26,Orden de Compra generada por invitación a compra ágil: 2318-236-COT26,12
2318-363-AG26,Orden de Compra generada por invitación a compra ágil: 2318-268-COT26,6
2318-377-AG26,Orden de Compra generada por invitación a compra ágil: 2318-270-COT26,6
2318-378-AG26,Orden de Compra generada por invitación a compra ágil: 2318-279-COT26,4
2319-19-SE26,MODIFICACIÓN DE CONTRATO ,6
2322-336-AG26,Orden de Compra generada por invitación a compra ágil: 2322-208-COT26. Adquisición de materiales para manualidades Programa de Educación Ambiental  ,4
2322-337-AG26,Orden de Compra generada por invitación a compra ágil: 2322-270-COT26. Indumentaria personal para asistentes del Programa Red Local de Apoyos y Cuidado ,4
2322-338-AG26,Orden de Compra generada por invitación a compra ágil: 2322-272-COT26.  Implementos de rehabilitación y material didáctico o educativo para ser utilizados en el Programa Red Local de Apoyos y Cuidados ,4
2324-1637-SE25,ORDEN DE COMPRA DESDE 2324-106-LP25,12
2324-339-CM26,ALIMENTOS PARA ACTIVIDADES A REALIZAR POR LA OFICINA DE DESARROLLO SUSTENTABLE  DE LA PESCA ARTESANAL Orden de Compra: 2324-339-CM26,12
2324-640-AG26,MATERIAL DE ASEO SELLADOR DE PISO JUZGADOS DE POLICIA LOCAL / D.A.F - DPTO. DE BIENES  Orden de Compra generada por invitación a compra ágil: 2324-421-COT26,6
2324-644-AG26, ADQUISICION DE MARCOS DE DIPLOMAS CON GRABADO DE LOGOS MUNICIPALES/ DIDECO - DEPTO. ADMINISTRATIVO.Orden de Compra generada por invitación a compra ágil: 2324-432-COT26,4
2328-455-CM26,"ADQUISICION DE SILLAS Y MESAS ESCOLARES NORMADAS, PARA LA ESCUELA NUEVA ALERCE, FONDOS FAEP 2024, FICHA N° 23184, Orden de Compra: 2328-455-CM26",6
2328-457-CM26,ADQUISICION DE EQUIPAMIENTO LABORATORIO DE COMPUTACION COLEGIO LOS ALERCES. FICHA 23225,12
2328-478-AG26,Orden de Compra generada por invitación a compra ágil: 2328-347-COT26 ESCUELA MIRASOL FICHA 23253 PROGRAMA DIGITAL SIMCE,6
2328-479-AG26,Orden de Compra generada por invitación a compra ágil: 2328-348-COT26 LICEO ANDRES BELLO FICHA 23343 DESFRIBRILADOR EXTERNO AUTOMATICO,6
2328-482-CM26,ADQUISICION DE VALES DE GAS ESCUELA MIRAMAR. FICHA 23495,6
2328-483-CM26,GAS A GRANEL LICEO ISIDORA ZEGERS. FICHA 23510,12
2328-496-CM26,INSUMOS ALIMENTICIOS TALLER GASTRONOMIA LICEO COMERCIAL MIRAMAR.FICHA 23306,6
2328-500-AG26,Orden de Compra generada por invitación a compra ágil: 2328-398-COT26 LIOCEO ANDRES BELLO - SALIDA PEDAGOGICA COSTANERA F 23308 ,4
2328-501-AG26,Orden de Compra generada por invitación a compra ágil: 2328-401-COT26 COLEGIO DARIO SALAS - SALIDA PEDAGOGICA PARQUE ANDINO F 23348 ,4
2328-502-AG26,ADQUISICION DE PROYECTORES ESCUELA ANAHUAC. FICHA 23329,4
2328-503-AG26,Orden de Compra generada por invitación a compra ágil: 2328-402-COT26 ESCUELA ARTURO PRAT - SALIDA PEDAGOGICA MONTE VERDE F 23127 ,4
2328-504-AG26,Orden de Compra generada por invitación a compra ágil: 2328-403-COT26 LICEO POLITECNICO MIRASOL - SALIDA PEDAGOGICA F 23482 ,4
2328-505-CM26,CP215-22-06-001/SP01-05-002 Unidad de Obras Menores Ficha 23167 – Servicio de reparaciones sanitarias para Escuela Nueva Alerce,4
2332-1131-SE25,INSUMOS TOMA DE MUESTRAS S-6174,12
2332-144-AG26,SERVICIO DE MONTAJE DE LENTES ÓPTICOS DIOPTRÍAS HASTA 6/4 S-6708,12
2332-155-SE24,INSUMO TOMA MUESTRA GENERAL( ENTREGA PARCIALIZADA),12
2332-353-AG25,ADQUISICIÓN INSUMOS MEDIOS DE CULTIVO MICROBIOLOGÍA PARA EL DEPARTAMENTO DE SALUD MUNICIPAL DE PUERTO MONTT S-5166,12
2332-417-AG25,ADQUISICION DE INSUMOS INMUNOHEMATOLOGIA S-5281,12
2332-491-SE26,INSUMOS TOMA DE MUESTRAS (ENTREGA PARCIALIZADA) S-7148,12
2332-540-TD26,Orden de Compra generada por Trato Directo ID 2332-36-FTD26,12
2332-554-CM26,7222 ADQUISICION DE GAS A GRANEL PARA CALEFACCION DE LOS DIFERENTES ESTABLECIMIENTOS DE SALUD,6
2332-564-SE26,ARRIENDO DE VEHICULOS SIN CONDUCTOR DESAM  S-7208,4
2332-565-SE26,ARRIENDO DE VEHICULO SIN CONDUCTOR PARA DESAM  S-7209,4
2332-567-SE26,ARRIENDO VEHICULO SIN CONDUCTOR PARA PROGRAMA MAS AMA  S-7185,4
2333-277-AG26,MATERIAL DE FERRETERIA,12
2333-284-AG26,EQUIPOS PARA KINESIOLOGIA,12
2333-305-AG26,ARTICULOS ORTOPEDICOS,4
2333-306-AG26,SERVICIO DE COFFE,4
2335-334-AG26,CAJAS APILABLES OP.196/197 ID 2335-126-COT26,4
2337-40-SE26,MEDICAMENTOS DESDE 2337-60-LR25,6
2337-41-SE26,MEDICAMENTOS DESDE 2337-60-LR25,6
2337-43-SE26,MEDICAMENTOS DESDE 2337-60-LR25,6
2337-44-SE26,MEDICAMENTOS DESDE 2337-60-LR25,6
2337-45-SE26,MEDICAMENTOS DESDE 2337-60-LR25,6
2341-199-AG26,Orden de Compra generada por invitación a compra ágil: 2341-173-COT26,6
2345-209-CM26,ADQUISICIÓN DE CONOS VIALES LIVIANOS  2345-209-CM26,6
2345-211-AG26,SERVICIO DE ADMINISTRACION DE VACUNA INFLUENZA: 2345-93-COT26,6
2348-220-AG26,Orden de Compra generada por invitación a compra ágil: 2348-23-COT26,6
2354-161-SE26,PREMIOS A ORGANIZACIONES FUNCIONALES Y TERRITORIALES,6
2354-163-SE26,APOYO EN TACOS DE LEÑA,4
2358-113-AG26,?SC 15 -DSP-PROG. PREV. VIOLENCIA-ADQUISICIÓN DE PRODUCTOS DE LIBRERIA- compra ágil: 2358-147-COT26,6
2358-116-AG26, ?SC 24 -DSP-PROG. CDM-ADQUISICIÓN DE PRODUCTOS DE ASEO -compra ágil: 2358-154-COT26,4
2358-117-AG26, ?SC 29-DOL-ADQUISICIÓN DE 2 ESCALERAS TIPO TIJERA DE 5 PELDAÑOS Y 7 PELDAÑOS- compra ágil: 2358-139-COT26,4
2358-125-AG26,?SC 25 DSP-CDM-ADQUISICIÓN DE ALIMENTOS VARIOS  -compra ágil: 2358-164-COT26,4
2358-126-AG26,?SC 108 DIDECO-PROEMPLEO- ADQUISICIÓN DE PRODUCTOS DE OFICINA VARIOS- compra ágil: 2358-162-COT26,4
2358-127-AG26, ?SC 16 DSP-CASA VAIS-ADQUISICIÓN DE INSTRUMENTOS MEDICIÓN MEDICA- compra ágil: 2358-165-COT26,4
2358-128-AG26, ?SC 20 -DSP-PROG. CDM-ADQUISICIÓN DE TONERS - compra ágil: 2358-151-COT26,4
2358-132-AG26,©sc 20 Dol- Ampolletas GU10 de luz Neutra,6
2358-91-AG26,"S/C N° 90 DEL 14-04-2026, COMPRA DE ALIMENTOS, DEPTO. DE LA FAMILIA; compra ágil: 2358-116-COT26",12
2360-281-AG26,ADQUISICION DE PECHERAS DESECHABLES CON OJAL PARA DROGUERIA COMUNAL: 2360-123-COT26,6
2363-29-SE26,SERVICIO DE ASEO - LIMPIEZA Y DESTNFECCIÓN,12
2366-637-AG21,SERVICIO DE MANTENIMIENTO DE AUTOCLAVES M.210 OPERACIONES Y LOGÍSTICA,9
2371-114-AG26," SP-205 EXP. 5236 compra ágil: 2371-133-COT26, PINTURA Y MATERIALES PARA PINTAR. SOMOS BARRIOS.",6
2371-149-AG26,"SP-221 EXP. 6665  compra ágil: 2371-171-COT26, materiales e insumos para mantención de plazas",6
2376-335-AG26,ADQUISICION DE MATERIALES DE OFICINA.Orden de Compra generada por invitación a compra ágil: 2376-294-COT26,6
2376-336-AG26,ADQUISICION DE MATERIALES DE OFICINA.Orden de Compra generada por invitación a compra ágil: 2376-293-COT26,6
2376-349-AG26,ADQUISICION DE DECAPANTE Y CERAS. Orden de Compra generada por invitación a compra ágil: 2376-298-COT26,6
2376-351-AG26,ADQUISICION DE MATERIALES DE ASEO. Orden de Compra generada por invitación a compra ágil: 2376-300-COT26,6
2376-352-AG26,Adquisición De Sobres Americanos Con Ventanilla Orden de Compra generada por invitación a compra ágil: 2376-307-COT26,4
2376-353-AG26,ADQUISICION DE MATERIALES DE OFICINA. Orden de Compra generada por invitación a compra ágil: 2376-305-COT26,4
2378-113-SE25,ORDEN DE COMPRA DESDE 2378-68-LP25,12
2378-150-AG26,Orden de Compra generada por invitación a compra ágil: 2378-51-COT26,6
2380-864-AG26,ADQUISICIÓN DE VESTUARIO PERSONAL DE CULTURA CON LOGOS BORDADOS - ADMINISTRACIÓN MUNICIPAL - OS 152237 - G.A.C,6
2380-867-AG26,ADQUISICIÓN DE REPUESTO PARA VEHÍCULO (KIT EXTRACTOR + POLEA) - DOPER - OS 150370 - G.A.C,6
2380-890-SE26,"ADQUISICION DE EQUIPAMIENTO PARA FAMILIAS BENEFICIARIAS DEL PROGRAMA HABITABILIDAD 2024,DIRECCION DE DESARROLLO COMUNITARIO. ORDEN DE COMPRA DE LICITACION PRIVADA 2380-24-CO26",6
2381-238-CM26,ADQUISICION INSUMOS DE ASEO PARA STOCK BODEGA ABRIL-JUNIO,12
2381-335-AG26, ADQUISICION COMPRESERO PARA EL CISPEM,12
2381-343-AG26, ADQUISICION INSUMOS PARA PLANTA DE OSMOSIS Y ABLANDADOR DE LAS UNIDADES DE ESTERILIZACIÓN,12
2381-374-CM26,ADQUISICION INSUMOS PARA EL CASIA,12
2381-401-AG26,ADQUISICION MATERIALES PARA EL CENTRO GRAFICO MUNICIPAL CORRESPONDIENTES AL PRIMER SEMESTRE ,12
2381-519-AG26, ADQUISICION INSUMOS PARA LAS SALAS DE LACTANCIA DE LOS CESFAM,12
2385-344-AG26,BOLSAS REUTILIZABLES M-215 a compra ágil: 2385-234-COT26,4
2389-281-AG26,Orden de Compra generada por invitación a compra ágil: 2389-239-COT26,4
2393-601-AG26,Orden de Compra generada por invitación a compra ágil: 2393-658-COT26,6
2395-232-CM26,Orden de Compra: 2395-232-CM26,6
2395-410-AG26,"Adq. Torulas , Orden de Compra generada por invitación a compra ágil: 2395-402-COT26",6
2395-412-AG26,"Adq. Pinceles de aplicación, Orden de Compra generada por invitación a compra ágil: 2395-399-COT26",6
2395-416-AG26,"Adq. Puntas de Scaler, Orden de Compra generada por invitación a compra ágil: 2395-400-COT26",6
2395-429-AG26,Adq. Eyectores. Orden de Compra generada por invitación a compra ágil: 2395-421-COT26,6
2401-363-SE26,ADQ. DE EQUIPAMIENTO REPOSICIÓN OCTAVA COMPANIA  - SECPLAC,6
2401-476-SE26,"PROVISIÓN, RETIRO E INSTALACIÓN CIERRE PERIMETRAL- DIDECO",6
2401-481-AG26,PAÑALES DE ADULTO-DIDECO,6
2402-99-SE26,AD.DE TARJ.GIFT CARD PARA SOCIOS DE BIENESTAR 2026 ,4
2403-210-TD26,Orden de Compra generada por Trato Directo ID 2403-13-FTD26,6
2403-222-AG26,Adquisición de 1.296 sacos de cemento compra ágil: 2403-378-COT26,6
2404-614-AG26,FONDO EXTERNO NP N°104 ADQ.DE PENDÓN DIDECO-PROGRAMA 4 A 7 COLEGIO CENTENARIO Orden de Compra generada por invitación a compra ágil: 2404-284-COT26,4
2404-615-AG26,PAC N°15-043-2026 ADQ. SERVICIO DE REPARACIÓN DE FILTRACIONES DE TECHO Y CANALETAS DEL EDIFICIO CONSISTORIAL TORRE MAR Y CERRO. DIRECCIÓN DE OPERACIONES Orden de Compra generada por invitación a compra ágil: 2404-255-COT26,4
2404-616-SE26,PAC N°55 NP24 ADQ MATERIALES DE OFICINA.OPERACIONE,4
2408-391-AG26,Orden de Compra generada por invitación a compra ágil: 2408-97-COT26,6
2409-389-AG26,ADQUISICION DE MATERIALES Y UTILES DE ASEO PARA ESCUELA G-911 LA LEYENDA,6
2409-390-AG26,ADQUISICION DE UTILES DE ASEO PARA LA ESCUELA G-1009 EL NOGAL,6
2409-402-AG26,ADQUISICIÓN DE TONER PARA FOTOCOPIADORA DE ESCUELA F-887 ISLA DEL LAJA.,6
2410-97-CM26,ABR -26- Adquisición  de bobinas de esterilización con entrega parcializada 2410-97-CM26,4
2415-120-AG26,SMART TV PARA SALA DE CONCEJALES. Compra ágil: 2415-86-COT26,12
2415-123-AG26,ACCESORIOS Y PRENDAS DIVERSAS. Compra ágil: 2415-77-COT26,6
2415-134-AG26,"Orden de Compra generada por invitación a compra ágil: 2415-107-COT26, PUBLICACIÓN DE DIARIO IMPRESO - MEMO N°42-A (RR. PP. Y PRENSA)",12
2421-456-AG26,VESTIMENTA DE SEGURIDAD DROGUERÍA D.A.S. CONCEPCIÓN,12
2421-514-SE26,BUPRENORFINA 35mcg/hr PARCHES /CESFAM SANTA SABINA CPU,12
2421-551-SE26,ARTICULOS ASEO CESFAM TUCAPEL PAPELERIA (MAYO 2026),6
2421-552-SE26,ARTICULOS ASEO P. DE VALDIVIA PAPELERIA (MAYO 2026),6
2421-553-SE26,ARTICULOS ASEO J. SOTO FERNANDEZ PAPELERIA (MAYO 2026),6
2421-554-SE26,ARTICULOS ASEO C. DE REFERENCIA PAPELERIA (MAYO 2026),6
2421-555-SE26,ARTICULOS ASEO LZO. ARENAS PAPELERIA (MAYO 2026),6
2421-556-SE26,ARTICULOS ASEO O'HIGGINS PAPELERIA (MAYO 2026),6
2421-557-SE26,ARTICULOS ASEO STA. SABINA PAPELERIA (MAYO 2026),6
2421-558-SE26,ARTICULOS ASEO ADM. CENTRAL PAPELERIA (MAYO 2026),6
2421-559-AG26,SERVICIO DE ABASTECIMIENTO DE COMBUSTIBLE TIPO DIÉSEL.,4
2421-560-SE26,ARTICULOS ASEO SAR TUCAPEL PAPELERIA (MAYO 2026),6
2422-356-CM26,Orden de Compra: 2422-356-CM26,4
2422-371-SE26,ORDEN DE COMPRA DESDE 2422-82-L126,6
2422-376-CM26,   solicitud   945367  Orden de Compra: 2422-376-CM26,4
2422-378-AG26,Orden de Compra generada por invitación a compra ágil: 2422-255-COT26,5
2422-379-AG26,Orden de Compra generada por invitación a compra ágil: 2422-253-COT26,6
2424-590-AG26,PED.37/1418: 2424-754-COT26-MAQUINA SOLDADORA Y GENERADOR-SRR,6
2424-595-CM26,GAS GRANEL/ PED. 45/1982 (KMGA) Orden de Compra: 2424-595-CM26,6
2424-640-AG26,KIT ARTICULOS DE SONIDO /PED62-1958/VDV/compra ágil: 2424-830-COT26,4
2427-405-AG26, Adquisición de sillas DIDECO - DDPS -SES - RSH.,6
2427-421-AG26, Adquisición de artículos de cafetería DDEYCI,6
2427-422-AG26,SERVICIO DE CATERING-DESARROLLO ECONOMICO Y COOPERACIÓN INTERNACIONAL,4
2427-423-AG26,PUBLICACIÓN DE EXTRACTOS EN DIARIO DE MAYOR CIRCULACIÓN-SECRETARIA MUNICIPAL ,4
2429-103-AG26,Orden de Compra generada por invitación a compra ágil: 2429-39-COT26,12
2429-199-AG26,Orden de Compra generada por invitación a compra ágil: 2429-168-COT26,12
2429-204-AG26,Orden de Compra generada por invitación a compra ágil: 2429-172-COT26,12
2429-212-AG26,Orden de Compra generada por invitación a compra ágil: 2429-150-COT26,12
2429-255-AG26,Orden de Compra generada por invitación a compra ágil: 2429-197-COT26,12
2429-2642-SE25,ORDEN DE COMPRA DESDE 2429-17-LP25,6
2429-419-AG26,Orden de Compra generada por invitación a compra ágil: 2429-314-COT26,12
2429-489-SE26,SERV.ARRIENDO DE EQUIPOS IMPRESION OFIMUNDO MAR   ,6
2429-519-SE26,ORDEN DE COMPRA DESDE 2429-15-LP25 MAYO 2026,4
2429-520-AG26,Orden de Compra generada por invitación a compra ágil: 2429-382-COT26,4
2429-81-AG26,Orden de Compra generada por invitación a compra ágil: 2429-24-COT26,12
2432-304-AG26," SOL320-ADMINISTRACION Y FINANZAS-BAÑOS QUIMICOS, Orden de Compra generada por invitación a compra ágil: 2432-339-COT26",6
2436-545-AG26,"ADQUISICION DE UTILES DE ASEO NECESARIOS PARA BAÑOS PUBLICOS,Orden de Compra generada por invitación a compra ágil: 2436-586-COT26",6
2440-473-AG26,Orden de Compra generada por invitación a compra ágil: 2440-492-COT26,6
2440-477-AG26,Orden de Compra generada por invitación a compra ágil: 2440-464-COT26,6
2440-500-AG26, Radio comunicador para Colegio Deportivo Luis Cruz Martínez de Curicó: 2440-482-COT26,6
2440-518-AG26, Tintas para Escuela El Maitén de Curicó: 2440-505-COT26,6
2440-532-AG26, Impresora Multifuncional para Escuela Palestina de Curicó: 2440-555-COT26,4
2440-535-AG26, Materiales escolares para Escuela El Maitén de Curicó: 2440-516-COT26,4
2440-538-AG26, Artículos escolares para Colegio Uruguay de Curicó: 2440-518-COT26,4
2440-539-AG26, Artículos escolares para Escuela El Maitén de Curicó: 2440-527-COT26,4
2440-540-AG26, Libros Piensa para Colegio Deportivo Luis Cruz Martínez de Curicó: 2440-502-COT26,4
2440-545-AG26, Materiales para talleres de Escuela El Maitén de Curicó: 2440-525-COT26,4
2440-546-AG26,91917-91920    MATERIALES DE LIBRERÍA ESCUELA ITALIA DE CURICÓ  por invitación a compra ágil: 2440-526-COT26,4
2440-548-AG26, Material sensorial para Escuela El Maitén de Curicó: 2440-520-COT26,4
2440-549-AG26, Materiales de aseo para Colegio San Antonio de Curicó: 2440-530-COT26,4
2440-554-AG26,Instalación de servicio de internet dedicado para Colegio Deportivo Luis Cruz Martínez de Curicó.: 2440-553-COT26,4
2440-571-AG26, Artículos escolares para Escuela Maitén de Curicó: 2440-536-COT26,6
2440-582-AG26,91911  MATERIALES DE LIBRERÍA ESCUELA ITALIA DE CURICÓ     por invitación a compra ágil: 2440-585-COT26,6
2440-583-AG26, Insumos de informática para Colegio San Antonio de Curicó: 2440-559-COT26,6
2440-589-AG26, Artículos escolares para Colegio Uruguay de Curicó: 2440-560-COT26,4
2440-595-AG26,92559 MATERIALES DE GAFITERÍA ESCUELA CATALUÑA DE CURICÓ     generada por invitación a compra ágil: 2440-572-COT26,4
2440-596-AG26, Insumos de informática para Colegio Uruguay de Curicó: 2440-575-COT26,4
2440-597-AG26, Colaciones para Colegio El Boldo de Curicó: 2440-589-COT26,4
2440-598-AG26,92232  LIBROS DE LECTURA COLEGIO POLIVALENTE JAPÓN DE CURICÓ    por invitación a compra ágil: 2440-459-COT26,4
2440-599-AG26, Insumos para talleres en Colegio El Boldo de Curicó: 2440-586-COT26,4
2440-600-AG26, Mantención tabiquería de Escuela Palestina de Curicó: 2440-558-COT26,4
2440-602-AG26, Material didáctico para Escuela Estados Unidos de Curicó: 2440-563-COT26,4
2440-606-AG26,92652  UTILES DE ASEO COLEGIO ALESSANDRI DE CURICÓ  por invitación a compra ágil: 2440-599-COT26,6
2440-607-AG26, Libros de lectura para Colegio Uruguay de Curicó: 2440-564-COT26,4
2440-608-AG26, Pliegos de cartulina para Escuela El Maitén de Curicó: 2440-600-COT26,4
2445-1925-SE26,ORDEN DE COMPRA DESDE 2445-43-L126,6
2446-541-AG26,Orden de Compra generada por invitación a compra ágil: 2446-450-COT26,6
2446-551-SE26,ORDEN DE COMPRA DESDE 2446-72-LE26,4
2450-549-AG26,Orden de Compra generada por invitación a compra ágil: 2450-458-COT26,6
2450-558-SE26,CAMBIO DE ITINERARIO SEGÚN VUELO 0452286470111,4
2453-317-TD26,Orden de Compra generada por Trato Directo ID 2453-143-FTD26,6
2453-335-AG26,PM-354 O/C N°354 (ORG COMUNITARIAS) COMPRA DE JUEGOS PARA MEJORAMIENTO DE PLATABANDA ,6
2453-347-AG26,"PM N°399 OC N°399 DEPTO. HIGIENE AMBIENTAL (COMPRA DE RODENTICIDA EN PRESENTACION BLOQUES PARAFINADOS, SEGUN ESPECIFICACIONES EN ARCHIVO ADJUNTO)",6
2453-355-AG26,"PM N°379 OC N°379 TRANSITO (CINTAS DE ENMASCARAR 48 CMS DE ANCHO, SEGUN ESPECIFICACIONES EN ARCHIVO ADJUNTO)",6
2458-107-AG26,A-109 REPTOS MANTENCION  MOVIL-54,12
2458-109-AG26,A-112 REPTOS MANTENCION  stock,12
2458-111-AG26,COMPRA AMORTIGUADOR (SBC 548),12
2458-115-AG26,KIT EMBRAGUE HYUNDAI (SBC 552),12
2460-240-SE26,Adquisición de elementos de protección personal,12
2460-259-SE26,Adquisición de Ropa de trabajo para funcionarios de DAF,12
2460-377-AG26,Servicio de Arriendo de Carpa y sillas ,12
2460-426-AG26,"Provisión e instalación de motor para portón, Dirección de Fiscalización",6
2460-430-AG26,"ADQUISICIÓN DE 3 HERVIDORES ELECTRICOS DE 2 LITROS, ACERO INOXIDABLE ",4
2460-431-AG26,Adquisición de Bolsas alta resistencia,4
2462-81-AG26,Orden de Compra generada por invitación a compra ágil: 2462-69-COT26,12
2464-556-AG26,OP. 5074 TRANSFORMANDO BARRIOS - compra ágil: 2464-695-COT26,12
2464-595-AG26,OC 563 AUTOCONSUMO a compra ágil: 2464-732-COT26,6
2464-612-AG26,NEUMÁTICOS- MOVIL 15- ING- MOVILIZACIÓN- a compra ágil: 2464-694-COT26,6
2464-615-AG26,SERVICIO AMPLIFICACIÓN- OP 33 Y 34- EVENTOS Y PROTOCOLO-  a compra ágil: 2464-765-COT26,4
2466-23-AG26,Orden de Compra generada por invitación a compra ágil: 2466-23-COT26,4
2467-461-SE26,ONTRATO DE SUMINISTRO GENERAL DE ÁRIDOS,6
2467-462-AG26,Orden de Compra generada por invitación a compra ágil: 2467-196-COT26 ETRERO  MUSEO CIENCIAS NATURALES-CULTURA,6
2467-486-AG26,Orden de Compra generada por invitación a compra ágil: 2467-189-COT26,6
2467-507-CM26,Orden de Compra: 2467-507-CM26,4
2467-519-SE26,ORDEN DE COMPRA DESDE 2467-249-LE25,4
2484-126-AG26,Orden de Compra generada por invitación a compra ágil: 2484-70-COT26,4
2484-132-AG26,Orden de Compra generada por invitación a compra ágil: 2484-80-COT26,6
2484-147-SE26,Mant. correctiva ASC N°1 y 2 Ces. Marta Ugarte,6
2490-241-SE25,ORDEN DE COMPRA DESDE 2490-40-LR25,12
2500-76-SE26,ADBLUE PARA VEHICULOS,4
2502-64-AG26,Orden de Compra generada por invitación a compra ágil: 2502-39-COT26,4
2546-510-CM26,Pasajes aereos Tco/Stgo/Tco 2 Concejales,6
2547-112-AG26," Conservación cubierta, escuela Truf Truf, comuna de Padre Las Casas (FDOS. MANTENIMIENTO)",6
2547-120-SE26,"SERVICIOS DE SANITIZACIÓN PARA JARDINES MANITOS PINTADAS, WE NEWEN Y DESRATIZACIÓN PARA 18 JARDINES INFANTILES VTF JUNJI (FDOS JUNJI)",4
2547-121-SE26,"SERVICIOS DE DESRATIZACIÓN PARA 13 ESTABLECIMIENTOS EDUCACIONALES, DEPENDENCIAS DAEM Y CONTROL DE VESPULAS PARA ESCUELA COLPANAO(FDOS EDUCACION)",4
2548-253-SE26,ADQUISICIÓN DE DISPOSITIVOS DE INHALACIÓN Y FÁRMACOS DE USO COMÚN PARA FARMACIA COMUNAL DE PADRE LAS CASAS 2548-24-L126,6
2548-262-AG26,ADQUISICION DE SOAP PERIODO 2026-2027 PARA VEHICULO PERTENECIENTE AL DEPARTAMENTO DE SALUD DE PADRE LAS CASAS 2548-96-COT26,4
2560-46-SE26,modificación de contrato LIC ID 2560-21-LR25,12
2560-53-SE25,ORDEN DE COMPRA DESDE 2560-21-LR25,12
2561-136-SE26, SERVICIO PLATAFORMA DE GESTIÓN DE RR.HH PARA PROCESOS DE RECLUTAMIENTO Y SELECCIÓN DE LA ESCUELA DE GENDARMERIA DE CHILE. DESDE 01/04/2026 HASTA 31/12/2026.  DESDE LICITACIÓN Nº 2561-3-LE26,6
2565-245-AG26,Orden de Compra generada por invitación a compra ágil: 2565-155-COT26,12
2568-106-AG26,Orden de Compra generada por invitación a compra ágil: 2568-29-COT26,12
2583-346-SE26,"ORDEN DE COMPRA DESDE 2583-3-L126/SE SOLICITA ELEMENTOS DE PROTECCION PERSONAL/ PROGRAMA COMUNITARIO N°2, COMPONENTE 5 PROCESOS APS/DISAM/SP44889/AMS",6
2583-348-SE26,"ORDEN DE COMPRA DESDE 2583-3-L126/SE SOLICITA ELEMENTOS DE PROTECCION PERSONAL/ PROGRAMA COMUNITARIO N°2, COMPONENTE 5 PROCESOS APS/DISAM/SP44889/AMS",5
2583-349-SE26,"ORDEN DE COMPRA DESDE 2583-3-L126/SE SOLICITA ELEMENTOS DE PROTECCION PERSONAL/ PROGRAMA COMUNITARIO N°2, COMPONENTE 5 PROCESOS APS/DISAM/SP44889/AMS",6
2583-350-AG26,"Orden de Compra generada por invitación a compra ágil: 2583-297-COT26  S / P 184 ADQUISICION DE PRODUCTOS DE CARDIOPROTECCION, INSUMOS MEDICOS, EQUIPAMIENTO MEDICO MOVIL  / DIDECO -PROGRAMA COMUNITARIO AÑO 2026 DEP. DE INCLUSION E INTERCULTURALIDAD / SBN ",6
2583-356-AG26,"SOPE 208/ADQUISICIÓN DE FERTILIZANTES, INSECTICIDAS Y FUNGICIDAS./INSPECCIÓN MUNICIPAL/CFM/Orden de Compra generada por invitación a compra ágil: 2583-350-COT26",4
2585-379-AG26,"ADQ. MAT. ASEO DEPTO. EMERG. Y PROT. CIVIL. ORD N°372, DIDECO, IMA, CRC. Orden de Compra generada por invitación a compra ágil: 2585-375-COT26 Orden de Compra generada por invitación a compra ágil: 2585-375-COT26",6
2585-392-AG26,"ADQ DE ALIMENTOS ,DIDECO,ORD N1693,DEPTO DE ASESORIA TECNICA,REC,IMA, Orden de Compra generada por invitación a compra ágil: 2585-386-COT26",6
2585-404-AG26,"SERVICIO PRODUCCION DE EVENTOS, DIDECO, ORD N° 1949/2026, LSV, IMA, compra ágil: 2585-436-COT26",6
2585-413-SE26,"ORD N°1797, CONVENIO SUMINISTRO PIEZAS PREFAB., PE",6
2585-415-AG26,"CONTRATACIÓN SERVICIO DE COCTEL, ORD N°1869, OF DERECHOS HUMANOS, DIDECO, CBA, IMA",4
2585-423-AG26,"ADQ.ARTICULOS DE ASEO PERSONA ORD. 1199/2026, NOCHE DIGNA COMP. N°2, DIDECO, NNR1, IMA Orden de Compra generada por invitación a compra ágil: 2585-429-COT26",4
2594-324-AG26,MOTOBOMBAS A GASOLINA DIMAO. Orden de Compra generada por invitación a compra ágil: 2594-187-COT26,12
2594-420-AG26,MOBILIARIO VINCULOS. Orden de Compra generada por invitación a compra ágil: 2594-308-COT26,6
2594-422-AG26,ELECTRODOMESTICOS ESTADIO VISTA AL MAR. Orden de Compra generada por invitación a compra ágil: 2594-303-COT26,6
2594-425-TD26,Orden de Compra generada por Trato Directo ID 2594-119-FTD26,4
2595-193-AG26,Orden de Compra generada por invitación a compra ágil: 2595-165-COT26,6
2595-200-SE26,ORDEN DE COMPRA DESDE 2595-35-LE26,6
2615-2-AG26,SERVICIO DE ASEO,12
2618-3-AG26,Orden de Compra generada por invitación a compra ágil: 2618-3-COT26,6
2626-273-AG26,Orden de Compra generada por invitación a compra ágil: 2626-209-COT26/GALVANOS LA BUFANDA MAS LARGA,6
2626-274-AG26,"Orden de Compra generada por invitación a compra ágil: (2626-214-COT26,  MATERIALES Y ÚTILES DE ASEO - OFICINA DE LA DISCAPACIDAD E INCLUSIÓN)",6
2626-275-TD26,Orden de Compra generada por Trato Directo ID 2626-56-FTD26,6
2628-129-AG26,Orden de Compra generada por invitación a compra ágil: 2628-163-COT26,6
2656-591-AG26,Orden de Compra generada por invitación a compra ágil: 2656-463-COT26,6
2656-592-SE26,ORDEN DE COMPRA DESDE 2656-23-LE26,6
2656-593-AG26,Orden de Compra generada por invitación a compra ágil: 2656-495-COT26,6
2656-594-AG26,Orden de Compra generada por invitación a compra ágil: 2656-479-COT26,6
2656-595-AG26,Orden de Compra generada por invitación a compra ágil: 2656-476-COT26,6
2656-596-AG26,Orden de Compra generada por invitación a compra ágil: 2656-459-COT26,6
2656-600-AG26,Orden de Compra generada por invitación a compra ágil: 2656-466-COT26,6
2663-183-CM26,Orden de Compra: 2663-183-CM26,12
2663-192-AG26,Orden de Compra generada por invitación a compra ágil: 2663-120-COT26,12
2663-193-AG26,Orden de Compra generada por invitación a compra ágil: 2663-121-COT26,12
2663-195-SE26,Contrato materiales de ferreteria y construcción,12
2663-197-SE26,Contrato de suministro materiales de ferretería y ,12
2663-198-SE26,Contrato materiales de ferreteria,12
2663-199-SE26,Contrato materiales de ferreteria,12
2663-202-SE26,Contrato materiales de oficina y libreria,12
2663-206-CM26,Orden de Compra: 2663-206-CM26,12
2663-213-SE26,Contrato materiales de oficina,12
2663-215-SE26,Contrato materiales de ferreteria y construcción,12
2663-223-AG26,Orden de Compra generada por invitación a compra ágil: 2663-130-COT26,12
2663-224-AG26,Orden de Compra generada por invitación a compra ágil: 2663-135-COT26,12
2663-232-SE26,Contrato materiales de ferreteria,12
2663-233-SE26,Contrato de materiales de oficina y libreria,12
2663-238-AG26,Orden de Compra generada por invitación a compra ágil: 2663-145-COT26,12
2663-274-SE26,Contrato servicio de limpieza de baños quimicos,4
2664-343-SE26,INSUMOS DENTALES N°2703-2026 DESDE 2664-13-LE26-JSV,5
2664-373-SE26, LENTES OPTICOS DESDE LIC. 2664-6-LP26 O. Popular,6
2664-377-SE26,INSUMOS CURACIÓN AVANZADA DROGUERIA 1203-2026 DESDE 2664-14-LE26-jsv 2664-14-LE26,6
2664-378-SE26,INSUMOS CURACIÓN AVANZADA DROGUERIA 1203-2026 DESDE 2664-14-LE26-jsv ,6
2664-380-SE26,INSUMOS CURACIÓN AVANZADA DROGUERIA 1203-2026 DESDE 2664-14-LE26-jsv,6
2664-381-SE26,INSUMOS CURACIÓN AVANZADA DROGUERIA 1203-2026 DESDE 2664-14-LE26-jsv,6
2664-382-SE26,INSUMOS CURACIÓN AVANZADA DROGUERIA 1203-2026 DESDE 2664-14-LE26-jsv,6
2665-180-AG26,"Adquisicion de instrumentos musicales para talleres liceo CEBAT, escuela Arturo Prat y escuela Lloicura",6
2665-181-CM26,"Adquisición de Contenedores de basura para la Escuela Punta de Parra, Tomé. Orden de Compra: 2665-181-CM26",4
2665-182-AG26,Adquisicion de textos Caligrafix para escuela Bellavista,4
2665-183-AG26,Adquisicion de mobiliario para escuela Carlos Mahns y liceo Comercial,4
2676-289-AG26,PLACA PATENTE PARA CARRO DE ARRASTRE,6
2676-292-AG26,"3 ESCANER, DOM, MEMO 491, ENTREGAR EN 2DO PISO MUNICIPIO, C.ÁGIL2676-318-COT26, VFV",6
2676-293-AG26,"ALIMENTOS ART. DE COCINA, CEDIAM, MEM626, CPLA, 2676-321-COT26",4
2677-103-AG26,INSUMOS DE LABORATORIO,12
2686-278-AG26,ADQUISICIÓN DE MATERIALES DE OFICINA compra ágil: 2686-176-COT26,6
2687-78-AG25,SERVICIO DE INTERNET FIBRA SIMETRICA PARA SALAS CUNAS ADMINISTRATADAS POR EL DAEM DE ALGARROBO,12
2701-292-AG26,"Bolsas papel kraft Dimao, Orden de Compra generada por invitación a compra ágil: 2701-283-COT26",6
2701-295-AG26,ADQUISICION DE MATERIALES DE FERRETERIA a compra ágil: 2701-286-COT26_SOLICITADO POR POLIDEPORTIVO,6
2702-232-SE26,ORDEN DE COMPRA DESDE 2702-70-LR24,4
2702-233-SE26,ORDEN DE COMPRA DESDE 2702-7-LQ25,4
2703-167-AG26,"SC 11827 Motor nuevo Hyundai modelo: New H1 GL 2,5 año 2012. Unidad de movilización. Orden de Compra generada por invitación a compra ágil: 2703-40-COT26",12
2703-226-AG26,SC 11833 Reparación móvil marca Hyundai H-1 AÑO 2012. Unidad de movilización. Orden de Compra generada por invitación a compra ágil: 2703-55-COT26,12
2703-266-SE26,SC 12197  Impresora térmica.Farmacia. ORDEN DE COMPRA DESDE 2703-37-L126,6
2703-309-AG26,"SC 11834 4 Inyectores marca Hyundai modelo New H1 GL 2,5 año 2012. Unidad de movilización. Orden de Compra generada por invitación a compra ágil: 2703-74-COT26",12
2703-310-AG26,"SC 11835 Compra de 1 Enfriador de aire móvil marca Hyundai modelo New H1 GL 2,5 año 2012. Unidad de movilización. Orden de Compra generada por invitación a compra ágil: 2703-75-COT26",12
2704-928-SE26,COMPRA DE PASAJES INTERNACIONALES (S/C 2918),6
2705-490-AG26,Orden de Compra generada por invitación a compra ágil: 2705-442-COT26,6
2705-609-AG26,Orden de Compra generada por invitación a compra ágil: 2705-554-COT26,6
2705-635-SE26,ORDEN DE COMPRA DESDE 2705-28-LE26,4
2705-644-CM26,Orden de Compra: 2705-644-CM26,6
2705-655-AG26,Orden de Compra generada por invitación a compra ágil: 2705-652-COT26,6
2705-657-AG26,Orden de Compra generada por invitación a compra ágil: 2705-600-COT26,5
2705-668-AG26,Orden de Compra generada por invitación a compra ágil: 2705-530-COT26,4
2711-120-AG26,ECA 721 FGENERAL INTERNET,6
2713-532-SE26,"SECMUN, ADQUISICION CALZADO CONCEJALES, SOLICITUD FOLIO 450, LICITACION 2713-76-L126",6
2713-541-AG26,FOLIO 553 DIDECO MATERIALES PARA COLACIONES.compra ágil: 2713-556-COT26,6
2713-542-AG26,"DIDECO SOL. 573, Adquisición de cajas organizadoras.Orden de Compra generada por invitación a compra ágil: 2713-580-COT26",4
2719-281-AG26,SERVICIO DE TRASLADO RUTAS PATRIMONIALES,4
2727-328-CM26,INSUMOS DE ASEO CENTROS DE SALUD PRIMARIA,12
2727-355-CM26,INSUMOS DE ENFERMERÍA CENTROS DE SALUD PRIMARIA,6
2735-1276-SE24,SERVICIO ESTERILIZACIÓN A VAPOR Y OXIDO DE ETILENO,12
2735-1552-SE25,ORDEN DE COMPRA DESDE 2735-115-LE25,12
2735-1615-SE24,ORDEN DE COMPRA DESDE 2735-152-LR24,12
2735-534-AG26,"ADQUISICIÓN DE: 40 CAJAS DE AGUJA CORTA DESECHABLE  PARA JERINGA CARPULE, CONO PLÁSTICO UNIVERSAL",6
2735-833-SE25,ORDEN DE COMPRA DESDE 2735-80-LE23,12
2737-277-AG26,Orden de Compra generada por invitación a compra ágil: 2737-241-COT26,6
2745-72-AG26,"WRC Adquisición de insumos y accesorios computacionales paras las dependencias administrativas y educativas del DEM, con cargo a la Subvención SEP Central y Subvención General (PIE).",6
2745-73-AG26,"WRC (626) Adquisición de Tintas y Master para equipo duplicadora, UTP DEM, con cargo a la Subvención SEP Central. ",6
2755-28-SE26,Servicio de telefonia celular Mun de San Antonio 2755-48-LE25,4
2757-204-AG26,Adquisición de neumáticos para vehículo de la red de salud de San Antonio.Orden de Compra generada por invitación a compra ágil: 2757-207-COT26,6
2762-337-AG26,Orden de Compra generada por invitación a compra ágil: 2762-185-COT26,6
2765-209-AG26,"Talonarios de Tránsito, compra ágil: 2765-208-COT26",6
2766-225-SE26,ORDEN DE COMPRA DESDE 2766-38-L126,12
2770-23-TD26,Orden de Compra generada por Trato Directo ID 2770-2-FTD26,12
2771-234-AG26,"SOPI N°310 (ID 317006) ADQ. DE BANDERAS, SOLICITADA POR ADMINISTRACIÓN MUNICIPAL. OC generada por invitación a compra ágil: 2771-201-COT26.",6
2771-253-AG26,SOPI 246 / IDDOC: 313155 / DIDECO / OFICINA DE PERSONAS MAYORES / ARTICULOS PARA TALLERES DE TERAPIA COMPLEMENTARIA / COMPRA ÁGIL: 2771-168-COT26,6
2773-659-SE25,CONTRATACION DE SEGUROS PARA BIENES DE LA DIRECCION DE ADMINISTRACION DE SALUD MUNICIPAL DE CHIGUAYANTE (MONTO AFECTO),12
2773-662-SE25,CONTRATACION DE SEGUROS PARA BIENES DE LA DIRECCION DE ADMINISTRACION DE SALUD MUNICIPAL DE CHIGUAYANTE (MONTO EXENTO),12
2776-307-AG26," S.P. N°174520, DIDECO. COMPRA DE SUPLEMENTO ALIMENTICIO INFANTIL PARA PROGRAMA DE ASISTENCIALIDAD, SEGÚN LO ESTABLECIDO EN LOS TERMINOS DE REQUERIMIENTO ADJUNTOSOrden de Compra generada por invitación a compra ágil: 2776-356-COT26",4
2778-244-CM26,MATERIAL DE ENSEÑANZA COLEGIO LA PAZ,5
2783-415-TD26,Orden de Compra generada por Trato Directo ID 2783-296-FTD26,6
2783-420-TD26,Orden de Compra generada por Trato Directo ID 2783-301-FTD26,6
2783-423-TD26,Orden de Compra generada por Trato Directo ID 2783-302-FTD26,6
2783-424-TD26,Orden de Compra generada por Trato Directo ID 2783-303-FTD26,6
2785-318-AG26,SDA 5899/ ARTICULOS DEPORTIVOS PARA EJECUCION MONITORIAS - a compra ágil: 2785-321-COT26,6
2786-37-SE26,OPI 23691 MANTENCION PREVENTIVA Y CORRECTIVA,6
2790-117-SE26,ORDEN DE COMPRA DESDE 2790-16-LE26,6
2793-413-CM26,Orden de Compra: 2793-413-CM26,5
2793-444-AG26,Orden de Compra generada por invitación a compra ágil: 2793-375-COT26,6
2793-446-AG26,Orden de Compra generada por invitación a compra ágil: 2793-407-COT26,6
2799-484-TD26,Orden de Compra generada por Trato Directo ID 2799-60-FTD26,6
2803-268-AG26,COMPRA DE TEST DE EMBARAZO SAR CENTENARIO 2026,12
2803-297-SE26,ADQUISICIÓN DE MANTENCION PREVENTIVA PARA PROYECTOR OPTOTIPO DE LA OPTICA COMUNAL,6
2803-305-SE26,COMPRA DE LENTES ÓPTICA COMUNAL ABRIL 2026,4
2803-307-SE26,SERVICIO DE MOVILIZACION FOFAR MES DE ABRIL 2026,6
2803-308-SE26,COMPRA DE MEDICAMENTOS F. COMUNAL MAYO 2026,4
2803-311-SE26,MANTENCION PREVENTIVA PARA TOMOGRAFO DE LA UAPO,4
2803-312-SE26,ADQUISICIÓN DE MANTENCIONES PARA EQUIPOS OFTALMOLÓGICOS DE LA UAPO,4
2803-313-SE26,ADQUISICIÓN DE MANTENCIONES PARA EQUIPOS OFTALMOLÓGICOS DE LA UAPO,4
2803-314-SE26,ADQUISICIÓN DE MANTENCIONES PARA EQUIPOS OFTALMOLÓGICOS DE LA UAPO,4
2817-268-SE26,2°COMPPRA CS FERRETERIA DESDE 2817-7-LP26,6
2817-269-AG26,Orden de Compra generada por invitación a compra ágil: 2817-255-COT26,6
2825-166-CM26,MATERIALES DE OFICINA,6
2825-174-AG26,INSUMOS SALA INTEGRACION SENSORIAL AIDIA,6
2825-175-AG26,INSUMOS PARA BOX KINESIOLOGO CASA AIDIA,4
2827-371-AG26,"ALIMENTOS, CONFTES Y BEBIDAS - SENDA, compra ágil: 2827-254-COT26",6
2832-149-SE26,REQ 95 INSUMOS DE LABORATORIO,12
2832-366-SE26,REQ. 316 - INSUMOS MICROBIOLOGÍA Y TOMA DE MUESTRAS - LABORATORIO CLÍNICO MUNICIPAL,12
2832-374-SE26,REQ. 351 - INSUMOS CLÍNICOS - CENTRAL DE ESTERILIZACIÓN,12
2852-263-SE26,"Pendones, Dideco-Odam",12
2852-318-SE26,Mat de Yoga-Of.Mujer ,12
2852-344-SE26,"Materiales Imprenta, Dideco",12
2852-376-SE26,Insumos de Iluminación-DIDECO-Deportes,12
2852-397-AG26,"Compra ágil: 2852-90-COT26- Placas Remolque, Tesorería",6
2852-413-SE26,ORDEN DE COMPRA DESDE 2852-23-L126,6
2854-559-AG26,COMPRA DE INSUMOS DENTALES PARA DENTAL COMUNAL CESFAM PUERTO VARAS/SOL.196,6
2854-566-AG26,COMPRA INSUMOS LABORATORIO CESFAM PTO VARAS,4
2859-212-SE24,ORDEN DE COMPRA DESDE 2859-13-LE24,12
2859-254-CM26,Orden de Compra: 2859-254-CM26,12
2859-342-AG26,Orden de Compra generada por invitación a compra ágil: 2859-304-COT26,6
2859-352-TD26,Orden de Compra generada por Trato Directo ID 2859-7-FTD26,12
2859-371-CM26,Orden de Compra: 2859-371-CM26,5
2859-384-AG26,ADQUISICION PRODUCTOS DIFUSION,6
2859-396-AG26,ADQUISICION PRODUCTOS DE DIFUSION,6
2859-397-AG26,Orden de Compra generada por invitación a compra ágil: 2859-324-COT26,6
2859-401-AG26,Orden de Compra generada por invitación a compra ágil: 2859-340-COT26,4
2859-402-CM26,Orden de Compra: 2859-402-CM26,6
2859-59-SE25,ORDEN DE COMPRA DESDE 2859-1-LQ25,12
2859-94-SE26,ORDEN DE COMPRA DESDE 2859-4-LE26,12
2885-242-AG26,ADQUISICIÓN DE BOLSO TIPO NECESER,6
2886-76-AG26,Orden de Compra generada por invitación a compra ágil: 2886-46-COT26,4
2886-77-AG26,Orden de Compra generada por invitación a compra ágil: 2886-49-COT26,4
2904-527-AG26,Orden de Compra ágil: 2904-123-COT26 - Adquisición de Mástiles Concejo Municipal (PO N°446),6
2904-529-SE26,Adquisición de insumos alimenticios - Reunión Licencias Médicas (PO N°449),4
2905-309-AG26,ADQUISICION DE ESCRITORIO,6
2905-326-AG26,DESRATIZACIÓN PARA DEPENDENCIAS MUNICIPALES  ,6
2908-129-CM26,Adquisición de gas licuado granel para Cesfam Malalhue,6
2909-148-SE26,"servicio de alimentación internado I.T.P.Llifen mes de abril, ORDEN DE COMPRA DESDE 2909-12-LP26",12
29-1336-SE26,JGOD 66-032-25 AFL030 - ADQUISICIÓN DE VESTUARIO,12
29-1370-SE26,JBP SERVICIO DE ARRIENDO (DESDE OC 29-380-SE25),12
29-1392-AG26,ALR - AFL-ME 66-005-26 ADQ. BOTÍN FORMACION ESC. AVIACIÓN ,12
29-1398-AG26,ALR - AFL-ME 66-004-26 ADQ. VESTUARIO INTERIOR Y BUZO DE TRABAJO,12
2914-83-AG26,SERVICIO INTERNET FIBRA OPTICA PLAN ANUAL 60 MB PARA CENTRO MEDICO INTEGRAL DIEGO DE ALMAGRO Orden de Compra generada por invitación a compra ágil: 2914-82-COT26,4
29-1577-CM26,Orden de Compra: 29-1577-CM26  DTyS Depto.Pasajes y Fletes   Pasajero: ROBERTO SILVA S.+1,12
29-1578-CM26,Orden de Compra: 29-1578-CM26 DTyS Depto.Pasajes y Fletes   Pasajero: PAULINA ROSAS M.,12
29-1579-CM26,Orden de Compra: 29-1579-CM26  DTyS Depto.Pasajes y Fletes   Pasajero: ALONSO TOLEDO R.+1,12
29-1581-CM26,Orden de Compra: 29-1581-CM26 DTyS Depto.Pasajes y Fletes   Pasajero: FERNANDA CORTES M.,12
2923-370-AG26,Orden de Compra generada por invitación a compra ágil: 2923-388-COT26,4
2923-371-AG26,Orden de Compra generada por invitación a compra ágil: 2923-359-COT26,6
2924-26-SE26,ORDEN DE COMPRA DESDE 2924-4-LP26,6
2927-197-AG26,Orden de Compra generada por invitación a compra ágil: 2927-134-COT26,6
2932-21-SE26,Contratación de arriendo de 02 Impresoras,12
2935-115-AG26,ADQUISICION DE SILLAS PARA TODOS ESTABLECIMIENTOS EDUCACIONALES Y DAEM - Orden de Compra generada por invitación a compra ágil: 2935-88-COT26,6
2940-43-AG26,PINTURA Y MATERIALES PARA TECHO LICEO,6
2941-365-SE24,CONTRATACION SISTEMAS DE APLICACION MUNICIPAL.,12
2948-138-AG26,ADQUISICION DE VIVERES MES DEL MAR,6
2948-141-CM26,PASAJES AÉREOS ,6
2948-142-CM26,PASAJES AEREOS ,6
2952-91-CC26,SERVICIO DE TELEFONíA MOVIL,6
2974-160-AG26,(DEPTO. RECREACIONAL) ADQ. DE EQUIPAMIENTO PARA LAS CABAÑAS DEL C.R. MAITENCILLO (294/2026).,4
2980-229-AG26,FAMEFA 3 SA. N° 174/2026 BENRALIZUMAB 30 MG/ML.,6
2980-230-AG26,FAMEFA 3 SA. N° 173/2026 TRIUMEQ ,6
2980-231-AG26,FAMEFA 3 SA. N° 172/2026 RISANKINUMAB 150 MG.,6
2981-102-TD26,Orden de Compra generada por Trato Directo ID 2981-5-FTD26,12
2981-473-SE26,SERVICIO DE SUMINISTRO DE COMBUSTIBLE GRUPO ELECTROGENO JENACIF,12
2981-567-TD26,Orden de Compra generada por Trato Directo ID 2981-22-FTD26,6
2983-73-SE26,REPARACION CARRO PPU RVVF53 DEPIPAR,12
2989-269-CM26,Orden de Compra: 2989-269-CM26,6
2992-131-SE26,ORDEN DE COMPRA DESDE 2992-10-LE26,12
299-32-AG26,Orden de Compra generada por invitación a compra ágil: 299-13-COT26,12
3000-577-AG26,Ordenes de Ingresos-TESORERIA,4
3013-327-CM26,Orden de Compra: 3013-327-CM26,12
3013-376-SE26,RECARGA DE COMBUSTIBLE,12
3016-233-SE26,Servicio de Poda Arboleda Tramo 1 Lolol Centro – P,6
3017-240-AG26,Orden de Compra generada por invitación a compra ágil: 3017-215-COT26,6
3017-366-AG26,Orden de Compra generada por invitación a compra ágil: 3017-361-COT26,6
3017-372-AG26,Orden de Compra generada por invitación a compra ágil: 3017-370-COT26,4
3019-305-AG26," MATERIAL DE CONSTRUCCION, SOLICITUD 35",6
3030-211-AG26,"TALONARIO, TARJETA, FICHA Y CARNET PARA ECONOMATO",6
3038-100-SE26,ORDEN DE COMPRA DESDE 3038-11-LE26,6
3046-101-AG26,001034250000000022214012152206005000 GOB-04 CA MANTENIMIENTO EXTINTORES PARA LA BASE AÉREA TEPUAL Orden de Compra generada por invitación a compra ágil: 3046-85-COT26,12
3046-153-AG26,001034400405000022283012152204012000 DP-15 CA ADQ. DE FILTROS PARA MANTTO. GPO. ELECTROGENO Orden de Compra generada por invitación a compra ágil: 3046-86-COT26,12
3046-168-AG26,001034800801000033909012152204002000 BAM 065 CM BLANCOS PUNTERÍA ETIA,6
3046-31-SE26,001034400408000044085072152209005000 DL-1-ES-SERVICIO ARRIENDO IMPRESORAS PERIODO FEBR. - DIC. 2026 -ORDEN DE COMPRA DESDE 3046-31-LE25,12
3047-232-AG26,MATERIALES PARA SOLDADURA TERRESTRE,6
3065-76-AG26,ARTICULOS DE ESCRITORIO,12
307-38-AG26,Coffee Comisión de Admisión 28.04,6
307-4-SE26,Servicio Clipping 307-1-L125,12
3082-217-TD26,Orden de Compra generada por Trato Directo ID 3082-114-FTD26,6
3085-222-SE26,ORDEN DE COMPRA DESDE 3085-21-LE26,4
3085-295-AG26,"MATERIALES VILLA SAN PEDRO: 3085-229-COT26, TI 311149-763 Y 769",6
3085-297-AG26,"pabellones nacionales nef: 3085-232-COT26, TI 311149-759",6
3085-301-CM26,"CARNES COT: 3085-301-CM26, TI 322101-1781",4
3085-302-CM26,"VIVERES COT: 3085-302-CM26, TI 322101-1777",4
3085-303-AG26,"MATERIALES PARA ESTACIONAMINETO ADM. CENTRAL: 3085-223-COT26, TI 311401-2281",4
3085-304-AG26,"CALEFON YOUNG: 3085-235-COT26, TI 311149-775",4
3085-305-AG26,"VIVERES LIQUIÑE: 3085-236-COT26, TI 322026-805",4
3086-574-SE26,"MUESTRAS DE ACEITE AQUILES (164646, 164647) SOL. ANALISIS (61937)",4
3086-584-SE26,MUESTRAS DE ACEITE LPM4410 SAN ANTONIO(164507) SOL. ANALISIS (62245).,4
3086-585-SE26,MUESTRAS DE ACEITE LATORRE(164746) SOL. ANALISIS (62301),4
3086-614-AG26,ADQUISICION GAS REFRIGERANTE FF COCHRANE compra ágil: 3086-482-COT26,4
3087-56-AG26,METFORMINA 1000 MG LIBERACION PROLONGADA,6
3089-23-SE26,"SERVICIO DE REPARACIONES DE EMERGENCIA POR FUGAS DE GAS O FILTRACIONES DE AGUAS SERVIDAS, AGUA POTABLE Y AGUAS LLUVIAS, PARA TODAS LAS DEPENDENCIAS PERTENECIENTES A ASISTENCIA RECREATIVA, JARDÍN INFANTIL, EDIFICIO CENTRAL Y TODAS LAS VIVIENDAS FISCALES PE",12
3089-36-CM26,ASISTENCIA EDUCACIONAL - ADQUISICIÓN DE FRUTAS Y VERDURAS,12
3089-78-SE25,"CONTRATO DE SUMINISTRO DE ALIMENTOS, BEBIDAS Y OTROS PARA LA ASISTENCIA RECREATIVA, ASISTENCIA EDUCACIONAL Y ADMINISTRACIÓN CENTRAL, A CARGO DE LA DELEGACIÓN DE BIENESTAR SOCIAL (S.)",12
3089-79-SE25,"CONTRATO DE SUMINISTROS DE ARTÍCULOS DE LIMPIEZA Y ASEO PARA SER UTILIZADOS POR LA ASISTENCIA EDUCACIONAL, ASISTENCIA RECREATIVA Y ADMINISTRACIÓN CENTRAL A CARGO DE LA DELEGACIÓN DE BIENESTAR SOCIAL (S.)",12
3095-46-AG26,REPARACIÓN ESTRUCTURAL FACHADA NORTE LOS CHONOS 60.,6
3105-65-AG26,"ADQUISICIÓN DE MANTEQUILLA, MANTECA, JUGOS Y JAMON. COMPRA ÁGIL 3105-52-COT26",4
3109-167-AG26,MATERIAL DEPTO. APOYO Y SERVICIOS,6
3117-267-SE26,PINTADO Y MANTENIMIENTO VV.FF. ,12
3117-363-AG26,ADQ. DE MATERIALES PARA REPARACIONES EN CASA DE HUESPEDES LAS SALINAS,12
3117-387-AG26,ADQUISICION DE VIVERES JI LOBITO MARINO,12
3117-418-AG26,ADQ.MESAS CUADRADAS COLOR CAFE PARA CABAÑAS PUNTA OSASCABA,12
3117-419-SE26,TRABAJOS VARIOS EN VV.FF. PRECAF 2/2025 ,12
3117-422-AG26,ADQ. AMENITIES PARA HOTEL MARE NOSTRUM,12
3117-423-AG26,ADQ. DE VIVERES SECOS SC MAR AZUL,12
3117-448-SE26,ALIMENTACIÓN INSTITUCIONAL,12
3117-504-SE26,ALDEBARAN 2 FRONTIS,12
3117-505-SE26,ALDEBARAN 4 LAVANDERIA,12
3117-547-SE26,DETECCIÓN Y REPARACIÓN DE FUGA DE GAS,12
3117-603-SE26,ALIMENTACIÓN INSTITUCIONAL,12
3124-22-AG26,Orden de Compra generada por invitación a compra ágil: 3124-2-COT26,6
3130-5572-SE26,"INSUMOS CLÍNICOS, (REQ. 31219-31224) (LICIT.)",12
3130-5745-CM26,PASAJE AEREO PUQ - SCL  (PCTE. J.N.R.) (ACOMP. Y.G.R.),12
3130-5746-CM26,PASAJE AEREO SCL - PUQ  (Y.G.R.),12
3130-5802-CM26,PASAJE AEREO PUQ - SCL - PUQ (PCTE. M.A.C.),12
3130-5803-CM26,PASAJE AEREO PUQ - SCL - PUQ (PCTE. M.Q.L.),12
3130-5835-CM26,PASAJE AEREO PUQ - SCL - PUQ (PCTE. M.L.A.),12
3130-5837-CM26,PASAJE AEREO PUQ - SCL - PUQ (PCTE. J.A.B.),12
3130-5890-AG26,Pinza de biopsia por invitación a compra ágil: 3130-190-COT26 (Req.31691),6
3130-5891-AG26,"TABLAS DE COLORES REQ. 31557,NUTRICION  a compra ágil: 3130-191-COT26",4
3130-5893-AG26,SERV. MANTENCIÓN LAVADORA ULTRASONICA,4
3134-335-SE23,TRANSPORTE DE SEÑAL TERRESTRE 36 MESES,12
3134-450-SE25,SERVICIOS TRANSPORTE SEÑAL SATELITAL 35 REPARTICIONES DESDE 3134-99-LR25,12
3138-62-AG26,BOTINES DE BUCEO,4
3141-111-AG26,Adquisición pzas madera y placa Terciado ágil: 3141-92-COT26,4
3141-112-AG26,MANNTENCIÓN EQUIPOS AIRE ACONDICIONADOcompra ágil: 3141-94-COT26,4
3149-136-AG26,Orden de Compra generada por invitación a compra ágil: 3149-124-COT26,6
3149-138-AG26,Orden de Compra generada por invitación a compra ágil: 3149-123-COT26,6
3149-140-AG26,Orden de Compra generada por invitación a compra ágil: 3149-126-COT26,4
3149-141-AG26,Orden de Compra generada por invitación a compra ágil: 3149-128-COT26,4
3151-270-AG26,Orden de Compra generada por invitación a compra ágil: 3151-281-COT26,4
3151-271-AG26,Orden de Compra generada por invitación a compra ágil: 3151-273-COT26,4
3152-196-AG26,SILLAS DE ESCRITORIO PARA SALUD MACHALI,6
3152-203-AG26, SERVICIO DE FUMIGACION COMPLETA EN DOS ESTABLECIMIENTOS DE SALUD MACHALI,4
3166-229-AG26,ADQUISICIÓN DE REPUESTOS PARA TROTADORA BASE NAVAL CAPITÁN ARTURO PRAT,6
3170-80-SE26,LUBRICANTES OPV ODGER,4
3170-81-SE26,LUBRICANTE PM2506,4
3170-82-SE26,RADCOLUBE DIMLYNCH 3170-1-R126 (READJUDICADA),6
3172-126-SE26,ADQ. DE UNA PLACA IDENTIFICATORIA DE CUARTEL,6
3172-129-SE26,ADQ. DE UNA PLACA IDENTIFICATORIA DE CUARTEL,6
3177-144-AG26,Servicio de amplificación para desfile del 21 de mayo en Comuna de Machali. Orden de Compra generada por invitación a compra ágil: 3177-64-COT26. Orden de Compra codigo: 3177-144-AG26 dirigida a LNPPRODUCCIONES SPA,4
3177-145-AG26,Compra de pintura para trabajos de mejoramiento en Establecimientos Educacionales. Orden de Compra generada por invitación a compra ágil: 3177-62-COT26. Orden de Compra 3177-145-AG26,4
3177-146-AG26,Compra de materiales de ferreteria para equipo de operaciones del Departamento de Educación. Orden de Compra generada por invitación a compra ágil: 3177-63-COT26. Orden de Compra 3177-146-AG26,4
3177-147-SE26,Compra de insumos para actividad de desfile 21 de Mayo 2026 Colegio Gabriela Mistral. Contrato de Suministro de Abarrotes desde 3177-6-LE25. Orden de Compra: 3177-147-SE26,4
3178-1212-SE26,ADQ. DESDE 3178-9-LP22,6
3178-1312-AG26,ADQ. GUIA HIDROFILICA CURVA a compra ágil: 3178-299-COT26,6
3178-1390-AG26,ADQ. PLACA ELECTROBISTURI SIMPLE ADULTO  a compra ágil: 3178-296-COT26,6
3178-439-SE26,ADQ. DESDE ID 5839-15-LR24,9
3179-91-AG26,ADQUISICIÓN DE ALFOMBRA DESTINADA A LA DIRECCIÓN DE DERECHOS HUMANOS Y PROTECCIÓN DE LA FAMILIA C/Al: 3179-78-COT26,12
3181-236-AG26,"COMPRA DE COMIDA (PELLET) PARA ALIMENTACIÓN DE CANINOS Y FELINOS DEL CENTRO DE MANTENCIÓN TEMPORAL MUNICIPAL Y REFUGIO CANINO DE LA COMUNA DE MACHALÍ, SOLICITADO POR DELCO - VETERINARIA, DESDE COMPRA ÁGIL ID 3181-210-COT26.",6
3185-151-SE25,RENOVACIÓN DE BAÑOS Y COCINAS EN 10 VIVIENDAS FISCALES 3185-10-LE25,12
3185-21-AG26,SERVICIO DE ARRIENDO DE GRÚA PARA VARADO Y DESVARADO UNIDADES TIPO DEFENDER AG: 3185-19-COT26,12
3185-43-AG26,MATERIALES DE MANTENIMIENTO PREVENTIVO MOTORES FUERA DE BORDA DE UNIDAD MARÍTIMA PM DEFENDER 2501 AG: 3185-33-COT26,12
3185-50-AG26,MANTENIMIENTO DE EQUIPOS AIRES ACONDICIONADOR  DE LA GOBERNACIÓN MARÍTIMA DE ARICA AG: 3185-41-COT26,12
3185-52-AG26,MANTENIMIENTO PREVENTIVO VEHÍCULO FISCAL L-156 DE LA GOBERNACIÓN MARÍTIMA DE ARICA AG: 3185-42-COT26,12
3185-54-SE26,ARRIENDO FOTOCOPIADORA MARITGOBARI ,6
3187-153-AG26,ADQUISICION DE ARTICULOS PARA MANTENCION Y REPARACION DE LA CAPITANIA DE PUERTO DE PUNTA DELGADA: 3187-123-COT26,6
3187-155-AG26,MANTENIMIENTO Y REPARACION DE ALTERNADORES DE LA LSG PUERTO NATALES Orden de Compra generada por invitación a compra ágil: 3187-141-COT26,6
3190-33-AG26,ADQUISICION DE LUBRICANTE PARA TRITURADORA DE LA GOBERNACION MARITIMA DE SAN ANTONIO SEGUN COMPRA AGIL N°: 3190-28-COT26,9
3191-1395-SE26, LE (FAR1) ADQUISICION DE FARMACOS 3191-6-LE26,9
3191-2325-SE26,CS (INS3) PROVIENE DE LA LICITACIÓN N°5839-15-LR24,6
3191-2326-SE26,CS (FAR1) ADQUISICION DE FARMACOS 5839-15-LR21,6
3191-2331-SE26,CS (INS2) ORDEN DE COMPRA DESDE 5839-15-LR24.,6
3191-2334-SE26,CS (FAR1) ADQUISICION DE FARMACOS 5839-15-LR21,6
3193-173-AG26,"MANTENCION DE EXTINTORES DE LA CAPITNIA DE PUERTO DE SAN VICENTE, Orden de Compra generada por invitación a compra ágil: 3193-192-COT26",4
3193-177-AG26,"3193-211-COT26,  MANTENCIÓN PREVENTIVO A VEHÍCULO FISCAL L-466 DE LA GOBERNACIÓN MARÍTIMA DE TALCAHUANO",4
3193-180-AG26,"3193-202-COT26, MATERIALES ELECTRICOS PARA LSG TALCAHUANO",4
3193-181-AG26,"3193-206-COT26, MANTENIMIENTO DESFIBRILADOR GM.T.",4
3197-58-AG26,PASAJES COMISIÓN DOCATER,4
3200-164-AG26,Orden de Compra generada por invitación a compra ágil: 3200-138-COT26,4
3201-117-AG26,SERVICIO DE RECARGA Y MANTENCIPON DE EXTINTORES PARA ESCUELA ALBORADA,6
3202-146-SE26,"ADQUISICIÓN E INSTALACIÓN DE EQUIPO ELECTRÓGENO, DESDE 3202-3-LE26",4
3202-155-CM26,GAS LICUADO PARA EL CASINO DE OFICIALES.,6
3213-1905-TD25,Orden de Compra generada por Trato Directo ID 3213-120-FTD25,12
3213-93-TD26,Orden de Compra generada por Trato Directo ID 3213-39-FTD26,4
3220-255-AG26,ADQUISICION DE VIVERES ESPECIALES INICIO MES DEL MAR,12
3220-258-AG26,MATERIALES PARA MANTENCION DE BAÑOS C.J.IIa.Z.N,12
3220-261-AG26,ADQUISICION DE VIVERES ESPECIALES SR CJA,12
3220-275-CM26,MATERIAL DE ESCRITORIO PARA PAÑOL DE CONSUMOS ,12
3220-277-AG26,MATERIALES PARA DEPTO MANTENCION C.J.IIA.Z.N.,12
3220-278-SE26,09/12 RETIRO Y DISPOSICION FINAL DE RESIDUOS,12
3220-279-SE26,SERVICIO DE TELEFONIA MOVIL (CLARO),12
3220-286-AG26,MATERIALES PARA INSTALACIÓN ARCO DE ENTRADA PLAZA DE LOS HEROES,12
3220-293-AG26,ESTADO DE EXCEPCION CONSTITUCION MZS / ADQUISICION DE LUBRICANTES,4
3220-295-AG26,MATERIAL DE ASEO PARA GIMNASIO BASETALC,4
3220-296-SE26,SERVICIO DE TELEFONIA MOVIL (CLARO),4
3220-298-AG26,PLANCHA GRAVOPLY PARA IMPRENTA INSIGNIA,4
3220-300-AG26,PABELLONES NACIONALES PARA FUNERALES (SIN DRIZAS),4
3223-66-CM26,HOJAS CARTAS PARA ESTOCK PAÑOL DE CONSUMO,12
3223-82-CM26,Insumos de aseo para stock pañol de consumo Comandancia en Jefe de la Armada.,4
3232-309-TD26,Orden de Compra generada por Trato Directo ID 3232-39-FTD26,6
3233-25-AG26,VIVERES CONMEMORACION COMBATE NAVAL DE IQUIQUE Y PUNTA GRUESA,4
3241-103-SE26,SUMINISTRO E INSTALACIÓN DE VENTANAS PVC,6
3241-119-SE26,ADQUISICIÓN DE VÍVERES PARA PANADERÍA NAVAL DESDE ,6
3244-199-AG26,CAMBIO DE PUERTAS COLEGIO PHP.,6
3244-204-AG26, PLOTTER TÉCNICO COMPACTO DE 24 PULGADAS EDICIÓN 2025 CON SET DE TINTAS ORIGINALES PARA COLEGIO BPHP (SEP),6
3245-39-AG26,Internet satelital postas rurales,12
3245-85-AG26,Vestuario proteción radiologica,12
3246-90-AG26,INT GBA 020 CSA ADQ. MÁQUINAS Y EQUIPOS PARA ALIMENTACIÓN FACH AFTA. Compra ágil: 3246-106-COT26,6
3248-18-AG26,ADQUISICIÓN DE ARTÍCULOS DE ASEO,12
3248-19-AG26,ADQUISICION DE ARTICULOS PARA SOSTENIMIENTO Y MANTENCION DE UNIDAD.,12
3250-301-CM26,MARITGOBPMO - ADQUISICIÓN DE VÍVERES ESPECIALES PARA LA REPARTICIÓN,6
3250-304-SE26,SLIGHT - ARRIENDO MULTIFUNCIONAL,4
3267-25-AG26,Adquisición de mercadería para el Hogares Estudiantiles de Pichasca y Hurtado 3267-18-COT26,12
3267-85-SE26,ORDEN DE COMPRA DESDE 3267-7-LE26,4
3268-198-CM26,001 001 001 GBA 056/2026 ADQ. ALIMENTACION.,4
3268-199-CM26,001 001 001 GBA 056/2026 ADQ. ALIMENTACION.,4
3268-200-CM26,001 001 001 GBA 056/2026 ADQ. ALIMENTACION.,4
3268-258-AG26,001 002 011 GBA FOMENTO 71/2026 MANTENIMIENTO A MÁQUINAS DEPORTIVAS PCP 3268-237-COT26,6
3268-274-AG26,"001 002 011 073/2026 GBA. FOM. PCP. SERV. PLAN STARLINK, PROVIENE DESDE: 3268-246-COT26.",4
3268-302-AG26,800 801 EM 020/2026 ADQUISICIÓN DE MATERIALES PARA CERCO Orden de Compra generada por invitación a compra ágil: 3268-284-COT26,4
3268-304-AG26,"400 413 GU 034-2026 DA. ADQ. BATERÍA DE GEL, PROVIENE DESDE: 3268-230-COT26.",4
3268-305-AG26,"400 413 GU 046/2026 DA. ADQ. REPUESTO DE MOTO DE NIEVE, PROVIENE DESDE: 3268-274-COT26.",4
3270-33-AG26,Orden de Compra generada por invitación a compra ágil: 3270-36-COT26,6
3273-74-SE26,4 NEUMATICOS SKTV-69 BICRIM AHO  (SUBVENCIÓN) ,12
3284-203-AG26,ALIMENTOS/VINCULOS,12
3284-216-SE26,DOM / REPUESTO CABEZAL DE IMPRESION PLOTTER HP 711,12
3284-246-AG26,ALIMENTOS/TEMPORADA ESTIVAL COMUNA DE CHAITEN,12
3284-275-AG26,INSUMOS DENTALES/SALUD ORAL,12
3284-277-AG26,INSUMOS DENTALES/SALUD ORAL,12
3284-279-AG26,INSUMOS MEDICOS/SALUD ORAL,12
3284-285-AG26,INSUMOS DENTALES/SALUD ORAL,12
3284-286-AG26,INSUMOS DENTALES/SALUD ORAL,12
3284-296-AG26,INSUMO DENTAL/SALUD ORAL,12
3284-373-SE26,DESAM / ADQUISICION DE MATERIALES DE CONSTRUCCION,12
3284-391-AG26,BODEGA MUNICIPAL / STOCK INSUMOS ASEO,12
3284-396-SE26,MATERIALES DE FERRETERÍA / DESAM,12
3284-398-AG26,DESAM / ALIMENTOS MAS AMA,12
3284-401-AG26,CANASTA DE ALIMENTOS/AYUDA SOCIAL ,12
3284-410-AG26,INSUMOS DE ASEO/PROGRAMA FAMILIAS CHAITEN,12
3284-414-AG26,CANASTA DE ALIMENTOS /AYUDA SOCIAL,12
3284-423-AG26,DESAM/ PROGRAMA MAS AMA,12
3284-430-SE26,MATERIALES DE CONSTRUCCION / TRANSITO,12
3284-431-SE26,MESA PLEGABLE RECTANGULAR/ DEPARTAMENTO OBRAS,12
3284-436-SE26,RESPUESTOS Y MANTENCION/DEPARTAMENTO OPERACIONES,12
3284-438-SE26,CAMBIO BOMBA CAMION BASURAL/ OPERACIONES,12
3284-439-SE26,CABLE PARA PUENTE DE BATERIA/OPERACIONES,12
3284-466-SE26,REPARACION Y MANTENCION FURGON PATENTE HSRG-21,12
3284-470-AG26,CANASTA DE ALIMENTOS/AYUDA SOCIAL,12
3284-480-AG26,UTENCILIOS /DIDECO,12
3285-135-SE26,52 PAR DE ZAPATOS,12
3285-195-AG26,Orden de Compra generada por invitación a compra ágil: 3285-104-COT26,6
3288-9632-SE25,FLETE MUDANZA INTERNACIONAL,12
3309-144-AG26,GUANTES PARA EXAMINACION  por invitación a compra ágil: 3309-145-COT26,6
3311-31-AG26,Insumos para la Unidad de Imprenta y artículos de oficina,6
3320-154-AG26,015_74005/2026_SERVICIO AUDIOVISUAL 3320-193-COT26,4
3320-164-AG26,007_015/2026_ADQ ARTICULOS DE PROTECCION  3320-207-COT26,6
3320-165-AG26,007_SERVICIO DE MANTTO DE MAMPARA VIDRIO DOBLE 3320-202-COT26,6
3325-109-TD26,Orden de Compra generada por Trato Directo ID 3325-7-FTD25,6
3325-110-TD26,Orden de Compra generada por Trato Directo ID 3325-6-FTD25,6
3326-241-CM26,ADQUISICIÓN DE ALIMENTOS PARA LA COMISIÓN RANCHO DE CARGO DE PREFECTURA  INVEST. DE ACCTE. EN EL TRANSITO.,12
3326-255-AG26,"ADQUISICIÓN DE SERVICIOS DE IMPRESIÓN, PARA EL CENTRO DE FORMACIÓN Y CAPACITACIÓN DE CONDUCTORES CEREMONIA BRIGADAS ESCOLARES EN CARABINEROS: 3326-228-COT26",12
3326-262-AG26,SERVICIO DE MANTENCIÓN Y REPARACIÓN DE AIRE ACONDICIONADO DE LOS VEHICULOS DE CARGO DE LA PREF. INVEST. DE ACCTE. EN EL TRANSITO.: 3326-226-COT26,6
3328-1006-CM26,RTR/DAG/REQ.N°57950/PROGRAMA DE ALIMENTACIÓN/MES ABRIL Y MAYO.,12
3328-1127-AG26, VAG/54885/ADQ. PRODUCTOS QUIMICOS PARA TRATAMIENTO DE AGUAS /DAG compra ágil: 3328-581-COT26,6
3328-1157-AG26,JAG/OMD/71581/SANDWICH ELABORADO/compra ágil: 3328-670-COT26,12
3328-1165-CM26,RTR/REDICON/ART. OFICINA/.SOL.12874/2026,4
3328-1175-SE26,ARV/INSUMOS CONSIGNADOS LIC52-LR22,6
3328-1189-AG26,DNF/REQ. INSUMOS Nº 73660/(22)/CONOS (ágil: 3328-637-COT26),6
3328-1208-SE26,DNF/REQ. FARMACIA Nº 78480 (27)/MEROPENEN /LIC 104LP25,6
3328-1229-SE26,DNF/SDAO/REQ. INSUMOS 9388/PC/DESINFECTANTE ( 3328-2-LE26),6
3328-1237-AG26,ASB/SOLICITUD DE ADQUISICIÓN ALMCEN DE ABAST. GRAL.N°75874/2026 ADQUISICIÓN DE BOLSAS PLASTICAS TRANSPARENTES compra ágil: 3328-685-COT26,6
3328-234-CM26,RTR/SOLICITUD DE ADQUISICIÓN N°1 PROGRAMA DE ALIMENTACIÓN ENERO. ,12
3328-656-CM26,RTR/DAG/REQ.N°37626/PROGRAMA DE ALIMENTACIÓN/MES MARZO.,12
3328-694-AG26,RTR/SOLICITUD DE ADQUISICIÓN N°9248/AGUA PURIFICADA.,12
3328-705-CM26,RTR/DAG/REQ.N°37626/PROGRAMA DE ALIMENTACIÓN/MES MARZO.,12
3328-707-CM26,RTR/DAG/REQ.N°37626/PROGRAMA DE ALIMENTACIÓN/MES MARZO.,12
3328-922-AG26,"RTR/DAG/SEDILE/SUPLEMENTOS, SOL.50508 / AG",12
3328-942-CM26,RTR/DAG/REQ.N°57950/PROGRAMA DE ALIMENTACIÓN/MES ABRIL Y MAYO.,12
3328-944-CM26,RTR/DAG/REQ.N°57950/PROGRAMA DE ALIMENTACIÓN/MES ABRIL Y MAYO.,12
3328-949-CM26,RTR/DAG/REQ.N°57950/PROGRAMA DE ALIMENTACIÓN/MES ABRIL Y MAYO.,12
3328-953-CM26,RTR/DAG/REQ.N°57950/PROGRAMA DE ALIMENTACIÓN/MES ABRIL Y MAYO.,12
3328-978-CM26,RTR/DAG/REQ.N°57950/PROGRAMA DE ALIMENTACIÓN/MES ABRIL Y MAYO.,12
3328-984-CM26,RTR/DAG/REQ.N°57950/PROGRAMA DE ALIMENTACIÓN/MES ABRIL Y MAYO.,12
3328-987-CM26,RTR/DAG/REQ.N°57950/PROGRAMA DE ALIMENTACIÓN/MES ABRIL Y MAYO.,12
3330-10-AG26,3330-12-COT26 Pines ,4
3330-9-AG26,3330-10-COT26 BALONES BASQUET MINI,4
3332-62-AG26,ADQUISICIÓN INSUMOS MÉDICOS PROGRAMA CPU 2026,6
3334-219-AG26,Orden de Compra generada por invitación a compra ágil: 3334-108-COT26,6
3334-223-AG26,Orden de Compra generada por invitación a compra ágil: 3334-99-COT26,4
3335-431-AG26,"ADQUISICIÓN DE MATERIALES DE FERRETERÍA PARA COLEGIO DE CULTURA ORD. N°282 SUBV. MANTENIMIENTO, PROVENIENTE DE COTIZACIÓN ÁGIL 3335-378-COT26",6
3335-432-AG26,"ADQUISICIÓN DE MATERIALES DE FERRETERIA PARA REPARACIONES DE SS.HH. ESCUELA RADIMADI ORD. N°263 SUBV. MANTENIMIENTO, PROVENIENTE DE COTIZACIÓN ÁGIL 3335-373-COT26.",6
3335-459-AG26,MATERIALES DE FERRETERÍA PARA ESCUELA EL MAITÉN – DAEM LA UNIÓN ORD. INT. N°290 Y N°294 SUBV. MANTENIMIENTO - Orden de Compra generada por invitación a compra ágil: 3335-412-COT26,6
3335-469-AG26,ADQUISICIÓN DE INSUMO COMPUTACIONAL PARA ESCUELA RURAL CHOROICO ORD. 44 LEY SEP Orden de Compra generada por invitación a compra ágil: 3335-405-COT26,6
3335-498-AG26,ADQUISICIÓN DE MATERIAL DE FERRETERIA PARA ESCUELA PDTE. J.A.R. ORD. 69 SUBV. MANTENIMIENTO Orden de Compra generada por invitación a compra ágil: 3335-379-COT26,6
3337-106-SE26,"SERVICIO ASEO DEL EDIF.CORP.DIVSAL, ABR'26 (C.18/24)",6
3343-49-SE26,ORDEN DE COMPRA DESDE 3343-1-LP26,12
3348-21-SE26,Serv. de eliminación de REAS (ENE-SEP) 2026,12
3352-81-CM26,FONDOS PRESUPUESTARIOS DOCENTES-ADQUISICION DE PRODUCTOS PARA COLACION,4
3352-83-SE26,FDOS INTERNOS-ADQ DE BEBESTIBLES,4
3352-84-SE26,FONDOS INTERNOS-SERVICIO DE ASEO CASINO OFICIALES,4
3352-85-SE26,FONDOS INTERNOS-SERVICIO DE ASEO CASINO SUBOFICIAL,4
3352-86-SE26,FDOS INTERNOS -ADQ DE PAN ,4
3352-87-CM26,FDOS PRESUPUESTARIOS DOCENTES -ADQ DE ELEMENTOS ASEO SECRET EST,4
3359-2-AG26,SERVICIO CORREO NACIONAL CERTIFICADO 3359-64-COT25,12
3359-32-AG26,PRODUCTOS FARMACÉUTICOS (Medicina) 3359-18-COT26,6
3363-11-CM26,Orden de Compra: 3363-11-CM26,12
3363-35-CM26,Orden de Compra: 3363-35-CM26,12
3363-6-CM26,Orden de Compra: 3363-6-CM26,12
3371-17-AG26,PLAN ANUAL DE DATOS PARA RASTREO SATELITAL DE AERONAVES,6
3378-1910-SE26,LICITACION 3378-52-LQ24,12
3378-3174-SE26,LICITACION 3378-15-LR23,12
3378-3937-SE26,LICITACION 3378-26-LR23	,12
3378-3968-AG26, ADQ. DE ACCESORIOS PARA POLISOMNOGRAFO DEL SERV. DE NEUROLOGIA DEL HMS,12
3378-4001-AG26,ADQUISICION FARMACO Compra ágil: 3378-694-COT26,12
3378-4150-AG26,ADQUISICION FARMACO Compra ágil: 3378-706-COT26,12
3378-4156-AG26,ADQUISICION FARMACO Compra ágil: 3378-709-COT26,12
3378-4193-AG26,ADQUISICION FARMACO Compra ágil: 3378-716-COT26,12
3378-4209-SE26,LICITACION 3378-26-LR23,12
3378-4243-SE26,Adq. Mat.de Implante P/Pabellón del HMS,6
3378-4244-SE26,Adq. Mat.de Implante P/Pabellón del HMS,6
3378-4256-AG26,Compra ágil: 3378-728-COT26,6
3378-4260-CM26,Orden de Compra: 3378-4260-CM26,6
3378-4272-SE26,Adq. Mat.de Implante P/Pabellón del HMS,6
3378-4273-SE26,Adq. Mat.de Implante P/Pabellón del HMS,6
3378-4274-TD26,Orden de Compra generada por Trato Directo ID 3378-254-FTD25,6
3378-4275-AG26,OC Generada desde Compra Ágil N°3378-735-COT26,6
3378-4280-SE26,Adq. Mat.de Implante P/Pabellón del HMS,6
3378-4289-SE26,Adq. Mat.de Implante P/Pabellón del HMS,6
3378-4291-SE26,SERVICIO DE REPARACIÓN DE OPTICAS RÍGIDAS DEL HMS	,6
3378-4292-SE26,Adq. Mat.de Implante P/Pabellón del HMS,4
3378-4293-SE26,Adq. Mat.de Implante P/Pabellón del HMS,4
3381-82-AG26,ADQ DE UTILES DE ASEO Y MANTENIMIENTO DE VEHICULOS DE ESTA UR.,6
3384-128-AG26,"Adquisición de presentador laser, Adaptador de lector de discos, UPS, cámara web y lector de código de barras para el IGM",5
3384-25-SE26,Servicio de arriendo de Hosting	,12
3390-147-CM26,"Abarrotes para el Casino Militar Centralizado Fondos Internos 1100035009 ""Casino Militar Centralizado""",5
3390-157-AG26,"Elementos de Ferreteria para la Construcción de Tetrapodos Fondos Presupuestarios ""Otros Anticipos"" 12va Prorroga 22.04.013 Compra ágil: 3390-86-COT26",6
3391-311-SE26,COMPRA INSUMO DE ESTERILIZACION 3391-29-LQ25,4
3399-85-CM26,ADQ DE VIVERES PARA EL RANCHO DE TROPA DE LA UR,12
3407-102-CM26,GAS (FUNC),4
3407-88-AG26, CASINO MILITAR SUBOFICIALES (FI),12
3407-89-AG26, CASINO MILITAR SUBOFICIALES (FI),12
3416-245-AG26,F2. VIDRIOS ,6
3431-62-AG26," Adquisición de loza para el normal funcionamiento del Casino Militar de Oficiales, Orden de Compra generada por invitación a compra ágil: 3431-48-COT26 (Fondos Internos).",4
3431-64-AG26," Adquisición de elementos de aseo para el Casino Militar de Oficiales, Orden de Compra generada por invitación a compra ágil: 3431-46-COT26 (Fondos Internos).",6
3431-71-AG26," Adquisición de útiles de aseo para dependencias del Regimiento N.° 8 ""Chiloé"", Orden de Compra generada por invitación a compra ágil: 3431-57-COT26 (Fondos presupuestarios)",6
3431-72-AG26,FI- Adquisición de aislante para cañerías de las dependencias del casino de oficiales de esta unidad. Orden de Compra generada por invitación a compra ágil: 3431-59-COT26,6
3431-77-AG26, LP- Adquisición de repuestos para Toyota 4Runner 4X4 4.0 AUT. Año 2008 de esta UR. Orden de Compra generada por invitación a compra ágil: 3431-62-COT26,4
3434-35-SE26,CINTURON OPERATIVO COLOR CAFE,6
3436-333-AG26,Adquisición de barre agua rancho alumnos CC 1100065012,6
3436-355-SE26,Adquisición medicamentos alumnos CC 1100065012,12
3442-168-AG26," SERVICIO DE AMPLIFICACIÓN, ILUMINACIÓN Y AUDIOVISUAL, CUENTA PÚBLICA GESTIÓN 2025 Orden de Compra generada por invitación a compra ágil: 3442-61-COT26",12
3445-129-AG26,12 BOTELLAS DE TINTA PARA IMPRESORAS DE OLN SC-00110-2026 3445-73-COT26,6
3446-106-AG26,22 04 010 “MATERIALES PARA MANTENIMIENTO Y REPARACIÓN DE INMUEBLES PLAN PLES-AINT-824,6
3447-1267-TD26,Orden de Compra generada por Trato Directo ID 3447-2-FTD26,6
3447-1287-AG26,"AG 3447-196-COT26, según memo N°2725 por la adquisición de toldos y separadores publicitarios para el programa Alto Hospicio Saludable 2026",4
3447-1302-SE26,"Suministro de Materiales de Ferretería DESDE 3447-304-LR24; Aserrín para Emergencia Climática, Edificio Consistorial, MAHO",6
3447-1303-AG26,COMPRA AGIL ID 3447-201-COT26 SEGUN MEMO N°2805 ADQUISICIÓN E INSTALACIÓN DE SISTEMA MOTORIZADO CORTINAJE PARA OFICINA DIRECTOR SERVICIOS TRASPASADO DE LA MUNICIPALIDAD DE ALTO HOSPICIO,4
3447-1304-SE26,MEMO N°2752 Servicios de exámenes laboratorio correspondientes al mes de marzo de 2026 del CESFAM DR. YANDRY AÑAZCO M.,4
3447-1307-SE26,MEMO N°2751 Servicios de exámenes laboratorio correspondientes al mes de marzo de 2026 del CESFAM DR. HÉCTOR REYNO G.,4
3447-1308-SE26,MEMO N°2740 Servicios de exámenes laboratorio correspondientes al mes de marzo de 2026 del CECOSF El Boro.,4
3447-1309-SE26,"Memo N°3175 Adquisición de insumos médicos correspondientes al convenio FOFAR para stocks de las farmacias de la red (de los cesfam PPM, HRG y YAM) por no estar disponibles en cenabast, para seis meses a partir de sus recepcion.",4
3447-1310-SE26,"Memo N°3171 Adquisicion de insumos medicos para stocks de las farmacias de la red (de los cesfam PPM, HRG, YAM) por no estar disponibles en cenabast, para tres meses a partir de su recepción.",4
3447-999-SE26,"Suministro de Amplificación e Iluminación DESDE 3447-115-LP25; para Actividad ""56 Campeonato Regional de Cueca de Tarapacá, Alto Hospicio 2026""",12
3453-180-AG26,"SUMINISTRO E INSTACION DE AIRES ACONDICIONADOS PARA EL CASINO DE LA ESFOCAR., Orden de Compra generada por invitación a compra ágil: 3453-69-COT26",12
3455-50-AG26,ADQUISICION DE VIVERES PARA EL CASINO DE OFICIALES DE ESTA UR.,4
3456-24-SE26,LP - arriendo de impresora y proyector,6
3456-29-CM26,LP - GAS A GRANEL RECARGA ESTANQUE DEL RANCHO ,6
3460-140-CM26,"ADQUISICION DE GAS A GRANEL PARA EL CRIADERO MILITAR ""LOS CONDORES""",4
3463-54-TD26,Orden de Compra generada por Trato Directo ID 3463-20-FTD26,6
3463-57-TD26,Orden de Compra generada por Trato Directo ID 3463-22-FTD26,6
3469-207-AG26,SERVICIO DE ALIMENTACION PARA TALLERES DE HABITABILIDAD - VERSION 2024,6
3469-91-SE26,"ADQ. GENERADOR ELÉCTRICO Y CARRO ARRASTRE, OBRAS, IMCH.",12
3471-1095-SE26,MEDICAMENTOS 2605322,12
3471-1120-AG26,MEDICAMENTOS 2604768,12
3471-1128-SE26,2605308 ALMACENES GENERALES REPOSICIÓN,12
3471-1362-SE26,MEDICAMENTOS 2605530,12
3471-1433-SE26,ALMACENES GENERALES 2605482,12
3471-1434-SE26,ALMACENES GENERALES 2605418,12
3471-1445-SE26,MEDICAMENTOS 2605678,12
3471-1449-AG26,MEDICAMENTOS 2605553 2605548,12
3471-1451-AG26,MEDICAMENTOS 2605548,12
3471-1458-SE26,MEDICAMENTOS 2605680,12
3471-1461-SE26,MEDICAMENTOS 2605680,12
3471-1464-SE26,MEDICAMENTOS 2605680,12
3471-1466-SE26,MEDICAMENTOS 2605680,12
3471-1467-SE26,MEDICAMENTOS 2605680,12
3471-1478-SE26,MEDICAMENTOS 2605692,12
3471-1495-SE26,MEDICAMENTOS 2605659,12
3471-1498-AG26,MEDICAMENTOS 2605548,12
3471-1507-AG26,MEDICAMENTOS 2605132,12
3471-1510-SE26,MEDICAMENTOS 2605693,12
3471-1512-SE26,MEDICAMENTOS 2605693,12
3471-1513-SE26,MEDICAMENTOS 2605693,12
3471-1514-SE26,MEDICAMENTOS 2605693,12
3471-1515-SE26,MEDICAMENTOS 2605693,12
3471-1552-AG26,MEDICAMENTOS 2604234,12
3471-1554-AG26,MEDICAMENTOS 2605132,12
3471-1555-TD26,Orden de Compra generada por Trato Directo ID 3471-152-FTD26,12
3471-1587-SE26,INSUMOS MEDICOS 2605656-2605740,6
3471-1608-AG26,MEDICAMENTOS 2605132,12
3471-1611-AG26,MEDICAMENTOS 2605663,12
3471-1612-AG26,MEDICAMENTOS 2605037,12
3471-1615-AG26,MEDICAMENTOS 2605663,12
3471-1620-SE26,MEDICAMENTOS 2605715,12
3471-1622-SE26,MEDICAMENTOS 2605715,12
3471-1623-TD26,Orden de Compra generada por Trato Directo ID 3471-162-FTD26,12
3471-1624-CM26,"2605458, ALMACENES GENERALES PAC 2026 UTILES DE ASEO, Orden de Compra: 3471-1624-CM26",5
3471-1627-SE26,MEDICAMENTOS 2605744,12
3471-1636-SE26,MEDICAMENTOS 2605763,12
3471-1640-SE26,MEDICAMENTOS 2605742,12
3471-1643-AG26,MEDICAMENTOS 2605589,12
3471-1661-SE26,INICIO DE VIGENCIA DE CONVENIO SUMINISTRO CEPAS PARA LABORATORIO CLINICO  X 24 MESES ID 3471-21-LE26,6
3471-1664-SE26,TRAUMATOLOGIA 2605627-2605631-2605755.-,4
3471-1665-SE26,TRAUMATOLOGIA 2605757-2605758-2605759-2605760-2605761-2605762.,4
3474-157-CM26,RECARGA DE AGUA PARA LA ESCUELA DE CARABINEROS,12
3474-250-CM26,RECARGA TARJETAS DE ALIMENTACION ASPOF BECARIOS COHORTE 2023-2026 ESCAR,12
3474-273-AG26,ADQUISICION DE GALVANOS PARA INTER ESCUELA DE LA ESCAR,6
3477-375-AG26,Adquisicion de materiales para actividades de OLN / Orden de Compra generada por invitación a compra ágil: 3477-259-COT26,6
3477-377-SE26,"COMPRA DE MATERIALES DE LIBRERÍA PARA EL DESARROLLO DE DIVERSAS ACTIVIDADES DEL ÁMBITO EDUCACIONAL, LABORAL Y COMUNITARIO DEL PROGRAMA SENDA PREVIENE.",6
3478-143-AG26,OPI N°11078-EMPRENDIMIENTO(SERVICIO DE ANIMACION / BOULEVARD OTOÑO 2026),12
3478-149-AG26,OPI N°14280-TENENCIA RESPONSABLE(INSUMOS VETERINARIOS),6
3479-799-CM26,Vales Gas Of. Turismo,6
3479-818-AG26,Servicio de Publicidad en Prensa Escrita y Digital,4
3480-115-AG26,VIVERERES CASINO OFICIALES compra ágil: 3480-98-COT26,6
3482-67-AG26,Orden de Compra generada por invitación a compra ágil: 3482-60-COT26  ADQUISICIÓN DE ÚTILES DE ASEO PARA SER EMPLEADOS EN LAS DEPENDENCIAS DE USO DEL CONTINGENTE DE ESTA UNIDAD REGIMENTARIA.,6
3482-75-AG26,Orden de Compra generada por invitación a compra ágil: 3482-70-COT26  ADQUISICIÓN DE UNA TARJETA DE ALIMENTACIÓN PARA LA ADQUISICIÓN DE VÍVERES PARA LA ATENCIÓN DEL PERSONAL EN EL CASINO MILITAR DE OFICIALES DE ESTA UNIDAD REGIMENTARIA.,6
3485-366-AG26,Orden de Compra generada por invitación a compra ágil: 3485-407-COT26,6
3485-370-AG26,Orden de Compra generada por invitación a compra ágil: 3485-412-COT26,4
3486-240-CM26,Orden de Compra: 3486-240-CM26,6
3486-243-CM26,Orden de Compra: 3486-243-CM26,4
3494-110-AG26,COMPRA DE MATERIALES DE REPARACION PARA ESCUELA MARTIN ALONQUEO - SOLICITUD N° 14555 - C.A 3494-97-COT26,12
3494-124-AG26,COMPRA JUEGOS DIDÁCTICOS PARA ESCUELA MARTÍN ALONQUEO/3494-111-COT26.-,12
3494-126-AG26,COMPRA DE DESFIBRILADORES PARA COMPLEJO EDUCACIONAL LA GRANJA - SOLICITUD N° 13275 - C.A 3494-102-COT26,6
3494-98-AG26,COMPRA TEXTOS ESCOLARES PARA COMPLEJO LA GRANJA/3494-85-COT26.-,12
3500-100-CM26,Orden de Compra: 3500-100-CM26,5
3502-200-AG26,"SC 200 ADQ DE CARROS DE COMPRA PARA DIFUSION DE MALON DE BIENVENIDA DEL PROGRAMA VINCULOS ACOMPAÑAMIENTO INTEGRAL CON ENFOQUE OCUPACIONAL 2024,  Orden de Compra generada por invitación a compra ágil: 3502-149-COT26",6
3502-201-AG26,"SC 210 ADQ DE CARROS DE COMPRAS PARA DIFUSION MALON DE BIENVENIDA DEL PROGRAMA VINCULOS ACOMPAÑAMIENTO INTEGRAL 2025 V20,  Orden de Compra generada por invitación a compra ágil: 3502-156-COT26",6
3504-1292-SE26,PERFIL METALICO DE 75 X 75 X 3 MM; AYUDA SOCIAL A DON JAIME BARRÍA,12
3504-1294-SE26,"TUBOS DE PVC H DE 25 MM, AYUDA SOCIAL A LA SRA. LUZ NAVARRO",12
3504-1299-SE26,TIRAS REACTIVAS DE GLUCOSA PARA MANTENER EN STOCK  - SERVICIOS DE BIENESTAR,12
3504-1337-SE26,CANASTA DE ALIMENTOS N°1 2026; AYUDA SOCIAL A LA SRA. MARÍA LEVICOY,12
3504-1341-SE26,ARRIENDO CAMIÓN COMPACTADOR LOS DIAS 06 AL 08 DE MAYO DEL 2026,12
3504-1354-SE26,CANASTA DE ALIMENTOS N°1 2026; AYUDA SOCIAL A LA SRA. VIANKA MILLALONCO,12
3504-1356-SE26,CANASTA DE ALIMENTOS N°1 2026; AYUDA SOCIAL A DON ISRAEL GUTIERREZ,12
3504-1357-SE26,CANASTA DE ALIMENTOS N°1 2026; AYUDA SOCIAL A LA SRA. MARCIA AGUIL,12
3504-1358-SE26,"CANASTA DE ALIMENTOS N°1 2026; AYUDA SOCIAL A LA SRA, NATALIA MANSILLA",12
3504-1361-SE26,CANASTA DE ALIMENTOS N°1 2026; AYUDA SOCIAL A DON JOSÉ MIGUEL ALVAREZ,12
3504-1362-SE26,CANASTA DE ALIMENTOS N°1 2026; AYUDA SOCIAL A LA SRA. GIMENA MILLÁN,12
3504-1372-SE26,TRASLADO DE AUTOMÓVIL MARCA TOYOTA DESDE TENENCIA HASTA CORRAL MUNICIPAL,12
3504-1374-SE26,TRASLADO DE JEEP MARCA HONDA DESDE TENENCIA HASTA CORRAL MUNICIPAL,12
3504-1375-SE26,COLACIONES PARA EVENTO JUEGOS DEPORTIVO,12
3504-1399-SE26,TRASLADO DE AUTOMÓVIL DESDE PULUTAUCO HASTA CORRAL MUNICIPAL,12
3504-1404-SE26,"TAC DE TORAX- DE ABDOMEN Y MEDIO DE CONTRASTE, AYUDA SOCIAL A LA SRA. ROSA CÁRDENAS",12
3504-1417-SE26,TRASLADO CAMIONETA DESDE CALLE IGNACIO CARRERA PINTO HASTA CORRAL MUNICIPAL,12
3504-1461-SE26,PAÑALES ADULTO FAMILYSET PANTS TALLA M X 16 AYUDA SOCIAL A ELBA OJEDA,4
3506-345-AG26,"DIDECO, PROGRAMA PREPARA2, (INSUMOS COMESTIBLES)",6
3506-347-AG26,"DIDECO, PROGRAMA PARENTALIDAD, S/P N°72, (INSUMOS COMESTIBLES)",6
3506-355-AG26,"DIDECO, S/P Nº73 (ALIMENTOS CENTRO ADULTO MAYOR)",6
3507-294-AG26,Orden de Compra generada por invitación a compra ágil: 3507-270-COT26,6
3507-316-AG26,Orden de Compra generada por invitación a compra ágil: 3507-293-COT26,4
3507-334-SE26,ORDEN DE COMPRA DESDE 3507-3-LE26,6
3507-335-SE26,ORDEN DE COMPRA DESDE 3507-3-LE26,4
3507-336-SE26,ORDEN DE COMPRA DESDE 3507-3-LE26,4
3507-337-SE26,ORDEN DE COMPRA DESDE 3507-3-LE26,4
3508-428-AG26,MICROFONOS DE SOLAPA,6
3509-179-SE26,"CAPAS DE AGUA, DPTO. DE SALUD ",6
3510-405-AG26,Servicio Extracción aguas servidas Escuela Especial Los Arrayanes,12
3510-419-SE26,PAGO TRANSPORTE ESC. EL SEMBRADOR CHOPE,6
3510-424-SE26,PAGO TRANSPORTE ESCOLAR ESC. CHAUQUEAR,6
3510-425-SE26,PAGO TRANSPORTE ESCOLAR ESC. CHAUQUEAR,6
3510-426-SE26,PAGO TRANSPORTE ESCOLAR ESC. CHAUQUEAR,6
3510-431-SE26,PAGO TRANSPORTE ESC. RURAL PUTENIO,6
3510-432-SE26,PAGO TRANSP.  ESCOLAR ESC. RURAL PUTENIO,6
3510-449-SE26,PAGO TRANSPORTE ESCOLAR LICEOS,6
3510-454-SE26,PAGO TRANSPORTE ESCOLAR ESC. RURAL PEÑASMO,4
3510-455-SE26,PAGO TRANSPORTE ESCOLAR ESC. RURAL PEÑASMO,4
3510-456-SE26,PAGO TRANSPORTE ESCOLAR ESC. RURAL PEÑASMO,4
3510-457-SE26,PAGO TRANSP. ESCOLAR ESC. RURAL CHAYAHUE,4
3510-458-SE26,PAGO TRANSPORTE ESCOLAR ESC. RURAL CHAYAHUE,4
3511-161-CM26,Orden de Compra: 3511-161-CM26,6
3511-174-SE26,JARDINES INFANTILES MUNICIPALES,6
3512-501-SE26,SERVICIOS DE COCTEL - AMPROCH -STOP CARABINEROS,4
3516-228-AG26,MATERIALES DE ASEO PARA EL PROGRAMA DE ATENCIÓN DEL CENTRO DE LAS MUJERES- Orden de Compra generada por invitación a compra ágil: 3516-186-COT26,9
3516-319-AG26,Orden de Compra generada por invitación a compra ágil: 3516-278-COT26,5
3516-879-SE25,ORDEN DE COMPRA DESDE 3516-187-LE24,12
3530-52-CM26,Adquisición de víveres para la comisión rancho del casino de oficiales de esta UR.,4
3530-54-AG26,"Adquisiicón de vestuario, parches y distintivos para personal de esta UR.",4
3532-72-CM26,PPTO. S-3 RVA.: ADQ. DE ÚTILES DE ASEO PARA EL MANTENIMIENTO DE DEPENDENCIAS DE LA RESERVA ,4
3532-81-AG26,F.I. CC. CASINO MIL. DE SOF.: ADQ. DE ÚTILES DE ASEO PARA EL MANTENIMIENTO DEL CASINO DE SOF. DEL REGTO. ,4
3533-174-AG26,Adquisición de materiales de oficinas para la FT Húsares,12
3533-181-AG26,adquisición de elementos para el casino de suboficiales ,6
3533-182-AG26, Adquisiciones congeladora isla para ft húsares,6
3533-189-AG26, Adquisición de elementos de menaje para la UR,5
3533-84-AG26,Adquisición de mesas y sillas para ser utilizadas en las dependencias de la FT Húsares,12
3537-235-AG26," Adquisición de crucetas y pernos de rueda para Camiones CI-21165, CI-21166 y CI-21167",6
3540-264-SE26,"Petróleo L.Tapera Sum.3525-6-LR25(1839,1840)",6
3540-295-AG26,Impresora Epson Ecotank: 3540-113-COT26,4
3540-299-SE26,Petróleo L.Tapera Sum.3525-6-LR25 (P.1901-1902),4
3542-128-AG26,Orden de Compra generada por invitación a compra ágil: 3542-61-COT26,6
3542-129-AG26,Orden de Compra generada por invitación a compra ágil: 3542-63-COT26,4
3542-3448-SE25,ORDEN DE COMPRA DESDE 3542-6-LE25,12
3545-137-SE26,TRANSACCIONES DE BONOS ELECTRONICOS,4
3558-120-SE26,Arriendo de impresoras y servicio de impresión Abr,6
3558-121-SE26,Reas Abril,4
3558-62-SE26,Protesis Dentales,4
3590-79-CM26,Orden de Compra: 3590-79-CM26,5
359-1361-AG26,Orden de Compra generada por invitación a compra ágil: 359-143-COT26,6
359-1363-AG26,Orden de Compra generada por invitación a compra ágil: 359-144-COT26,6
359-1364-AG26,Orden de Compra generada por invitación a compra ágil: 359-134-COT26,6
359-1367-SE26,ORDEN DE COMPRA DESDE 359-123-LR24,4
359-1368-SE26,ORDEN DE COMPRA DESDE 359-123-LR24,4
359-1369-SE26,ORDEN DE COMPRA DESDE 359-146-LP25 JUNIO 2026,4
3593-184-AG26,Orden de Compra generada por invitación a compra ágil: 3593-177-COT26,4
3594-170-AG26,PÓLIZAS DE SEGURO SOAP PARA CAMIONETAS MUNICIPALES,12
3596-375-AG26, Diplomado en Seguridad Pública compra ágil: 3596-315-COT26,6
3596-379-SE26,SACOS DE CEMENTO PARA GIMNASIO MUNICIPAL,4
3597-328-AG26,Orden de Compra generada por invitación a compra ágil: 3597-355-COT26,6
3608-268-AG26,"Adq. de mochilas, polar y parkas/Secplan-Programa Pequeñas Localidades (desde 3608-260-COT26)",6
3614-108-AG26,ADQUISICION INSUMOS COMPUTACIONALES compra ágil: 3614-38-COT26,6
3614-83-SE26,MEDICAMENTOS Y ALIMENTOS LIC 3614-8-LE26,12
3616-57-AG26,Servicio de limpieza de fosas sépticas de PSR. Compra ágil: 3616-57-COT26,6
3616-60-AG26,Renovación de licencias y equipo reloj control de asistencia. Compra ágil: 3616-59-COT26,4
3617-49-SE26,Sire 547 Sic 549 STARLINK unidades Provincia de  U ESPERANZA,12
3617-70-SE26,SS. de cambio de aceite y filtros camioneta MNCM SIRE 370 SIC 488,4
3617-71-SE26,SS. mantención y cambio de aceite Camiones DEPRIF SIRE 369 SIC 487,4
3621-147-AG26,CONTRATACION DE PRESENTACION ARTISTICA CANTANTE DOBLE Y TRIBUTO A CHAYANE,12
3621-220-SE25,SERVICIO DE MANTENCION Y ASEO DE AREAS VERDES,12
3621-330-SE21,Orden de Compra generada por invitación a Servicio Especializado: 4541-29-IN21,12
362-265-AG26,Orden de Compra generada por invitación a compra ágil: 362-176-COT26,4
362-267-AG26,Orden de Compra generada por invitación a compra ágil: 362-181-COT26,4
362-268-AG26,Orden de Compra generada por invitación a compra ágil: 362-209-COT26,4
362-269-SE26,compra de gas,4
363-210-AG26,Orden de Compra generada por invitación a compra ágil: 363-156-COT26,6
363-211-AG26,Orden de Compra generada por invitación a compra ágil: 363-148-COT26,4
363-212-AG26,Orden de Compra generada por invitación a compra ágil: 363-149-COT26,4
363-213-AG26,Orden de Compra generada por invitación a compra ágil: 363-146-COT26,4
363-214-AG26,Orden de Compra generada por invitación a compra ágil: 363-147-COT26,4
3633-78-CM26,COLACIONES FAEP Orden de Compra: 3633-78-CM26,5
3634-210-AG26,COMPRA EQUIPAMIENTO FOTOGRAFICO PARA MUNICIPALIDAD DE MALLOA,6
3635-74-CM26,"Compra Establecimientos Educionales , Jardines VTF  y Daem ",5
3637-109-AG26,Publicación en Diario Regional,12
3638-221-AG26,ADQUISICIÓN DE ALERO DE POLICARBONATO - MUSEO MUNICIPAL,6
3638-227-AG26,ADQUISICIÓN INSUMOS VARIOS PARA LA UNIDAD DE CULTURA,6
3638-228-AG26,ADQUISICIÓN DE MATERIALES DE CONSTRUCCIÓN EN CONCEPTO DE AYUDA ASISTENCIAL,6
3638-230-AG26,"ADQUISICIÓN DE CAMA + COLCHON DE 2 PLAZAS, EN CONCEPTO DE AYUDA ASISTENCIAL ",6
3638-231-AG26,SERVICIO DE AMPLIFICACIÓN E ILUMINACIÓN PARA ACTIVIDADES DEL ANIVERSARIO DE PORVENIR.,6
3638-235-AG26,ADQUISICIÓN BOLSAS REUTILIZABLES FPR,6
3638-240-AG26,ADQUISICIÓN DE MATERIALES DE CONSTRUCCIÓN PARA EL CONTROL CANINO,6
3638-241-AG26,ADQUISICIÓN EXTINTORES DE POLVOS HOLI - ACTIVIDAD ANIVERSARIO,4
3638-242-CM26,Orden de Compra: 3638-242-CM26,6
3638-243-CM26,Orden de Compra: 3638-243-CM26,6
3651-174-AG26,ADQUISICION E INSTALACION SELLO PUERTA AUTOCLAVE CESFAM CANTERAS,6
3654-112-TD26,Orden de Compra generada por Trato Directo ID 3654-7-FTD26,12
3654-121-CM26,Orden de Compra: 3654-121-CM26,6
3654-123-CM26,Orden de Compra: 3654-123-CM26,6
3656-305-TD26,Orden de Compra generada por Trato Directo ID 3656-19-FTD26,6
3658-209-AG26,"COMPRA DE MATERIALES REPARACION CAMINO,Orden de Compra generada por invitación a compra ágil: 3658-185-COT26",12
3658-216-AG26,"COMPRA DE SABANILLAS CASOS SOCIALES,Orden de Compra generada por invitación a compra ágil: 3658-172-COT26",12
3659-376-SE26,ARRIENDO DISPENSADORES,6
3659-377-SE26,BIDONES DE AGUA,6
3659-381-SE26,ALIMENTOS,6
3663-284-AG26,Orden de Compra generada por invitación a compra ágil: 3663-39-COT26,6
3664-100-SE26,ORDEN DE COMPRA DESDE 3664-11-LE26,6
3664-107-AG26,Orden de Compra generada por invitación a compra ágil: 3664-73-COT26,4
3664-108-AG26,Orden de Compra generada por invitación a compra ágil: 3664-79-COT26,4
3664-109-AG26,Orden de Compra generada por invitación a compra ágil: 3664-71-COT26,4
3664-110-AG26,Orden de Compra generada por invitación a compra ágil: 3664-80-COT26,4
3665-297-AG26, ALIMENTOS Y BEBESTIBLES. PROMO,4
3665-298-AG26," TOALLA FACIAL, MOCHILA MORRAL Y GORROS PERSONALIZADOS. PROMO",4
3678-151-AG26,ADQUISICIÓN DE INSUMOS DE RED Y REPUESTOS PARA COMPUTADORES,4
3679-145-AG26,"Orden de Compra generada por invitación a compra ágil: 3679-88-COT26, POR LA COMPRA DE PORTA DOSÍMETRO PERSONAL Y CONTRATACION DE SERVICIOS DE DOSIMETRÍA SEGUNDO, TERCER Y CUARTO TRIMESTRE AÑO 2026 PARA EL DEPTO. SALUD DE SAN ESTEBAN.",12
3679-149-AG26,Orden de Compra generada por invitación a compra ágil: 3679-91-COT26: Por el arriendo de un salón para la realización de una capacitación dirigida a 160 funcionarios del CESFAM de San Esteban. Las dependencias deberán estar geográficamente ubicadas en la ,12
3679-162-AG26,"Orden de Compra generada por invitación a compra ágil: 3679-98-COT26, POR LA COMPRA DE ALIMENTOS SALUDABLES PARA ACTIVIDADES DEL PROGRAMA MAS ADULTOS MAYORES AUTOVALENTES DEL DEPTO. SALUD DE SAN ESTEBAN.",12
3679-174-CM26,Por la compra de combustible destinado a los vehículos fiscales del Departamento de Salud San Esteban.,4
3679-177-AG26,"Orden de Compra generada por invitación a compra ágil: 3679-103-COT26, POR LA CONTRATACION DE 2 SEGUROS POR DAÑOS PROPIOS Y A TERCEROS DE VEHÍCULOS FISCALES HYUNDAI EON PATENTES HZSJ-11 Y HZSJ-18, DEL DEPTO. SALUD DE SAN ESTEBAN.",4
3682-429-AG26,"capacitación- taller, dirigido a las asistentes de cuidados pertenecientes al servicio de atención domiciliaria programa RLAC ",9
3682-474-TD26,Orden de Compra generada por Trato Directo ID 3682-335-FTD26,12
3686-42-AG26,Orden de Compra generada por invitación a compra ágil: 3686-18-COT26,4
3687-135-TD26,Orden de Compra generada por Trato Directo ID 3687-108-FTD26,6
3688-202-TD26,Orden de Compra generada por Trato Directo ID 3688-57-FTD26,4
3690-153-SE26,ORDEN DE COMPRA DESDE ID 3690-2-R126,4
3692-196-AG26,62 Planes de Telefonía Móvil: compra ágil: 3692-143-COT26,6
3696-89-AG26,Orden de Compra generada por invitación a compra ágil: 3696-22-COT26 Adquisición de pastillas aromatizantes de baño,4
3697-420-AG26,"Orden de Compra generada por invitación a compra ágil: 3697-70-COT26, ADQUISICION DE MATERIALES DE OFICINA, CENTRO DE LAS MUJERES.-",4
3703-253-AG26,Orden de Compra generada por invitación a compra ágil: 3703-195-COT26POLERONES INSTITUCIONALES CONSEJO CONSULTIVO ,6
3703-257-TD26,Orden de Compra generada por Trato Directo ID 3703-34-FTD26,6
3706-191-AG26,Neumaticos vehiculos y maquinaria pesada,4
3707-265-AG26, ADQUISICIÓN DE KIT STARLINK STANDAR SOLICITADO POR PPL CHUNGUNGO Orden de Compra generada por invitación a compra ágil: 3707-225-COT26,6
3707-269-TD26,Orden de Compra generada por Trato Directo ID 3707-41-FTD26,6
3709-1693-SE25,ORDEN DE COMPRA DESDE 3709-52-LE25,6
3709-432-AG26,"3709-13-COT26 COMPRA PLATAFORMA DE LECTURA PARA ESCUELAS PATRICIO LYNH, SAN PEDRO, PEHUENCO. ",6
3709-433-SE26,"3709-1-LP25 COMPRA MATERIAL ELECTRICO ESC. SAN PEDRO, MANTENIMIENTO",4
3709-434-SE26,"3709-49-LP25 COMPRA MATERIAL FERRETERIA ESCUELA MONICA GEBERT,, MANTENIMIENTO",4
3709-435-SE26,"3709-35-LE24 MATERIAL DIDACTICO ESC. MONICA GEBERT, SEP",4
3709-437-SE26,3709-51-LP25 COMPRA VESTUARIO ESCUELA PATRICIO LYNCH PUA,4
3709-438-SE26,3709-38-LE25 TRASLADOS ESC. MONICA GEBERT SEP,4
3709-439-AG26,"compra ágil: 3709-12-COT26 COMPRA LIBROS LECTURA COMPLEMENTARIA LICEO JORGE ALESSANDRI RODRIGUEZ, SEP",4
3710-260-SE26,Insumos para el Servicio de Esterilización del CESFAM Victoria,6
3710-266-AG26,ELECTROCARDIOGRAFO Y MONITOR MULTIPARAMETRO PARA PSR CESFAM,5
3712-343-CM26,Pañales para el programa Red Local de Apoyos y Cuidados. ,6
3712-366-SE26,"Servicio de movilización, Participación Ciudadana. ",4
3713-61-SE26,Mantención y reparación vehículos DSM,4
3713-62-AG26,Parches y baterías DEA,4
3730-264-SE26,SUMI. EQUIPAMIENTO DEPORTIVO (OF. DEL DEPORTE) NP/,6
3730-274-SE26,ADQUISICION DE UNA LISTA DE PRODUCTOS E INSUMOS MEDICOS  3730-33-L126,6
3740-83-SE26,ORDEN DE COMPRA DESDE 3740-1-LE26,6
3743-134-AG26,Implementos Deportivos Escuela La Villa,6
3751-156-SE26,Colaciones para Escuela Reserva Forestal - 19-05-2026,6
3755-71-SE26,PROVENIENTE DE LICITACIÓN 711-28-LP24,12
3755-97-AG24,Orden de Compra generada por invitación a compra ágil: 3755-54-COT24,12
3756-354-AG26,ADQUISICIÓN DE MATERIALES PARA MEJORAMIENTO DE PISO DE OFICINA DE PARTES según compra ágil: 3756-347-COT26,6
3756-358-AG26,"ADHESIVO DE PORCELANATO PARA PROYECTO MEJORAMIENTO DE DEPENDENCIAS MUNICIPALES, segun compra ágil: 3756-360-COT26",4
3759-497-AG26,Orden de Compra generada por invitación a compra ágil: 3759-119-COT26,6
3762-387-SE26,Ayuda Social Inf. N°92 Dpto. Social,4
3762-388-SE26,Ayuda Social Inf. N°93 Dpto. Social,4
3762-389-SE26,Ayuda Social Inf. N°95 Dpto. Social,4
3762-390-SE26,Ayuda Social Inf. N°97 Depto. Social,4
3762-391-SE26,Ayuda Social Inf. N°98 Dpto. Social,4
3762-392-SE26,Ayuda Social Inf. N°99 Dpto. Social,4
3762-393-SE26,Ayuda Social Inf. N°100 Dpto. Social,4
3762-394-SE26,Ayuda Social Inf. N°101 Dpto. Social,4
3762-395-SE26,Materiales - Administración ,6
3764-242-AG26,"ADQUISICION DE VESTUARIO DE REACCION PARA PERSONAL DE SEGURIDAD PUBLICA, compra ágil: 3764-201-COT26",12
3764-304-AG26,"ADQUISICION DE EMPANADAS Y COLACIONES PARA DESFILE CONMEMORACION GLORIAS NAVALES, compra ágil: 3764-253-COT26",4
3765-404-TD26,Orden de Compra generada por Trato Directo ID 3765-158-FTD26,4
3765-407-TD26,Orden de Compra generada por Trato Directo ID 3765-160-FTD26,6
3765-430-TD26,Orden de Compra generada por Trato Directo ID 3765-122-FTD25,6
3765-434-TD26,Orden de Compra generada por Trato Directo ID 3765-167-FTD26,6
3766-137-SE26,ORDEN DE COMPRA DESDE 3766-4-LE26,6
3767-58-TD26,Orden de Compra generada por Trato Directo ID 3767-7-FTD26,4
377-193-AG26,"Orden de Compra generada por invitación a compra ágil: 377-160-COT26, DIPLOMADO DERECHO URBANISTICO",6
3776-248-AG26,"Adquisición e instalación cúpula vehículo VIR, 3776-85-COT26",6
3776-249-AG26,"Adquisición de equipamiento clínico vehículo VIR, 3776-88-COT26.-",5
3776-261-TD26,Orden de Compra generada por Trato Directo ID 3776-146-FTD26,6
3776-264-TD26,Orden de Compra generada por Trato Directo ID 3776-152-FTD26,6
3778-130-AG26,Mantención Correctiva de Vehículo Institucional Peugeot Rifter: 3778-107-COT26,12
3780-219-SE26,"Cas-chile abril 2026, Sol. N° 8, Andrea Villarroel.",6
3784-266-SE26,ORDEN DE COMPRA DESDE LICITACION 3784-161-LP25,4
3785-135-AG26,TRASLADO DE ALUMNOS ,6
3786-44-SE26,ORDEN DE COMPRA DESDE 3786-5-LE25,6
3791-553-AG26,Orden de Compra generada por invitación a compra ágil: 3791-493-COT26,6
3791-554-AG26,Orden de Compra generada por invitación a compra ágil: 3791-492-COT26,6
3791-555-AG26,Orden de Compra generada por invitación a compra ágil: 3791-479-COT26,4
3791-556-AG26,Orden de Compra generada por invitación a compra ágil: 3791-482-COT26,6
3793-100-SE26,ORDEN DE COMPRA DESDE 3793-10-L126,6
3793-111-AG26,Orden de Compra generada por invitación a compra ágil: 3793-84-COT26,4
3793-112-AG26,Orden de Compra generada por invitación a compra ágil: 3793-83-COT26,4
3793-86-CM26,Orden de Compra: 3793-86-CM26,6
3794-3313-CM26,LESIONADO EN ACTOS DEL SERVICIO,6
3794-3314-CM26,COMISION DE SERVICIO,6
3794-3315-CM26,COMISION DE SERVICIO,6
3797-330-SE26,MATERIALES DE ASEO MERCADO TAMANGO,12
3797-333-AG26,Orden de Compra generada por invitación a compra ágil: 3797-206-COT26,6
3797-334-SE26,SERVICIO ALIMENTACION FESTIVAL DE LA ESCARCHA,4
3797-335-SE26,RECONOCIMIENTOS FERIA CALDIAD DEL AIRE,6
3803-35-AG26,Materiales de escritorio a compra ágil: 3803-36-COT26,4
3810-412-SE26,ADQUISICION DE PILAS AA EBIDO A QUE SON INDISPENSABLES PARA EL CORRECTO FUNCIONAMIENTO DE LOS MICRÓFONOS UTILIZADOS EN LOS SISTEMAS DE AMPLIFICACIÓN MUNICIPAL SOLICITUD 563/26 DIDECO,12
3810-416-SE26,SERVICIO DE TRASLADO PARA EL CLUB DE ADULTO MAYOR RAYITO DE LUZ DEL LLANO CON DESTINO A LAS TERMAS DE QUINAMAVIDASOLICITUD N° 566/26 DIDECO,12
3810-434-SE26,SERVICIO DE TRASLADO PARA EL CLUB DE PATINES RUEDAS AL VIENTO LOS CUALES VIAJAN POR EL DÍA AL PATINODROMO DE RENGO. SOLICITUD N° 577/26 DIDECO,12
3810-435-SE26,"SERVICIO DE TRASLADO PARA ORFEON DE CARABINEROS/ CUADRO VERDE, DESDE SANTIAGO A PICHILEMU, SOLICITUD 575/26, DIDECO",12
3810-438-SE26,"SERVICIO DE ARRIENDO DE EXCAVADORA PARA LIMPIEZA Y DESPEJE DE CANALES, RETIRO DE ESCOMBROS Y MANTENCION EN DISTINTOS SECTORES DE LA COMUNA, SOLICITUD 583/26, OPERACIONES",6
3810-447-CM26,"ADQUISICION DE COMBUSTIBLE PARA TRASLADOS DE PACIENTES, GENERADORES Y VEHICULOS MUNICIPALES, MEMO 185/26, MOVILIZACION",6
3810-448-CM26,"ADQUISICION DE COMBUSTIBLE PARA VEHICULOS MUNICIPALES, ASISTENCIA SOCIAL Y PROGRAMAS MUNICIPALES,  MEMOS N° 198/197/194/195/193/190/188/196/189/187/186 DEL 2026.-",6
3810-449-SE26,"ADQUISICION DE PENDON Y AFICHES PARA DIFUSION Y PROMOCION DEL PROYECTO CIRCULACION RURAL DE ARTES INTEGRADOS EN LOS SECTORES RURALES DE PAÑUL Y CARDONAL, SOLICITUD 585/26, OF DE LA CULTURA",4
3811-170-AG26,Orden de Compra generada por invitación a compra ágil: 3811-152-COT26,6
3811-175-AG26,Orden de Compra generada por invitación a compra ágil: 3811-155-COT26,6
3820-415-AG26,Compra de organizadores de escritorio DOM,4
3820-416-AG26,Comrpa de conos viales para Operaciones y Mantención,4
3821-150-AG26,Medicamentos FOFAR: 3821-131-COT26,6
3821-155-SE26,Servicio Soporte y Asistencia Técnico Abril,6
3825-150-AG26,Orden de Compra generada por invitación a compra ágil: 3825-147-COT26,6
3826-172-AG26,Orden de Compra generada por invitación a compra ágil: 3826-235-COT26,6
3827-218-AG26,Artículos de aseo S.C 4400 generada por invitación a compra ágil: 3827-107-COT26,12
3827-228-AG26,Impresos. S.C 4393; generada por invitación a compra ágil: 3827-109-COT26,12
3827-231-AG26,Mantención Por Kilometraje. S.C 4852;  generada por invitación a compra ágil: 3827-114-COT26,12
3827-251-AG26,Orden de Compra generada por compra ágil: 3827-122-COT26. s.c. 3349,12
3827-253-AG26,Bolso de transporte y medidor de T°.  S.C 3350; generada por invitación a compra ágil: 3827-131-COT26,12
3827-257-SE26,Laboratorio,6
3827-258-SE26,Laboratorio,6
3827-259-AG26,"Herramientas S.C 4326, 4327 y 4328 generada por invitación a compra ágil: 3827-132-COT26",12
3827-273-AG26,Monofilamentos S.C 4807 generada por invitación a compra ágil: 3827-143-COT26,12
3827-285-AG26,"Artículos computacionales S.C 4912,4913 generada por invitación a compra ágil: 3827-157-COT26",6
3829-43-AG26,ADQUISICION DE TALONARIOS RECETA CHEQUE,6
3834-133-AG26,Adquisicion de impresoras [JPL] - Compra Ágil: 3834-40-COT26,6
3838-140-AG26, Adquisicion de Insumos Médicos para ser utilizados en el Centro Médico Veterinario Santa Cruz / Orden de Compra generada por invitación a compra ágil: 3838-95-COT26,6
3838-141-AG26, Adquisición de caniles de transporte para ser utilizados en el servicio diario del Centro Médico Veterinario Municipal de Santa Cruz / Orden de Compra generada por invitación a compra ágil: 3838-87-COT26,6
3841-53-SE26,"Disposición de Residuos Sólidos Domiciliarios, Pemuco",6
3841-54-SE26,"Disposición de Residuos Sólidos Domiciliarios, Pemuco",6
3853-274-AG26,Adquisición de Chip con Plan,6
3858-232-AG26,ADQ. DE TINTAS PARA IMPRESORA  ESCUELA LGA,6
3861-85-AG26,Orden de Compra generada por invitación a compra ágil: 3861-40-COT26,4
3863-170-SE26,"ORDEN DE COMPRA DESDE 3863-16-LE26, ADQ. EQUIPO COMP. Y PERIFERICOS, ESTABLECIMIENTOS",9
3864-118-AG26,Orden de Compra generada por invitación a compra ágil: 3864-123-COT26,9
3866-62-AG26,Adquisición de elementos para implementación deportiva,6
3869-258-AG26,Orden de Compra generada por invitación a compra ágil: 3869-337-COT26,4
3871-80-AG26,MANTENCION GENERADOR 54,4
3871-97-AG26,MATERIALES KIT MENSTRUACION 63,6
387-309-AG26,Servicio de mantención preventiva 60.000 km. .Compra ágil: 387-268-COT26,6
3873-8432-AG26,Orden de Compra generada por invitación a compra ágil: 3873-144-COT26,4
3873-8433-AG26,Orden de Compra generada por invitación a compra ágil: 3873-143-COT26,4
3874-98-AG26,PROCESAMIENTO DE MUESTRAS (BIOPSIAS) ,6
3876-92-AG26,Orden de Compra generada por invitación a compra ágil: 3876-98-COT26,6
3876-9-AG26,Orden de Compra generada por invitación a compra ágil: 3876-14-COT26,12
3877-201-AG26,Orden de Compra generada por invitación a compra ágil: 3877-226-COT26,6
3877-206-CM26,Orden de Compra: 3877-206-CM26,4
3881-395-SE26,"ADQUISICIÓN DE MATERIALES DE CONSTRUCCIÓN, CASOS SOCIALES 44 FAMILIAS",4
3885-222-SE26,“Servicio de mantención conservación y mejoramiento de jardines y áreas verdes en las localidades de Pica Matilla y Valle de Quisma”,6
3885-223-SE26,RECOLECCIÓN DE RESIDUOS DOMICILIARIOS LIMPIEZA DE CALLES EN LAS LOCALIDADES DE PICA MATILLA VALLE DE QUISMA CANCOSA Y LIRIMA ASEO A INMUEBLES MUNICIPALES MANTENCIÓN Y OPERACIONES.,6
3888-346-CM26,Orden de Compra: 3888-346-CM26,6
3889-228-AG26,Adquisicion de medicamentos e insumos Veterinarios (No contenidos en Convenio de suministro 2026) compra ágil: 3889-185-COT26,6
3891-76-AG26,"TRANSPORTE ESCOLAR POR 3 DIAS EN ESCUELA JERÓNIMO NECULPAN, QUIÑENAHUIN. Orden de Compra generada por invitación a compra ágil: 3891-79-COT26",4
3892-221-AG26,Servicio traslado delegación alumnos F.G.M.R.,4
3897-296-AG26,TINTAS,6
3899-101-AG26,PROYECTORES a compra ágil: 3899-23-COT26,6
3902-18-SE26,ORDEN DE COMPRA DESDE 3902-19-LE26,6
3902-19-SE26,ORDEN DE COMPRA DESDE 3902-14-LE26,6
3909-122-AG26,ADQUISICIÒN DE ARCHIVADORES PARA LICEO POLITÈCNICO DOMINGO SANTA MARÌA,6
3909-136-AG26,"COMPRA DE TONER, TINTAS E IMPRESORA PARA LICEO POLITÉCNICO D.S.M",6
3916-180-AG26,Orden de Compra generada por invitación a compra ágil: 3916-204-COT26,6
3917-100-AG26,compra material taller C-20 SEP a compra ágil: 3917-76-COT26,4
3917-35-AG26,Servicio alimentacion C-21 a compra ágil: 3917-27-COT26,12
3917-71-AG26,Implementos deportivos D-135 a compra ágil: 3917-55-COT26,12
3917-96-AG26,estante G-107 a compra ágil: 3917-73-COT26,6
3920-3-SE26,ORDEN DE COMPRA DESDE 3920-12-LP25,4
3922-418-SE26,"Adquisición de material de enseñanza para actividades asociaadas a la Reactivación Educativa con estudiantes del Liceo Politécnico Villarrica, Fondos SEP.",6
3926-130-AG26,INSUMOS DENTALES,6
3927-114-AG26," ADQUISICIÓN ACCESORIOS AUDIOVISUALES E INSUMOS TECNOLOGICOS PARA ESCUELA RURAL BAHIA MANSA ORD N°37, FONDOS SEP. Orden de Compra generada por invitación a compra ágil: 3927-161-COT26",6
3927-119-AG26, ADQUISICIÓN Y PROVISIÓN DE MATERIALES DE FERRETERÍA Y ELEMENTOS DE SEGURIDAD PARA FUNCIONARIOS. FONDOS DAEM.Orden de Compra generada por invitación a compra ágil: 3927-168-COT26,4
3928-448-AG26,ADQUISICION DE BATERIA PARA DESFIBRILADORES AUTOMATICOS (DEA) PARA COLEGIO DIVINO MAESTRO,6
3932-277-AG26,Orden de Compra generada por invitación a compra ágil: 3932-170-COT26,6
3934-41-SE26,ORDEN DE COMPRA DESDE 3934-4-L126,6
3935-91-SE26,ADQ. MATERIALES DE CONSTRUCCION PARA STOCK BODEGA (madera),6
3937-153-AG26,MANTENCIÓN PREVENTIVA Y CORRECTIVA DE EQUIPOS DENTALES DEPTO. DE SALUD MUNICIPAL DE CURARREHUE,4
3938-162-SE26,CURSO DE CAPACITACIÓN RENTAS Y PATENTES,12
3945-297-SE26,MANTENCION CAMION LRJX-93 ,12
3945-306-SE26,MATERIALES DE FERRETERIA       ,6
3949-186-CM26,RECARGA DE GAS 500LT - CASA TEA - (LIMA),12
3949-191-CM26,RECARGA DE GAS / 1700LT CAG (LIMA) ,12
3949-61-AG26,"Servicio de Desratización Casa TEA, Magallanes 511 compra ágil: 3949-33-COT26, acc",12
3951-104-SE26,"SERVICIO DE ARRIENDO DE IMPRESORAS MULTIFUNCIONALES PARA EL CVDS, ABRIL 2026",6
3951-113-SE26,ORDEN DE COMPRA DESDE 3951-29-L126,6
3951-88-AG26,Orden de Compra generada por invitación a compra ágil: 3951-12-COT26,12
3951-95-SE26,ORDEN DE COMPRA DESDE 3951-26-LE26,12
3960-158-AG26,CAPACITACIÓN LEY TRIBUTARIA PRODESAL,4
3962-210-AG26,Orden de Compra generada por invitación a compra ágil: 3962-154-COT26,4
3962-211-AG26,Orden de Compra generada por invitación a compra ágil: 3962-152-COT26,4
3962-212-AG26,Orden de Compra generada por invitación a compra ágil: 3962-150-COT26,4
3962-213-AG26,Orden de Compra generada por invitación a compra ágil: 3962-157-COT26,4
3962-214-AG26,Orden de Compra generada por invitación a compra ágil: 3962-156-COT26,4
3964-41-AG26,ADQUISICION DE MATERIALES DE CONSTRUCCION,4
3968-65-AG26,PINTURA PARA MULTICANCHA ESCUELA CARLOS CORREA NUÑEZ,4
3980-70-SE26,ORDEN DE COMPRA DESDE 3980-4-LE26,12
3981-18-AG26,INSTALACIÓN Y/O MANTENCIÓN CÁMARAS DE VIGILANCIA EN DISTINTOS PUNTOS DE LA COMUNA,4
3982-203-CM26,"Vales de recarga de gas, Liceo, SEP.Orden de Compra: 3982-203-CM26",4
3994-131-AG26,ADQUISICION DE LICENCIAS DE SKETCHUP PRO SCAN 2026 PARA ARQUITECTURA,6
3996-147-TD26,Orden de Compra generada por Trato Directo ID 3996-4-FTD26,6
4019-164-AG26,COMPRA DE MATERIALES DE OFICINA PARA LA OFICINA DE DIDECO,6
4019-165-AG26,COMPRA DE MATERIALES DE OFICINA PARA EL PROGRAMA 4 A 7,6
4020-394-CM26,PAÑALES STOCK PROGRAMA CUIDADOS DOMICILIARIOS. ADULTO MAYOR. 4020-394-CM26,4
4020-397-AG26, INTERVENCION PSICOLABORAL DEPARTAMENTO UDEL compra ágil: 4020-320-COT26,4
4034-205-CM26,"ADQUISICIÓN DE RESMAS DE OFICIO Y CARTA PARA LICEO JOSÉ DE LA CRUZ MIRANDA CORREA, ORDINARIO N°75 - FONDOS SEP 90%",6
4037-221-SE26,ALIMENTOS DESFILES GLORIAS NAVALES 2026 DIDECO,6
4037-246-SE26,MATERIALES DE ASEO COMPLEJO INTERCULTURAL DIDECO,6
4044-257-SE26,ORDEN DE COMPRA DESDE 4044-15-LP26,6
4044-311-AG26,Orden de Compra generada por invitación a compra ágil: 4044-245-COT26,6
4050-119-TD26,Orden de Compra generada por Trato Directo ID 4050-12-FTD26,12
4050-317-TD26,Orden de Compra generada por Trato Directo ID 4050-19-FTD26,6
4051-94-AG26,Vestuario de seguridad para Municipalidad,4
4055-197-CM26,ADQUISICIÓN DE COMPUTADORES 4055-197-CM26,4
4055-198-AG26,ADQUISICIÓN DE BUCLE DIT 4055-154-COT26,4
4055-199-AG26,EQUIPAMIENTO PARA ESPACIOS INCLUSIVOS 4055-157-COT26,4
4055-200-AG26,ADQUISICIÓN DE SEÑALETICA DIT 4055-155-COT26,4
4057-363-AG26,ADQ. ALMUERZOS TRANSPORTABLES ESC. FRONTERIZA SEP - Orden de Compra generada por invitación a compra ágil: 4057-414-COT26,4
4058-98-CC26,CONVENIO SUMINISTRO GASTROENTEROLOGIA 2025,6
4062-328-AG26,Orden de Compra generada por invitación a compra ágil: 4062-382-COT26,6
4062-349-AG26,Orden de Compra generada por invitación a compra ágil: 4062-411-COT26,6
4062-351-AG26,Orden de Compra generada por invitación a compra ágil: 4062-417-COT26,6
407-252-AG26, SUMINISTRO E INSTALACIÓN DE EQUIPOS MANÓMETRO DIFERENCIAL DE PRESIÓN,12
407-265-SE26,MTTO TAC AQUILION 64 CUOTA 6,12
407-349-SE26,LIMPIEZA DE CÁMARA DESDE 407-83-LP25,12
407-362-TD26,Orden de Compra generada por Trato Directo ID 407-49-FTD26,12
407-365-SE26,Cuota 17 de 24 Arriendo de Sistema de Monitoreo de,12
407-373-SE26,MTTO EQUIPOS ANATOMAI PATOLOGICA CUOTA 2 DE 2,12
407-409-SE26,Cuota 2//Mtto ventiladores mecánicos DESDE 407-211,12
407-447-SE26,Cuota 13/Planta Elevación Agua ID 407-219-LE24,12
407-450-SE26,"Mantenimiento Lavachatas, cuota 3 , des",12
407-455-SE26,TRANSPORTE PARA HOSPITALIZACIÓN DOMICILIARIA MARZO,12
407-486-SE26,MANTENIMIENTO EQUIPOS ALIMENTACIÓN DESDE 407-212-L,12
407-487-SE26,Servicio de traslado Paciente onco. 407-90-LP25,12
407-5038-SE25,MANTEN. EQUIPO DE PABELLON CENTRAL 407-178-LE24,12
407-5064-SE25,MANT CORR CISTONEFROSCOPIO POLI UROLOGÍA,12
407-5422-AG25,MTTO CORRECTIVO VIDEOENDOSCOPIO 407-211-COT25,12
4075-45-SE26,ORDEN DE COMPRA DESDE 4075-5-L126,12
407-5475-SE25,MANT VIDEOCOLONOSCOPIO scom 21044,12
4075-54-AG26,Orden de Compra generada por invitación a compra ágil: 4075-30-COT26,12
4077-67-AG26,Adquisición sillas ,5
4079-203-SE26,FOTOCOPIAS TRANSITO Y DAF,6
4081-174-CM26,LEÑA PARA LICEO SALTOS DEL LAJA,6
4081-178-AG26, CURSOS PARA EL DPTO DE EDUCACION,6
4083-224-CM26,Insumos Médicos NP Nº361,4
4085-321-AG26,SOLICITUD DE COMPRA POR ALIMENTOS SALUDABLES COMPRA AGIL 4085-185-COT26,6
4089-255-CM26,ADQUISICIÓN MATERIAL DE OFICINA PARA PROGRAMA HPV I Y HPV II,6
4090-130-AG26,EQUIPAMIENTO CLINICO BOX MATRONA CESFAM CARELMAPU,12
4090-138-AG26,REDES PARA DESAM (INFORMATICA),12
4090-167-AG26,TERMOLAMINADORA E IMPRESORA DE ETIQUETAS Y OTROS PARA DESAM,6
4091-188-AG26,TRANSPORTE ESCOLAR LICEO FRANCISCO VIDAL G. (SALTO CHICO),6
4099-237-CM26,Orden de Compra: 4099-237-CM26,6
4100-71-AG26,"ADQUISICION ÚTILES ASEO PARA CENTRO DOCTRINA Y ÉTICA, proveniente de compra ágil: 4100-77-COT26, DOE 252586028",12
4100-75-AG26,"ADQUISICION INSUMOS COMPUTACIONALES PARA CENTRO DOCTRINA Y ÉTICA, proveniente de compra ágil: 4100-93-COT26, DOE 253891313",6
4100-76-AG26,"ADQUISICION MEDALLA ESCUELA DE CARABINEROS PARA EL DEPTO. RELACIONES PUBLICAS, proveniente de compra ágil: 4100-95-COT26",6
4104-77-AG26,PETROLEO CALDERA ESCUELA PRESBITERO,6
4104-88-AG26," MATERIAL DE ENSEÑANZA PARA TALLER DE ARTES VISUALES DEL LICEO BICENTENARIO A.A.GORBEA, FONDOS SEP",6
4105-330-SE26,Mantención y Mejoramiento de Áreas Verdes.,6
4111-132-AG26,COMPRA DE MEDICAMENTOS PARA EL CESFAM JJA,5
411-213-SE26,"CONVENIO DE ALIMENTACION, ABRIL 2026",4
4112-55-AG26,Orden de Compra generada por invitación a compra ágil: 4112-32-COT26,6
4113-351-SE26,ADQUSICION MATERIALES DE OFICNA PARA LA UNIDAD DEL PRODESAL,12
4113-364-SE26,ADQUISICION DE IMPLEMENTACION DEPORTIVA,12
4113-397-AG26,Orden de Compra generada por invitación a compra ágil: 4113-245-COT26,12
4113-420-AG26,Orden de Compra generada por invitación a compra ágil: 4113-265-COT26,4
4114-108-AG26,SERVICIO DE ARBITRAJE CAPEONATO DE BADMINTON,4
4115-74-CM26,PETROLEO PARA DSM CURACAUTIN,4
4116-34-AG26,Orden de Compra generada por invitación a compra ágil: 4116-36-COT26,6
4116-35-AG26,Orden de Compra generada por invitación a compra ágil: 4116-35-COT26,4
4123-126-AG26,"SOFWARE DECLARACIÓN DE RENTA, DEPTO. SALUD NINHUE, compra ágil: 4123-71-COT26",12
4123-197-AG26,"INSUMOS EPP DESECHABLES, compra ágil: 4123-123-COT26",6
4127-167-AG26,"[DIVAP] SC N°1206 EXP 36548/2026 00033 8 Monitores HP 524sw o equivalente 23.8 pulgadas, IPS, Full HD (1920 x 1080) compra ágil: 4127-37-COT26",6
4127-637-SE24,[ADMIN] SC N°543 EXP. 016728/2023 COMODATO DISPENSADORES AGUA PURIFICA Y REPO DESDE 757-94-LE24,12
4127-65-CM26,[BODEGA] SC N° 222 EXP 2472/2026 ADQUISICION ARTICULOS DE ASEO STOCK BODEGA ,12
4130-38-CM26,"22.04.001 ""Materiales de Oficina"" docencia",5
4132-118-AG26,SECADORAS DE MANOS  compra ágil: 4132-53-COT26,6
4132-123-CM26,ADQUISICION DE LACTEOS PARA LA ESCUELA DE FORMACION DE CARABINEROS GRUPO ANCUD ,6
4132-124-CM26,ADQUISICION DE FRUTAS Y VERDURAS PARA LA ESCUELA DE FORMACION DE CARABINEROS GRUPO ANCUD ,6
4134-275-AG26,HERRAMIENTAS Y MATERIALES PARA TRABAJOS DE DIRECCIÓN DE SERVICIOS GENERALES,6
4134-303-SE26,ORDEN DE COMPRA DESDE 4134-14-LE26,12
4134-306-AG26,REPUESTOS CAMIONETA MUNICIPAL,12
4144-123-AG26,Orden de Compra generada por invitación a compra ágil: 4144-143-COT26,4
4144-124-AG26,Orden de Compra generada por invitación a compra ágil: 4144-140-COT26,4
4144-125-AG26,Orden de Compra generada por invitación a compra ágil: 4144-139-COT26,4
4144-126-AG26,Orden de Compra generada por invitación a compra ágil: 4144-138-COT26,4
4144-127-AG26,Orden de Compra generada por invitación a compra ágil: 4144-137-COT26,4
4144-128-AG26,Orden de Compra generada por invitación a compra ágil: 4144-136-COT26,4
4152-340-AG26,CAJA ORGANIZADORA  4152-335-COT26,6
4152-342-AG26,ACEITE Y LUBRICANTES 4152-330-COT26,6
4152-355-AG26,POLERAS MANGAS LARGAS 4152-331-COT26,6
4152-358-AG26, RECARGA DE AGUA: 4152-356-COT26,6
4157-355-SE26,"Servicio de Transporte Escolar Mes de Mayo-Junio 2026, Línea 6 Escuela Mata Redonda Recorrido 1, Req. N°960101-9Transporte(302) ",4
4157-371-SE26,"Servicio de Transporte Escolar Mes de Mayo-Junio 2026, Linea 9 Sector Los Naranjos, Agua Azules a El Carmen Req 960101-8Transporte(301)",4
4157-372-SE26,"Servicio de Transporte Escolar Mes de Mayo -Junio 2026, Linea 10 Sector San Vicente (desde Escuela del Sector ), Maturana, Santa Margarita, Puente Urrutia, Badillo, Las Raíces, El Carmen, Req 960101-8Transporte(301)",4
4157-373-SE26,"Servicio de Transporte Escolar Mes de Mayo-Junio 2026, Linea 11 Cruce San José, Cruce Chamizal, Cruce Castañal, Trehualemu Oriente (3 kilómetros hacia el Norte), Trehualemu, Navidad a El Carmen y 2° Vuelta desde intersección Calle 16 de  Julio a El Carmen",4
4157-374-SE26,"Servicio de Transporte Escolar Mes de Mayo -Junio 2026, Linea 13 Sector Huemul, Los Alpes, Trehualemu Norte, Navidad a El Carmen, Req N° 960101-8Transporte(301)",4
4157-375-SE26,"Servicio de Transporte Escolar Mes de Mayo -Junio  2026, Linea 3 El Macal , Maipo Bao a El Carmen Req 960101-8transporte(301) ",4
4157-376-SE26,"Servicio de Transporte Escolar Mes de Mayo -Junio 2026  Linea 15 Sector Selva Negra, La Hermita, Pueblo Seco hasta El Carmen,Req 960101- 8transporte(301)",4
4157-377-SE26,"Servicio de Transporte Escolar Mes de Mayo-Junio 2026, Línea 16 Sector Puente Urrutia , Las Quilas, Pueblo Seco a El Carmen, Req N° 960101-8Transporte(301)",4
4157-378-SE26,"Servicio de Transporte Escolar Mes de Mayo-Junio 2026, Línea 17 Sector Lourdes, Quiriquina, Simón Bolívar, Pueblo Seco a El Carmen, Req N° 960101-8Transporte(301)",4
4157-379-SE26,"Servicio de Transporte Escolar Mes de Mayo-Junio 2026, Línea 18 Sector de la Greda, Calle Alegre, Quiriquina , Barrio Alto, Pueblo Seco, El Carmen, Req N° 960101-8Transporte(301)",4
4157-382-SE26,Material Pedagogico para Escuela Mata Redonda Req 960211-02(135),6
4158-110-CM26,DIESEL PARA VEHICULOS DESAMU SEGUN REQUERIMIENTO N° 113,4
4161-182-AG26," COMPRA DE COLACIONES, DESFILE EN CONMEMORACION DE LAS GLORIAS NAVALES.Orden de Compra generada por invitación a compra ágil: 4161-173-COT26",6
4162-212-AG26,Orden de Compra generada por invitación a compra ágil: 4162-192-COT26,6
4168-683-AG26,Orden de Compra generada por invitación a compra ágil: 4168-142-COT26,6
4170-141-SE26,DOM- 33,6
4172-176-AG26,Orden de Compra generada por invitación a compra ágil: 4172-81-COT26,6
4172-213-SE26,ORDEN DE COMPRA DESDE 4172-10-LE26,6
4174-179-SE26,MATERIALES DE OFICNA OMIL N 233,6
418-1124-SE26,POR - ARR-ESCÁNER INTRAORAL ABRIL  2026,6
418-1229-AG26,LCM-VASELINA LIQUIDA,12
418-911-AG26,LPC-R-23-241-221100100102-a compra ágil: 418-421-COT26,12
4189-244-CM26,Orden de Compra: 4189-244-CM26 / MATERIALES DE OFICINA CONTROL - UDEL,4
4189-246-CM26,Orden de Compra: 4189-246-CM26 / COMPUTADORES AIO,4
4193-204-AG26,"Capacitación ""Estrategias para el cuidado de la salud mental laboral""",6
4193-205-AG26,Papel higiénico para oficina DSM Caldera,4
4195-546-AG26,Orden de Compra generada por invitación a compra ágil: 4195-405-COT26,12
4197-113-AG26,Orden de Compra generada por invitación a compra ágil: 4197-99-COT26,4
4201-230-AG26,Orden de Compra generada por invitación a compra ágil: 4201-177-COT26,6
4201-244-AG26,Orden de Compra generada por invitación a compra ágil: 4201-198-COT26,6
4202-6-SE26,ORDEN DE COMPRA DESDE 4202-5-LE26,12
4205-141-AG26,ADQUISICIÓN DE 02 BATERIAS PARA BUS DE EDUCACIÓN PPU BWSV-89.-,6
4205-151-AG26,Orden de Compra generada por invitación a compra ágil: 4205-100-COT26,6
4236-299-AG26,Orden de Compra generada por invitación a compra ágil: 4236-173-COT26,6
4246-95-SE24,Servicio de enlace de datos,12
4247-307-AG26,SERVICIO DE MANTENCIÓN DE CAMIÓN LIMPIA FOSA PPULSYG-75 .Orden de Compra generada por invitación a compra ágil: 4247-323-COT26,4
4252-140-SE26,BANQUETERIA PRODESAL CHARLA FRAMBUESAS,4
425-337-AG26,Orden de Compra generada por invitación a compra ágil: 425-173-COT26,4
425-347-SE26,Servicio de Publicación de Llamado a Licitación Publica,6
4256-143-AG26,Materiales de aseo y desinfección para modulo dental Junaeb ,6
426-122-SE26,Mantenimiento Prev. Ambulancia R-100 410.000	,6
426-123-SE26,Manteniiento Preventivo A. R-101 390.000 km	,6
4280-224-AG26,ARTICULOS DE ASEO PARA USUARIOS PROGRAMA RED LOCAL,4
4284-223-CM26,Orden de Compra: 4284-223-CM26,4
4284-224-CM26,Orden de Compra: 4284-224-CM26,4
4291-504-AG26,Orden de Compra generada por invitación a compra ágil: 4291-332-COT26,4
4291-516-AG26,CUBREPISO,6
4291-520-TD26,Orden de Compra generada por Trato Directo ID 4291-80-FTD26,9
4291-521-AG26,Orden de Compra generada por invitación a compra ágil: 4291-341-COT26,6
4295-54-CM26,Orden de Compra: 4295-54-CM26,6
4301-319-SE26,Servicio Mantención Alumbrado Público abril 2026,6
4309-1999-SE26,ORDEN DE COMPRA DESDE 4309-100-LE23	,6
4309-2169-SE26,ORDEN DE COMPRA DESDE 4309-295-LQ24,6
4309-2174-SE26,ORDEN DE COMPRA DESDE 4309-99-LE26,6
4323-111-AG26,Orden de Compra generada por invitación a compra ágil: 4323-85-COT26,4
4323-112-AG26,Orden de Compra generada por invitación a compra ágil: 4323-84-COT26,4
4326-29-SE24,: Servicio Defensa Penal General Zona 3 Maipú,12
4328-460-AG26,INSUMOS PARA CLINICA VETERINARIA ÑIQUEN a compra ágil: 4328-470-COT26,6
4328-467-AG26,INSUMOS VARIOS DIDECO compra ágil: 4328-483-COT26,4
4328-468-AG26,TORTAS compra ágil: 4328-482-COT26,4
4328-469-AG26,MATERIALES HIDRAULICOS compra ágil: 4328-462-COT26,4
4329-282-AG26,Compra ágil: 4329-103-COT26 PENDON SALUD FAMILIAR SOL 3778,4
4335-248-SE26,MARCAPASOS BICAMERAL,12
434-381-AG26,Orden de Compra generada por invitación a compra ágil: 434-246-COT26,6
434-398-AG26,Orden de Compra generada por invitación a compra ágil: 434-260-COT26,4
434-404-SE26,CANASTAS PLAN ASISTENCIAL FORMULARIO 6 ,4
4351-217-AG26,Orden de Compra generada por invitación a compra ágil: 4351-173-COT26,6
4351-221-AG26,Compra ágil: 4351-181-COT26 / Adquisición De Diversos Alimentos Para Taller Grupal Municipal.,6
4355-184-AG26,Orden de Compra generada por invitación a compra ágil: 4355-169-COT26 / INDUMENTARIA OPERACIONES ,12
4355-338-AG26,"Orden de Compra generada por invitación a compra ágil: 4355-372-COT26, TAMBOR Y TONER DE IMPRESORAS, OFICINA GESTION Y PERSONAS MEMO N°05",12
4355-346-AG26,Orden de Compra generada por invitación a compra ágil: 4355-369-COT26 MEMO N°06 /  TONNER PARA BIBLIOTECA PÚBLICA,12
4355-348-AG26,Orden de Compra generada por invitacióna compra ágil: 4355-378-COT26 /  SILLA PARA ALCALDIA ,12
4355-363-AG26,Orden de Compra generada por invitación a compra ágil: 4355-399-COT26 / MATERIALES DE CONSTRUCCIÓN PARA AYUDA SOCIAL ,12
4355-367-AG26,Orden de Compra generada por invitación a compra ágil: 4355-389-COT26 MEMO N°015 /  TINTAS PARA OFICINA DE VIVIENDA ,12
4355-373-AG26,"Orden de Compra generada por invitación a compra ágil: 4355-403-COT26 / ALIMENTOS VARIOS CEDIAM, ACTIVIDAD DIA DEL LIBRO ",12
4355-384-AG26,"Orden de Compra generada por invitación a compra ágil: 4355-414-COT26, MERIALES DE CONSTRUCCION AYUDA SOCIAL, ",12
4355-389-AG26,Orden de Compra generada por invitación a compra ágil: 4355-423-COT26 / MATERIALES DE CONSTRUCCIÓN PARA  AYUDA SOCIAL ,12
4355-400-AG26,Orden de Compra generada por invitacion a compra ágil: 4355-396-COT26 MEMO N°15 DONDE SE SOLICITAN MATERIAL DE OFICINA  ,12
4355-405-AG26,"Orden de Compra generada por invitación a compra ágil: 4355-435-COT26, CANASTAS DE MERCADERIA AYUDA SOCIAL",12
4355-406-AG26,"Orden de Compra generada por invitación a compra ágil: 4355-439-COT26, CANASTAS DE MERCADERIA",12
4355-407-AG26,"Orden de Compra generada por invitación a compra ágil: 4355-440-COT26, SUPLEMENTO ALIMENTICIO, ",12
4355-409-AG26,Orden de Compra generada por invitación a compra ágil: 4355-432-COT26 MEMO N°103 DONDE SE SOLICITA MATERIAL DE OFICINA,12
4355-411-AG26,"Orden de Compra generada por invitación a compra ágil: 4355-429-COT26, SUPLEMENTO ALIMENTICIOS AYUDA SOCIAL, ",12
4355-413-AG26,"Orden de Compra generada por invitación a compra ágil: 4355-428-COT26, MEDICAMENTOPS DE AYUDA SOCIAL",12
4355-427-AG26,Orden de Compra generada por invitación a compra ágil: 4355-424-COT26 / SILLAS EJECUTIVAS PARA ALCALDIA ,12
4355-432-AG26,Orden de Compra generada por invitación a compra ágil: 4355-464-COT26 MEMO N°171 /  TINTAS PARA SECPLA,12
4355-433-AG26,Orden de Compra generada por invitación a compra ágil: 4355-463-COT26 MATERIAL DE OFICINA  SECPLA,12
4355-438-AG26,"Orden de Compra generada por invitación a compra ágil: 4355-467-COT26, CANASTAS DE MERCADERIA,  AYUDA SOCIAL",12
4355-456-TD26,Orden de Compra generada por Trato Directo ID 4355-52-FTD26,4
4355-469-AG26,"Orden de Compra generada por invitación a compra ágil: 4355-499-COT26 / COLACIONES PROGRAMA ""MAYO: FREIRINA CRECE EN FAMILIA 2026""",4
4355-473-AG26,Orden de Compra generada por invitación a compra ágil: 4355-497-COT26 / SERVICIO DE COFFEE PARA 60 PERSONAS ,6
4359-83-AG26,"Adquisición de Neumáticos para Vehículo del Depto. de Salud, compra ágil: 4359-48-COT26",6
4364-218-AG26," Adquisición de Material Fungible, Esc. Héroes del Itata",6
4364-253-SE26,"SERVICIO DE TRANSPORTE ESCOLAR, DIVERSOS SECTORES DE QUILLÓN",6
4366-42-SE26,"Sercicio de Disposición Final de Residuos sólidos, Abril 2026",6
4367-211-AG26, Insumos para la unidad de manejo avanzado de heridas del CESFAM Dr. Alberto Gyhra Soto,4
4367-212-AG26,Acticoat flex 3 para unidad de manejo avanzado de heridas del CESFAM Dr. Alberto Gyhra Soto,4
4367-214-AG26, Cuticell Contact para unidad de Procedimientos del CESFAM Dr. Alberto Gyhra Soto,4
4367-215-AG26, Insumos para unidad de Procedimientos del CESFAM Dr. Alberto Gyhra Soto,4
4367-216-AG26, Cavilon para unidad de Procedimientos del CESFAM Dr. Alberto Gyhra Soto,4
4367-217-AG26, Silvercel para unidad de Procedimientos del CESFAM Dr. Alberto Gyhra Soto,4
4367-218-AG26,Ag mesh para la unidad de procedimientos del CESFAM Dr. Alberto Gyhra Soto,4
4371-164-AG26,ADQUISICION DE INSUMOS Y MATERIALES PARA REPARACION DE CAMARAS DE SEGURIDAD compra ágil: 4371-112-COT26,6
4374-123-SE24,Servicio de aseo para las dependencias del Gobierno Regional de la Región del Libertador General Bernardo O’Higgins ORDEN DE COMPRA DESDE 4374-20-LQ24,12
4375-1009-SE26,CONVENIO CARPINTERIA DESDE 4375-122-LP25,12
4375-1029-CM26,"LENTEJAS, MANJAR Y BETARRAGA CENTRAL ABRIL",12
4375-1058-SE26,TOALLAS Y BATAS LAVANDERIA ABRIL 4375-20-LP24,12
4375-1075-CM26,BOLSAS DE BASURA MAYO: 4375-1075-CM26,12
4375-1098-CM26,TOALLAS INTERFOLIADAS MAYO: 4375-1098-CM26,12
4375-1118-SE26,FORMULARIOS 4375-43-R125,12
4375-1119-SE26,FORMULARIOS 4375-43-LP25,12
4375-1130-SE26,Art. Escritorio Mayo 26 4375-173-LE24,12
4375-1203-SE26,INSUMOS ASEO VARIOS ALIMENTACION MAYO,12
4375-1245-CM26,CARNES BLANCAS PSIQUIATRIA MAYO,12
4375-1250-CM26,PREELABORADOS PSIQUIATRIA MAYO,12
4375-1257-CM26,ABARROTES PSIQUIATRIA MAYO,12
4375-1263-SE26,CONVENIO ABARROTES CENTRAL MAYO / 4375-25-LP25,12
4375-1266-CM26,POLLO CENTRAL MAYO,12
4375-1277-CM26,ABARROTES Y LACTEOS CENTRAL MAYO,12
4375-1280-CM26,ABARROTES CENTRAL MAYO ,12
4375-1281-CM26,PAVO MOLIDO CENTRAL MAYO,12
4375-1292-SE26,JUGO INDIVIDUAL PSIQUIATRIA MAYO / 4375-99-LP25,12
4375-1303-SE26,CANDADOS PLASTICOS MAYO / 4375-37-LE25,12
4375-1337-CM26,PAPEL FOTOCOPIA MAYO: 4375-1337-CM26,12
4375-1426-SE26,PAQUETE PARTO MAYO,12
4375-360-CM26,ABARROTES CENTRAL FEBRERO ,12
4375-568-CM26,PRE ELABORADOS CENTRAL MARZO,12
4375-628-CM26,ABARROTES Y LACTEOS CENTRAL MARZO,12
4375-631-CM26,ABARROTES Y PERECIBLES CENTRAL MARZO,12
4375-682-TD26,Orden de Compra generada por Trato Directo ID 4375-9-FTD26,12
4375-780-AG26,CABLE TRONCAL SATUROMETRIA DE OXIGENO (SPO2) 2 METROS: 4375-226-COT26,12
4375-883-CM26,CARNES BLANCAS CENTRAL ABRIL,12
4375-902-CM26,PRE ELABORADOS CENTRAL ABRIL ,12
4375-922-CM26,ABARROTES Y LACTEOS CENTRAL ABRIL,12
4375-937-CM26,PRE ELABORADOS PSIQUIATRIA ABRIL,12
4375-964-SE26,JUGO INDIVIDUAL CENTRAL ABRIL / 4375-99-LP25,12
4375-978-AG26,ARTÍCULOS TV TELON HERVIDOR: 4375-266-COT26,6
4377-149-SE26,SERVICIO DE DISPOSICIÓN FINAL EN RELLENO SANITARIO MES DE ABRIL 2026.-,6
4377-156-AG26,ADQUISICIÓN DE 200 SET DE TAZAS DE VIDRIO CON TAPA DE BAMBÚ DE 350ML PARA CELEBRACIÓN DÍA DE LA MADRE 2026.- ,6
438-63-SE26,ORDEN DE COMPRA DESDE 438-18-LE26,6
439-223-AG26,Orden de Compra generada por invitación a compra ágil: 439-160-COT26,6
4403-45-AG26,385 UNIDADES DE SUCULENTAS PARA ACTIVIDAD DIA DE LA MADRE,12
4404-90-SE26,ORDEN DE COMPRA DESDE 4404-21-LE26,6
4406-392-AG26,Orden de Compra generada por invitación a compra ágil: 4406-335-COT26,6
4406-393-SE26,Adquisición de materiales de ferretería  protecció,4
4406-394-SE26,ORDEN DE COMPRA DESDE 4406-15-LP26,6
4406-395-AG26,Orden de Compra generada por invitación a compra ágil: 4406-337-COT26,4
4408-209-SE26,Material de aseo para el JI Villa Verde ,6
4414-596-AG26,COMPUTADOR-MAS OFFICE: 4414-297-COT26,6
4429-201-SE26,ORDEN DE COMPRA DESDE 4429-3-LE26,5
4447-28-AG26,Adquisición de Talonarios,6
4451-246-CM26,Orden de Compra: 4451-246-CM26,6
4451-635-SE25,ORDEN DE COMPRA DESDE 4451-70-LP25 (DEPARTAMENTO DE SALUD),12
4452-393-CM26,PROG. TRANSVERSAL MAYO 2026 BOLAS,5
4454-389-SE26,SERVICIO DE GRUA-DIRECCION DE TRANSITO,6
4454-397-AG26,MEDICAMENTOS-DIDECO,6
4454-405-AG26, EXAMENES MEDICOS - DIDECO,4
4455-187-SE26,"Serv. movilización para alumnos de la comuna de Arauco Esc. Quilantral, Esc. Paso Los Temos y Llico - abril 2026",6
4455-222-SE26,SERV. TRANSPORTE PROGRAMA CECI MERILUPO DE LAS LAS PUENTES DESDE LP 4455-16-LE26,6
4455-231-SE26,Adquisición Equipamiento Computacional uso Escuela Mare Nostrum de Arauco(SEP),12
4455-264-SE26,Servicio de Transporte de Estudiantes Encuentro Juegos Deportivos Escolares (SEP),6
4455-277-SE26,"Serv. movilización para alumnos de la comuna de Arauco Esc. Valle Verde, Las Puentes - abril 2026	",6
4457-110-AG26,SILLAS Y CAJONERAS SALUD MUNICIPAL HUALQUI. Orden de Compra generada por invitación a compra ágil: 4457-24-COT26,6
4457-112-SE26,MANTENCIÓN Y REPARACIÓN AMBULANCIA LWFY-75 - CONTRATO DE SERVICIO DE MANTENCIÓN Y REPARACIÓN DE VEHÍCULOS,4
4463-305-AG26,PROG. MEDICAMENTOS 03-2026/ compra ágil: 4463-249-COT26,6
4463-382-SE26,PROG. MAGISTRALES 04-2026/ ORDEN DE COMPRA DESDE 4463-21-LE25,6
4463-404-AG26,ERP 903295/ 27-04-26/ compra ágil: 4463-333-COT26,6
4463-414-AG26,PROG. MEDICAMENTOS 05-2026/ compra ágil: 4463-352-COT26,6
4463-421-AG26,PROG. MEDICAMENTOS 05-2026/ compra ágil: 4463-362-COT26,6
4463-431-SE26,PROG. MEDICAMENTOS 05-2026/ ORDEN DE COMPRA DESDE 4463-26-LQ23,12
4463-452-AG26,PROG. MEDICAMENTOS 05-2026/ compra ágil: 4463-351-COT26,6
4473-117-AG26,Orden de Compra generada por invitación a compra ágil: 4473-86-COT26,12
4473-145-AG26,Orden de Compra generada por invitación a compra ágil: 4473-106-COT26,12
4473-156-AG26,Orden de Compra generada por invitación a compra ágil: 4473-113-COT26,12
4473-184-SE26,RECEPCION RESIDUOS DOMICILIARIOS,12
4473-99-AG26,Orden de Compra generada por invitación a compra ágil: 4473-71-COT26,12
4475-196-AG26,Textos comprensión lectora para Escuela Tres Esquinas compra ágil: 4475-198-COT26,4
4475-197-AG26,Materiales aseo e higiene para Sala Cuna y Jardín Infantil Pequeños Pasitos compra ágil: 4475-197-COT26,4
4491-233-AG26,Orden de Compra generada por invitación a compra ágil: 4491-195-COT26,4
4491-234-SE26,"Materiales Librería, Escuela Eduardo Campbell, 82",4
4491-235-SE26,"Materiales Librería, Escuela Isla de Pascua, 92",4
4494-255-AG26,ADQUISICION DE JUEGOS INFANTILES PMU 1ER SEMESTRE (P.245/248 DEPTO.ASEO): 4494-188-COT26,6
4494-256-AG26,ADQUISICION DE MOBILIARIO URBANO -EQUIPAMIENTO DEPORTIVO PMU 1ER SEMESTRE (P.245 DEPTO.ASEO) : 4494-189-COT26,6
4494-272-SE26,ORDEN DE COMPRA DESDE 4494-16-LE26,4
4498-59-SE26,"MANTENCION PREVENTIVA, CORRECTIVA Y REPARACION DE ",12
450-166-TD26,Orden de Compra generada por Trato Directo ID 450-27-FTD26,6
450-168-AG26,ALIMENTACIÓN PARA DESARROLLO DE TALLER DE SIEMBRA PDTI Orden de Compra generada por invitación a compra ágil: 450-115-COT26,4
450-169-AG26,TRANSPORTE PARA 15 PERSONAS TALLER DE SIEMBRA PDTI Orden de Compra generada por invitación a compra ágil: 450-116-COT26,4
4524-13-AG26,MLR SUSCRIPCION DIARIO PAPEL Y DIGITAL 2026,4
4548-251-AG26,Orden de Compra generada por invitación a compra ágil: 4548-225-COT26,6
4548-303-CM26,Orden de Compra: 4548-303-CM26,6
4548-314-AG26,Orden de Compra generada por invitación a compra ágil: 4548-252-COT26,5
4555-130-SE26,SP142/2026 INS. DENTALES,9
4559-91-SE26,CONVENIO REAS Y RESPEL,6
4560-283-SE26,TINTAS,12
4562-228-AG26,INSUMOS ELECTRICOS PARA GRD compra ágil: 4562-181-COT26,6
4587-43-SE26,ADQUISICION MAQUINAS YO EQUIPOS MOBILIARIOS U OTROS,12
4587-45-AG26, SERVICIO DE LIMPIEZA DE FOSAS,12
4587-47-CM26,ADQUISICION PETROLEO VEHICULOS DESA 4587-47-CM26,12
4589-217-AG26,Orden de Compra generada por invitación a compra ágil: 4589-117-COT26,6
4589-227-AG26,Orden de Compra generada por invitación a compra ágil: 4589-126-COT26,6
4590-4-AG26,"300 soleras tipo ""C"", provincia de cachapoal",12
4594-418-SE26,ORDEN DE COMPRA DESDE 4594-10-LE26,4
4594-419-SE26,ORDEN DE COMPRA DESDE 4594-10-LE26,4
4594-422-CM26,Orden de Compra: 4594-422-CM26,6
4596-334-AG26,INSUMOS PARA CLASES Y TALLERES DE COCINA DEL LICEO POLIVALENTE DE SAN NICOLAS: 4596-278-COT26,9
4596-356-SE26,ALIMENTOS PARA TALLER DE COCINA SALUDABLE ANEXO LICEO POLIVALENTE SAN NICOLÁS,6
4596-358-SE26,"MATERIAL ESCOLAR PARA ESCUELA DADINCO, COMUNA SAN NICOLÁS",6
45-98-SE26,CONTRATACIÓN DE UN SISTEMA O PROGRAMA DE ADMINISTRACIÓN CONTROL Y SEGUIMIENTO DE CAUSAS JUDICIALES PARA EL DEPARTAMENTO JURÍDICO 45-12-LE26,6
4609-192-SE26,MATERIALES DE FERRETERIA,6
4609-7-AG26,Orden de Compra generada por invitación a compra ágil: 4609-3-COT26,12
463-23-AG26,Orden de Compra generada por invitación a compra ágil: 463-8-COT26,4
4642-402-SE26,2605104 ADQUISICIÒN DE ONCE (11) MONITORES MULTIPARAMETROS  PARA HOSPITAL DE CARABINEROS. ORDEN DE COMPRA DESDE 4642-193-LR25,4
4642-405-SE26,2605105 PROVISIÓN E INSTALACIÓN DE AUTOCLAVE PARA HOSPITAL DE CARABINEROS. ORDEN DE COMPRA DESDE 4642-193-LR25,4
4642-526-SE26,2500128-Contratación del Suministro de Etiquetas Térmicas por un periodo de 12 meses destinados a diferentes dependencias del Hospital de Carabineros. DESDE 4642-41-LE25,6
4679-45-SE26,"Adq. Bolardos, ORDEN DE COMPRA DESDE 4679-8-LE26",4
4690-153-SE26,CONTRATACION DEL SERVICIO DE ASEGURAMIENTO,4
4690-154-SE26,CONTRATACION DEL SERVICIO DE ASEGURAMIENTO	,4
4719-13-CM26,COMPRA DE GAS GRANEL - SENCE DR AYSEN,12
4732-106-AG26, Adquisición de neumáticos con alineación y balanceo para camionetas y camión recolector,12
4732-111-AG26, Adquisición de materiales para mejoramiento patio techado del Colegio Mariano Latorre,12
4733-162-SE26,ORDEN DE COMPRA DESDE 4733-22-CO26,4
4733-164-AG26,Orden de Compra generada por invitación a compra ágil: 4733-145-COT26,6
4733-167-AG26,Orden de Compra generada por invitación a compra ágil: 4733-151-COT26,6
4733-171-AG26,Orden de Compra generada por invitación a compra ágil: 4733-162-COT26,4
4734-67-AG26,Servicio de Transporte Escolar Esc. Campanario,4
4737-31-CM26,"Adquisición de Set Escolares para los estudiantes de Prekinder y Kinder de la comuna de Codegua,  con cargo a la Ley 20.248",12
4737-32-CM26,"Adquisición de Set útiles Escolares 1er. Ciclo Educación Básica (1ro. a 4to. Año Básico) para los estudiantes de la comuna de Codegua, a través de Convenio Marco, con cargo a la Ley 20.248 y  FAEP 2024",12
4737-33-CM26,"Adquisición de Set útiles Escolares 2do. Ciclo Educación Básica (5to. a 8vo. Año Básico) para los estudiantes de la comuna de Codegua, a través de Convenio Marco, con cargo a la Ley 20.248 y  FAEP 2024",12
4737-35-CM26,"Adquisición de Set útiles Escolares Enseñanza Media (1ro. a 4to. E. Media) para los estudiantes del Liceo Municipal y Colegio Natalia Peralta,  a través de Convenio Marco, con cargo a la Ley 20.248 y  FAEP 2024. ",12
4738-113-AG26,COMPRA CINTAS DE HEMOGLUCOTEST Orden de Compra generada por invitación a compra ágil: 4738-72-COT26,12
4768-153-AG26,Orden de Compra generada por invitación a compra ágil: 4768-82-COT26,4
4768-154-AG26,Orden de Compra generada por invitación a compra ágil: 4768-83-COT26,4
4776-225-AG26,Orden de Compra generada por invitación a compra ágil: 4776-40-COT26,12
4777-350-SE26,ORDEN DE COMPRA DESDE 4777-9-LP26,6
4778-181-TD26,Orden de Compra generada por Trato Directo ID 4778-93-FTD26,12
4778-201-CM26,FRL - REPOSICION BODEGA GENERAL,12
4778-202-CM26,FRL - REPOSICION BODEGA GENERAL,12
4778-236-CM26,FRL - REPOSICION BODEGA GENERAL SC Nº 1668,12
4778-288-AG26,VEM-COMUNICACIONES 2064,4
4778-290-TD26,Orden de Compra generada por Trato Directo ID 4778-125-FTD26,6
4778-8-TD26,Orden de Compra generada por Trato Directo ID 4778-8-FTD26,12
4779-400-SE26,FFVV - MEDIOS DE CONTRASTE - MAYO 2026,4
4779-401-AG26,FFVV - PENICILAMINA 250 MG CAPSULA - MAYO 2026,4
4794-181-SE25,INSPECCIÓN TÉCNICA DE OBRA ERASMO ESCALA,12
4803-129-AG26,"Provisión de bolsas corporativas para el Senado día del patrimonio, viene de compra ágil: 4803-77-COT26.",9
4817-1330-AG26,Orden de Compra generada por invitación a compra ágil: 4817-162-COT26,6
4817-1507-SE26,HISOPOS GASA Y APÓSITOS GASA ESTÉRIL	,12
4817-1524-SE26,CATÉTER TORÁCICO CON TROCAR	,12
4817-1546-CM26,Orden de Compra: 4817-1546-CM26,12
4817-1559-SE26,CIRCUITOS RESPIRATORIOS DE ANESTESIA Y OTROS,12
4817-1564-SE26,ELECTRODOS PLACAS QUIRURGICAS Y OTROS	,12
4817-1568-SE26,HISOPOS GASA Y APÓSITOS GASA ESTÉRIL,12
4817-1575-SE26,ELECTRODOS PLACAS QUIRURGICAS Y OTROS	,12
4817-1576-SE26,INSUMOS  PARA PROCEDIMIENTOS DE PABELLON Y OTROS  ,12
4817-1588-SE26,INSUMOS PATOLOGIAS MAMARIA	,12
4817-1589-SE26,INSUMOS EMPACADORA DOSIS UNITARIA	,12
4817-1620-SE26,SUMINISTRO DE GASES CLÍNICOS PARA HOSPITAL LINARES,12
4817-1669-SE26,SUMINISTRO DE GASES CLÍNICOS PARA HOSPITAL LINARES,12
4817-1685-SE26,DISPOSITIVOS MEDICOS PARA CIRUGÍA LAPAROSCÓPICA AB,12
4817-1697-SE26,SUMINISTRO DE GASES CLÍNICOS PARA HOSPITAL LINARES,12
4817-1716-SE26,SUMINISTRO DE GASES CLÍNICOS PARA HOSPITAL LINARES,12
4817-1753-SE26,PRÓTESIS MAMARIAS INTERNAS,6
4817-1763-AG26,Orden de Compra generada por invitación a compra ágil: 4817-265-COT26,6
4817-1766-SE26,CATÉTERES ,4
4817-1767-SE26,TUBOS ENDOTRAQUEALES CÁNULAS INTRAVENA Y OTROS,4
4817-1768-SE26,SUMINISTRO DE GASES CLÍNICOS PARA HOSPITAL LINARES,4
4817-1769-SE26,SUMINISTRO DE GASES CLÍNICOS PARA HOSPITAL LINARES,4
4817-1770-SE26,SUTURAS POLIGLACTINA,4
4817-1771-SE26,GUANTES EXAMINACIÓN Y QUIRÚRGICOS,4
4817-1772-CM26,Orden de Compra: 4817-1772-CM26,4
4817-1773-SE26,MASCARAS PARA VENTILACION Y OTROS,6
4820-105-CM26,Orden de Compra: 4820-105-CM26,6
4820-106-AG26,Orden de Compra generada por invitación a compra ágil: 4820-27-COT26,4
4820-107-CM26,Orden de Compra: 4820-107-CM26,4
4820-108-CM26,Orden de Compra: 4820-108-CM26,4
4820-109-CM26,Orden de Compra: 4820-109-CM26,4
482-562-TD26,Orden de Compra generada por Trato Directo ID 482-190-FTD26,6
4829-129-SE26,RESIDUOS DOMICILIARIOS MES ABRIL 2026.,6
4832-275-SE26,SERVICIO DE TRANSPORTE PROG. DIT,12
483-262-SE26,MANTENCION PREVENTIVA Y CORRECTIVA EQUIPOS AIRE ACON ,4
4833-126-SE26,Adquisición D.A.E.M,12
4833-129-SE26,Adquisición Escuela Llanada Grande,12
4833-134-SE26,Adquisición Jardin Mis primeros pasitos,12
4833-89-SE26,Adquisición D.A.E.M,12
4833-94-SE26,Adquisicion D.A.E.M,12
4842-10-AG26,Orden de Compra generada por invitación a compra ágil: 4842-6-COT26,6
4844-42-SE26,SISTEMA REMUNERACIONES ABRIL 2026,12
4848-115-AG26,COMPRA DE INSUMOS OFTALMOLOGICOS PARA PROCEDIMIENTO CLINICO FONDO DE OJO PARA OPTICA MUNICIPAL EL TABO ,5
4858-413-AG26,Orden de Compra generada por invitación a compra ágil: 4858-271-COT26,6
4882-37-AG26,Orden de Compra generada por invitación a compra ágil: 4882-17-COT26,6
4883-73-AG26,Orden de Compra generada por invitación a compra ágil: 4883-31-COT26,4
4887-22-TD26,Orden de Compra generada por Trato Directo ID 4887-7-FTD26,12
4887-46-TD26,Orden de Compra generada por Trato Directo ID 4887-19-FTD26,4
4887-47-TD26,Orden de Compra generada por Trato Directo ID 4887-20-FTD26,4
4889-14-SE26,Ss FACILITADOR - SUSTENTABILIDAD Y MEDIO AMBIENTE - CECREA 2026 - lic 4889-3-LE26,12
4889-15-SE26,Ss FACILITADOR - ARTES VISUALES - CECREA 2026 - lic 4889-4-LE26,12
4889-16-SE26,Ss GESTOR TERRITORIAL - CECREA 2026 - lic 4889-6-LE26,12
4889-18-SE26,Ss APOYO TRANSVERSAL - CECREA 2026 - Lic 4889-7-LE26,12
4889-38-AG26,P04 - S22 - 07 - 002 - Gigantografía - Encuentro Encargados de Cultura Municipal - Compra ágil: 4889-11-COT26,12
4889-39-AG26,P04 - S22 - 08 - 999 - Ss Alojamiento - Encuentro Encargados de Cultural Municipal - compra ágil: 4889-13-COT26,12
4889-44-CM26,P1-S2409087-PASAJE RCV - DELEGACION ARTESANAS TEXTILES IQUIQUE,12
4889-45-SE26,OTROS SERV-AMPLIACION CS-ABRIL 26 - SEREMI AYSEN,12
4890-54-SE26,ORDEN DE COMPRA DESDE 4890-12-LE26,4
4906-119-CM26,Orden de Compra: 4906-119-CM26,5
4918-24-AG26,SERVICIO DE MANTENCIÓN 100.000 KM. VEHICULO TOYOTA RAV4 ALCALDIA compra ágil: 4918-28-COT26,6
4921-106-AG26,Orden de Compra generada por invitación a compra ágil: 4921-12-COT26,12
4931-63-AG26,Orden de Compra generada por invitación a compra ágil: 4931-50-COT26,6
4939-138-SE26,Carpetas colgantes Colegio J.J.Latorre Sep,12
4939-145-SE26,Material Fungible Liceo Peninsular Ayacara Sep2026,12
4939-154-AG26,Alimentos Escuela Río Amarillo,12
4939-156-SE26,Mantención y reparación vehículo escolar FBPC-89 ,12
4939-158-SE26,Mantención y reparación vehículo escolar JPDH-20 ,12
4939-166-SE26,Mantención y reparación furgón escolar CGYP-57,12
4939-174-SE26,Tintas Escuela Rural Buill Sep,4
4939-175-SE26,Material Fungible Escuela Rural Buill Sep,4
4939-176-SE26,Material Fungible Escuela Rural Río Amarillo Sep,4
4939-177-SE26,Escuela Rural Chana Subvención General,4
4939-178-SE26,Herramienta Escuela Chana Subv. Mantenimiento,4
4939-179-SE26,Materiales de construcción Colegio J.J.Latorre,4
4940-463-AG26,"SOLICITUD BODEGA, DESDE AG 4940-178-COT26",6
494-1080-AG26,"PROGRAMACION DE MAYO,DESDE AG",6
494-1104-AG26,"REGULARIZACION CIRUGIAS PROTESIS2025, DESDE AG: 494-520-COT26",6
494-1110-SE26,"MEMORANDO N°50 OTORRINOLARINGOLOGIA, DESDE 494-11-LQ24",6
494-1111-AG26,"PROGRAMACION MAYO,DESDE AG",6
494-1117-SE26,"PROGRAMA LABORATORIO MAYO, DESDE 494-2-LP26",4
494-1118-AG26,"EXTRA PAUTA,DESDE AG",4
4950-71-AG26,Orden de Compra generada por invitación a compra ágil: 4950-28-COT26,6
4950-72-AG26,Orden de Compra generada por invitación a compra ágil: 4950-29-COT26,9
4950-73-SE26,Mantenciones preventivas y correctivas de equipo psicotécnico del Departamento de Tránsito y Transporte Público,6
4950-75-SE26,Mantención de software de integración para sistema de gestión de licencias de conducir,6
4955-56-AG26,ADQUISICIÓN CAJA FUERTE PARA EL DEPTO. TESORERÍA INSTITUCIONAL,12
4965-147-AG26,"Equipamiento para Aula CRA, Instituto Cardenal Caro, Ley Sep 2026",6
4965-154-SE26,Abarrotes para Internado Pailimo.-,4
4968-459-AG26,"(DD) Curso capacitación: "" categorización ESI"" ( sol.6)",12
4994-27-AG26,*Termo imprenta Orden de Compra generada por invitación a compra ágil: 4994-13-COT26,4
4997-9-AG26, Hervidor Electrico y Cajas anidadas - 104 y 105 - Secretaria Municipal   compra ágil: 4997-6-COT26,4
5005-35-SE26,CONVENIO DE SUMINISTRO DE CONTROL DE PLAGAS,6
501-185-SE26,ALIMENTOS ATENCION VISITAS GLORIAS NAVALES ,4
501-186-SE26,COLACIONES ACTO CIVICO GLORIAS NAVALES ,4
5016-13-AG26,INSUMOS DE COMPUTACIÓN compra ágil: 5016-4-COT26,4
5019-107-SE26,Insumos de Laboratorio,6
5020-49-AG26,Adquisición de insumos para las clínicas dentales del CCM P.A por invitación a compra ágil: 5020-37-COT26,4
5036-21-SE26,VACUNAS HEPATITIS B - Facultad de Farmacia U.V.,6
5043-17-AG26,"Servicio de Traslado (ida y regreso) usuarias Jefas de Hogar, ODEL compra ágil: 5043-17-COT26",4
5051-1028-AG26,AG/220400400102/LISTA DE ESPERA ONCOLÓGICA/PICOSULFATO SÓDICO/ÓXIDO DE MAGNESIO/ÁCIDO CÍTRICO POLVO/MAYO,4
5052-542-AG26,CA/2204012/SEÑALETICAS UEH/MAYO,6
5052-548-AG26,CA/2204012/REPUESTO MOPA HÚMEDA/MAYO,6
5053-407-SE26,5053-34-LE25/2206006003/ER/MANTENIMIENTO PREVENTIVO PARA EQUIPOS DE ESTERILIZACIÓN/FEBRERO,12
5053-413-SE26,5053-31-LE25/2206006003/ER/MANTENCION PREVENTIVA EQUIPOS ECOTOMOGRAFOS/FEBRERO,12
5053-550-SE26,5053-29-LE25/2206006003/ER/SERVICIO MANTENCIÓN INTEGRAL EQUIPOS VMI/MARZO,12
5053-553-SE26,5053-199-LE24/2206006003/ER/SERVICIO MANTENCION INTEGRAL EQUIPO FACOEMULSIFICADOR/MARZO,12
5053-556-SE26,5053-34-LE25/2206006003/ER/MANTENIMIENTO PREVENTIVO PARA EQUIPOS DE ESTERILIZACIÓN/MARZO,12
5053-618-SE26,5053-32-LP25/2206006003/ER/Servicio mantención integral equipos de Esterilización/MARZO,6
5053-620-SE26,5053-31-LE25/2206006003/ER/MANTENCION PREVENTIVA EQUIPOS ECOTOMOGRAFOS/MARZO,12
5053-696-SE26,5053-29-LE25/2206006003/ER/SERVICIO MANTENCIÓN INTEGRAL EQUIPOS VMI/ABRIL,12
5053-698-SE26,5053-31-LE25/2206006003/ER/MANTENCION PREVENTIVA EQUIPOS ECOTOMOGRAFOS/ABRIL,12
5053-705-SE26,5053-163-LP25/2206006003/ER MANTENIMIENTO PREVENTIVO EQUIPOS DE IMAGENOLOGÍA/ABRIL,6
5053-873-SE26,5053-113-le24/2206005002/REPARACION DE HORNO/MAYO,6
5055-575-TD26,Orden de Compra generada por Trato Directo ID 5055-3-FTD26,12
5055-606-SE26,5055-1-LP26/2204004004/VALVULA AORTICA BIOLOGICA N°23/MAYO,6
5056-1014-SE26,5056-104-LP23/2208009/TRANSBANK/JULIO,9
5056-1589-SE26,5056-127-LQ24/2212999010/TRASLADO DE PACIENTES/DICIEMBRE,6
5056-699-SE26,5056-86-LR24/2204003001/SERVICIO DE OXIGENOTERAPIA DOMICILIARIA/ENERO,12
5060-254-AG26,"SOL N°43 ADQ. DE UTILES ESCOLARES, SEGÚN ET, PARA ESC. CAMPOS DEPORTIVOS SUB PIE",6
5060-256-AG26," SOL N°42 ADQ. DE MATERIAL DIDACTICO Y SENSORIAL, SEGÚN ET, PARA ESC. CAMPOS DEPORTIVOS SUB PIE",6
5061-240-AG26,"SP 399 ADQUISICIÓN DE LICENCIAS DE SOFTWARE VERSIÓN LT PARA PLANOS 2D, PARA LA SECCIÓN DE RECURSOS FÍSICOS.: 5061-177-COT26",6
5067-1230-AG26,Orden de Compra generada por invitación a compra ágil: 5067-1164-COT26,6
5067-1243-AG26,"Adquisición de pinturas, brochas y rodillos: 5067-1104-COT26",6
5067-1244-AG26,Orden de Compra generada por invitación a compra ágil: 5067-1167-COT26,5
5067-1247-AG26,Orden de Compra generada por invitación a compra ágil: 5067-1087-COT26,4
5067-970-SE26,Reparación Tablero de Control de Bomba de Aguas Servidas Edificio Nuevo FAE - USACH // CDP 89773 - CC:060,6
507428-482-SE26,ORDEN DE COMPRA DESDE 507428-111-LR24,6
5083-295-SE26,PROG. PABELLON: ABRIL 2026 - DESDE 5083-3-LE26,6
5083-3711-SE25,INSUMOS GLOBALMED LIC. 5083-18-LQ24,12
5083-3712-SE25,ORDEN DE COMPRA DESDE 5083-29-LQ23,12
5083-3739-SE25,ORDEN DE COMPRA DESDE 5083-28-LQ23,12
5083-3752-SE25,ORDEN DE COMPRA DESDE 5083-28-LQ23	,12
5083-3753-SE25,ORDEN DE COMPRA DESDE 5083-34-LP25	,12
5083-3754-SE25,ORDEN DE COMPRA DESDE 5083-34-LP25	,12
5083-3755-SE25,ORDEN DE COMPRA DESDE 5083-36-LP25	,12
5083-3756-SE25,ORDEN DE COMPRA DESDE 5083-36-LP25	,12
5083-3757-SE25,ORDEN DE COMPRA DESDE 5083-36-LP25	,12
5083-3768-SE25,ORDEN DE COMPRA DESDE 5083-36-LP25	,12
5083-3789-SE25,ORDEN DE COMPRA DESDE 5083-34-LP25	,12
5083-3790-SE25,ORDEN DE COMPRA DESDE 5083-30-LP25	,12
5083-3800-SE25,ORDEN DE COMPRA DESDE 5083-7-LR24	,12
5083-3828-SE25,ORDEN DE COMPRA DESDE 5083-36-LP25	,12
5083-3839-SE25,ORDEN DE COMPRA DESDE 5083-52-LQ24,12
5083-3847-SE25,ORDEN DE COMPRA DESDE 5083-7-LR24,12
5083-3848-SE25,ORDEN DE COMPRA DESDE 5083-36-LP25,12
5083-3849-SE25,ORDEN DE COMPRA DESDE 5083-34-LP25,12
5083-3859-SE25,INSUMOS CX TMT JOHNSON (5083-11-LR23),12
5083-3934-SE25,ORDEN DE COMPRA DESDE 5083-33-LR24,12
5110-175-CM26,Adquisición gas granel para Colegio Crecer,6
511505-132-AG26,PROYECTO FIUDA2030,6
511505-141-AG26,DEPARTAMENTO DE METALURGIA,4
511505-143-AG26,DEPTO. DE MINAS,6
511505-144-CM26,PROYECTO FIUDA 2030,6
511734-10-AG26,Orden de Compra generada por invitación a compra ágil: 511734-13-COT26,12
5148-109-TD26,Orden de Compra generada por Trato Directo ID 5148-26-FTD26,6
514847-222-AG26, TALONARIOS RECETARIOS CRONICOS PARA BOTIQUINES SIN SISTEMA (AR-309),12
514848-362-AG26,Orden de Compra generada por invitación a compra ágil: 514848-179-COT26,6
514848-363-AG26,Orden de Compra generada por invitación a compra ágil: 514848-157-COT26,4
5153-624-AG26, RAP_ADQUISICION CARRO MOVIL PARA NOTEBOOK MMN: N°014 OCI: 213184,6
5153-696-TD26,Orden de Compra generada por Trato Directo ID 5153-65-FTD25,6
5153-795-AG26," RAP_ADQUISICION PIZARRA DE CORCHO, TABLAS CON CLIP DE ACRILICOS Y PIZARRA ACRILICA BLANCA FOLIO:740-783 OCI: 214250-214248  --  5153-867-COT26",6
5153-798-AG26,"GFB_MODULO 5180 BTICINO STOCK BODEGA, OCI 214482: 5153-839-COT26",6
5153-844-AG26,PPE_ LOZA DESECHABLE MES MAYO 2026  compra ágil: 5153-919-COT26,6
5178-1290-AG26,110107 /B5/SP 1041808/KJ,9
5178-1628-AG26,130503/B5/SP 1044484/GP/COT 5178-2127-COT26,12
5178-1666-AG26,COMPRA CONJUNTA SP 1047697/SP 1047636/B1/ID 5178-2313-COT26 JL,12
5178-1746-AG26,570574/B5/SP 1044891/ID 5178-2076-COT26 JL,12
5178-1753-AG26,B91/CANASTA COMÚN 1076/KJ ,12
5178-1886-AG26,260104/91/SP 1026375 PREGRADO 91/ CANASTA UNICA 813/ 5178-2538-COT26/NG,12
5178-1918-AG26,501498/B1/SP 1047091/CJ,12
5178-1946-CM26,PREGRADO 91 CANASTA COMUN 1062 CJ,12
5178-1956-AG26,100109/B1/SP1036993/5178-2434-COT26/CM,6
5178-1970-AG26,260102/B1/SP 1046225/DS 5178-2195-COT26,4
5178-1983-AG26,110107/B5/SP 1047360/KJ,12
5178-1990-AG26,110202/B5/SP 1050108/KJ,6
5178-2013-AG26,260104/B1/CANASTA 1169/SP 1026334/EG,6
5178-2043-CM26,Orden de Compra: 5178-2043-CM26,5
5178-2054-SE26,130406/B5/SP 1050765/DS RES N°62,6
5178-2058-AG26,770201/B1/SP 1049742/5178-2650-COT26/NG,6
5178-2063-AG26,67/B1/SP 1049127 MH a compra ágil: 5178-2501-COT26,4
5178-2064-AG26,340214/B1/SP 1045090/DS 5178-2234-COT26,4
5178-2065-CM26,810101/B5/SP 1041668-SP 1041663/DS 5178-2065-CM26,4
5178-2067-AG26,400111/B1/SP 1048721/CJ,6
5178-2080-SE26,110105/B5/SP1051201/5178-36-B225/Cotización N° 5101/BA,4
5178-2081-AG26,67/B1/SP 1049937 MH a compra ágil: 5178-2632-COT26,4
5188-269-AG26,"SELLADORA DE BOLSA 40 CM,ID:5188-213-COT26,(AG,FARMACIA,2204999,APG) ",4
5194-58-CM26,Exp 281 Alimentos Casino Institucional,5
5196-16-CM26,RAAA. GB. ALIM. 01/ENE. 2026. ADQ. ALIMENTACIÓN FEB. 2026.,12
5196-18-CM26,RAAA. GB. ALIM. 01/ENE. 2026. ADQ. ALIMENTACIÓN FEB. 2026.,12
5196-287-CM26,RAAA. GB. ALIM. 01 ABR. 2026. ADQ. ALIMENTACIÓN MAY. 2026.,12
5196-288-CM26,RAAA. GB. ALIM. 01 ABR. 2026. ADQ. ALIMENTACIÓN MAY. 2026.,12
5196-289-CM26,RAAA. GB. ALIM. 01 ABR. 2026. ADQ. ALIMENTACIÓN MAY. 2026.,12
5196-290-CM26,RAAA. GB. ALIM. 01 ABR. 2026. ADQ. ALIMENTACIÓN MAY. 2026.,12
5196-291-CM26,RAAA. GB. ALIM. 01 ABR. 2026. ADQ. ALIMENTACIÓN MAY. 2026.,12
5196-293-AG26,RAA FFEE 111 Informe técnico reparación máquinas de coser 5196-330-COT26,12
5196-297-AG26,RAA GD 101 ADQ. TINTAS Y TONER compra ágil: 5196-328-COT26,12
5196-315-AG26,"RAA GAM 114 ADQ, LUBRICANTES TARRO compra ágil: 5196-357-COT26",12
5196-340-AG26,G1017 ARTÍCULOS DE ASEO 5196-390-COT26,6
5196-341-AG26,G1015 ARTÍCULOS DE ESCRITORIO 5196-393-COT26,6
5196-343-AG26,G1018 ARTÍCULOS VARIOS 5196-391-COT26,6
5196-347-AG26,RAA GAG 120 Repuestos vehículo Camión Iveco 5196-386-COT26,4
5196-348-AG26,RAA GAG 116 Colgadores 5196-364-COT26,4
5196-349-AG26,RAA GAG 125 Rollo nylon 5196-387-COT26,4
5196-352-AG26,RAA FFEE 121 Insumos de impresión 5196-377-COT26,4
5196-353-AG26,RAA GAG 126 Mantto. aire acondicionado bus 5196-388-COT26,4
5196-656-AG25,RAA GS 178 Servicio Internet hiperfibra 5196-571-COT25,12
520149-131-SE24,CCD_PC N°3930_DINFO_Telefonía de respaldo,12
520149-247-SE24,MVG_PC N° 4506_DESERVI ADM_Timbres,12
520149-54-SE25,CPG_PC N°4918_DIFYP_ Servicio de pago POS,12
520149-55-SE25,CPG_PC N°4983_DIFYP_ Servicio de botón de pago (pago web desde tarjetas),12
5209-1009-AG26,FJF_CARBONATO DE CALCIO 500 MG,6
5215-240-AG26,Orden de Compra generada por invitación a compra ágil: 5215-272-COT26,6
5240-308-SE25,AUMENTO PRESTACIONES ARRENDAMIENTO DEL SISTEMA DE DESPACHO ASISTIDO POR COMPUTADOR CAD,12
5251-1111-AG25,TRANSPORTE PRIVADO DE PASAJEROS - CASE,12
5251-1359-AG24,Arriendo de Vehículo para Traslado - 2 CEFACOM,12
5251-2058-AG25,Servicio de impresión con ejecución gradual,12
5251-2145-AG25,SUMINISTRO DE COFFE BREAK DE NOVIEMBRE 2025 A ENERO 2026 - DIRECCIÓN DE POSTGRADO,12
5251-2270-AG25,Cúpulas de vidrio templado para baño maría 4 depósitos,12
5251-247-AG26,Orden de Compra generada por invitación a compra ágil: 5251-196-COT26,12
5251-2481-AG25,BOLSAS DE PAPEL Y PENDONES CON LOGO,12
5251-279-AG26,Libreta con Logo – Actividad A+S,12
5251-291-AG26,PLACAS PARA CULTIVO CELULAR,12
5251-324-AG26,Calculadoras y Pendrive desde 5251-289-COT26,6
5251-618-SE25,Servicio Marketing de Contenido - Posicionamiento,12
5254-1184-TD26,Orden de Compra generada por Trato Directo ID 5254-132-FTD26,9
5254-1266-CM26,Orden de Compra: 5254-1266-CM26,12
5254-1269-CM26,Orden de Compra: 5254-1269-CM26,12
5254-1270-CM26,Orden de Compra: 5254-1270-CM26,12
5254-1271-CM26,Orden de Compra: 5254-1271-CM26,12
5254-1275-CM26,Orden de Compra: 5254-1275-CM26,12
5254-1276-CM26,Orden de Compra: 5254-1276-CM26,12
5254-19-TD26,Orden de Compra generada por Trato Directo ID 5254-2-FTD26,12
5254-907-TD26,Orden de Compra generada por Trato Directo ID 5254-108-FTD26,9
525800-139-CM26,Orden de Compra: 525800-139-CM26 NP 202,6
531153-65-AG26,Adq. de elementos comisión jardines a compra ágil: 531153-62-COT26,6
5326-621-TD26,Orden de Compra generada por Trato Directo ID 5326-299-FTD26,12
5326-628-CM26,INSUMOS CLINICOS STOCK BODEGA,6
5338-282-AG26,"ADQUISICIÓN DEL SERVICIO DE TRASLADOS DE ESTUDIANTES PARA LA FERIA VOCACIONAL EN EL COLEGIO ALEMAN, SOL. 157334",6
5338-283-AG26,SOLICITUD N°157242 – ADQUISICIÓN DE MÁSTILES Y BANDERAS PARA CEREMONIA DE TITULACIÓN CARRERAS PROFESIONALES Y TÉCNICAS 2026 DE LA UNIVERSIDAD DE MAGALLANES.,6
5338-285-AG26,"SOLICITUD N° 157270 - PROCESO COMPRA ÁGIL POR LA ADQUISICIÓN DE REACTIVOS DE LABORATORIO PARA ANÁLISIS MUESTRAS FECALES, COMO PARTE DE LA INVESTIGACIÓN DEL PROYECTO SIA DE LA UNIVERSIDAD DE MAGALLANES",6
5338-287-AG26,Orden de Compra generada por invitación a compra ágil: 5338-137-COT26,4
5349-1000-AG26,ADQUISICIÓN DE AGUA DESTILADA 5LT,6
5349-1022-SE26,SERVICIOS DE MANTENCIÓN PREVENTIVA A CÁMARAS DESGRASADORAS DEL HPH,4
5349-148-TD26,Orden de Compra generada por Trato Directo ID 5349-23-FTD26,12
5349-760-AG26,ADQUISICIÓN DE CARRO MESA DE LEVANTE HIDRÁULICO,12
5349-817-AG26,SERVICIO MATEADA CON PERTINENCIA INDÍGENA PROVINCIAL PROGRAMA PESPI 2026,6
5349-859-CM26,ADQUISICION DE SUPLEMENTOS ,12
5349-870-SE26,ADQUISICION DE LIBROS PERSONALIZADOS ,12
5349-902-AG26,ADQUISICIÓN DE FÓRMULAS POLIMERICAS ,12
5349-906-AG26,ADQUISICIÓN DE PILAS ,12
5349-914-TD26,Orden de Compra generada por Trato Directo ID 5349-169-FTD26,12
5349-988-CM26,ADQUISICIÓN DE MANGAS DE COMPRESIÓN ,4
5350-930-AG26,"Compra ágil: 5350-150-COT26, Insumos Curaciones Avanzadas de Heridas, Bodega Farmacia Central",4
5350-932-AG26,"Compra ágil: 5350-128-COT26, Insumos Curaciones Avanzadas de Heridas, Bodega Farmacia Central",4
5350-933-AG26,"Compra ágil: 5350-152-COT26,  Insumos para curación avanzada de heridas, Bodega Farmacia Central",4
5350-934-AG26,"Compra ágil: 5350-147-COT26, Permetrina 5% Loción 200 ml , Bodega Farmacia Central",4
5350-936-AG26,"Compra ágil: 5350-142-COT26, Insumos Bodega Farmacia Central",6
5350-937-AG26,"Compra ágil: 5350-141-COT26, Medicamentos para Bodega de farmacia central ",4
5350-938-AG26,"Compra ágil: 5350-123-COT26, Mascarillas de nebulización adulto, insumo de oxigenoterapia, Bodega Farmacia Central",6
5350-939-AG26,"Compra ágil: 5350-144-COT26, Insumos Dentales, Bodega Farmacia Central",4
5350-940-AG26,"compra ágil: 5350-145-COT26, Insumos Dentales, Bodega Farmacia Central",4
5350-941-AG26,"Compra ágil: 5350-146-COT26, Insumos Dentales, Bodega Farmacia Central",4
5350-943-AG26,"Compra ágil: 5350-148-COT26, Insumos Dentales, Bodega Farmacia Central",4
538598-1919-TD26,Orden de Compra generada por Trato Directo ID 538598-60-FTD25,9
538598-2040-SE26,Suministro para tratamiento Peritoneo de Diálisis,12
538598-2438-AG26,HOSMET: SODIO CLORURO,5
539119-1249-CM26,ADQUISICION DE ARTICULOS DE ASEO Y OTROS PARA CAFERIA HOSCAR,6
539119-1522-SE26,"B.1. SUMINISTRO DE BEBIDAS ANALCOHOLICAS PARA EL CASINO CENTRAL, SEGÚN PEDIDO 4ADJUNTO DEL MES MAYO DEL 2026. DEPENDIENTE DE LA DIRECCIÓN DE BIENESTAR DE CARABINEROS, DESDE LICITACIÓN 539119-29-LQ24.",12
539119-1560-CM26,VALES DE GAS DE 45 KILOS PARA EL REFUGIO LAS MELOSAS. CONFORME A Orden de Compra: 539119-1560-CM26,6
539119-1562-AG26,ADQUISICIÓN DE MATERIALES DE FERRETERIA PARA EL DPTO. B.3 DE LA DIRECCIÓN DE BIENESTAR DE CARABINEROS DE LA DIRECCIÓN DE BIENESTAR DE CARABINEROS DE CHILE PROVENIENTE DE LA COMPRA AGIL ID 539119-74-COT26 ,6
5394-216-AG26,C.A. – SERVICIO DE SUSCRIPCION ANUAL A SOFTWARE.SOL.156782,6
5394-218-TD26,Orden de Compra generada por Trato Directo ID 5394-39-FTD26,4
5403-29-AG26,Adquisición de vestuario y elementos de seguridad para tres (3) funcionarios de la CNA,6
5404-145-CM26,Folio 075 Pasajes Aéreos L. Adan Valdivia-Stgo,6
5404-146-CM26,Folio 078 Pasajes Aéreos E. Caico Pto Montt-Stgo-Pto Montt,6
5404-147-SE26,Folio 076 Pasajes Aéreos J. Urzua Temuco-Stgo-Temuco,4
5413-394-SE26,CONVENIO DE SUMINISTRO DE MOBILIARIO PARA LA UNIVERSIDAD DE LOS LAGOS.,6
5413-431-TD26,Orden de Compra generada por Trato Directo ID 5413-302-FTD25,6
5416-271-AG26,Orden de Compra generada por invitación a compra ágil: 5416-160-COT26,12
5416-404-AG26,Orden de Compra generada por invitación a compra ágil: 5416-275-COT26,12
5416-438-AG26,Sobre saco blanco oficio,4
5418-98-AG26,"Servicio Instalación, Reparación y Mantención Aires Acondicionados y Circuitos Eléctricos Gobierno Regional de los Ríos ",4
5420-60-AG26,OC 5420-44-COT26 - Adquisición de ofrenda permanente mediante letrero de terciopelo.,4
5423-189-TD26,Orden de Compra generada por Trato Directo ID 5423-68-FTD26,6
5423-196-TD26,Orden de Compra generada por Trato Directo ID 5423-74-FTD26,4
542429-43-SE25,OC DESDE 542429-5-LE25 Clima ATTA,12
542753-37-CM26,Orden de Compra: 542753-37-CM26,5
5429-11-AG26,Orden de Compra generada por invitación a compra ágil: 5429-7-COT26,12
5429-204-AG25,Orden de Compra generada por invitación a compra ágil: 5429-209-COT25,12
5434-145-AG26,Neumaticos Furgón Peugeot (Facultad),6
5441-240-AG26,Orden de Compra generada por invitación a compra ágil: 5441-236-COT26,6
545598-310-AG26,Orden de Compra generada por invitación a compra ágil: 545598-331-COT26,6
545598-328-AG26,Orden de Compra generada por invitación a compra ágil: 545598-360-COT26,6
545598-329-CM26,Orden de Compra: 545598-329-CM26,6
545598-332-AG26,Orden de Compra generada por invitación a compra ágil: 545598-382-COT26,4
545598-333-AG26,Orden de Compra generada por invitación a compra ágil: 545598-377-COT26,6
545598-334-AG26,Orden de Compra generada por invitación a compra ágil: 545598-356-COT26,6
545598-336-AG26,Orden de Compra generada por invitación a compra ágil: 545598-384-COT26,4
547640-94-AG26,MANTENCIÓN PREVENTIVA Y CORRECTIVA DE EQUIPOS DE AIRE ACONDICIONADO/Orden de Compra generada por invitación a compra ágil: 547640-55-COT26,4
547640-95-CM26,PETRÓLEO DIESEL DEPARTAMENTO DE SALUD / Orden de Compra: 547640-95-CM26,6
548238-60-CM26,Orden de Compra: 548238-60-CM26,6
5485-327-AG26,Orden de Compra generada por invitación a compra ágil: 5485-298-COT26,4
548850-39-CM26,Pasaje PBSI Paola Diaz,12
548850-40-CM26,Pasaje PBSI Laura Veliz,12
548850-41-CM26,Pasaje PBSI Vignolia Urbina,12
548850-42-CM26,Pasaje PBSI Julia Tabilo,12
548854-32-AG25,Servicio de Mantención ascensor IPS Coquimbo,12
548856-37-AG26,(E102RT9) COMPRA ARTICULOS DE ASEO PARA IPS REGION DE VALPARAISO,6
548874-102-SE26,RENOVACIÓN DE  CONTRATO PROYECTO DE MANTENCIÓN Y MEJORA  DEL SISTEMA DE GESTIÓN DE SEGURIDAD DE LA  INFORMACIÓN INSTITUCIONAL NCH ISO 27001,6
549454-5-AG26,Orden de Compra generada por invitación a compra ágil: 549454-8-COT26. Servicio tramitación acciones oficiales,6
5504-107-AG26,COMPRA DE MATERIALES DE FERRETERIA - FUNCIONAMIENTO Vicedecanato,6
5504-73-AG26,LIBROS  - PEEI 2019,6
5510-48-AG26,Orden de Compra generada por invitación a compra ágil: 5510-25-COT26,4
5512-95-SE26,"Servicio de Coffe break, UTA23991",6
5515-2-AG26,Orden de Compra generada por invitación a compra ágil: 5515-1-COT26,4
5517-186-AG26,"Sol. 485, Impresora térmica, etiquetas y escáner, AyP",12
5518-44-AG26,Provisión de Papel Higiénico,12
5520-2758-SE26, Servicio de producción de stands para ferias y eventos. LIC.5520-78-CO25,12
5520-2806-AG26,Suministro de Servicios para Análisis de Aguas Residuales compra ágil 5520-347-COT26,6
5520-2842-AG26,Suministro de Servicios para Análisis de Agua superficial compra ágil 5520-346-COT26,6
5520-2989-SE26,Suministro de bolsas y mangas de polietileno transparentes. Licitación 5520-23-LE24,6
5520-3052-SE26,Suministro de Cajas Plásticas LIC.5520-35-LE23-RENOVACION,6
5520-3054-SE26,Suministro insumos de laboratorio suelo y hormigón licitacion N° 5520-26-LE24,6
5520-3071-SE26,SUMINISTRO PIEZAS DE MAESTRANZA. LIC. 5520-83-LP25,4
5520-3072-CM26,Compra reserva WZBDRA / PIBV 27085-2024 - RES. DGOP N°54/2024,6
552578-99-AG26,Orden de Compra generada por invitación a compra ágil: 552578-20-COT26,6
5529-36-AG26,02 estaciones docking para notebooks DIC - CA: 5529-43-COT26,4
552975-286-SE26,PEDIDO 16806 DE PARCHE PEDIATRICO DESFIBRILADOR ZOLL DE LIC. 552975-25-LP24,4
553153-3-AG26,"Compra ágil: 553153-5-COT26, caso N°11",6
553463-24-AG26,compra ágil: 553463-17-COT26/ PAÑALES CASO N°38,6
5537-121-AG26,Compra ágil: 5537-86-COT26 Adquisición de pinturas y complementos,6
5537-122-AG26,compra ágil: 5537-109-COT26 artículos de oficina,5
5539-269-SE25,Asistencia Técnica y Mantenimiento Preventivo de Guillotina Industrial Polar 78X,12
5539-85-AG26,Recuperador de Mantillas,12
5542-60-AG26,Orden de Compra generada por invitación a compra ágil: 5542-45-COT26,6
5543-15-CM26,Orden de Compra: 5543-15-CM26 - Compra Equipos computacionales Proyecto INID220013,6
557639-711-AG26,EQUIPAMIENTO PARA TALLER DE COCINA-LICEO FRANCISCO TELLO G CDP 1071,6
557639-724-AG26,INSUMOS COMPUTACIONALES - COL SANTA FILOMENA  CDP 1104,6
557639-836-AG26,ARTICULOS DE ASEO-COLEGIO RENE SCHNEIDER CDP 1154,6
557639-837-AG26,ARTICULOS DE LIMPIEZA-COLEGIO MARCELA PAZ CDP 1161,6
557639-841-AG26,COFFEE BREAK (UGR 301) PROG. MIGRANTES - SALUD,6
557639-857-AG26,COMPRA TUBOS DE SILICONA (UGR 184) PTO. CORRIENTE - SALUD,6
5578-10-AG26,EQUIPAMIENTO AUDIOVISUAL,6
557974-134-SE26,PAPELERIA PARA WC PARA  CENTRO AIDIA S-591,12
557974-172-SE26,art de papeleria WC para S-511 pedido 11169,6
557974-177-AG26,insumos de aseo compra ágil: 557974-181-COT26 para S-511 pedido 11169 y 11170,6
557974-180-AG26,"cargadores, pilas, maleta mas organizador compra ágil: 557974-184-COT26 para S-511 pedido 11174",4
5585-22-AG26,"Compra de Maquinaria, insumos y repuestos Impresión 3D",6
5586-1344-CM26,S/C ÚTILES DE ASEO Orden de Compra: 5586-1344-CM26,5
5586-1346-AG26,S/C Libretas ecológicas con lápiz y bolsas ecológicas Orden de Compra generada por invitación a compra ágil: 5586-1079-COT26,6
5586-1348-AG26,J/G Adquisición de equipamiento tecnológico para las direcciones de equidad de género de las cuatro universidades pertenecientes a la RED STEM,6
5586-1353-AG26,Orden de Compra generada por invitación a compra ágil: 5586-1064-COT26,6
5586-1356-AG26,J/T PRODUCTOS ASEO Orden de Compra generada por invitación a compra ágil: 5586-1062-COT26,6
5586-1368-AG26,J/G Adquisición de 1 medidor LAQUAtwin Na-11 de sodio,6
5586-1371-AG26,J/T INSUMO ORTODONCIA Orden de Compra generada por invitación a compra ágil: 5586-1084-COT26,4
5586-1372-AG26,"""J/G Productos de difusión varios, con el fin de difundir el Plan de Gestión del Cambio""",4
5590-215-AG26,Mantención INTA (2005) s/c 19604,12
559322-153-AG26,Análisis - Orden de Compra generada por invitación a compra ágil: 559322-123-COT26,6
5596-11-AG26,Orden de Compra generada por invitación a compra ágil: 5596-10-COT26,6
5610-118-AG26,Servicio de encarpado: 5610-99-COT26,12
5610-259-TD26,Orden de Compra generada por Trato Directo ID 5610-5-FTD26,6
5610-265-AG26,Arriendo de maquina impresora CopyPrinter 8 meses: 5610-244-COT26,6
5610-292-AG26,servicio de limpieza para corpóreo 5610-255-COT26,6
5610-294-AG26,5610-270-COT26. Servicio de informe de propiedad industrial para un proyecto,6
5610-295-AG26,"Tubos, micropipetas, y puntas 5610-273-COT26",6
5615-292-CM26,"MATERIAL DE LIBRERIA STOCK BODEGA MATERIALES, SEGUN REQ DAF N°17",5
5615-293-CM26,MATERIAL DE ASEO STOCK BODEGA  SEGUN REQ DAF N°16 ,5
5615-299-AG26,SERVICIO DE COFFE BREAK PRIMER ENCUENTRO EMPRESA AÑO 2026 CONVENIO FOMIL 2026-2027 REQ. ADM N°134,6
5615-300-AG26,"ADQUISICIÓN DE MATERIALES DE CONTRUCCIÓN PROGRAMA ACTIVIDADES MES DEL PATRIMONIO EL CARMEN 2026, SEGUN REQ DIDECO N°158",6
5627-105-AG26,COMPRA DE INSUMOS,12
564162-284-AG26,11 - 90642 - Notebooks,9
564162-325-AG26,16 - 90797 - Licencia educativa anual ATLAS.ti o equivalente técnico,4
564953-454-AG26,VASOS - RAM,6
5657-131-AG26,DVM SIC 734 - SIRE 757 Servicios de faenas preparación de sitio Comuna de Panguipulli: 5657-43-COT26,4
5657-132-AG26, DVM SIC 718 - SIRE 751 Servicio traslado maxisaco: 5657-42-COT26,4
5667-40-AG26," SERVICIO DE OBRA DE TEATRO, S.C. N°8, CRM, EDUCACION, CVG",4
5684-284-AG26,Reparación Tapas Chiller/ 5684-176-COT26,4
5701-52-CM26,ADQUISICION ALIMENTACION MAYO 2026,4
5702-201-CM26,"CPF ARICA, COMPRA DE ALIMENTOS MES ABRIL.",12
5740-160-AG26,MATERIALES DE OFICINA TALLER FOMENTO LECTOR 2026,4
5740-164-SE26,MANTENCIÓN Y REPARACION VEHICULO FISCAL KZZL-96,6
5740-166-AG26,CURSO DE FORMULACIÓN DE PLANES DE NEGOCIOS Y/O DE EMPRENDIMIENTO BASICO PARA 8 USUARIOS DEL PROGRAMA P.A.I.S.,4
574-162-CM26,Suministro de verduras y frutas.,12
574-177-AG26,Utensilios para Servicio Alimentacion.,6
574-182-AG26,Reactivos para Laboratorio.,12
574-184-AG26,Reactivos para Laboratorio,12
5750-35-SE26,Arriendo de impresoras y Rep. documentos mes abr. ,4
5756-197-AG26,Orden de Compra generada por invitación a compra ágil: 5756-142-COT26,12
5756-220-AG26,"Salida Terreno Chimbarongo/San Vicente, Octava Región - Sol 9133 - 5756-209-COT26",12
5756-223-AG26,Orden de Compra generada por invitación a compra ágil: 5756-202-COT26,6
5756-228-AG26,Orden de Compra generada por invitación a compra ágil: 5756-206-COT26,6
5756-244-AG26,CSG - Catering - Solicitud 9196 - 5756-237-COT26,6
5761-73-AG26,Orden de Compra generada por invitación a compra ágil: 5761-59-COT26,6
5762-18-AG26,Servicio de Catering Ed. Continua Orden de Compra generada por invitación a compra ágil: 5762-23-COT26,12
577290-45-CM26,LICENCIAS MICROSOFT POWER BI PRO,6
578459-424-CM26,COMPRA DE COMBUSTIBLE PARA TRANSPORTE ESCOLAR. ,6
578459-429-AG26,"COMPRA ART. DE ASEO PARA POSTA GACITUA, MEMO 225",4
578459-430-AG26,"COMPRA MATERIAL DE IMPRENTA PARA CESFAM ISLA DE MAIPO, MEMO 266",4
5815-16-AG26,Orden de Compra generada por invitación a compra ágil: 5815-23-COT26,4
582-36-AG26,Orden de Compra generada por invitación a compra ágil: 582-31-COT26,6
5840-11-AG26,Orden de Compra generada por invitación a compra ágil: 5840-10-COT26,6
584146-203-SE26,TALLER PROGRAMA PAB-PAI SENDA  ,4
585893-22-SE26,CONTRATACIÓN DE LOS SERVICIOS DE “ASEO E HIGIENIZACION DE LA DEPENDENCIA DE LA AGENCIA ÁREA POZO ALMONTE - INDAP REGIÓN DE TARAPACÁ 585893-4-LE26,12
585893-71-SE24,Cont. Asesoría rubro Camélido Indap Tarapacá ID. 585893-12-LE24,12
586-509-SE24,ORDEN DE COMPRA DESDE 586-2-LE24,12
591376-35-AG26,Mantención Equipos Aire Acondicionado Región de Los Ríos ,12
5933-176-CM26,Orden de Compra: 5933-176-CM26 FRANCICA CORREA PUQ SCL COMETIDO FUNCIONARIO PROYECTO,6
593951-65-SE25,ORDEN DE COMPRA DESDE 593951-4-LE25,12
5942-15-SE26,SUMINISTRO DE ESTÁNDARES DE REFERENCIA CERTIFICADO,12
5942-45-AG26,Orden de Compra generada por invitación a compra ágil: 5942-31-COT26,12
5955-245-AG26,SERVICIO DE PRODUCCION DE EVENTOS PARA EXPO ASADOS Y EVENTO DEPORTIVO,4
5955-246-AG26,INSUMOS DE SUPERMERCADO,4
5955-247-AG26,INSUMOS DE ALIMENTOS,4
595824-64-CM26,Orden de Compra: 595824-64-CM26,12
5959-63-AG26,Orden de Compra generada por invitación a compra ágil: 5959-59-COT26. ADM,4
5965-100-AG26,Orden de Compra generada por invitación a compra ágil: 5965-60-COT26,6
598-105-AG26,Orden de Compra generada por invitación a compra ágil: 598-72-COT26,12
598-114-AG26,Orden de Compra generada por invitación a compra ágil: 598-81-COT26,6
598-115-AG26,Orden de Compra generada por invitación a compra ágil: 598-92-COT26,6
598-146-SE25,ORDEN DE COMPRA DESDE 598-9-L125,12
598-243-SE25,ORDEN DE COMPRA DESDE 598-20-LP25,12
598-30-AG26,Orden de Compra generada por invitación a compra ágil: 598-9-COT26,12
598-84-AG26,Orden de Compra generada por invitación a compra ágil: 598-51-COT26,12
598-90-AG26,Orden de Compra generada por invitación a compra ágil: 598-59-COT26,12
607-49-AG25,Orden de Compra generada por invitación a compra ágil: 607-11-COT25,12
607-61-SE25,ORDEN DE COMPRA DESDE 607-212-LE24,12
607-80-AG26,Orden de Compra generada por invitación a compra ágil: 607-48-COT26,6
607-82-SE26,AP. CONTRATO SEG. PARQUE LA HONDONADA ,12
608-1040-TD26,Orden de Compra generada por Trato Directo ID 608-570-FTD25,12
608-30477-TD25,Orden de Compra generada por Trato Directo ID 608-547-FTD25,12
608-3088-CM26,(NPS) ADQ. DE ABARROTES (Pedido Marzo),12
608-3948-SE26,(LSA) LANREOTIDA 90 MG JG	,6
608-4341-TD26,Orden de Compra generada por Trato Directo ID 608-550-FTD25,12
608-5351-SE26,(ERR) Bolsa Plástica Transp. 20 x 30 ( B. Economat,6
608-5807-TD26,Orden de Compra generada por Trato Directo ID 608-42-FTD26,12
608-5812-TD26,Orden de Compra generada por Trato Directo ID 608-42-FTD26,12
608-5942-AG26,MVE BODEGA CENTRAL MAYO desde: 608-3017-COT26,6
608-6012-SE26,(LSA) FARMACIA TACROLIMUS 0.5 MG CP,6
608897-50-AG26,Orden de Compra generada por invitación a compra ágil: 608897-15-COT26,12
608897-56-SE26,ORDEN DE COMPRA DESDE 608897-2-LR26,6
609-534-SE25,SERVICIOS DE ASEO PARA EL EDIFICIO INSTITUCIONAL DE INDAP Y SUS DEPENDENCIAS ANEXAS CON LA EMPRESA SERVICIOS DE ASEO INDUSTRIAL ANDES LIMITADA,12
611136-19-TD26,Orden de Compra generada por Trato Directo ID 611136-1-FTD26,4
611669-321-SE25,Servicio de monitoreo de prensa y medios online,12
612-268-AG26,DGDP SC PAC 356-2026 Equipos gastronómicos,6
615-16-CC26,TELEFONIA MOVIL Y BANDA ANCHA,6
617807-11313-SE25,ORDEN DE COMPRA DESDE 617807-30-LP24	,12
617807-1723-AG26,HOSLA  INS IMAGENENOLOGIA,12
617807-1779-SE26,ORDEN DE COMPRA DESDE 617807-53-LP23,12
617807-1780-SE26,ORDEN DE COMPRA DESDE 617807-53-LP23,12
617807-2153-TD26,Orden de Compra generada por Trato Directo ID 617807-305-FTD26,12
617807-2252-SE26,DMH ORDEN DE COMPRA DESDE 617807-30-LE26,12
617807-2373-SE26,HOSLA TONER,12
617807-2461-CM26,HAAV ART DE ASEO.,12
617807-2465-CM26,PMV. Orden de Compra: 617807-2465-CM26,12
617807-2500-AG26,HAAV INSUMOS DENTALES 761-COT26,5
617807-2502-TD26,Orden de Compra generada por Trato Directo ID 617807-315-FTD26,12
617807-2503-TD26,Orden de Compra generada por Trato Directo ID 617807-315-FTD26,12
617807-2504-TD26,Orden de Compra generada por Trato Directo ID 617807-315-FTD26,12
617807-2505-TD26,Orden de Compra generada por Trato Directo ID 617807-315-FTD26,12
617807-2506-TD26,Orden de Compra generada por Trato Directo ID 617807-315-FTD26,12
617807-2507-TD26,Orden de Compra generada por Trato Directo ID 617807-315-FTD26,12
617807-2508-TD26,Orden de Compra generada por Trato Directo ID 617807-315-FTD26,12
617807-2509-TD26,Orden de Compra generada por Trato Directo ID 617807-315-FTD26,12
617807-2510-TD26,Orden de Compra generada por Trato Directo ID 617807-315-FTD26,12
617807-2511-TD26,Orden de Compra generada por Trato Directo ID 617807-315-FTD26,12
617807-2512-TD26,Orden de Compra generada por Trato Directo ID 617807-315-FTD26,12
617807-2513-TD26,Orden de Compra generada por Trato Directo ID 617807-315-FTD26,12
617807-2514-TD26,Orden de Compra generada por Trato Directo ID 617807-315-FTD26,12
617807-2515-TD26,Orden de Compra generada por Trato Directo ID 617807-315-FTD26,12
617807-2516-TD26,Orden de Compra generada por Trato Directo ID 617807-315-FTD26,12
617807-2517-TD26,Orden de Compra generada por Trato Directo ID 617807-315-FTD26,12
617807-2518-TD26,Orden de Compra generada por Trato Directo ID 617807-315-FTD26,12
617807-2519-TD26,Orden de Compra generada por Trato Directo ID 617807-315-FTD26,12
617807-2520-TD26,Orden de Compra generada por Trato Directo ID 617807-315-FTD26,12
617807-2521-TD26,Orden de Compra generada por Trato Directo ID 617807-315-FTD26,12
617807-2522-TD26,Orden de Compra generada por Trato Directo ID 617807-315-FTD26,12
617807-2523-TD26,Orden de Compra generada por Trato Directo ID 617807-315-FTD26,12
617807-2524-TD26,Orden de Compra generada por Trato Directo ID 617807-316-FTD26,12
617807-2695-AG26,CAV Orden de Compra generada por invitación a compra ágil: 617807-1022-COT26,6
617807-2798-AG26,CLP Orden de Compra generada por invitación a compra ágil: 617807-1086-COT26,6
617807-5267-SE25,ORDEN DE COMPRA DESDE 617807-41-LE25,12
619133-2174-SE26,MTG ORDEN DE COMPRA DESDE 619133-94-R124	,12
619133-2301-AG26,(JCTL) ADQUISICIÓN DE BOMBA DE RECIRCULACIÓN CENTRAL TÉRMICA Orden de Compra generada por invitación a compra ágil: 619133-533-COT26,12
619133-2326-AG26,(JCTL) ADQUISICIÓN DE DECK WPC PARA SERVICIOS GERNERALES Orden de Compra generada por invitación a compra ágil: 619133-519-COT26,9
619133-2348-SE26,MTG ORDEN DE COMPRA DESDE 619133-94-R124	,12
619133-2362-SE26,MTG ORDEN DE COMPRA DESDE 619133-97-LE23,12
619133-2419-CM26,(JCTL) ADQUISICIÓN PETROLEO DIESEL Orden de Compra: 619133-2419-CM26,12
619133-2474-SE26,MAM OC DESDE 619133-159-LE25 PEDIDO JUNIO 2026,4
619133-2476-SE26,MAM OC DESDE 619133-16-LE25 PEDIDO JUNIO 2026,4
619133-2477-SE26,MAM OC DESDE 619133-16-LE25 PEDIDO JUNIO 2026,6
619133-2479-SE26,MAM OC DESDE 619133-15-LE25 PEDIDO JUNIO 2026,4
619133-2480-SE26,MAM OC DESDE 619133-15-LE25 PEDIDO JUNIO 2026,5
619133-2481-SE26,MAM OC DESDE 619133-15-LE25 PEDIDO JUNIO 2026,6
619133-2482-SE26,MAM OC DESDE 619133-15-LE25 PEDIDO JUNIO 2026,4
619133-2483-SE26,MAM OC DESDE 619133-22-LQ24 PEDIDO JUNIO 2026,6
619133-2484-SE26,MAM OC DESDE 619133-89-LE24 PEDIDO JUNIO 2026,4
619133-2485-SE26,MAM OC DESDE 619133-35-LE26 PEDIDO JUNIO 2026,6
619133-2486-SE26,MAM OC DESDE 619133-178-LE24 PEDIDO JUNIO 2026,6
619133-2487-SE26,MAM OC DESDE 619133-62-LE25 PEDIDO JUNIO 2026,4
619133-2488-SE26,MAM OC DESDE 619133-153-LE25 PEDIDO JUNIO 2026,6
619133-2493-SE26,MAM OC DESDE 619133-192-R125 PEDIDO JUNIO 2026,6
619133-2495-SE26,MAM OC DESDE 619133-127-LE25 PEDIDO JUNIO 2026,6
619133-2496-SE26,MAM OC DESDE 619133-127-LE25 PEDIDO JUNIO 2026,4
619133-2497-SE26,MAM OC DESDE 619133-97-LE24 PEDIDO JUNIO 2026,4
619133-2498-SE26,MAM OC DESDE 619133-8-LE25 PEDIDO JUNIO 2026,4
619133-2499-SE26,MAM OC DESDE 619133-8-LE25 PEDIDO JUNIO 2026,6
619133-2500-SE26,MAM OC DESDE 619133-8-LE25 PEDIDO JUNIO 2026,4
619133-2501-SE26,MAM OC DESDE 619133-8-LE25 PEDIDO JUNIO 2026,4
619133-2506-SE26,MAM OC DESDE 619133-8-LE25 PEDIDO JUNIO 2026,4
619133-2509-TD26,Orden de Compra generada por Trato Directo ID 619133-515-FTD26,12
619133-2511-SE26,MAM OC DESDE 619133-6-LP26 ABRIL 2026,4
619133-2632-TD26,Orden de Compra generada por Trato Directo ID 619133-522-FTD26,6
619133-2688-SE26,MAM OC DESDE 619133-13-LP25,4
619133-2689-AG26,"mpal, pedido anatomia Orden de Compra generada por invitación a compra ágil: 619133-629-COT26",4
620956-15-AG26,"Compra ágil: 620956-13-COT26, mantención sistema calefacción",12
621-156-SE26,621-1106-LR25 ; 4500040553,6
621-363-TD26,Orden de Compra generada por Trato Directo ID 621-83-FTD26,6
621923-20-AG26,Orden de Compra generada por invitación a compra ágil: 621923-7-COT26,6
622-205-AG26,"Refrigerador para TR Poniente, C.ágil: 622-51-COT26",6
622-210-TD26,Orden de Compra generada por Trato Directo ID 622-19-FTD26,6
623-258-TD26,Orden de Compra generada por Trato Directo ID 623-9-FTD26,12
623339-10-AG26,ADQ DE OTROS MATERIALES PARA ASEO ESCEQ 623339-13-COT26,6
625-140-AG26,306_42043/2026_ADQ DE ETIQUETAS AUTOADHESIVAS 625-118-COT26,6
627786-82-CM26,COM RANCHO: ADQ PECHUGA DE POLLO Y CHOCLO TROZADO,4
630424-259-AG26,"COMPRA IMPRESORA MULTIFUNCIONAL, LICEO A.VARAS: 630424-171-COT26",5
630424-265-AG26,COMPRA OFRENDA FLORAL GLORIAS NAVALES PARA LICEO BICENTENARIO COMPLEJO EDUCACIONAL IGNAO,4
632-38-SE24,SERVICIO DE ALARMA Y MONITOREO CASONA MONTEALEGRE,12
632-75-SE24,ORDEN DE COMPRA DESDE 632-7-LQ24,12
634-1062-SE25,Suministro repuestos de autos,12
634-282-AG26,E276 - Mantención integral de lavadoras y secadores del Hospital Penitenciario,6
635-550-SE26,CONTROL PALOMAS MAYO,6
635-573-AG26,"Adquisición de Pendrive, Disco Duro y Mouse (OTT 799/ODONTOLOGICO)  a compra ágil: 635-185-COT26",6
636811-129-TD26,Orden de Compra generada por Trato Directo ID 636811-27-FTD26,6
636811-130-TD26,Orden de Compra generada por Trato Directo ID 636811-28-FTD26,6
638-77-AG26,ARRIENDO TARIMA Y SILLAS; Orden de Compra generada por invitación a compra ágil: 638-46-COT26,6
643553-290-AG26, Insumos de repostería,4
644-39-SE26,TELEFONIA IP,12
646-53-CM26,ADQUISICION DE TOALLA DE PAPEL,6
647694-5950-SE26,ORDEN DE COMPRA DESDE 647694-5-LE26,4
647694-5951-CM26,Orden de Compra: 647694-5951-CM26,6
650-255-SE24,"LP. 01/2024 “Macro urbanización Avda. Héroes de la Concepción, Sector La Chimba, Primera Etapa Antofagasta, Región de Antofagasta”, Código BIP N° 40029713-0, según ID 650-34-O124.        ",12
650-48-SE25,"LP. 13/2025 “Asesoría Técnica Proyecto Macrourbanización Avda. Héroes de la Concepción, Sector La Chimba, Antofagasta”, Código BIP N°40029713-0, según ID 650-16-LQ25",12
652-133-AG26,Adquisicion kit de herramientas de ensamblaje,6
652-144-AG26,"Insumos médicos,  a compra ágil: 652-56-COT26",6
654-169-AG26,PUBLICAION DIARIO LA ESTRELLA VARIOS PROCESOS LICITATORIOS ,12
654-170-TD26,Orden de Compra generada por Trato Directo ID 654-13-FTD26,4
654478-1-SE26,SERVICIO DE GUARDIA DE SEGURIDAD ,12
654478-338-AG25,ARRIENDO 18 EQUIPOS AROMATIZADORES DE AMBIENTE POR 12 MESES,12
654478-644-SE24,SERVICIO DE TAXI EJECUTIVO Y TRANSPORTE PRIVADO DE PASAJEROS ,12
654478-759-AG25,ARRIENDO DE 18 EQUIPOS AROMATIZADORES POR 12 MESES,12
662237-106-SE26,"Servicio de Operativos Programa Cero desde 662237-1-LR26, LS. N°12 Los Ríos",6
662237-55-SE26,"Servicio de Operativos Programa Cero DESDE 662237-1-LR26, LS 5: Región de Coquimbo",6
664-89-SE25,Serv. Aseo Edificio Inst. Seremi MBN Antofagasta. O. C. DESDE 664-2-LE25,12
673627-13-AG26,Orden de Compra generada por invitación a compra ágil: 673627-10-COT26,6
673663-14-SE26,ORDEN DE COMPRA DESDE 673663-18-LP25,6
673663-16-SE26,ORDEN DE COMPRA DESDE 673663-18-LP25,6
673721-18-SE25,"Meses planes de tratamiento Adolescentes y Jóvenes Licit. ID 662237-27-LR24, LS. N°43",12
673721-42-SE25,"Compra Planes Tratto. Pobl. General Licit. ID662237-26-LR24, LS. 74",12
673721-48-SE24,"Compra de meses de planes de tratamiento LV y LVI Licit. ID662237-18-LR24, LS. 9",12
673721-4-SE25,"Compra Planes Tratto. Pobl. General y Esp. Mujeres, Licit. ID662237-26-LR24, LS. N°70 y LS. N°71",12
680477-4-AG26,Orden de Compra generada por invitación a compra ágil: 680477-4-COT26,5
692253-6-SE25,ORDEN DE COMPRA DESDE 692253-1-LE25 SUMINISTRO DE PASAJES AEREOS INTERNACIONALES PARA LA UMCE,12
696011-22-AG26,Orden de Compra generada por invitación a compra ágil: 696011-24-COT26,4
697057-59-AG26,Compra bolsas resellables,6
697057-60-AG26,Mantención y Reparación de Portones ,6
697057-62-AG26,Compra Termos ,4
697224-22-AG26,Compra ágil: 697224-31-COT26 Desayuno protocolar institucional,6
699360-22-CM26,"SERVICIO DE ALIMENTACIÓN FISCAL, DESTINADO AL PERSONAL DE LA DIOSCAR. ALIMENTACIÓN  ADMINISTRATIVA, OPERATIVA Y NOCTURNA: 699360-22-CM26",4
699866-6336-SE26,699866-162-LP24/2204005003/GUIA AMPLATZ/MAYO,6
699866-6349-SE26,699866-160-LP25/2204005003/ACELERADOR PARA TRANSFUSION/MAYO,6
699866-6356-SE26,699866-106-LP24/2204005003/CAMPAÑA DE INVIERNO/ADAPTADOR OMNI-FLEX CORRUGADO/MAYO,6
699866-6357-SE26,699866-82-LP25/2204005003/FUNDAS DESECHABLE ESTERIL PARA MICROSCOPIO/MAYO,6
699866-6358-SE26,699866-155-LQ24/2204005003/RETRACTOR ABDOMINAL TALLA S/MAYO,6
699866-6362-SE26,699866-132-LE24/2204005003/LENTES FOTOTERAPIA CHICO/MAYO,6
699866-6367-SE26,699866-51-LP25/2204005003/PROTECTOR CUTANEO CAVILO/MAYO (2),6
699866-6371-SE26,699866-143-LP25/2204005003/GUIAS BMW/MAYO ,6
699866-6381-SE26,699866-95-LQ24/2204005003/GEL CONDUCTOR 20 GR/MAYO,6
699866-6382-AG26,AG/2204005003/LISTA DE ESPERA/GUANTES NITRILO TALLA S/MAYO,4
699866-6383-AG26,AG/2204005003/SET DOBLE Y TRIPLE/MAYO,6
699866-6384-AG26,AG/2204005003/ELECTRODO VENTRICULAR FIJACION ACTIVA/MAYO ,4
699866-6386-SE26,699866-121-LE25/2204005003/ (ASA) ELECTRODO COAGULACIÓN BOLA 5MM/MAYO,4
699866-6387-SE26,699866-104-LE25/2204005003/CANULA TQT 4.0 C/B /MAYO,4
701426-202-SE26,"ALIMENTOS PARA ACTIVIDAD ""JORNADA DE AUTOCUIDADO E INTRODUCCIÓN A LA PARENTALIDAD POSITIVA PARA MADRES Y CUIDADORAS"" PARTICIPANTES DEL PROGRAMA FIADI",6
702988-227-SE26,ORDEN DE COMPRA DESDE 702988-13-LE25,6
702988-247-AG26,Orden de Compra generada por invitación a compra ágil: 702988-111-COT26,12
702988-265-AG26,Orden de Compra generada por invitación a compra ágil: 702988-126-COT26,4
702988-266-AG26,Orden de Compra generada por invitación a compra ágil: 702988-123-COT26,4
702988-267-AG26,Orden de Compra generada por invitación a compra ágil: 702988-125-COT26,4
705290-979-TD26,Orden de Compra generada por Trato Directo ID 705290-118-FTD26,6
705829-26-AG26,Sillas (UCH22991),9
707418-62-SE26,ORDEN DE COMPRA DESDE 707418-17-L126,6
707420-32-CM26,Gas a Granel Empresa Lipigas,12
707427-22-SE26,ORDEN DE COMPRA DESDE 707427-8-L126,6
709129-16-CM26,OC 709129-16-CM26 Adq. Materiales de oficina FLs y FR Redoffice,6
711-233-AG26,Orden de Compra generada por invitación a compra ágil: 711-86-COT26,6
711841-148-AG26,Orden de Compra generada por invitación a compra ágil: 711841-26-COT26,4
712830-56-AG26,Frutas y verduras orden de Compra generada por invitación a compra ágil: 712830-42-COT26,6
720-89-SE26,"PAC CPIE, ADQUISICION DE SALVADO DE TRIGO GRUESO",6
721-203-SE25,DTI Servicio de Impresión para UCO desde 721-25-CO25,12
721703-667-SE25,"Servicio de Captura, Orden de compra desde Licitación Publica 721703-17-LR25, Item  2, CDP N° 441/2025",12
721-93-AG26,Adquisición de artículos de aseo para la Oficina Regional Arica,6
722640-59-AG26,Orden de Compra generada por invitación a compra ágil: 722640-63-COT26; Adquisición de tres contenedores,4
728-34-AG26, Unidad de almacenamiento SSD M.2 2280,12
729941-8-AG26,Orden de Compra generada por invitación a compra ágil: 729941-7-COT26,6
730566-99-AG26,INI26-HYS-003 ELEMENTOS ERGONÓMICOS,6
730736-152-AG26,Orden de Compra generada por invitación a compra ágil: 730736-94-COT26,4
734-1088-CM25,Orden de Compra: 734-1088-CM25,12
734-291-TD26,Orden de Compra generada por Trato Directo ID 734-164-FTD26,6
734-293-TD26,Orden de Compra generada por Trato Directo ID 734-165-FTD26,9
734-323-TD26,Orden de Compra generada por Trato Directo ID 734-166-FTD26,4
734-324-TD26,Orden de Compra generada por Trato Directo ID 734-167-FTD26,4
735949-6-AG26,ADQUISICIÓN DE FRASCOS PLÁSTICOS PROG. PRODESAL / S.P. 56589,6
738-16-SE26,RENOVACION CONTRATO APOYO TECNICO DE SOPORTE CONVENIO GORE AFCI COPIAPO  DESDE 738-1-LE25,4
739-38-SE26,"SAT MULTIRUBROS CASABLANCA, S.ANT. 2026.",6
739-39-SE26,"SAT CAROZOS NOGALES, LOS ANDES Y SF. 2026.",6
741-60-SE26,SERVICIO ASESORIA TECNICA SAT,12
742475-33-AG26,Orden de Compra generada por invitación a compra ágil: 742475-32-COT26,6
743848-18-AG26,Orden de Compra generada por invitación a compra ágil: 743848-15-COT26,4
744609-11-SE24,SS1513 SERVICIO DE ASEO TP TALCAHUANO,12
744609-2-AG26,Orden de Compra generada por invitación a compra ágil: 744609-2-COT26,12
744835-216-AG26,VISICOOLER 900 LITROS - CONGELADOR DUAL - TERMOSELLADORA - DISPENSADOR TOALLA,12
744835-251-AG26,RESUCITADOR MANUAL/ TOMA DE PRESIÓN/ BRAZALETE/ OTROS,6
744835-260-CM26,GAS DE CESFAM MARIELA SALGADO Y PUEBLO LO ESPEJO,6
746483-27-SE26,SERVICIO DE TRASLADO DE PERSONAS,6
748201-319-AG26,LABORATORIOS SAVAL S.A. Valpo. Citrix 59.062 y 59.115 compra ágil: 748201-101-COT26,12
748201-409-AG26,SAVAL Citrix 59054. Compra ágil: 748201-112-COT26,12
748201-441-AG26,MUNNICH PHARMA MEDICAL SPA CDS y R. Citrix 59.150 compra ágil: 748201-122-COT26,12
748201-442-SE26,LIC: 748201-2-LP26 Andromaco S.A. Stgo. Sinfa 1256,12
748201-446-SE26,LIC: 748201-2-LP26 Andromaco S.A. Valpo. Sinfa 13796,12
748201-449-SE26,LIC: 748201-2-LP26 Lab. Recalcine Valpo. Sinfa 13799,12
748201-452-SE26,LIC: 748201-1-LR26 Novofarma Service Valpo. Sinfa 13802,12
748201-454-SE26,LIC: 748201-1-LR26 Lab. Chile Valpo. Sinfa 13804,12
748201-457-SE26,LIC: 748201-11-LQ25 Synthon Chile Valpo. Sinfa 13807,12
748201-460-SE26,LIC: 748201-11-LQ25 Opko Chile S.A. Stgo. Sinfa 1279,12
748201-465-CM26,"Insumos Farmaceuticos Farmacia CRLF, Citrix 59.231",5
748201-471-SE26,LIC: 748201-1-LR26 Sandoz Chile Crlf. Sinfa 13774,12
748201-482-SE26,LIC 748201-2-LP26 ANDROMACO SINFA 13768 LA FLORIDA,4
748201-484-SE26,LIC:748201-11-LQ25 SCM Pharma Crlf. Sinfa 13769,4
748201-485-SE26,LIC: 748201-12-LP25 Lab. Chile Sinfa 13764 LA FLOR,4
748201-486-SE26,LIC: 748201-12-LP25 Ethon Crlf SINFA 13765,4
748-34-SE26,Servicio de Vehículo - Intercensal - Normal 01,12
748-35-SE26,Servicio de Vehículos - ENE - Normal 01,12
748-36-SE26,Servicio de Vehículos - ENE - Normal 01,12
754-23-AG26,DSH - OC 754-23-AG26 Orden de Compra generada por invitación a compra ágil: 754-17-COT26 COMPRA Y ENTREGA DE MATERIALES DIDACTICOS PROYECTO SAAT 2026 PARA ESTABLECIMIENTOS EPJA,6
757-237-CM26,Orden de Compra: 757-237-CM26 - Norma Peña - Diprece,6
758004-53-CM26,"Orden de Compra: 758004-53-CM26 ""Pasaje Iquique - Cortés-Troncoso - 25-29 mayo 2026""",12
758004-57-CM26,"Orden de Compra: 758004-57-CM26 ""Pasaje Temuco - Baeza - 18-20 mayo 2026""",12
758004-58-CM26,"Orden de Compra: 758004-58-CM26 ""Pasaje Arica - Saldaño-Ortega - 24-30 mayo 2026""",12
758-1040-TD25,Orden de Compra generada por Trato Directo ID 758-53-FTD25,12
758-285-SE26,Soporte y Mantención Active Directory ,12
758-325-CM26,S/C N° 24036 ESCOBILLONES MUNICIPALES D.R. MAULE (REPOSICIÓN STOCK),12
758-326-CM26,S/C N° 24030 KIT ASEO PERSONAL (REPOSICIÓN STOCK),12
758-353-TD26,Orden de Compra generada por Trato Directo ID 758-17-FTD26,6
758-526-SE25,SC 20527 SERVICIO DE ASEO ARICA Y PARINACOTA,12
758-581-SE25,SC 20981 RENOVACIÓN CTTO ASEO ÑUBLE,12
758-81-SE26,SC 22793 SOPORTE Y MANTENCIÓN SISTEMA MAXIMO,12
759-1040-SE22,"SERVICIOS DE MEDIACIÓN FAMILIAR, ZONA C, REGIÓN METROPOLITANA",12
759-105-SE24,SERVICIOS DE MEDIACIÓN FAMILIAR ZONA A REGIÓN DE ATACAMA,12
759-138-TD25,Orden de Compra generada por Trato Directo ID 759-2-FTD25,12
759-368-AG25,"SERVICIO DE DESINSECTACIÓN, SANITIZACIÓN Y DESRATIZACIÓN PARA LA SEREMI DE LA REGIÓN DE LA ARAUCANÍA",12
759-37-TD25,Orden de Compra generada por Trato Directo ID 759-1-FTD25,12
759-90-CM26,PASAJE AEREO MINISTRO FERNANDO RABAT / SCL-ZCO / I:08-05,12
759916-23-AG26,PROTECTOR CUTANEO SIN ARDOR/CESFAM ANDES/VVS,4
759916-24-AG26,PAPEL ELECTROCARDIOGRAFO / CESFAM ANDES/VVS,4
759916-25-AG26,LUBRICANTE CUTANEO/ CESFAM ANDES/VVS,4
759916-26-AG26,PROTECTOR CUTANEO/ CESFAM ANDES/VVS,4
759916-27-AG26,LIMPIADORA POLIHEXANIDA Y BETAINA/ CESFAM ANDES / VVS,4
759916-28-AG26,LUBRICANTE CUTANEO 100 ML/ CESFAM ANDES/VVS,4
759916-29-AG26,AGUA BIDESTILADA 500 ML/ CESFAM ANDES/VVS,4
760-108-CM26,"S.C. N° 095, Oficina Quillota, Adquisición de Materiales y Útiles de Aseo",12
760-400-SE25,"SC 377, Oficina Quillota, Servicios Control de Plagas Integrado, Octubre-1015 a Septiembre-2026, Oficina Quintero",12
760-401-SE25,"SC 378, Oficina Quillota, Servicios Control de Plagas Integrado, Octubre-2025 a Septiembre-2026, Oficina Quillota",12
760-86-SE26,ORDEN DE COMPRA DESDE 760-3-LE26,12
761-504-SE25,OC DE LICITACIÓN PUBLICA 761-30-LE25- SERVICIO “ARRIENDO DE DISPENSADORES DE AGUA Y DISTRIBUCIÓN DE BIDONES DE AGUA PURIFICADA PARA SUBDERE” E8797/2025,12
763003-70-CM26,GAS LICUADO GRANEL PARA BOMBONA N°1,12
763003-72-SE26,"SERVICIO ARRIENDO MÁQUINA FOTOCOPIADORA ""BASIMTUM""",12
763003-73-SE26,"SERVICIO ARRIENDO MÁQUINA FOTOCOPIADORA ""BATALDEA""",12
766180-14-AG26,Orden de Compra generada por invitación a compra ágil: 766180-7-COT26 -- 80 Resmas tamaño oficio,6
766415-6-SE26,Transporte notificaciones marzo-2026,6
766415-7-AG26,Orden de Compra generada por invitación a compra ágil: 766415-5-COT26,6
768-397-AG25,SERVICIO MANTENIMIENTO ASCENSOR  compra ágil: 768-160-COT25,12
768547-18-AG26,Orden de Compra generada por invitación a compra ágil: 768547-6-COT26,4
770696-4-AG26,Orden de Compra generada por invitación a compra ágil: 770696-3-COT26,12
770696-5-AG26,Orden de Compra generada por invitación a compra ágil: 770696-2-COT26,12
776-339-CM26,rrv- Art. de Aseo (stock),4
776-343-AG26,"rrv- Cintas doble contacto 50mt x 50 mm(codigo4970) y Cintas Multi Gris 54,8 mt x 48mm(DT11 ex 3939) desde compra ágil: 776-87-COT26",4
776-37-CM26,rrv- Suministro de agua purificada,12
776-660-SE25,JAP SERVICIO DE AGENCIA DE RESERVA HOTELES U OTROS ,12
777304-2030-AG26,Orden de Compra generada por invitación a compra ágil: 777304-1745-COT26,4
777304-2031-SE26,Desde 777304-28-LR25,6
778989-88-CM26,Adquisición de elementos para el Rancho Centralizado,12
778989-95-AG26,Servicio de Reparación por Rotura de Matriz de Agua Potable,4
778998-51-AG26,servicio de recarga para extintores PQS DE 10 Y 6 KG del RL1 (FP),6
792969-2-AG26,Orden de Compra generada por invitación a compra ágil: 792969-2-COT26,12
793397-11-AG26,"Orden de Compra generada por invitación a compra ágil: 793397-11-COT26 PARA PROVISION ,INSTALACION Y HABILITACION CAMARA DE SEGURIDAD EXTERIOR ",6
794961-4-AG26,RAA EBS 91 Mantenimiento de 02 Acsensores 794961-6-COT26,12
796297-39-AG26,001 003 003 GBS 050/2026 ADQUISICIÓN DE CALEFON GAS NATURAL 796297-41-COT26,4
796297-41-AG26,001 003 003 GBS 026/2026 REP. SISTEMA ELÉCTRICO VV.FF 796297-29-COT26,6
796297-44-AG26,006 013 GBS 046/2026 PROVISIÓN E INSTALACIÓN DE CORTINAS ROLLER Orden de Compra generada por invitación a compra ágil: 796297-42-COT26,4
796297-46-AG26,001 003 003 GBA 053/2026 ADQ. NEUMATICOS SILICONADOS CON CLAVOS Orden de Compra generada por invitación a compra ágil: 796297-43-COT26,4
799512-1020-SE25,ORDEN DE COMPRA DESDE 799512-73-CO25,12
799512-282-AG26,DAS COMPRA INSUMOS PARA TOMA DE MUESTRA DE LABORATORIO,12
799512-420-AG26,DAS COMPRA PARA EL LABORATORIO TUBOS TAPA AMARILLA ,12
799512-450-AG26,DAS EQUIPOS COMPUTACIONALES PARA CONVENIO DE SALUD ,4
799512-461-AG26,DAS COMPRA PARA PROGRAMA ARTICULOS FEMENINOS,6
799512-464-AG26,Cementerio - Griferia. : 799512-541-COT26,6
799512-467-AG26,DROGUERIA SACO PAPEL: 799512-553-COT26,6
799512-471-AG26,DROGUERIA EMPAGLIFLOZINA: 799512-558-COT26,6
799512-491-AG26,COMPRA DE ARTÍCULOS VARIOS PARA PROGRAMA CECOSF,4
799512-501-AG26,ADMINISTRACIÓN CENTRAL TERMO ELÉCTRICO MURAL,4
800-2275-AG26,DBV-666048.MANGO PARA NAVAJAS 800-2692-COT26/OCI 213709,6
800-2669-AG26,VCC_100198 MASCARILLA LARINGEA N°5_800-2909-COT26_OCI 214699 ,6
800-2676-AG26,VCC_100082 MASCARILLA TRAQUEOSTOMIA_800-3001-COT26_OCI 214708,6
800-2794-AG26,VCC_637759 SPRAY HEMOSTATICO PARA USO ENDOSCOPICO_800-3335-COT26_OCI 214904,4
800-2851-AG26,DOG_100164	CANULA PRESION NASAL ADULTO DE 1 MTS PARA PSG(800-3396-COT26/214998),6
800-2899-AG26,DBV-130202.BISTURI CON MANGO DESECHABLE ESTERIL N°10 800-3417-COT26/OCI 215074,6
800-2903-AG26,JBA_CONSUMO HEMODINAMIA_215079/800-3368-COT26,6
800-2907-AG26,JBA_CONSUMO HEMODINAMIA_215083/800-3369-COT26,6
800-2912-AG26,JBA_CONSUMO HEMODINAMIA_215088/800-3371-COT26,6
800-2914-AG26, JBA_CONSUMO HEMODINAMIA_215091/800-3372-COT26,5
800-2935-AG26,JSR_666639	PROLENE 10/0 C/AGUJA RECTA ref.8065308001: 800-3327-COT26 / OCI  215120 ,6
800-2945-AG26,DOG_DETERMINACIONES BANCO DE SANGRE ABR(800-3429-COT26/215136),4
800-2946-AG26,DOG_DETERMINACIONES BANCO DE SANGRE ABR(800-3430-COT26/215137),4
800-2949-SE26,JBA_CONSUMO HEMODINAMIA_215140/800-2-LR25,4
801-34-AG26,Orden de Compra generada por invitación a compra ágil: 801-29-COT26,12
812030-529-SE26,INSUMOS PARA CIRUGIAS DE TRAUMATOLOGIA PTC,12
812030-530-SE26,INSUMOS PARA CIRUGIAS DE TRAUMATOLOGIA PTR,12
812261-740-TD26,Orden de Compra generada por Trato Directo ID 812261-6-FTD25,6
812261-747-SE26,DESDE 1058569-3-LR23 ARRIENDO DE COMPUTACION AIO Y NOTEBOOK ABRIL 2026,6
812261-751-SE26,DESDE 812261-32-LR23 SERV. INFRAESTRUCTURA TI ABRIL 2026,6
813685-59-CM26,ADQUISICIÓN DE VÍVERES MAYO A DICIEMBRE 2026,12
813-722-AG26,"ID 813-309-COT26; (E1O2RT9) Servicio de calibración para equipos Sensores Temperatura, Balanza y Terhomigometro, varios TAG , para el Departamento Laboratorio Biomédica Nacional y de Referencia.",4
813-758-TD26,Orden de Compra generada por Trato Directo ID 813-22-FTD26,6
819-8-AG26,ADQUISICION DE 1 NEUMATICO PARA VEHICULO FISCAL D.A. MOP TARAPACA.      Orden de Compra generada por invitación a compra ágil: 819-5-COT26,12
836578-49-SE26,INSUMOS PARA EL SERVICIO DE BANDAS,6
837-272-AG26,CDP 285 Adquisicion de neumaticos para camioneta SML Talca a compra ágil: 837-151-COT26,6
837-273-AG26,CDP 307 servicio de automatización de un portón corredera de acceso vehicular en SML Osorno a compra ágil: 837-164-COT26,6
837322-76-SE26,AC 044-2026 GC 81062 PRODUCTOS CONGELADOS,6
838101-21-AG26,ADQUISICION DE ALIMENTOS CH COCHRANE,6
838103-21-AG26,(IRS) SECADOR DE PELO,6
838104-473-SE26,CMCH COMPRA  CARNES ROJAS,6
838108-172-SE26,PEDIDO LINEA 2 PESCADOS CRKT,4
838108-173-SE26,PEDIDO LINEA 3 PESCADOS Y MARISCOS CONGELADOS CRKT,4
838108-174-SE26,PEDIDO LINEA 5 EMBUTIDOS CRKT,4
838108-175-SE26,PEDIDO LINEA 6 LACTEOS CRKT,4
838108-176-SE26,PEDIDO LINEA 7 FRUTAS Y VERDURAS CONGELADAS CRKT,4
838108-177-SE26,PEDIDO LINEA 8 ABARROTES CRKT,4
838108-178-SE26,PEDIDO LINEA 10 CARNES BLANCAS CRKT,4
838108-179-SE26,PEDIDO LINEA 9 CARNES ROJAS CRKT,4
840405-20-SE26,ORDEN DE COMPRA DESDE 840405-6-LP26,6
842082-16-AG26, ADQUISICIÓN DE INSUMOS Y REPUESTOS ELECTRICOS: 842082-19-COT26,12
845-16-SE26,Servicio de Correo SC 54.275,12
845-225-SE25,SCHEE-SERVICIO DE SEGURIDAD JI MIL COLORES SC 59597,12
85-179-CM26,Adquisición de Papel higiénico y Jabón Liquido,5
85-181-SE26,SERVICIO OPERADOR LOGÍSTICO PUE ID 85-46-LR25,4
852-95-CM26,RR.FF. - CARGA DE GAS GRANEL PARA JI LA GOTITA DE TEMUCO - SC. 60.113,6
853-100-CM26,GDP COMPRA TARJETAS PARA CALZADO J.I. PG 02 JUNJI REGION DE LOS LAGOS SC 60463 CP 884,4
853-99-CM26,GDP COMPRA TARJETAS PARA CALZADO J.I. CLASICOS PG 01 JUNJI REGION DE LOS LAGOS SC 60462 CP 853,4
856-185-SE26,GDP_ORDEN DE COMPRA DESDE 856-7-LP26_P04 OFICINA_SC 59884,12
858-158-AG26,MAQUINARIA DESTAPADORA DE DESAGÜES 858-67-COT26,4
858-56-SE26,"Servicio Externo de Seguridad Acuática para el CEVS Independencia, por 24 meses",6
868-66-CM26,Orden de Compra: pasaje nacional Lorena leiva   868-66-CM26,6
870-114-SE25,ORDEN DE COMPRA DESDE 870-6-LE25,12
870-142-AG26,Orden de Compra generada por invitación a compra ágil: 870-50-COT26,12
874750-162-TD26,Orden de Compra generada por Trato Directo ID 874750-7-FTD26,6
874750-164-AG26,SERVICIO ODONTOLOGICO PROGRAMA SEMBRANDO SONRISAS 874750-37-COT26,6
875646-1665-SE26,YOL Insuped Mayo 2026 LIC 875646-16-LR25 ,6
875646-1666-SE26,YOL Insuped Mayo 2026 LIC 875646-6-LQ24,6
876-41-SE25,SC 2726 SERVICIO TRASLADO DE PASASAJEROS MODALIDAD DE RADIOTAXI (Ud. Mov.),12
879-39-TD26,Orden de Compra generada por Trato Directo ID 879-5-FTD26,6
881-107-AG26,"OC generada a compra ágil: 881-65-COT26, COMPRA 25 BIDONES NUEVOS DE AGUA PURIFICADA",6
881-256-SE24,Operación y Mantención Sitio Web CORE,12
885-346-AG26,Suministro y despacho de televisor para la CR de Los Ríos / 885-305-COT26,6
885-424-AG26,Adquisición de insumos computacionales para la CR de Los Ríos,6
886954-2701-SE26,"DIVERSOR DE FLUJO CUELLO AMPLIO, GIGANTE, FUSIFORM",5
886954-2809-CM26,222-462-00//Mascarilla oxígeno adulto ,4
886954-2826-SE26,INSUMOS DENTALES,6
886954-2881-SE26,INSUMOS DENTALES,6
886954-2885-SE26,CIRUGIA PACIENTE C.Z.R,6
886954-2886-SE26,CIRUGIA PACIENTE E.C.A,6
886954-2887-SE26,CIRUGIA PACIENTE E.C.A CANULAS,6
889473-410-AG26,SC 7283 - CDP 1457 - Insumos computacionales,12
889473-438-AG26,SC 7342 - CDP 1581 -  Incubador y centrífuga para tarjeta de gel (inmunohematologia),12
889473-671-AG26,SC 7666 - CDP 3866 - Alimentos,12
889473-679-AG26,SC 7721 - CDP 4050 - Insumos de limpieza desechables y bolsas de aseo carga pesada,6
889473-684-AG26,"SC 7549 - CDP 3293 - Equipamiento tecnológico: Seguridad 4K, conectividad exterior, componentes solares e insumos 3D",6
889473-698-AG26,SC 7748 - CDP 4191 - Materiales de oficina,6
889473-699-AG26,SC 7695 - CDP 4067 - Servicio de impresión editorial: 50 manuales tapa dura y 150 poster-zines,6
889473-707-CM26,SC 7802 - CDP 4387 Pasajes nacionales,12
895072-56-AG26, Servicio de cafetería jornada provincial Coquimbo,6
898-1127-SE26,SERVICIOS HABITUALES DE APOYO ATENCIÓN DE PÚBLICO 11 DE 12 MES DE MARZO,6
898-1498-SE26,Lic 898-42-LQ25 INSUMOS Y SOLUCIONES PROGRAMA PERITONEO DIÁLISIS,6
898-1499-SE26,Lic 898-42-LQ25 INSUMOS Y SOLUCIONES PROGRAMA PERITONEO DIÁLISIS,6
898-1500-SE26,Lic 898-42-LQ25 INSUMOS Y SOLUCIONES PROGRAMA PERITONEO DIÁLISIS,6
898-1501-SE26,Lic 898-42-LQ25 INSUMOS Y SOLUCIONES PROGRAMA PERITONEO DIÁLISIS,6
898-1502-SE26,Lic 898-42-LQ25 INSUMOS Y SOLUCIONES PROGRAMA PERITONEO DIÁLISIS,6
898-1503-SE26,Lic 898-42-LQ25 INSUMOS Y SOLUCIONES PROGRAMA PERITONEO DIÁLISIS,6
898-1504-SE26,Lic 898-42-LQ25 INSUMOS Y SOLUCIONES PROGRAMA PERITONEO DIÁLISIS,6
898-1505-SE26,Lic 898-42-LQ25 INSUMOS Y SOLUCIONES PROGRAMA PERITONEO DIÁLISIS,6
898-1506-SE26,Lic 898-42-LQ25 INSUMOS Y SOLUCIONES PROGRAMA PERITONEO DIÁLISIS,6
898-1507-SE26,Lic 898-42-LQ25 INSUMOS Y SOLUCIONES PROGRAMA PERITONEO DIÁLISIS,6
898-1508-SE26,Lic 898-42-LQ25 INSUMOS Y SOLUCIONES PROGRAMA PERITONEO DIÁLISIS,6
898-1509-SE26,Lic 898-42-LQ25 INSUMOS Y SOLUCIONES PROGRAMA PERITONEO DIÁLISIS,6
898-1510-SE26,Lic 898-42-LQ25 INSUMOS Y SOLUCIONES PROGRAMA PERITONEO DIÁLISIS,6
898-1511-SE26,Lic 898-42-LQ25 INSUMOS Y SOLUCIONES PROGRAMA PERITONEO DIÁLISIS,6
898-1532-AG26,Muestreo y Análisis de agua de esterilización a compra ágil: 898-516-COT26,6
898-1538-SE26,PRESTACIÓN DE SERVICIOS DE SEGURIDAD Y VIGILANCIA PARA EL NUEVO Y ANTIGUO HOSPITAL MARZO 2026 AUMENTO,6
898-1561-SE26,MANTENIMIENTO PREVENTIVO DE PLANTA DE TRATAMIENTO 12 DE 12 MES DE MAYO,6
898-1617-AG26,SUMINISTRO DE INSTALACION PUERTA CON VENTANA: 898-544-COT26,6
898-7425-AG25, Ecografía abdominal compra ágil: 898-1659-COT25,12
898-910-SE26,"CONFECCIÓN, REPARACIÓN Y MARCADO 898-27-LE26",6
899-284-SE26,Compra de Agua destilada,12
899-311-SE26,TRASLADO FUNCIONARIOS ABRIL 2026,12
900-538-AG26,HDS- SERVICIO MOVILIZACION HODOM,6
906-135-AG26,9120 Piso PVC Limpia pies oficina SAG Villarrica,6
907-55-SE26,YFF Adquisición de Vacuna antihidatídica Providean,12
907562-40-AG26,INSUMOS GENERALES LABORATORIO compra ágil: 907562-30-COT26,12
913-55-SE26,Sociedad Olguin y Compañía Limitada,6
914-31-AG26,Orden de Compra generada por invitación a compra ágil: 914-9-COT26,4
918434-140-AG26,"D2093 Adquisición y montaje de 4 Neumáticos, para el vehículo institucional, HZSK-47, Gabinete Ministra, Orden de Compra generada por invitación a compra ágil: 918434-88-COT26",6
920802-60-CM26,(HABI. FUNC) ADQ. DE PASAJES AÉREOS,6
923000-91-AG26,TINTAS Y TONNER PARA COLEGIOS Y DAEM DE LA COMUNA DE OLIVAR: 923000-83-COT26,4
926853-16-AG26,"Sillas de oficina, ZBV",12
928-168-AG26,Orden de Compra generada por invitación a compra ágil: 928-140-COT26,6
929-150-AG26,GORROS TIPO SENDERISMO PROGRAMA CEM ,6
930039-27-CM26,GAS PARA CALDERA,6
930039-7-SE26,Servicio de control de plagas y desinsectación,12
930-67-SE26,ARRIENDO DE 5 IMPRESORAS DRE_COSTO FIJO DESDE 930-8-LE26 (PPTO. 2026),6
930-83-SE26,ARRIENDO DE 4 IMPRESORAS GRD_COSTO FIJO DESDE 930-8-LE26 (PPTO. 2026),6
934-68-AG26,ESTADIA HOTEL EN CASTRO,6
935-135-SE26,CONTRATACION TRABAJOS ALBERGUE DEPORTIVO,12
935-98-AG26,Orden de Compra generada por invitación a compra ágil: 935-33-COT26,12
937232-349-AG26,LIBRO DE GESTIÓN DE RECURSOS HUMANOS Y KIT DE CORRECIÓN PARA TEST DE LA PERSONALIDAD Orden de Compra generada por invitación a compra ágil: 937232-113-COT26,6
937232-361-AG26,PASTA PROFILÁCTICA y ESCOBILLA COPA Orden de Compra generada por invitación a compra ágil: 937232-124-COT26,6
937232-368-AG26,BOLSA TRANSPARENTE RESISTENTE  MEDIDA 90 X 110 CM Orden de Compra generada por invitación a compra ágil: 937232-141-COT26,6
938614-7863-SE26,JI FAROLITOS ABARRATOS ,12
941739-34-SE26,AMPLIACIÓN SEGUROS VEHICULOS UTA,6
941739-38-CM26,Adquisición de combustible,6
948354-795-SE26,ORDEN DE COMPRA DESDE 948354-75-LE25,4
948354-797-AG26,Orden de Compra generada por invitación a compra ágil: 948354-159-COT26,4
948356-1675-SE26,948356-135-LE25,6
948356-1676-SE26,948356-163-LE23,6
948-35-AG26,Orden de Compra generada por invitación a compra ágil: 948-20-COT26,12
948-36-AG26,Orden de Compra generada por invitación a compra ágil: 948-23-COT26,12
948806-1764-SE26,"INSUMOS EN CONSIGNACIÓN, FIC 1238",6
948806-1772-SE26,"INSUMOS EN CONSIGNACIÓN, FIC 1245",6
948806-1802-SE26,"INSUMOS EN CONSIGNACIÓN, FIC 1239",6
948806-1803-SE26,"INSUMOS EN CONSIGNACIÓN, FIC 1250",6
948806-1813-SE26,"INSUMOS EN CONSIGNACIÓN, FIC 1264",6
951-21-SE26,MANTENCION CAMIONETA TOYOTA,12
951405-142-CM26,"(PPTO)_CLD4_FAC_ ""ADQUISICIÓN DE ALIMENTOS PARA CONFECCIÓN DE ALIMENTACIÓN DIARIA DEL PERSONAL DE PLANTA Y SLC DEL CMC """,12
951405-151-AG26,"(PPTO)JAL_FAC_""ADQUISICIÓN DE MATERIALES DE FERRETERÍA PARA REPARACIÓN DE CASA DE HUÉSPEDES DEL CMC""   desde   951405-100-COT26 ",12
951405-84-CM26,(REME_DIVLOG) CLD_IDH_ADQUISICION DE ALIMENTOS PARA EL PERSONAL DEL CMC (TAREA 4214),12
952751-111-CM26,MATERIALES Y UTILES DE ESCRITORIO- OPI 23719,6
952946-82-SE26,MANTENIMIENTO Y REPARACIÓN EQUIPOS DE COCINA INDUSTRIAL,6
953-231-SE26,Serv. Cambio Llave Lavamanos DPR,12
957865-69-TD26,Orden de Compra generada por Trato Directo ID 957865-10-FTD26,12
960841-24-CM26,"Colaciones para estudiantes del Complejo Educacional Collipulli que participarán en Preuniversitario CEPECH, sede Temuco",12
960841-28-SE26,"Compra de alimentos ""Día del estudiante"" del COMPL",12
960855-9-AG26,MATERIALES DE ENSEÑANZA Y OTROS PARA ESCUELA RAÚL CASTRO MÁRQUEZ,6
960858-11-SE26,Alimentos y otros para actividad día del estudiante en Escuela F-115 Miguel Huentelen.,12
967490-29-AG26,"ADQUISICIÓN DE ELECTRODOMÉSTICOS Y LIVING PARA LA ESCUELA DE ESPECIALIDADES DE CARABINEROS CON RECURSOS DIRECCIÓN DE BIENESTAR, compra ágil: 967490-30-COT26",6
968521-277-SE26,PAQUETES DE CIRUGIA UNIVERSAL,12
968521-280-SE26,BRAZALETES IDENTIFICACION,12
968521-286-SE26,ACIDOS GRASOS,12
968521-290-SE26,PECHERAS CON HOJAL,6
968521-297-SE26,REGULADOR DE FLUJO,12
968521-300-SE26,TROCAR ESPINAL 25G  X 4,12
968521-302-SE26,REGULADOR DE FLUJO,12
968521-303-SE26,CUCHILLAS CLIPERAS,12
968695-59-AG26,ADQUISICION DE BATERIA PARA HYUNDAI AZERA PPU HHBL-71,6
973174-1-AG26,"CA-0126 ONCE PARA CEREMONIA DE PREMIACIÓN, BECAS Y PREMIO BIENESTAR",4
975-138-AG26,Compra Candados para notebook2,6
975-150-CM26,PASAJE AÉREO ARNALDO RECABARREN 19-20 MAYO STGO-LA SERENA-STGO,6
975-151-CM26,PASAJE AÉREO STGO-ANTOFAGASTA-STGO MARIA PAZ FUENTES Y JACQUELINE SARAVIA 25-28 MAYO,6
975-152-CM26,PASAJE AÉREO CLAUDIA CONCHA A. STGO-PUNTA ARENAS-STGO 08-06-2026 AL 11-06-2026.,6
975-51-CM26,Adquisción Docking 293 unidades DOH y SSSR,9
985448-34-AG26,"Adquisición de kit revelador y fijador dental para la EM ""Caupolicán nvitación a compra ágil: 985448-26-COT26",4
985448-35-AG26,"Adquisición de enjuague bucal para la EM ""Caupolicán""  nvitación a compra ágil: 985448-36-COT26",5
993-109-AG26,Orden de Compra generada por invitación a compra ágil: 993-13-COT26,6
993-112-SE26,ORDEN DE COMPRA DESDE 993-18-LE26,5
995118-64-AG26,ADQUISICIÓN DE MATERIALES DE CONSTRUCCIÓN DESTINADOS A LA ESUCAR GRUPO CONCEPCIÓN,6
997-26-SE26,130 días de arriendo de camión aljibe Vialidad OHiggins DESDE 997-6-LE26,12
998-105-TD26,Orden de Compra generada por Trato Directo ID 998-14-FTD25,4
998-85-AG26,Orden de Compra generada por invitación a compra ágil: 998-7-COT26,12
