Codigo,Nombre,CodigoEstado
1002592-25-SE25,CDP 100 SERVICIO CONTROL DE ACCESO NIVEL CENTRAL,12
1002772-5575-SE26,"PORTA OBJETO FRANJA ESMERILADA 26 X 76 MM ID:1002772-77-LQ25 (LC,APA,2204005002,CBO) ",6
1002772-5740-AG26,"ALICATE CORTE DISTAL CON SEGURIDAD a compra ágil: 1002772-1116-COT26 (AG,ODONTOLOGIA,2204004005,CMG)",12
1002772-5876-AG26,"CANULA TRAQUEOSTOMIA N° 9 MM CON BALON Y ENDOCANULA (2-20) ID:1002772-1082-COT26 (AG,PEDIA,2204005003,MTM)",6
1002772-6048-SE26,"INTRODUCTOR DE TET MALEABLE TIPO GUM ELASTIC BOUGIE (VIA AEREA DIFICIL) ADULTO(1-15) ID: 1002772-147-LR25 (LC,EMERADUL,2204005003,MTM)",12
1002772-6097-AG26,"CIRCUITO DESECHABLE DOBLE RAMA CALEFACCIONADA CON CONEXIÓN EN Y PARA VENTILADOR MECÁNICO CONVENCIONAL/VAFO MARCA DRAGER MODELO VN500 ID:1002772-1273-COT26 (AG,NEONA,2204005003,MTM)",12
1002772-6112-SE26,"CLAVO RETROGRADO,TORNILLOS CANULADOS LIC 1002772-35-LR25 (LC,PABELLON,2204004004,CMG)	",12
1002772-6118-SE26,"LAMINA DE CONTACTO, TRANSPARENTE, POROSA, CON SILICONA, MEDIDAS 5 X 7.5 CMS APROX (CUIDADOS DE LA PIE, CAAE, NEO),ID: 1002772-88-LR25 (LC,TRAUMATOLOGIA ,2204004003,APG)",12
1002772-6120-SE26,"CLAVO RETROGRADO,TORNILLOS CANULADOS LIC 1002772-35-LR25 (LC,PABELLON,2204004004,CMG)",12
1002772-6146-AG26,"AGUJA CORTA Y  LARGA CARPULE a compra ágil: 1002772-1305-COT26 (AG,ODONTOLOGIA,2204004005,CMG)",12
1002772-6176-SE26,"INSUMOS CIRUGIA DE CADERA Y PROTESIS EN DISPLASIA LIC 1002772-72-LR24 (LC,PABELLON,2204004004,CMG)",12
1002772-6313-SE26,"GASES ARTERIALES ABRIL 2026 ID: 1288-40-LR24 (LC,LABORATORIO,2204005002,RRC)",6
1002772-6375-SE26,"TAPA JERINGA ENFIT (CAJA)   ( 2 -  22) ID:1002772-61-LR25 (LC,NEONATOLOGIA,2204005003,APG)",6
1002772-6381-AG26,"MATER ORFIT PLANCHA TERMOPLASTICO ECO MINI PERFORADO RIGIDO 3,2 MM 60X90CM,ID 1002772-1333-COT26,(AG,MEDICINA FISICA Y REHABIBILITACION,2204005003,MMC)",6
1002772-6390-AG26,"CONJUNTO EXHALATORIO DE AVEA DESECHABLE,ID:1002772-1285-COT26,(AG,UPC PED.2204005003,APG)",6
1002772-6399-AG26,"CEPILLO DE CITOLOGIA 2MM DIAMETRO PARA CANAL DE TRABAJO 2.0 MM,ID:1002772-1306-COT26,(AG,PROCEDIMIENTO,2204005003,APG)",6
1003473-2063-AG26,PROG. PEDIATRIA MAYO 2026 compra ágil: 1003473-1686-COT26,4
1003473-2250-SE26,PROG. CURACION MAYO 2026 (1003473-99-LQ23),4
1003473-2284-SE26,PROG. LABORATORIO MAYO 2026 (1003473-82-LE25),4
1003473-2443-AG26,PROG. LABORATORIO MAYO 2026 compra ágil: 1003473-2234-COT26,4
1003473-2444-AG26,PROG. LABORATORIO MAYO 2026 compra ágil: 1003473-2370-COT26,4
1003473-2469-AG26,PROG. LABORATORIO MAYO 2026 compra ágil: 1003473-2377-COT26,4
1003473-2519-AG26,PROG. LABORATORIO MAYO 2026 compra ágil: 1003473-2363-COT26,4
1003473-2532-AG26,PROG. NEONATOLOGIA MAYO 2026 compra ágil: 1003473-2444-COT26,4
1003473-2552-AG26,PROG. ONCOLOGIA MAYO 2026  compra ágil: 1003473-2132-COT26,4
1006-100-SE26,"Servicio de Mantenimiento, Reparaciones Especifica",4
1006-95-AG26,Orden de Compra generada por invitación a compra ágil: 1006-27-COT26,6
1023923-500-SE26,COMPRA SERVICIOS MEDICOS / SERVICIOS INTEGRALES YOLIFLEX SPA,6
1023923-516-SE26,COMPRA SERVICIOS / SERVICIOS MEDICOS LUIS ORLANDO BUSTAMANTE FLORES EIRL,6
1023923-524-SE26,COMPRA SERVICIOS / SERVICIOS INTEGRALES LUGO Y ROSAS SPA,6
1023923-540-SE26,COMPRA SERVICIOS MEDICOS / SERVICIOS MEDICOS INTEGRASALUD LIFE VITAL SPA,6
1028-154-SE26,ORDEN DE COMPRA DESDE 1028-20-LP26,4
1028-155-SE26,ORDEN DE COMPRA DESDE 1028-21-LP26,4
1028871-246-SE26,P02_SERVICIOS DE ALIMENTACIÓN_ABRIL 2026,12
1038-89-TD26,Orden de Compra generada por Trato Directo ID 1038-17-FTD26,12
1038-98-AG26,SERVICIOS ASEO Y LIMPIEZA OFICINAS DEPRIF Sire 698,4
1039-141-AG26,VMR SIRE 797 MATERIALES DE OFICINA DEF,6
1039-146-AG26,VMR SIRE 833 ART. DE OFICINA DEFA ,6
1049-757-AG26,OC 56473 - SERVICIO DE LOGÍSTICA PARA TRANSPORTE. RETIRO DE BASURA E INSUMOS MENORES - 2 MESES - VALPARAÍSO,12
1049-859-AG26,OC 56597 UTILES DE ASEO EDIFICO PUNTA ARENAS,12
1049-861-AG26,OC 56602 - GRABADORAS DIGITALES QUELLON,6
1049-878-AG26,OC 56618 GUANTES MUESTREO - PUNTA ARENAS,6
1057049-15098-SE26,JAC. PAC ID.1057049-163-LE24 INT. 1161/2024 PROGRAMA INSUMOS MAYO JUNIO 2026,6
1057049-15104-SE26,JAC. PAC ID.1057049-163-LE24 INT. 1161/2024 PROGRAMA INSUMOS MAYO JUNIO 2026,6
1057049-15113-SE26,JAC INT. 1017 RE 2034 DESDE 1057049-167-LP25 PROGRAMA INSUMOS MAYO JUNIO 2026.,6
1057049-15119-SE26,JAC INT. 959 RE 1878 DESDE 1057049-168-LP25 PAC INSUMOS 2026 MAYO JUNIO 2026,6
1057055-812-SE26,SHV RES 577 PAC MAYO 2026 SUMINISTRO DE CLOBAZAM 1057055-19-LP26,6
1057379-237-SE26,COMPRA DE VERDURA CONGELADA PARA ALIMENTACIÓN 18.05.2026 - HSAP,6
1057379-238-SE26,COMPRA DE CARNE PARA ALIMENTACIÓN 18-05-2026 - HSAP ,6
1057387-223-CC26,SUMINISTRO SISTEMAS ANALITICOS H COLLIPULLI (ABRIL),6
1057387-228-CC26,SUMINISTRO SISTEMAS ANALITICOS H COLLIPULLI  (MARZO),6
1057387-243-AG26,ADQUISICION DE BATERIAS PARA GRUPOS ELECTROGENOS HOSPITAL SAN AGUSTIN DE COLLIPULLI,9
1057402-44959-AG25,5076- CONTROL DE PLAGAS CASA TENIENTE SERRANO 0173,12
1057402-5014-SE26,CORONARIA.REP.N°14.MAYO.RECETA.885790.(INS),4
1057402-5016-SE26,CORONARIA.REP.N°14.MAYO.RECETA.885788.(INS),4
1057402-5017-SE26,CORONARIA.REP.N°14.MAYO.RECETA.885786.(INS),4
1057402-5019-SE26,CORONARIA.REP.N°14.MAYO.RECETA.885780.(INS),4
1057402-5022-SE26,CORONARIA.REP.N°14.MAYO.RECETA.885778.(INS),4
1057402-5025-SE26,CORONARIA.REP.N°14.MAYO.RECETA.885783.(INS),4
1057402-5026-SE26,CORONARIA.REP.N°14.MAYO.RECETA.885785.(INS),4
1057402-5027-SE26,CORONARIA.REP.N°14.MAYO.RECETA.834701.(INS),4
1057402-5028-SE26,CORONARIA.REP.N°14.MAYO.RECETA.885787.(INS),4
1057402-5029-SE26,CORONARIA.REP.N°14.MAYO.RECETA.885777.(INS),4
1057402-5034-SE26,CORONARIA.REP.N°4.MAYO.RECETA.885659.(INS),4
1057402-5040-SE26,CORONARIA.REP.N°4.MAYO.RECETA.806220.(INS),4
1057402-5190-SE26,C. AVANZADAS/MAYO/APOSITO ESPUMA (INS),6
1057402-5192-SE26,C. AVANZADAS/MAYO/GASA NO TEJIDA (INS),6
1057402-5199-CM26,TRASLADO PAC: D. AVEDAÑO CON ACOMPAÑANTE (IDA),12
1057402-5209-CM26,(5076) Ronda Teletón DRa. Aravena / 25 de mayo 2026,12
1057402-5210-CM26,TRASLADO PAC: A. VASQUEZ CON ACOMPAÑANTE (RETORNO),12
1057402-5216-CM26,(5076) Ronda Teletón Dr. A. Cubillos / 26/05/2026,12
1057402-5220-CM26,(5076) Ronda Teletón Retorno Dr. Cubillos ,12
1057402-5222-CM26,TRASLADO PAC: L. LOPEZ (RET),12
1057402-5223-SE26,PABELLON.MAYO.CVC.TRIO.(INS),4
1057402-5225-CM26,TRASLADO PAC: P. MARTINIC CON ACOMPAÑANTE (RET),12
1057402-5234-CM26,(5076) Ronda Teletón Dra. G. Vera ,12
1057402-5246-SE26,UPC/MAYO/FILTRO INSPIRATORIO R860 (iNS),6
1057402-5254-CM26,TRASLADO PAC: N. TRIVIÑO CON ACOMPAÑANTE (RET),12
1057402-5257-CM26,TRASLADO PAC: R. GALLARDO (IDA),12
1057402-5260-CM26,TRASLADO PAC: E. VERA (IDA),12
1057402-5267-CM26,TRASLADO PAC: C. BARRIENTOS (IDA),12
1057402-659-AG26,(5076) Servicio e Videourodinamia / M. Torres I.,12
1057415-2926-CM26,CM-DIESEL PARA AMBULANCIAS Y SAMU-REQ# 2203001-HFCN 47218-(ecm),6
1057417-11460-CM26,IC MCM CM IC PEDIDO MAYO-JUNIO-JULIO 2026,12
1057417-11784-TD26,Orden de Compra generada por Trato Directo ID 1057417-507-FTD25,6
1057417-11858-TD26,Orden de Compra generada por Trato Directo ID 1057417-66-FTD26,6
1057417-11859-TD26,Orden de Compra generada por Trato Directo ID 1057417-66-FTD26,6
1057417-11904-SE26,PRO MAP LP CX ENERO 2026 CERVICAL CENTRAL,6
1057417-11906-SE26,PRO MAP LP CX CERVICAL FEBRERO 2026 CENTRAL,6
1057417-11907-SE26,PRO MAP LP CX CERVICAL ABRIL 2026 CENTRAL,6
1057417-11908-TD26,Orden de Compra generada por Trato Directo ID 1057417-187-FTD25,6
1057417-11910-SE26,PRO MAP LP CX CERVICAL MARZO 2026 CENTRAL,6
1057417-12042-AG26,IC MCM AG IC SOLIC.ADQ.429144 HOSPITAL CAMPAÑA,6
1057417-12090-AG26,"G msp AG S.A. 428592, Compra de contenedores amarillos para Hospital de campaña",6
1057417-12109-AG26,"SG FVS AG NAP MANT SERVICIO DE MANTENCIÓN PREVENTIVA PARA EQUIPOS ECÓGRAFOS MARCA SONOSITE, SOL. N°424.194. (Orden de Compra generada por invitación a compra ágil: 1057417-1861-COT26)",6
1057417-12129-TD26,Orden de Compra generada por Trato Directo ID 1057417-74-FTD26,4
1057422-296-SE26,LIC-INSUMOS DENTALES-2204004005-HFCY63129-MVF,12
1057430-1178-AG26,Reposición Insumo Esterilización (Apósito gasa/algodón 13 X 23 CM),6
1057430-1299-SE26,Mantención Preventiva Caldera,6
1057431-1300-SE26,Perteneciente a licitacion 2157-171-LE25,12
1057431-1381-SE26,Perteneciente a licitacion 2157-127-LE25,12
1057431-1429-SE26,OC DESDE LIC 2157-7-LE25,12
1057431-1433-SE26,OC DESDE LIC 2157-142-LQ24,12
1057431-1438-SE26,OC DESDE LIC 2157-19-LE25,12
1057431-1443-SE26,ORDEN DE COMPRA DESDE 2157-77-LE25,6
1057431-1446-SE26,Perteneciente a licitacion 2157-23-LR26,12
1057434-451-AG26,"CEPILLOS DE DIENTE SUPER SUAVE DE NIÑO, PASTA DE DIENTE INFANTIL CVMF 2026.",12
1057434-463-AG26,"INSUMOS CLINICOS PROCEDIMIENTO CVMF, ABRIL 2026 a compra ágil: 1057434-195-COT26",12
1057434-512-AG26,"INSUMOS CLINICOS S.A.R CVMF, MAYO 2026 a compra ágil: 1057434-225-COT26",12
1057439-3233-AG26,Letreros de Trovicel a compra ágil: 1057439-2703-COT26,6
1057439-3293-SE26,Insumos Dentales,6
1057439-3317-AG26,INS-1030	CIRCUITO ANESTESIA ADULTO : 1057439-2928-COT26,4
1057439-3358-AG26,"INS-6288	""GENERADOR NASAL CPAP MINIFLOW "" : 1057439-2990-COT26",4
1057439-3360-AG26,INS-5215	INFUSORES ELASTOMERICOS 1.5 ML/HR. 7 DIAS : 1057439-2989-COT26,4
1057439-3362-AG26,"""MASCARA NEONATAL PARA CPAP MEDIUM "": 1057439-2955-COT26",4
1057439-3370-AG26,Orden de Compra generada por invitación a compra ágil: 1057439-2795-COT26,6
1057439-3376-AG26,ACC-0126	PLACA ELECTROBISTURI ADULTO: 1057439-2871-COT26,4
1057439-3379-AG26,INS-2787	MALLA PROLENE + POLIGLECAPRONE DE 30 * 30 CM.: 1057439-2959-COT26,4
1057439-3380-AG26,abarrotes varios mayo / 	1057439-3035-COT26,4
1057448-168-SE26,1057448-4-LP26 / SERVICIOS DE MUDANZA EDF Y PAO MARZO 2026 FR 2026-81-27,4
1057472-5014-SE26,INSUMOS CLINICOS  FEBRERO,12
1057472-6241-SE26,VASO DESECHABLE,12
1057472-6984-SE26,Insumos de Traumatología,12
1057472-8179-SE26,Compra de Insumos Clinicos,12
1057472-8196-SE26,Compra de Insumos Clinicos,12
1057472-8226-SE26,ORDEN DE COMPRA DESDE 1057472-112-LR23,12
1057472-8452-CM26,Orden de Compra: 1057472-8452-CM26,12
1057472-8459-SE26,ORDEN DE COMPRA DESDE 1057472-110-LQ25,12
1057472-8484-AG26,Orden de Compra generada por invitación a compra ágil: 1057472-186-COT26,12
1057472-8535-SE26,INSUMOS CLINICOS MAYO,12
1057472-8668-AG26,Orden de Compra generada por invitación a compra ágil: 1057472-196-COT26,12
1057474-102-SE26,ORDEN DE COMPRA DESDE 1057474-36-LQ25,6
1057480-1285-SE26,AMPOLLETAS,12
1057480-1324-SE26,PROVEEDORES INTEGRALES PRISA S A,12
1057480-1352-SE26,ECO PLÁSTICOS CHILE SPA,6
1057480-1385-SE26,ORDEN DE COMPRA DESDE 1057480-82-LE24,6
1057480-1386-SE26,ORDEN DE COMPRA DESDE 1057480-8-LQ25,6
1057480-1387-SE26,BARRON VIEYRA INTERNATIONAL SPA,4
1057489-6366-AG26,20 UNIDADES DE EXAMENES GEN NUDT  a compra ágil: 1057489-139-COT26,6
1057489-6369-SE26,MANTENCIÓN DE EQUIPO DE ESTERILIZACION CORRECTIVO 2026,6
1057489-6403-SE26,2002242453 PDS PLUS 2/0 C/A CT-1 ANTIBACT.(PDP339H,5
1057489-6420-SE26,2002410028 PORTAOBJETO BORDE ESMERILADO BLANCO 26X,4
1057494-1850-AG26, PAPEL CREPADO 75 X 75 3 G-AZUL 55 GR/M2 1057494-283-COT26,6
1057495-277-AG26,ADQUISICIÓN DE CATÉTER VENOSO PERIFÉRICO CON SISTEMA DE SEGURIDAD DE NUEVA GENERACIÓN INSYTE AUTOGUARD B CTROL 22 GA X 1 25 MM Y CATETER VENOSO PERIFERICO CON BIOSEGURIDAD 20G X 1 = 25 MM PARA HDLC. DESDE COT: 1057495-182-COT26,12
1057495-307-CM26,ADQUISICIÓN DE TAPA DE OBTURACIÓN ROJA  LUER LOCK MACHO-HEMBRA PARA EL HOSPITAL DR. LUCIO CÓRDOVA.,12
1057495-560-AG26,ADQUISICION DE PLACAS PARA MICROBIOLOGÍA PARA EL HOSPITAL DR. LUCIO CORDOVA DESDE COT: 1057495-301-COT26,6
1057495-584-SE26,ADQUISICIÓN DE PCR PATÓGENOS RESPIRATORIOS PARA EL HOSPITAL DR. LUCIO CÓRDOVA DESDE LICITACIÓN ID: 1057495-57-LP23 ,4
1057496-951-AG26,ADQUISICION DISPOSITIVO MORDILLO REUTILIZABLE DE ENDOSCOPIA (MB-142) 1057496-560-COT26,6
1057496-954-CM26,"Adquisición frutas y verduras, despacho martes y viernes ",6
1057496-969-SE26,SPE N° 567 ADQUISICION DISPOSITIVO Valvula Oxycalm,4
1057498-1098-AG26,OA ADAPTADOR O CONECTOR RECTO PLASTICO AC3 Orden de Compra generada por invitación a compra ágil: 1057498-529-COT26,12
1057498-1141-SE26,LPR AYUDAS TECNICAS LIC. 1057498-35-LQ25,12
1057498-1256-AG26, OA VENDA DE FIJACION ADHESIVA 10 CM X 10 MT Orden de Compra generada por invitación a compra ágil: 1057498-808-COT26,12
1057498-1457-TD26,Orden de Compra generada por Trato Directo ID 1057498-312-FTD26,12
1057498-1503-AG26,LN LABORATORIO 1057498-937-COT26,12
1057498-1755-AG26, OA COLCHÓN ANTI-ESCARAS ROHO Orden de Compra generada por invitación a compra ágil: 1057498-1175-COT26,12
1057498-1776-CM26,OA APOSITO TRANSPARENTE ADHESIVO 10 X 25 CM Orden de Compra: 1057498-1776-CM26,12
1057498-849-AG26,OA FILTRO PARA VENTILACIÓN MECÁNICA HEPA Orden de Compra generada por invitación a compra ágil: 1057498-534-COT26,12
1057501-5212-SE26,41-444 PROGRAMA MAYO/26,6
1057503-2431-AG26,Memo Nº247 (20.04.26) informática,6
1057503-2521-AG26,Compra ágil: 1057503-1337-COT26 (Mayo),6
1057503-2528-AG26,Compra ágil: 1057503-1356-COT26 (Mayo),6
1057503-2543-AG26,Compra ágil: 1057503-1361-COT26,6
1057503-2551-AG26,Orden de Compra generada por invitación a compra ágil: 1057503-1418-COT26,6
1057509-5506-CM26,"Perecibles 20 a 26 Mayo 2026 (CM, PRM)",6
1057509-5517-TD26,Orden de Compra generada por Trato Directo ID 1057509-1333-FTD26,6
1057509-5555-TD26,Orden de Compra generada por Trato Directo ID 1057509-1277-FTD26,6
1057509-5560-TD26,Orden de Compra generada por Trato Directo ID 1057509-1266-FTD26,6
1057509-5582-AG26,"SALA PLOMADA (CA,PSM) 1057509-461-COT26",6
1057509-5598-SE26,Examenes de Laboratorio FEBRERO incorporación 2026(Conv. - CJM),6
1057513-259-AG26,Orden de Compra generada por invitación a compra ágil: 1057513-85-COT26,4
1057514-181-CM26,Orden de Compra: 1057514-181-CM26,6
1057532-717-AG26,F2-103-2026-RVM / ADQUISICIÓN DE 400 TALONARIOS DE RECETAS MEDICAS PARA UNIDAD DE FARMACIA COSAM ORIENTE,4
1057534-584-AG26,Bolsas de papel 1/4,6
1057534-587-AG26,Insumos de escritorio,6
1057534-589-CM26,Insumos clinicos,6
1057536-1009-AG26,ADQUISICION Y ENTREGA DE LEÑA PARA RESIDENCIA TRANSITORIA SERNAMEG. ,12
1057536-1401-TD26,Orden de Compra generada por Trato Directo ID 1057536-54-FTD26,6
1057536-2924-SE25,ARRIENDO DE IPAD /CURSO EPC,12
1057536-2925-SE25,ARRIENDO DE IPAD /CURSO ACLS,12
1057539-1162-SE26,INSUMOS MEDICOS ALMACEN FEBRERO/2026,12
1057539-1243-SE26,INSUMOS MEDICOS ALMACEN FEBRERO/2026,12
1057539-1262-AG26,INSUMOS MEDICOS FEBRERO/2026,12
1057539-1285-CM26,INSUMO MEDICO CONSOLIDAD/FEBRERO 2026,12
1057539-19790-AG25,INSUMOS MEDICOS JULIO/2025,12
1057539-20428-AG25,INSUMOS MEDICOS AGOSTO/2025,12
1057539-20584-CM25,INSUMOS MEDICOS ALMACEN AGOSTO/2025,12
1057539-3570-CM26,Compra de servilletas para CENTRAL,6
1057539-3648-AG26,INSUMOS MEDICOS MAYO/2026,4
1057539-3649-SE26,INSUMOS MEDICOS MAYO/2026,4
1057539-3651-SE26,INSUMOS MEDICOS MAYO/2026,4
1057539-3652-AG26,INSUMOS MEDICOS ALMACEN MAYO/2026,4
1057539-3653-AG26,INSUMOS MEDICOS MAYO/2026,4
1057539-525-AG26,INSUMOS MEDICOS ALMACEN ENERO/2026,12
1057539-638-CM26,INSUMOS MEDICOS ENERO/2026,12
1057539-681-AG26,CONSOLIDADO ENERO,12
1057539-798-CM26,INSUMOS MEDICOS ALMACEN FEBRERO/2026,12
1057540-1290-SE26,PNS ARRIENDO COMPUTADORES SOLIC.1187,4
1057540-1291-SE26,"PNS ARRIENDO PC,NOTEBOOK SOLIC.1184",4
1057541-420-AG26,Orden de Compra generada por invitación a compra ágil: 1057541-251-COT26. PAPEL FOTOCOPIA CARTA Y ARCHIVADORES. COSAM LOS CERROS,5
1057544-9072-SE26,ORDEN DE COMPRA DESDE 1057544-117-LP25,6
1057544-9199-SE26,ORDEN DE COMPRA DESDE 1057544-404-LP25,12
1057544-9351-SE26,RENDICION IMPLANTABLES ELECTROFISIOLOGIA,6
1057544-9371-AG26,Orden de Compra generada por invitación a compra ágil: 1057544-211-COT26,4
1057544-9385-SE26,GRAN COMPRA 81777 ALIMENTOS,6
1057544-9387-SE26,ORDEN DE COMPRA DESDE 1057544-361-LQ24	,4
1057547-3876-SE26,ORDEN DE COMPRA DESDE 1057547-111-LR24,12
1057547-6613-AG26,Orden de Compra generada por invitación a compra ágil: 1057547-1032-COT26,6
1057547-7055-SE26,ORDEN DE COMPRA DESDE 1057547-154-LE25,6
1057547-7058-SE26,ORDEN DE COMPRA DESDE 1057547-621-LQ24,6
1057547-7066-CM26,Orden de Compra: 1057547-7066-CM26,6
1057547-7068-TD26,Orden de Compra generada por Trato Directo ID 1057547-155-FTD25,6
1057547-7069-SE26,ORDEN DE COMPRA DESDE 1057547-417-LP25,4
1057547-7074-SE26,ORDEN DE COMPRA DESDE 1057547-417-LP25,4
1057548-441-AG26,"Compra ágil, aspiradoras: 1057548-241-COT26",6
1057549-189-SE26,Convenio de suministro para servicios de mantenimiento de estanques de almacenamiento de agua potable para establecimientos dependientes del Servicio de Salud Los Ríos” ID N° 1057545-26-LP26,4
1057549-215-SE26,"Servicios de mantención preventiva a equipos médicos críticos y relevantes HFC de Lanco, desde ID N°1057545-20-LR26",4
1057550-152-SE26,Mant. Prev. Equipos Categoria Anestesia y Ventilac,4
1057550-153-SE26,Mant. Prev. Equipos de Especialidades,4
1057804-13-AG26,1057804-13-AG26 BATERIA ADOS-2 COSAM,6
1057876-3-AG26,RR.FF./VABO/CA: 1057876-3-COT26,6
1058001-260-SE26,Ketorolaco am 30 mg 1 ml,6
1058012-1100-SE26,(FAR) FALTA CENABAST MAYO/  IPRATROPIO BROMURO 20 MCG INHALADOR PRESURIZADO ORAL,6
1058024-830-AG26,FA NVC AG PEDIDO JUNIO 2026,6
1058035-118-AG26,CLOTIAZEPAM 5 MG (10-100-212-026-00): 1058035-119-COT26,6
1058036-342-SE26,Suero fisiológico 3000 ml,6
1058044-728-AG26,Fármacos Stock Mayo 2026,4
1058044-730-AG26,Fármacos Stock Mayo 2026,4
1058071-479-SE26,DEXAM.FOSF. SODIC 4 MG/1ML SOL.INY AM/FAM,12
1058071-483-SE26,PREDNISONA 5 MG CM/CM REC,12
1058071-491-SE26,LECHES,12
1058071-497-SE26,JARABES,12
1058071-499-SE26,FENILEFRINA 005%,12
1058071-83-SE26,DAPTOMICINA 500MG POLV LIOF FAM,12
1058078-1548-AG26,Orden de Compra generada por invitación a compra ágil: 1058078-315-COT26,6
1058085-1109-SE26,MED BENDAMUSTINA 25 MG Y 100 MG POLVO PARA SOLUCIÓ,6
1058086-10504-SE25,ORDEN DE COMPRA DESDE 1058086-6-LR23,12
1058086-10625-SE25,ORDEN DE COMPRA DESDE 1058086-6-LR23,12
1058086-10626-SE25,ORDEN DE COMPRA DESDE 1058086-6-LR23,12
1058086-2419-AG26,Orden de Compra generada por invitación a compra ágil: 1058086-100-COT26,6
1058090-639-AG26,1058090-111-COT26 FOSFATO MONOSODICO 1 GR,6
1058095-787-SE26,REPOSICIÓN MEDICAMENTOS MAYO 2026,6
1058097-587-AG26,Orden de Compra generada por invitación a compra ágil: 1058097-407-COT26,6
1058097-588-AG26,Orden de Compra generada por invitación a compra ágil: 1058097-402-COT26,6
1058102-416-AG26,Orden de Compra generada por invitación a compra ágil: 1058102-216-COT26,6
1058137-17-SE26,CS FARMACOS HC,4
1058137-18-SE26,CS FARMACOS (LAB. CHILE),4
1058141-2228-AG25,(APM) PEDIDO EXTRA FARMACIA PNH 16733 ETIPOSIDO 10 MG/ML SOLUCION ORAL ID: 1058141-1342-COT25,12
1058141-255-AG26,PEDIDO EXTRA FARMACIA : 1058141-188-COT26,12
1058141-713-AG26,(APM) INCUMPLIMIENTO CENABAST ABRIL ONDANSETRON CM SL 8 MG ID: 1058141-633-COT26,12
1058758-101-AG26,Orden de Compra generada por invitación a compra ágil: 1058758-59-COT26,6
1062448-1506-CM26,COMPRA DE VALES DE GAS: 1062448-1506-CM26,4
1063535-6332-SE26,FARMACOS MAYO,6
1063535-6335-SE26,FARMACOS MAYO,4
1063538-3745-AG26,Orden de Compra generada por invitación a compra ágil: 1063538-1052-COT26,6
1063538-3746-AG26,Orden de Compra generada por invitación a compra ágil: 1063538-1011-COT26,6
1063538-3761-AG26,Orden de Compra generada por invitación a compra ágil: 1063538-957-COT26,4
1070620-10399-SE24,TD. REX.1810.JCP STENT CORONARIO MEDTRONIC 24.10.2,4
1070620-4497-AG26,JIF-Orden de Compra generada por invitación a compra ágil: 1070620-1556-COT26,6
1075337-8117-AG26,"rvv Compra Pedido Alimentación No perecibles (café descafeinado, dulce membrillo kg, esencia vainilla, otros) Mayo 2026 compra ágil: 1075337-889-COT26",12
1075963-1597-SE26,ORDEN DE COMPRA DESDE 1075963-513-LR22 SR221611,12
1075963-5377-SE26,ORDEN DE COMPRA DESDE 1075963-593-LQ23 REORDEN,12
1075963-5378-SE26,ORDEN DE COMPRA DESDE 1075963-118-LR25 REORNDEN ,12
1075963-5468-SE26,OC DESDE 1075963-289-LE25 SR: 231097,12
1075963-5472-SE26,OC DESDE 1075963-289-LE25 SR: 231179,12
1075963-5570-SE26,OC DESDE 1075963-368-LP24 SR: 231541,12
1075963-5578-SE26,ORDEN DE COMPRA DESDE 1075963-581-LR24 SR 231637,12
1075963-5852-SE26,OC DESDE 1075963-409-LE25 SR: 231792 ,12
1075963-5959-SE26,ORDEN DE COMPRA DESDE 1075963-127-LR25 R312474,12
1075963-5981-SE26,ORDEN DE COMPRA DESDE 1075963-427-LE25 R312956,12
1075963-5994-SE26,ORDEN DE COMPRA DESDE 1075963-109-LE26 REORDEN,12
1075963-5997-SE26,ORDEN DE COMPRA DESDE 1075963-412-LE25 REORDEN,12
1075963-6003-SE26,ORDEN DE COMPRA DESDE 1075963-512-LR22 R311918,12
1075963-6014-SE26,ORDEN DE COMPRA DESDE 1075963-404-LE25 REORDEN,12
1075963-6017-SE26,ORDEN DE COMPRA DESDE 1075963-514-LR22 R313148,12
1075963-6019-SE26,ORDEN DE COMPRA DESDE 1075963-552-LR24 R312450,12
1075963-6184-SE26,ORDEN DE COMPRA DESDE 1075963-245-LE25 SR 232315,12
1075963-6217-AG26,Orden de Compra generada por invitación a compra ágil: 1075963-647-COT26,12
1075963-6258-AG26,Orden de Compra generada por invitación a compra ágil: 1075963-667-COT26,6
1075963-6344-CM26,Orden de Compra: 1075963-6344-CM26 R: 313141,12
1075963-6377-SE26,ORDEN DE COMPRA DESDE 1075963-180-LE26 SR232232,6
1075963-909-SE26,ORDEN DE COMPRA DESDE 1075963-513-LR22 REORDENES,12
1077920-184-TD26,Orden de Compra generada por Trato Directo ID 1077920-2-FTD26,6
1078078-1353-TD26,Orden de Compra generada por Trato Directo ID 1078078-156-FTD26,6
1079445-268-CM26,ADQ. 2800 LT GAS A GRANEL RETEN PAMPA GUANACO,6
1079516-472-CM26,Orden de Compra: 1079516-472-CM26,6
1079576-322-CM26,"ADQUISICION DE VERDURAS, PARA LA COMISION RANCHO DE LA 5TA. COMISARIA COP CONCEPCION, SEGUN D/E 251815126",12
1079576-327-CM26,ADQUISICIÓN UTILES DE ASEO PARA EL CASINO DE LA 4TA. COMISARÍA CORONEL SEGUN D/E 252147930.,12
1079576-333-CM26,ADQUISICIÓN FRUTAS Y VERDURAS  PARA EL CASINO DE LA 4TA. COMISARÍA CORONEL SEGUN D/E 252413275,12
1079576-381-SE26,"ADQUISICIÓN DE PARABRISAS CON SERVICIO INSTALACIÓN INCLUÍDO PARA VEH. FISCAL Z-9941 DE CARGO DE LA TCIA. QUILACO, PREFECTURA BIO BIO N°20 C/CARGO CONTRATO SUMINISTRO PARABRISAS VIDRIOS Y OTROS C/ INSTALACIÓN LICITACIÓN  1079576-5-LE26 S/DOE 253485360.",6
1079639-280-AG26,SERVICIO DE REPARACIÓN PARA VEHÍCULO POLICIAL CM-138 DE 5TA. COMISARIA DE CARABINEROS PUERTO MONTT.,12
1079639-314-AG26,ADQUISICIÓN DE CAJA DE SEGURIDAD DIGITAL - LABOCAR LLANQUIHUE: 1079639-356-COT26,12
1079639-328-AG26,SERVICIO DE REPARACIÓN PARA VEHÍCULO POLICIAL PC-138 DE 5TA. COMISARIA DE CARABINEROS PUERTO MONTT.,12
1079639-336-AG26,ADQUISICION PRODUCTOS QUIMICOS SECCION LABOCAR: 1079639-388-COT26,12
1079639-341-AG26,ADQUISICIÓN DE REPUESTOS PARA VEHÍCULO POLICIAL Z-9650 DE 5TA. COMISARIA DE CARABINEROS PUERTO MONTT.,12
1079639-343-AG26,"SERVICIO DE MANTENCIÓN PARA VEHÍCULOS POLICIALES RP-6217, RP-6810 Y Z-9791 DE SUBCOMISARIA DE CARABINEROS LLANQUIHUE.",12
1079639-349-AG26,"MANTENCIÓN DE ESTACIÓN TOTAL, MARCA TOPCON, MODELO OS103, DE CARGO DE LA SUBCOM I.A.T LLANQUIHUE: 1079639-401-COT26",12
1079639-354-AG26,"ADQUISICIÓN DE MATERIALES, REPUESTOS Y ÚTILES DIVERSOS PARA 1RA. COMISARIA DE CARABINEROS PUERTO VARAS.",12
1079639-357-AG26,ADQUISICION DE MATERIALES DE OFICINA PARA LA AUTORIDAD FISCALIZADORA DE LA 2DA COMISARIA CASTRO: 1079639-433-COT26,12
1079639-424-AG26,ADQUISICIÓN DE MATERIALES PARA MANTENIMIENTO Y REPARACIÓN DE INMUEBLES TALLER MECÁNICO CHILOÉ (SECCIÓN LOGÍSTICA): 1079639-464-COT26,4
1079639-425-AG26,"ADQUISICION INSUMOS , REPUESTOS Y ACCESORIOS COMPUTACIONALES PARA LA AUTORIDAD FISCALIZADORA CASTRO: 1079639-491-COT26",4
1079639-426-AG26,SERVICIO DE MANTENIMIENTO DEL ESTACIONAMIENTO DEL CUARTEL DEAOPERPOL 1079639-505-COT26,4
1079659-169-SE26,ADQUISICIÓN DE MATERIALES DE CONSTRUCCIÓN PARA LA 2DA. COMISARIA C.O.P. PAILAHUEQUE S.O.M. FCO. BENAVIDES GARCÍA. DESDE 1079659-21-LE26,4
1079659-170-SE26,ADQUISICIÓN DE NEUMÁTICOS PARA EL PARQUE VEHICULAR DE LA ZONA C.O.P. E INTERVENCIÓN SUR. DESDE 1079659-22-LE26,4
1079689-185-CM26,ADQUISICIÓN DE UTILES DE ASEO PARA TOTALIDAD DE AA.FF. REGIÓN AYSEN ,5
1079689-187-CM26,ADQ. MATERIALES DE OFICINA PARA TOTALIDAD DE AA.FF. REGIÓN AYSÉN,5
1079694-114-AG26," ADQUISICIÓN E INSTALACIÓN DE REPUESTOS DESTINADOS AL VEHÍCULO FISCAL VPC-2158, MARCA VOLKSWAGEN, MODELO AMAROK, AÑO 2017, DE CARGO DEL S.E.B.V. LOS RIOS DEPENDIENTE DE LA PREFECTURA VALDIVIA N°23.",12
1079967-195-AG26,Orden de Compra generada por invitación a compra ágil: 1079967-251-COT26/SERVICIO DE ARRIENDO DE SONIDO PARA LA CEREMONIA ANIVERSARIO INSTITUCIONAL 27 DE ABRIL ZONA TARAPACÁ.,12
1080093-51-AG26,Insumos para actividades comunitarias PRAIS.Compra ágil: 1080093-35-COT26,6
1080289-14-AG26,E1 02-RT5 Adquisición de resmas de papel carta - Prog. VPM,4
1082957-129-AG26,CURSO INTRODUCCIÓN A LA NORMA NCH 3262:2021 Y CURSO DE FORMACIÓN DE AUDITORES(AS) INTERNOS(AS) EN LA NORMA NCH 3262:2021 // compra ágil: 1082957-58-COT26,6
1084148-17-SE25,PTG - SC INT-2024-0149 - MULTIANUAL - “ADQUISICIÓN SERVICIO DE VIGILANCIA PARA OFICINAS NIVEL CENTRAL SLEP DE CHINCHORRO”. DESDE 1084148-5-LE25,12
1084156-349-SE26,PJ P02 SEP SERVICIO DE TRANSPORTE EVENTUAL MES DE ABRIL,6
1084156-353-SE26,PJ P02 GENERAL SERVICIO DE TRANSPORTE EVENTUAL MES DE ABRIL,6
1090323-4-TD26,Orden de Compra generada por Trato Directo ID 1090323-1-FTD26,6
1092-3260-SE25,SIC 229. SIRE 181 Arriendo Camioneta Ñ 1,12
1092-3261-SE25,SIC 229. SIRE 181 Arriendo Camioneta Ñ 2,12
1092-3262-SE25,SIC 229. SIRE 181 Arriendo Camioneta Ñ 3,12
1092-3263-SE25,SIC 229. SIRE 181 Arriendo Camioneta Ñ 4,12
1092-3264-SE25,SIC 229. SIRE 181 Arriendo Camioneta Ñ 6,12
1092-3265-SE25,SIC 229. SIRE 181 Arriendo Camioneta Ñ 7,12
1092-3266-SE25,SIC 229. SIRE 181 Arriendo Camioneta Ñ 8,12
1092-3267-SE25,SIC 229. SIRE 181 Arriendo Camioneta Ñ 21,12
1092-3268-SE25,SIC 229. SIRE 181 Arriendo Camioneta Ñ 31,12
1092-3271-SE25,SIC 229. SIRE 181 Arriendo Camioneta Ñ 71,12
1092-3272-SE25,SIC 229. SIRE 181 Arriendo Camioneta Ñ 81,12
1092-3273-SE25,SIC 229. SIRE 181 Arriendo Camioneta Ñ 13,12
1092-3276-SE25,SIC 229. SIRE 181 Arriendo Camioneta Ñ H11,12
1092-3319-SE25,SIC 237. SIRE 222 Arriendo camión Aljibe.,12
1092-3358-AG25,SIC 270 SIRE 225- Materiales de faena- GORE islas huichas,12
1092-4-SE26,SIC 316. SIRE 281 Serv. Aseo Los Coigues,12
1093219-7-AG26,OC generada por invitación a compra ágil: 1093219-3-COT26_Refactoring Flujo Efectivo,6
1099899-81-AG26,ZUCLOPENTIXOL DEPOT 200MG/ML FARMACIA- COSAM LOS ANDES Orden de Compra generada por invitación a compra ágil: 1099899-30-COT26,12
1116007-67-SE26,ORDEN DE COMPRA DESDE 1116007-9-LE26,4
1126-148-SE25,CONSULTORIA PAE PARA GPA ARTESANAS QUEBRADAS LAS ULLOA DESDE LICITACION 1126-21-LE25 AREA CONCEPCION,12
1126-21-AG25,Servicio de aseo Área Tirua desde compra ágil: 1126-11-COT25,12
1126922-2199-AG25,"RBD 7973 GENERAL PG02, INSUMOS DE MANTENCIÓN , LICEO INDUSTRIAL CHILENO ALEMAN DE FRUTILLAR",12
1126922-387-SE26,"RBD 7973 GENERAL PG02, PETROLEO PARA CALEFACCION, LICEO INDUSTRIAL CHILENO ALEMAN",12
1126922-566-SE26,"RBD 7874,7887,7720 SUB GENERAL PG02 CORTE Y RETIRO DE ÁRBOLES DE LAS ESCUELAS CARACOL Y CAÑITAS DE LOS MUERMOS Y LICEO PEDRO AGUIRRE CERDA DE PUERTO VARAS.-",6
1127-280-SE24,RENOVACION CONTRATO PAE CAMPESINAS TEJEDORAS,12
1161266-301-AG26,ADQUISICIÓN DE JUEGOS DE MESA - APOYO PROGRAMA VINCULOS GESTIÓN MUNICIPAL 2026,6
1171142-1764-AG26,TELA ADHESIVA MICROPOROSA RLL 2.5 MM X 9.1 MT / 1171142-997-COT26 / BODEGA INSUMOS ,6
1171166-29-CM26,P02 SLEP/MAP/materiales de aseo E.E de la cuidad de Copiapo lista N°2,12
1173430-63-AG26,CET OSORNO ADQUIERE TOLDOS PARA FERIAS DE EMPRENDIMIENTO Orden de Compra generada por invitación a compra ágil: 1173430-57-COT26,4
1173456-10-AG26,Adquisicion de maquinaria y equipo para el C.E.T. Cerrado C.D.P. Vallenar compra ágil: 1173456-8-COT26,6
1173473-37-CM26,"CET CERRADO DEL CCP DE TALCA, FOSOAD N°81 D.J.D.",6
1173476-18-AG26,"C.E.T Cerrado del C.P.F Talca FOSOAD  Nº72,  Compra maquinarias pasteleria",12
1173476-19-CM26,"C.E.T Cerrado del C.P.F Talca FOSOAD  Nº80,  Compra insumos de Panaderia/Pasteleria",6
1182102-28-CM26,Orden de Compra: 1182102-28-CM26 ADQUISICIÓN DE ALIMENTOS ,6
1208097-14-AG26,Servicio de Impresiones Promocionales Comunicaciones,4
1208097-15-AG26,Servicio Promocion Medios Digitales Comunicaciones,4
1208097-16-AG26,Servicio Avisos Radiales Comunicaciones,4
1208910-99-AG26,Orden de Compra generada por invitación a compra ágil: 1208910-126-COT26,6
1208983-91-SE26,MODIFICACION DE CONTRATO DE SERVICIO DE HABILITACIÓN DE LA UEF,4
1208983-96-SE26,Servicio de Aseo para la Unidad de Evaluación Formativa para la Adopción y el Acogimiento y Unidad de Adopción,4
1208985-21-SE26,RFAT_VESTUARIO Y CALZADO ORDEN DE COMPRA DESDE LICI,12
1208985-27-SE26,RFA_SERVICIO SUMINISTRO INSUMOS MENORES - ORDEN DE  COMPRA DESDE LICITACION 1208985-1-LP26,12
1211839-271-CM26,Orden de Compra: 1211839-271-CM26,6
1211992-78-AG26,Orden de Compra generada por invitación a compra ágil: 1211992-77-COT26,6
1212413-51-CM26,Vales de Gas 1212413-51-CM26,4
1214102-906-AG26,DGC/SP97-86-87/REPARACION SILLONES: 1214102-512-COT26,6
1214102-925-TD26,Orden de Compra generada por Trato Directo ID 1214102-70-FTD25,6
1214102-943-TD26,Orden de Compra generada por Trato Directo ID 1214102-68-FTD25,6
1214102-944-TD26,Orden de Compra generada por Trato Directo ID 1214102-68-FTD25,6
1214102-951-SE26,GOA / SERVICIO CREMATORIO MES DE ABRIL 2026,4
1217466-38-AG26,SERVICIO DE INSTALACIÓN DE PANTALLA Y AUDIO . CA l: 1217466-21-COT26,6
1224974-49-AG26,SERVICIO DE INSTALACIÓN DE LUMINARIAS Y ,6
1229788-108-AG26,Reposición de motor de portón de acceso a estacionamiento de ambulancia de la base SAMU Salamanca,6
1230878-14-AG26,Orden de Compra generada por invitación a compra ágil: 1230878-11-COT26,6
1233-54-AG26,Orden de Compra generada por invitación a compra ágil: 1233-29-COT26,9
1233613-1010-SE26,MANTENIMIENTO SISTEMA CALEFACCIÓN ESC.JUAN LADRILLERO,4
1233613-1015-SE26,MANTENIMIENTO SISTEMA CALEFACCIÓN ESC.VILLA LAS NIEVES,4
1233613-1016-SE26,MANTENIMIENTO SISTEMA DE CALEFACCIÓN INSUCO,4
1233613-1017-SE26,MANTENIMIENTO SISTEMA DE CALEFACCIÓN ESC.ESPAÑA,4
1233613-1018-SE26,DESTAPE DE ALCANTARILLADO Y URINALES LICEO CONTARDI,4
1233613-1019-SE26,REPARACIÓN PÉRDIDA DE AGUA ESC.MANUEL BULNES,4
1233613-1020-SE26,REPOSICIÓN DE VENTANA ESC.ARGENTINA,4
1233613-1028-CM26,Adquisición de resmas para EE (marzo a junio),6
1233613-109-TD26,Orden de Compra generada por Trato Directo ID 1233613-6-FTD26,12
1233613-780-AG26,Adquisición Kit matemática Escuela Hernando de Magallanes,4
1233613-887-SE26,PARLANTE- MARZO-ESCUELA ESPAÑA,4
1233613-954-SE26,REPARACIÓN CUBIERTA ESC.NICOLAS MLADINIC,4
1233613-965-SE26,REPARACIÓN ELÉCTRICA LICEO LUIS ALBERTO  BARRERA,4
1233613-967-SE26,REPARACIÓN TECHUMBRE LICEO LCM,4
1233613-968-SE26,REPARACIÓN FILTRACIÓN DE AGUA  ESCUELA DELLAMIRA REBECA AGUILAR,4
1233613-974-SE26,REPARACIÓN TABLERO ELECTRICO ESCUELA DOROTEA,4
1233613-991-SE26,RETIRO E INSTALACION DE EQUIPOS DE ILUMINACIÓN CEIA PUNTA ARENAS,4
1233613-992-SE26,REPARACIÓN REVESTIMIENTO DE PISO EBOR PORVENIR ,4
1233613-993-SE26,SERVICIO RECARGA DE AGUA PARA E.E. MES DE MAYO,4
1233613-994-SE26,SERVICIO RECARGA DE AGUA J.I ARCH.DE CHILOE,4
1233613-995-SE26,SERVICIO RECARGA DE AGUA ESCUELA BDO DE BRUYNE,4
1233615-747-SE26,AVT/SOL/00369/Petroleo para calefacción Escuela Bdo. Ohiggins,6
1233615-777-CM26,NDF/SOL 910/Escuela Rural Valle de la Luna/10 vales de gas de 15 kilos cada uno,4
1233615-778-CM26,NDF/SOL 366/Jardin Infantil Vallecitos de Aysen/Gas granel para calefaccion ,4
1233615-780-CM26,AVT/SOL/00359/Gas a granel Para Liceo Luisa Rabanal Palma 1233615-598-CM26,4
1233616-602-SE26,"TRASLADO DE PASAJEROS PARA PASAJE AEREO CON DESTINO A BUCAREST, RUMANIA SCI N°1088 PROGRAMA 02",9
1233616-923-SE26,ALIMENTOS ESCUELA DOMITILA URREJOLA SCI N°1291 PROGRAMA 02,12
1233-62-AG26,Talonarios finanzas,9
1237328-198-AG26,Orden de Compra generada por invitación a compra ágil: 1237328-51-COT26. CGR 2720260026.,6
1237328-214-AG26,Orden de Compra generada por invitación a compra ágil: 1237328-60-COT26. CGR 2720260033,6
1242121-217-SE26,MATERIALES JARDIN INFANTIL 1242121-2-LE26 RES5589,12
1242121-241-AG26,F N81 REPARACIÓN MURO CERÁMICO ALIMENTACIÓN 1242121-138-COT26,4
1242121-246-SE26,DETERGENTE MEDICLEAN MAYO 1242131-20-LP25 RES348,12
1242121-250-SE26,ABARROTES MAYO 1242121-1-R125 Res6789,4
1242121-252-SE26,ABARROTES MAYO 1242121-3-LQ25 Res6767,4
1247197-70-SE26,SUMINISTRO DE MEDICAMENTOS FARMACIA COMUNAL DESDE ,6
1250354-4-AG26,D.R- INSTRUMENTOS PARA POLICLINICO DENTAL : 1250354-8-COT26,4
1260057-171-CM26,COMPRA DE INSUMOS MEDICOS,12
1260057-297-CM26,PECHERA PLASTICA DESECHABLE CON MANGA Y OJAL,12
1260057-413-CM26,TERMOMETRO DIGITAL DESPACHO PARCIAL,12
1260057-493-AG26,CORTADOR VELLO CLIPPER (UD),12
1260057-518-AG26,KIT CANULA TRAQUEOSTOMIA,12
1260057-537-CM26,TUBO TAPA GRIS 4 ML,12
1260057-542-SE26,COMPRA DESECHABLES,6
1260057-543-SE26,COMPRA DESECHABLES,6
1260-92-SE25,Implementación Servicio Soporte Licencias Monday DESDE 1260-12-LE25,12
1261592-355-CM26,Orden de Compra: 1261592-355-CM26,12
1261592-385-CM26,Orden de Compra: 1261592-385-CM26,12
1271356-50-CM26,MEMO 17-18/ DROGERIA INSUMOS MEDICOS ,12
1271357-50-AG26," MEMO 90-128-91-108-36/ FUNGIBLES, ALIMENTOS PERECIBLES/EDUCACION/1271357-25-COT26",12
1281680-19-SE26,ORDEN DE COMPRA DESDE 1281680-3-LE26,6
1283719-71-AG26,Orden de Compra generada por invitación a compra ágil: 1283719-97-COT26,12
1288-208-AG26,COMPRA INSUMOS ATENCION CLINICA - PAC 2026,12
1288505-49-SE26, 1288505-3-LE26 ADQUISICIÓN LIBROS CBP MUÑECA DE TRAPO,12
1288505-62-AG26,Adquisición de catridge (cintas térmicas) para impresión de etiquetas de inventario del Museo Regional de Magallanes 1288505-49-COT26,6
1289-35-SE25,RENUEVA CONTRATO ASEO TESORERIA PUERTO MONTT,12
1293138-62-AG26,ADQUISICIÓN SET PESAS Y SET STEP (MDN),12
1294237-30-CM26,Cargas de alimentacion abril 2026,4
1294449-15-SE26,ADQUISICIÓN DE DESBROZADORA PARA RETROEXCAVADORA DESDE 1294449-1-LE26,12
1305504-79-AG26,236 NF P01 PENDONES ROLLERS 90X200 CM - GABINETE (236-7),6
1340-196-SE26,SERVICIO DE MANTENCIÓN MAQUINARIA,12
1344398-2-AG26,"Compra ágil: 1344398-1-COT26, servicio catering PRFE",4
1346279-58-CM26,P02 ADQUISICION DE ABARROTES IP IRC ARICA 2do TRIMESTRE,6
1346282-196-AG26,Compra ágil: 1346282-71-COT26 (Conservadoras) para IP-IRC,6
1350129-3-AG26,Orden de Compra generada por invitación a compra ágil: 1350129-1-COT26,4
1350138-16-AG26,Orden de Compra generada por invitación a compra ágil: 1350138-5-COT26,4
1350296-865-SE26,"CON/CONVENIO SERVICIO LABORATORIO DENTAL PARA ESPECIALIDADES DE REHABILITACIÓN ORAL E IMPLANTOLOGÍA DEL HOSPITAL ALTO HOSPICIO, POR 24 MESES AÑO 2025-2026; MES MARZO; 1350296-5-LQ25; PROVEEDOR LABCAM SPA; 2024-1736-21",4
1357055-59-SE26,orden de compra licitacion 1357055-4-LR25 enero,6
1357055-60-SE26,orden de compra licitacion 1357055-4-LR25 Febrero,6
1357055-61-SE26,orden de compra licitacion 1357055-4-LR25 Marzo,6
1357055-62-SE26,orden de compra licitacion 1357055-4-LR25 Noviembr,6
1366597-1101-TD26,Orden de Compra generada por Trato Directo ID 1366597-226-FTD26,6
1366597-1115-TD26,Orden de Compra generada por Trato Directo ID 1366597-244-FTD26,6
1366597-1116-TD26,Orden de Compra generada por Trato Directo ID 1366597-245-FTD26,6
1366597-1117-TD26,Orden de Compra generada por Trato Directo ID 1366597-246-FTD26,6
1366597-1118-TD26,Orden de Compra generada por Trato Directo ID 1366597-247-FTD26,6
1366597-1119-TD26,Orden de Compra generada por Trato Directo ID 1366597-253-FTD26,6
1375757-213-SE26,DCR CDP 2 SUBV. SEP P02 ARTÍCULOS DE LIBRERÍA ,6
1375761-31-AG26,"P02 - CONTRATACIÓN DE 19 SERVICIOS DE INTERNET MÓVIL PARA SALAS CUNAS Y JARDINES INFANTILES DE LA COMUNA DE CHILLÁN, 1375761-30-COT26",12
1376-288-AG26,F-38: COMPRA DE ÚTILES DE ASEO PARA EL ÁREA DE ALIMENTACIÓN DE UNIADES PENALES  C.ágil: 1376-42-COT26,6
1380-1335-SE26,RESOL EXENTA Nº1535   LOZA DESECHABLE  ORDEN DE COMPRA DESDE 1380-321-LP25,12
1380-2758-SE26,RESOL EXENTA Nº3552 LOZA DESECHABLE ORDEN DE COMPR,12
1380-2779-TD26,Orden de Compra generada por Trato Directo ID 1380-466-FTD26,12
1380-3650-SE26,RESOL.EXENTA 4224 ARTICULOS DE MENAJE DESDE 1380-219-LE25,12
1380-4781-SE26,RESOL EXENTA Nº5414 LOZA DESECHABLE ORDEN DE COMPR,12
1380-5980-TD26,Orden de Compra generada por Trato Directo ID 1380-970-FTD26,12
1380-6043-TD26,Orden de Compra generada por Trato Directo ID 1380-984-FTD26,12
1380-6230-AG26,Orden de Compra generada por invitación a compra ágil: 1380-2436-COT26,6
1380-6275-CM26,STOCK BODEGA ESCRITORIO MES MAYO 2026. Orden de Compra: 1380-6275-CM26,5
1380-6290-CM26,Orden de Compra: 1380-6290-CM26,6
1388961-215-AG26,Software para Compliance,12
1388961-435-AG25,Arriendo de vehiculo Sedan,12
1391-863-CM26,"FOSOAD Nº 36 CET SEMIABIERTO TALCA, SIDAPT",6
1391-865-AG26,C.C.P. DE TALCA FOSOAD N° 57 COMPRA ARTICULOS DE OFICINA PARA EL PRS  compra ágil: 1391-134-COT26,5
1393093-462-AG26,P02-SG-ARRIENDO TRANSPORTE ESCOLAR-RBD22380Orden de Compra generada por invitación a compra ágil: 1393093-211-COT26,4
1393-247-AG26,ANTENA - a compra ágil: 1393-94-COT26,6
1393495-318-AG26, SC-49135/9867-1/SEP/ADQ. EQUIPOS HERRAMIENTAS/ESF,6
1398-579-CM26,Orden de Compra: 1398-579-CM26,4
1402-218-AG26,Materiales de oficina Taller de fotografía CCP de Rengo Gendarmeria Región de O´Higgins (compra ágil 1402-98-COT26),6
1403-343-AG26,"ADQ. MAT. MANT. EDIFICIOS PARA CCP COYHAIQUE, C.A.: 1403-152-COT26CODIGO 26430",4
1407-283-AG26,C.R.S IQUIQUE COMPRA MATERIALES Y ÚTILES DE ASEO,6
1411-1359-AG26,CPF SAN MIGUEL ADQ. DE UTILES DE ASEO Y OTROS PRODUCTOS Orden de Compra generada por invitación a compra ágil: 1411-448-COT26,6
1420-15-SE26,Servicios de Extensión Forestal BN SUR - Linares,6
1422824-1149-CM26,(LER) CONGELADOS UCA MES DE MAYO,12
1422824-1274-AG26,(FCR)1422824-819-COT26 CANULA MAYO #5,6
1422824-1314-SE26,(LER) FORMULARIOS FALTANTES STOCK DE BODEGA,12
1422824-1348-SE26,(LER) FORMULARIOS STOCK BODEGA ,12
1422824-783-SE26,(LER) FORMULARIOS EN FALTA MARZO stock hasta agosto,12
1422825-851-CM26,(RCP) Tableros terciados dimensionados,12
1425841-13-AG26,"Adquisición de Campanas Contenedoras de Vidrio, DIMAO, compra ágil: 1425841-13-COT26",6
1428275-19-AG26,"PIZARRAS DE CORCHO, C.A.: 1428275-15-COT26,DMT",6
1428670-87-AG26,Adquisición de Aceite de caja de cambios 1428670-55-COT26,4
1430396-82-AG26,Orden de Compra generada por invitación a compra ágil: 1430396-44-COT26,6
1430707-1864-AG26,INSUMOS STOCK MAYO 2026,4
1430710-319-CM26,COMPRA A02 MAYO,4
1432083-1001-CM26,"CC, RBD 7023, SOL 2003, GENERAL, LEÑA EN SACO, 2204999 Orden de Compra: 1432083-1001-CM26",6
1432083-1042-TD26,Orden de Compra generada por Trato Directo ID 1432083-81-FTD26,9
1432083-1043-TD26,Orden de Compra generada por Trato Directo ID 1432083-81-FTD26,4
1432083-960-AG26,"NM, RBD 6752 6774 36127, SC. 1409 1619 1704, SUBVENCIÓN GENERAL Y JUNJI, MANTENCIÓN Y RECARGA DE EXTINTORES,",6
1432083-998-CM26,"CSF, RBD 6946-6932-6944, SC 1206- 1869 - 1920, SUBGENERAL,22-04-999-999, PELLET Y LEÑA PARA ESCUELA RURAL COMUNIDAD SANTA CARLA - ESCUELA NEVADA Y ESCUELA RURAL USTARITZ DE LOS LAGOS",6
1434-85-AG26," SERVICIO DE MEJORAMIENTO DE UNA VIVIENDA FISCAL UBICADA EN EL RECINTO AEROPUERTO CARRIEL SUR CONCEPCIÓN, PERTENECIENTE AL PATRIMONIO DE AFECTACIÓN FISCAL",6
1446614-27-AG26,Orden de Compra generada por invitación a compra ágil: 1446614-26-COT26,6
1447930-129-AG26, SSP – Adquisición de trituradoras para la Subsecretaría de Seguridad Pública - Orden de Compra generada por invitación a compra ágil: 1447930-108-COT26,6
1455288-154-AG26,(CCOQ) SERVICIO DE INSTALACION DE RED DE GAS EN CLUB DE CAMPO DE OFICIALES QUINCHAMALÍ(305/2026),4
1464-709-AG26,Recetarios Estupefacientes 2026,6
1464-720-CM26,Insumos Médicos 2026,6
1469-1240-AG26,20-41436 BOLSAS PARA BODEGA: 1469-1370-COT26,6
1469-1249-AG26,2-41330 Orden de Compra generada por invitación a compra ágil: 1469-1223-COT26,4
1469-1250-AG26,2-41500 Orden de Compra generada por invitación a compra ágil: 1469-1326-COT26,4
1479098-33-SE26,TRABAJOS ELECTRICOS,6
1480972-185-AG26, P02-JAO-TELEVISOR ESCUELA TENIENTE IGNACIO SERRANO MONTANER RBD: 1899-6,6
1484-12-AG26,CUADROS PROYECTO SAAT invitación a compra ágil: 1484-10-COT26,6
1491-43-AG26,ADQ. cilindro nitrógeno AD PICHOY desde 1491-33-COT26,4
1499-1039-AG26,APOSITO CAVILON (BODEGA),12
1499-1886-SE26,AOH Regularización Dispositivo Hemodinamia,12
1499-2121-SE26,JGS PROGRAMACION ELECTROFISIOLOGIA,12
1499-2157-SE26,JGS PROGRAMACION HEMODINAMIA ,12
1499-2428-SE26,JGS PROGRAMACION HEMODINAMIA ,12
1499-2467-AG26,RSS PRÓTESIS (PABELLÓN) X compra ágil: 1499-232-COT26,12
1499-2483-SE26,AOH Insumos Clinicos Pabellon,12
1499-2585-SE26,EML INSUMOS DE PABELLON,12
1499-2600-SE26,RSS LORLATINIB (FARMACIA),12
1499-2602-SE26,RSS INSUMOS PABELLÓN,12
1499-2603-SE26,RSS ELECTRODOS DESECHABLES,12
1499-2604-SE26,AOH Medicamento Urgente,12
1499-2607-SE26,EML NUTRICION,12
1499-2610-TD26,Orden de Compra generada por Trato Directo ID 1499-8-FTD25,12
1499-2623-SE26,RSS BRANULAS (BODEGA),12
1499-2629-SE26,RSS SUTURAS (PABELLON),12
1499-2636-SE26,AOH Programación Farmacia Urgente,12
1499-2645-SE26,MCP SANEAMIENTO AMBIENTAL 04/2026,6
1499-2655-CM26,RSS REGULARIZACIÓN ALIMENTACIÓN ABRIL 1499-2655-CM26,6
1499-532-AG26,Orden de Compra generada por invitación a compra ágil: 1499-28-COT26,12
1499-806-TD26,Orden de Compra generada por Trato Directo ID 1499-170-FTD25,12
1511-595-AG26,O.C 300 FUNDAS PARA CAMARA DE LAPAROSCOPIA  generada por invitación a compra ágil: 1511-124-COT26,6
1514-1986-CM26,COMPRA TOALLA CLINICA,6
1514-2032-TD26,Orden de Compra generada por Trato Directo ID 1514-786-FTD25,4
1521-21-AG26,Orden de Compra generada por invitación a compra ágil: 1521-18-COT26,6
1526410-2-AG26,MANTENIMIENTO CORRECTIVO VA-014 (REPARACIÓN TORNAMESA),12
1526410-40-AG26,MATERIALES MANTENIMIENTO ALUMBRADO EXTERIOR,6
1526410-42-AG26,ARTÍCULOS DE TELECOMUNICACIONES (ORDTALC),4
1529-123-AG26,Artículos para Mantenimientos del Hospital de Rengo,12
1529-143-AG26,MODIFICACION DE PLANTA DE AUTOCLAVES HOSPITAL DE RENGO,6
1529-144-AG26,MANTENIMIENTO Y REPARACION DE LABORATORIO DEL HOSPITAL DE RENGO,6
1540-1168-AG26,"1540-678-COT26 ALIMENTACIÓN, CENA Y ALMUERZO, MAYO 2026, CAPACITACION",4
1540-1171-SE26,"1540-170-LE25, SERVICIO DE CONTROL DE PLAGAS, MAYO 2026, SERVICIOS GENERALES, 5/24. ",6
1540-1173-AG26,1540-670-COT26 BRAZO HIDRAULICO PARA PUERTA. MAYO 2026. MANTENIMIENTO,6
1540-1174-AG26,1540-583-COT26 RAMPA DE ACCESO 12% DE PENDIENTE Y AMPLIACIÓN DE PORTÓN. MAYO 2026. MANTENIMIENTO,4
1576-68-CM26,RRFF - RECARGA BOMBONA JI LIPIGAS,12
1576-72-CM26,RRFF - RECARGA BOMBONA JI ABASTIBLE,12
1576-76-CM26,RRFF - RECARGA BOMBONA JI ABASTIBLE,12
1608-47-AG26,INSUMOS DE CAFETERÍA - GET a compra ágil: 1608-34-COT26,9
1620-109-AG26, Reactivos Laboratorio Clínico CG8+ ID 1620-85-COT26,4
1620-110-AG26,Insumos Tubos & Placas Laboratorio ID 1620-86-COT26,4
1622-646-TD26,Orden de Compra generada por Trato Directo ID 1622-92-FTD26,6
1622-651-CM26,DRENAJE PLEURAL SIMPLE/ APOSITO SACRO 18 X 18 CM,4
162-32-SE25,Servicio arriendo Impresoras,12
1641-11458-AG26,MJA CP 03/2026 METRONIDAZOL 500 MG/100 ML SOL INY FA 100 ML. COMPRA AGIL: 1641-1467-COT26,12
1641-12551-SE26,"MJA CP 04/2026 LEVOSIMENDÁN LIOFILIZADO PARA SOLUCIÓN INYECTABLE 12,5 MG. CON SOLVENTE LIC. 1641-86-LR23",12
1641-12633-AG26,MJA CP 04/2026 FIBRINA ADHESIVO KIT FA 3 ML. COMPRA AGIL: 1641-1927-COT26,12
1641-13159-AG26,ODP-CP 04-2026/PREDNISONA 5 MG CM/compra ágil: 1641-2092-COT26,12
1641-13438-SE26,MVU/2026 - FILTRO HEMODIALISIS F-10 POLISULFONA 2.2 M2 DISTINTAS MEDIDAS - 1641-405-LP25.,12
1641-13926-AG26,MGM CP 05/2026 COPELAS DESECHABLES  a compra ágil: 1641-2424-COT26,12
1641-13974-AG26,MVU/2026 -PROGRAMA MAYO 2026 - a compra ágil: 1641-2312-COT26 - BANDEJA SUTURA.,12
1641-14035-SE26,MJA CP 05/2026 PANCREOLIPASA 25.000 UI CP (CREON) LIC. 1641-484-LP25,12
1641-14061-AG26,MOC/PROGR MAYO 2026 Orden de Compra generada por invitación a compra ágil: 1641-2446-COT26,12
1641-14131-SE26,MGM CNP N°127684 VALVULA BIOLOGICA AORTICA N°21 MM 1641-181-LR24,12
1641-14146-AG26, amv - INSUMOS PARA CREDENCIALES Orden de Compra generada por invitación a compra ágil: 1641-2514-COT26,12
1641-14158-AG26,MGM CP 05/2026 SUTURAS MANUALES a compra ágil: 1641-2533-COT26,12
1641-14159-AG26,MGM CP 05/2026 SUTURA MANUALES a compra ágil: 1641-2532-COT26,12
1641-14161-AG26,MGM CP 05/2026 SUTURAS MANUALES a compra ágil: 1641-2525-COT26,12
1641-14169-AG26,MJA CNP N° 125961 05/2026 FLUTICASONA FUROATO/UMECLIDINIO BROMURO/VILANTEROL 184/55/22 MCG/DOSIS POLVO PARA INHALACION COMPRA AGIL: 1641-2540-COT26,12
1641-14182-AG26,ODP-CNP 05-2026/PONATINIB 15 MG CMP/compra ágil: 1641-2552-COT26,12
1641-14186-AG26,ODP-CNP 05-2026/POMALIDOMIDA 4 MG/compra ágil: 1641-2553-COT26,12
1641-14188-SE26,MOC/ PNP 127309 LIC. 1641-330-LP25/ CARTUCHOS PARA DETECCION DE MU,12
1641-14204-SE26,MJA CP 05/2026 VALSARTAN SACUBRITILO 100 MG. LIC. 1641-305-LP25,12
1641-14251-SE26,MGM CNP N°127321 CLIP POLIURETANO MORADOS Y DORADOS ID 1641-258-LQ24,6
1641-14435-AG26,MOC/PROGR MAYO 2026 Orden de Compra generada por invitación a compra ágil: 1641-2663-COT26,6
1641-14537-AG26, amv/ 02-001-003-039 HOJA DESVELLADORA DESECHABLE Orden de Compra generada por invitación a compra ágil: 1641-2734-COT26,6
1641-14538-AG26, amv/ MAQUINA CLIPPER CORTADORA DE VELLO 22V Orden de Compra generada por invitación a compra ágil: 1641-2735-COT26,6
1641-14603-SE26,MGM CP 06/2026  INSUMOS DE TERAPIA PRESION NEGATIVA  ID 1641-74-LE26,6
1641-14604-SE26,ODP-CP 05/2026 PREPARADOS MAGISTRALES LIC.1641-335-LE24,6
1643-1144-SE26,CRANBERRY 300-500 MG/ MAYO 2026/ LIC 1643-47-LR25,6
1650-203-SE26,"Oxigeno Gaseoso Medicinal, Hospital Santa Juana",4
1656-48-AG26,MICROCHIPS PARA MASCOTAS (compra ágil: 1656-12-COT26),6
1656-55-AG26,LECTOR DE MICROCHIP (compra ágil: 1656-18-COT26),6
1658-1283-AG26,Orden de Compra generada por invitación a compra ágil: 1658-449-COT26,6
1658-1287-AG26,Orden de Compra generada por invitación a compra ágil: 1658-380-COT26,6
1658-1312-AG26,Orden de Compra generada por invitación a compra ágil: 1658-569-COT26,6
1660-306-SE26,METFORMINA 1000MG XR COMRPIMIDO,6
1662-865-AG26,INSUMOS INFORMATICOS,12
1662-950-AG26,PENDON TIPO ROLLER UNIDAD DE SALUD MENTAL,6
1662-973-AG26, COMPRA DE GUANTE QUIR. ESTERIL L.LATEX Y L.POLVO N° 6 1/2,6
1662-978-AG26, COMPRA DE INDICADOR QUIMICO COMPLY,6
1663-508-AG26,PAPEL HIGIENICO Y TOALLA DE PAPEL-OP-22.04.007.002,6
1673-119-AG26,Orden de Compra generada por invitación a compra ágil: 1673-137-COT26,6
1681-306-SE26,SERVICIOS FARMACÉUTICOS PARA FARMACIA ASISTENCIAL / MARZO 2026,6
1681-366-SE26,PETROLEO PARA CALDERA DE MANTENIMIENTO MM N° 152 ,6
1681-93-SE26,SERVICIOS HOSTING HOSPITAL DE LINARES FEBRERO 2026 (65/72),12
1691-712-AG26,TRM-SOL.COMPRA N°1456 REP BODEGA INSUMOS JABON GLICERINA,12
1691-793-SE26,TRM-SOL.COMPRA N°2655,12
1691-824-CM26,"FMC- SOL, COMPRA N° 1106 BANDEJA CURACIONES ",12
1691-835-AG26,FMC-SOL.COMPRA N°1106 CEPILLO LAVADO INST. 9FR,12
1691-842-AG26,FMC-SOL COMPRA N° 1106 VENDA ACOLCHADA SOFFBAND 10 CM 2.7 M,12
1691-855-TD26,Orden de Compra generada por Trato Directo ID 1691-244-FTD26,12
1691-904-AG26,TRM-SOL.COMPRA N°2125 - BOLSA RECOLECTORA ORINA UD PEDIATRICO,12
1692-226-AG26,"ADQUISICION DE BARRA DE SEGURIDAD ABATIBLE PARA EL HOSPITAL DE COCHRANE, Orden de Compra generada por invitación a compra ágil: 1692-166-COT26",12
1692-243-AG26,"ADQUISICION INSTRUMENTAL QUIRURGICO ODONTOLOGICO PARA EL HOSPITAL DE COCHRANE, Orden de Compra generada por invitación a compra ágil: 1692-190-COT26",12
1704-1061-TD26,Orden de Compra generada por Trato Directo ID 1704-189-FTD26,12
1704-1062-TD26,Orden de Compra generada por Trato Directo ID 1704-190-FTD26,12
1704-2630-AG26,ADQUISICION DE MATERIALES PARA MANTENIMIENTO DE  PABELLON. ,6
1705-324-AG26,COMPRA DE FORMULAS ENTERALES MEMO N°2: 1705-190-COT26,4
1705-328-AG26,COMPRA PUERTA SALA CALMA ESMA MEMO N°691705-187-COT26,4
1709-173-SE26,12° ESTADO DE PAGO - GPS (ARRIENDO MENSUAL) - UNIDAD DE MOVILIZACIÓN DESAM - Orden de Compra generada por invitación a compra ágil: 1709-60-COT25,12
1718-461-AG26,Orden de Compra generada por invitación a compra ágil: 1718-500-COT26,6
1718-466-AG26,Orden de Compra generada por invitación a compra ágil: 1718-497-COT26,6
1725-321-AG26,"Insumos,menaje y otros, para reuniones del Gabinete Ministro en Santiago.orden de Compra generada por invitación a compra ágil: 1725-81-COT26",6
1739-25-SE25,ORDEN DE COMPRA DESDE 1739-2-LP25,12
1739-26-SE25,ORDEN DE COMPRA DESDE 1739-2-LP25,12
1754-189-AG26,POLIZAS SOAP 2026 1754-206-COT26,12
1754-361-SE26,ORDEN DE COMPRA DESDE 1754-35-LR25,6
1754-362-SE26,ORDEN DE COMPRA DESDE 1754-35-LR25,4
1754-363-SE26,ORDEN DE COMPRA DESDE 1754-35-LR25,4
1754-364-SE26,ORDEN DE COMPRA DESDE 1754-35-LR25,6
1755-134-AG26,ACCION FORMATIVA DESARROLLO DE HABILIDADES LINGÜISTICAS. SOL034_EDUC26_JCC,6
1758-33-AG26,Orden de Compra generada por invitación a compra ágil: 1758-28-COT26,12
1758-35-AG26,Orden de Compra generada por invitación a compra ágil: 1758-30-COT26,12
1758-41-AG26,Orden de Compra generada por invitación a compra ágil: 1758-29-COT26,12
1759-55-SE26,"SS CAFETERIA MEMO N°3, C. ANDRADE, SECREDUC XII",12
1759-57-SE26,"SS CAFETERIA MEMO N°15, C. ANDRADE, SECREDUC XII",12
1759-58-SE26,SS DE CAFETERIA AULA RURAL MEMO 17 LGA,12
1800-18-AG26,"Instalación de cámara de seguridad DDRR, compra ágil: 1800-14-COT26, SOL 12524",12
1800-26-AG26,"Control plaga Paloma Hogar Cauquenes, compra ágil: 1800-25-COT26, SOL 12522",12
1867-107-SE25,ORDEN DE COMPRA DESDE 1867-27-LQ25,12
1867-184-SE25,"Servicios Informaticos , LP 1867-36-LE25",12
1872-10-SE25,"Desarrollo del Programa Vacaciones Tercera Edad Escapadas, Región del Maule 2025-2026.",12
1872-12-SE25,"Desarrollo del Programa Turismo Familiar, Región del Maule.",12
1943-79-SE26,COMBUSTIBLE DIESEL - PNJF.,12
1947-140-AG26,810-0287 Examenes Varios - Unidad Requirente Laboratorio Clínico - Requerimiento pacientes- ID: 1947-10-COT26 (CFO),12
1947-2193-AG26,810-0287 EXAMEN ANTI-HMGCR-unidad requirente CR CAE-AUT SDA-ID:1947-460-COT26 (CFO),12
1947-2251-SE26,244 VISCOELASTICO - Unidad Requirente Pabellon - consumo abril 2026- (CFO),4
1947-2301-TD26,Orden de Compra generada por Trato Directo ID 1947-25-FTD25,12
1947-2315-AG26,214-0292 SERTRALINA CM 100MG-unidad requirente farmacia-consumo mayo-ID: 1947-520-COT26 (CFO),6
1947-2322-SE26,810- TRASLADO DE PACIENTE EN AMBULANCIA DE MEDIANA COMPLEJIDAD- GESTIÓN DE CAMAS-ABRIL 2026 (MMT),12
1947-2345-SE26,810-Contratación del Servicio de Hospitalización de Pacientes con Patologías Respiratorias Crónicas- ABRIL 2026 - Unidad de Cuidados Intensivos (MMT),12
1947-2372-SE26,218 - Adquisición Polietilenglicol - Unidad Requirente Farmacia - consumo abril - (CFO),6
1947-2375-SE26,214-0606 Preparados Magistrales - Unidad Requirente Farmacia - Consumo abril - (CFO),4
1947-2378-SE26,244- Adquisición de Reactivos para Exámenes Bioquímicos- consumo abril- Lab. Qca. (CFO),4
1947-2379-SE26,244 Adquisición de Reactivos para Determinaciones de Exámenes de Gases y Electrolitos |ABRIL| Lab. Qca. (CFO),4
1947-2380-SE26,218 Adquisición de Nutriciones Parenterales HRRIO - Unidad Requirente Farmacia - consumo abril - (CFO),4
1947-2400-SE26,810-0287 Adquisición Exámenes convenio Barnafi - Unidad Requirente Laboratorio Clínico - consumo abril- (CFO),4
1947-2402-SE26,810-0287 Adquisición Exámenes convenio Barnafi - Unidad Requirente Laboratorio Clínico - consumo abril- (CFO),4
1947-30-SE26,216-0145 AZUL DE METILENO  2%- unidad requirente farmacia-consumo enero- (CFO),12
1950-1050-AG26,(FMC) TRIMETAZIDINA 35 MG CM LIBERACION PROLONGADA (XR): 1950-407-COT26,6
1950-1066-SE26,(fsc) ORDEN DE COMPRA DESDE LIC. 1175-147-LQ25,6
1951-314-AG26,Orden de Compra generada por invitación a compra ágil: 1951-95-COT26,12
1952-1374-CM26,1952-1374-CM26    JUREL EN CONSERVA - GARBANZOS ,6
1953-833-CM26,502/adquisición de viveres para el CPV,6
1965-242-SE26,D.R- MANTENCIÓN VEHICULOS FISCAL ECA ORDEN DE TRABAJO 41,4
1965-244-AG26,CDP PUERTO NATALES COMPRA MATERIALES DE OFICINA compra ágil: 1965-136-COT26,12
1965-248-AG26,CP PTA ARENAS COMPRA MAT. PROY. PREV. DE RIESGO 1965-140-COT26,4
1968-1151-SE26,"DIRREG, SERVICIO DE MANTENCION CORRECTIVA (ADICIONAL) PARA MOVIL FISCAL N°145 PATENTE JBDP-22, ASIGNADO A U.S.E.P. ANGOL DE GENDARMERIA DE CHILE, REGION DE LA ARAUCANIA.",6
1968-1152-SE26,"DIRREG, SERVICIO DE MANTENCION CORRECTIVA (ADICIONAL) PARA MOVIL FISCAL N°303 PATENTE BYRH-67, ASIGNADO A E.C.A. TEMUCO DE GENDARMERIA DE CHILE, REGION DE LA ARAUCANIA.	",4
1968-1153-SE26,"DIRREG, SERVICIO DE MANTENCION CORRECTIVA (ADICIONAL) PARA MOVIL FISCAL N°3 PATENTE JFSZ-94, ASIGNADO A C.C.P. TEMUCO DE GENDARMERIA DE CHILE, REGION DE LA ARAUCANIA.	",4
1968-1154-SE26,"DIRREG, SERVICIO DE MANTENCION CORRECTIVA PARA MOVIL FISCAL N°142 PATENTE JZPJ-79, ASIGNADO A C.E.T. VILCUN DE GENDARMERIA DE CHILE, REGION DE LA ARAUCANIA.",4
1969-509-AG26,CDP ARAUCO COMPRA MATERIALES TALLER ARTE EDUCADOR.,6
1978-415-SE26,LP 1978-22-L126/ Curso manejo de estrategias y herramientas en habilidades comunicacionales y de oratoria,4
1979-2146-SE26,CONVENIO DE SUMINISTRO DE DESECHABLES DESDE 1979-77-LE26,6
1988-25-SE26,Mantención camioneta LWLD65,6
1989-69-AG26,Letreros para señalética de dependencias aeropuerto desde   compra ágil: 1989-58-COT26,4
2013-758-AG26,Orden de Compra generada por invitación a compra ágil: 2013-694-COT26,6
2027-20-AG26,ADQUISICIÓN DE MATERIALES DE OFICINA DESTINADOS AL USO DE LOS FUNCIONARIOS DEL DEPARTAMENTO PROVINCIAL DE EDUCACIÓN DE VALDIVIA.,6
2036-208-AG25,Res. Compra N° 206 M.T.; Orden de Compra generada por invitación a compra ágil: 2036-167-COT25,12
2036-255-SE25,Res. Compra N°264 C.M.; Implementacion de Sistema de Fila y Confirmacion de Citas de Pacientes,12
2036-32-SE26,Res. Compra N° 41 M.T.; ORDEN DE COMPRA DESDE 2036-4-LE26,12
2042-164-AG26,Orden de Compra generada por invitación a compra ágil: 2042-162-COT26,6
2048-1256-TD26,Orden de Compra generada por Trato Directo ID 2048-287-FTD26,6
2048-1393-SE26,2048-35-LE25,9
2066-242-SE26,"COMPRA DE AGUA PURIFICADA, H GALVARINO",6
2069-4287-SE26,CGM-042026-MANTENCIÓN PREVENTIVA DE EQUIPOS DE ENDOSCOPIA--LP24,6
2069-4342-AG26,CGM-052026-ADQUISICIÓN DE OPELA DE ULTRASONOGRAFIA OCULAR PARA INMERSION-  2069-1409-COT26,6
2069-4386-SE26,IGS-RS-042026-REGULARIZACION DE EXAMENES PARA ANALISIS DE GASES ABRIL 2026,12
2069-4387-SE26,IGS-RS-042026-REGULARIZACION DE SERVICIOS HEMOGLOBINA GLICADA ABRIL 2026,12
2069-4389-SE26,IGS-RS-042026-REGULARIZACION DE EXAMENES DE COAGULACION ABRIL 2026,12
2080-3145-SE26,TET VARIOS ,12
2080-3289-CM26,MASCARILLA QUIRURGICA,12
2080-3308-SE26,GUANTES VARIOS ,12
2080-3799-SE26,CONCENTRADOS HEMODIALISIS,12
2080-3843-SE26,CONCENTRADOS USRA,12
2080-3953-AG26,TUTOR EXTERNO ,6
2080-4052-CM26,FORMULA INFANTIL,12
2080-4114-AG26,MOVILIARIO: 2080-406-COT26,6
2080-4161-SE26,SONDA NELATON,12
2080-4173-AG26,Insumos para anatomía patological: 2080-404-COT26,6
2080-4274-SE26,SET CIRC ANESTESIA,4
2081-35-AG26,PENDON ROLLER PARA ACTIVIDADES PVEM DPP COLCHAGUA,6
2099-189-TD26,Orden de Compra generada por Trato Directo ID 2099-78-FTD26,6
2099-190-SE26,SERV. COFFEE BREAK PROGRAMA PROMOCION  DE LA SALUD,4
2099-191-SE26,ADQ. RATONES DE LABORATORIO MES DE ABRIL 2026	,4
2099-192-TD26,Orden de Compra generada por Trato Directo ID 2099-79-FTD26,4
2099-193-TD26,Orden de Compra generada por Trato Directo ID 2099-80-FTD26,4
2102-344-SE26,ARRIENDO DE 2 TOTEM GESTOR FILAS SOME Y FARMACIA,4
2102-367-AG26,Orden de Compra generada por invitación a compra ágil: 2102-162-COT26,6
2107-873-CM26,ABARROTES JUNIO,6
2107-888-SE26,SUMINISTRO DE BAJADAS DE INFUSIÓN,6
2107-889-SE26,ADQUISICIÓN DE MEDIAS Y MANGAS ANTIEMBOLICAS CON E,6
2109-895-SE26,DETERMINACION DE GASES.(1288-40-LR24),4
2109-897-TD26,Orden de Compra generada por Trato Directo ID 2109-139-FTD26,4
2109-898-TD26,Orden de Compra generada por Trato Directo ID 2109-140-FTD26,4
2109-901-SE26,Arriendo de equipos p/Sil.(1288-29-LR24),4
2109-925-SE26,DETERMINACIONES DE LABORATORIO MES DE ABRIL.(1288-26-LR24),4
2111-8808-SE26,Servicio de Alimentación para Funcionarios del HUAP. ABRIL 2026. LIC 2111-144-LR24,12
2111-8933-AG26, INSUMOS DE ASEO DESPACHO PARCIALIZADO compra ágil: 2111-663-COT26,9
2133-1064-SE26,ORDEN DE COMPRA DESDE 2133-42-LE25,12
2133-1092-SE26,ORDEN DE COMPRA DESDE 2133-59-LP25,12
2133-1098-SE26,ORDEN DE COMPRA DESDE 2133-49-LP25,12
2133-1103-SE26,ORDEN DE COMPRA DESDE 2133-61-LP25,12
2147-242-AG26, FILTRO ANTIBACTERIANO// FSC 32 compra ágil: 2147-213-COT26,6
2151-165-CM26,Orden de Compra: 2151-165-CM26,4
2151-166-TD26,Orden de Compra generada por Trato Directo ID 2151-35-FTD26,4
2151-167-TD26,Orden de Compra generada por Trato Directo ID 2151-34-FTD26,4
2170-397-SE26,FRUTAS Y VERDURAS PARA FUNCIONARIOS,12
2170-402-SE26,FRUTAS Y VERDURAS PARA PACIENTES,12
2170-481-AG26,EQUIPO DE FISIOTERAPIA,6
2175-186-SE26,SERVICIO TAXI NOTIFICADOR MES ABRIL 2026,6
2182-90-AG26,DESMONTAJE Y MONTAJE DE NEUMATICOS,4
2183-63-CM26,pasaje aereo PMB curso de la academia judicial - Orden de Compra: 2183-63-CM26,6
2184-137-AG26,Orden de Compra generada por invitación a compra ágil: 2184-45-COT26,4
2184-145-SE26,Servicio de Radio Taxi ICA-CAPJ-Abril 2026,4
2186-425-AG26,INSUMOS DE ASEO (AISLADOS),4
2186-426-SE26,INSUMOS DE ASEO (AISLADOS),4
2199-144-CM26,Riñón Desechable Esteril,12
2199-258-AG26,LIDOCAINA 2% AMPOLLA,12
2201-343-SE26,Compra Taller Ortopédico Marcelo Herrera Mayo 2026,6
2201-349-SE26,Servicio control de Vectores Abril 2026,6
2202-517-SE26,"Suministro Laboratorio, reporte exámenes validados",6
2202-530-AG26,Orden de Compra generada por invitación a compra ágil: 2202-193-COT26,6
2202-541-AG26,Orden de Compra generada por invitación a compra ágil: 2202-183-COT26,4
2202-546-SE26,ORDEN DE COMPRA DESDE 2202-39-LE25,4
2202-548-SE26,ORDEN DE COMPRA DESDE 2202-2-LE25,4
2202-553-AG26,Orden de Compra generada por invitación a compra ágil: 2202-201-COT26,4
2202-554-AG26,Orden de Compra generada por invitación a compra ágil: 2202-204-COT26,4
2207-381-AG26,Orden de Compra generada por invitación a compra ágil: 2207-359-COT26,4
2207-387-CM26,Orden de Compra: 2207-387-CM26,4
2211-460-AG26,Orden de Compra generada por invitación a compra ágil: 2211-533-COT26 COMERCIALIZADORA ZEISER SPA  TONER SOL 29 ASEO Y ORNATO,6
2258-1835-SE26,SUSTITUTO PLASMA,12
2258-1955-SE26,INSMOS CARDIOLOGICOS,12
2258-28646-AG25,Orden de Compra generada por invitación a compra ágil: 2258-1303-COT25,12
2258-2930-SE26,SODIO-MANITOL VER FECHAS DE ENTREGA,12
2258-3319-AG26,Orden de Compra generada por invitación a compra ágil: 2258-395-COT26,12
2258-3365-AG26,Orden de Compra generada por invitación a compra ágil: 2258-390-COT26,12
2258-3420-AG26,Orden de Compra generada por invitación a compra ágil: 2258-375-COT26,12
2258-3478-CM26,INSUMOS VARIOS LOGISTICA FARMACIA,12
2258-3492-SE26,"FILTRO PAPEL REDONDO,RECTANGULAR DESDE 2258-217-LR",12
2258-3493-SE26,SUTURAS VARIAS ABRIL,12
2258-3504-SE26,"CONTROL MULTIPARAMETRO AUTOCLAVE, DESDE 2258-217-LR24",12
2258-3525-SE26,CANASTILLO DORMIA NGAGE,12
2258-3560-SE26,CANULA YANKAHUER,12
2258-3575-AG26,Orden de Compra generada por invitación a compra ágil: 2258-426-COT26,12
2258-3619-CM26,Orden de Compra: 2258-3619-CM26,12
2258-3652-SE26,INSUMOS MEDICINA FISICA Y REHABILITACION,12
2258-3659-AG26,MASCARA LARINGEA 2258-435-COT26,12
2258-3679-SE26,CLORANFENICOL UNG. OFT,12
2258-3726-SE26,OC  2258-92-LQ25 UNIDAD ANATOMIA PATOLOGICA,12
2258-3731-AG26,Orden de Compra generada por invitación a compra ágil: 2258-410-COT26,12
2258-4069-CC26,"LACSURE,compra cooordinada, Unidad Infectología desde 1122317-10-LR25",4
2258-4073-CM26,Pasajes aereos: 2258-4073-CM26,6
2258-4074-CM26,PROGRAMACION LOGISTICA FARMACIA,4
2258-4075-CM26,Pasajes aereos: 2258-4075-CM26,6
2273-261-CM26,COMBUSTIBLE PARA EL DPTO DE TRANSPORTE OC: 2273-261-CM26;,6
2279-207-AG26,SP 281 SEGURIDAD PÚBLICA DIR. DE PROT. CIVIL Y SEGURIDAD PÚBLICA Orden de Compra generada por invitación a compra ágil: 2279-194-COT26,12
2284-374-SE26,ORDEN DE COMPRA DESDE 2284-17-L126 INSUMOS CLINICOS DESTINADOS AL AREA DE SALUD MUNICIPAL. SOLICITUD 5840-2026,6
2291-808-SE26,"NP Nº147 CONSTRUC., ADQ. PINO BRU.C.S.2295-29-LR25",6
229-367-SE26,Suministro de productos de coffe break,6
2294-500-AG26,PLATAFORMA EDUCATIVA ESCUELA JOSE ABELARDO NUÑEZ FONDOS SEP NP 15,4
2307-554-SE26,SOLUCIÓN PARA LAVADO DE HERIDAS (R:3.482)(DMH)[2307-5-LE26],6
2310-309-TD26,Orden de Compra generada por Trato Directo ID 2310-20-FTD26,6
2328-1189-SE25,LICITACION E 39 SUINISTRO ARRIENDO EQUIPOS MULTIFUNCIONALES,12
2328-447-SE26,ADQ. DE PETROLEO PARA CALDERAS ESCUELA MIRAMAR/23458,12
2328-468-CM26,GAS A GRANEL ESCUELA ANGELMO. FICHA 23459,12
2335-331-SE26,MEDICAMENTOS OP 38 ,6
2341-570-AG25,Orden de Compra generada por invitación a compra ágil: 2341-521-COT25,9
2345-196-AG26,SERVICIO DE ARRIENDO DE 1 GENERADOR PARA 10 EVENTOS DISTINTOS: 2345-84-COT26,6
2354-146-AG26,Orden de Compra generada por invitación a compra ágil: 2354-56-COT26,9
2376-333-SE26,MANTENCION DE ASCENSORES MUNICIPALES,4
2376-340-AG26,ADQUISICION DE PENDON. Orden de Compra generada por invitación a compra ágil: 2376-295-COT26,6
2380-834-AG26," ADQUISICION DE INDUMENTARIA PARA FUNCIONARIOS DE REMUNERACIONES, CON LOGO MUNICIPAL BORDADO, DIRECCION DE RECURSOS HUMANOS , SEGUN OS 150812 (A.T.A)",6
2380-851-AG26,"ADQUISICIÓN DE MATERIALES DE OFICINA, PARA USO OFICICNA DE LA DIVERSIDAD (DIDECO), SEGÚN OS N° 150889, (R.M.M.).",6
2380-852-AG26,"ADQUISICIÓN E INSTALACIÓN DE EXTINTORES, USO OFICINA OMIL Y OFICINA RURAL (DIDECO), SEGÚN OS N°150721, (R.M.M.)",6
2381-520-AG26, ADQUISICION EQUIPAMIENTO PARA LAS SALAS DE LACTANCIA DE LOS CESFAM,12
2381-545-AG26,ADQUISICION EQUIPOS PARA LA UNIDAD DE HIGIENE AMBIENTAL,12
2385-333-AG26,SUPLEMENTOS DE ALIMENTACIÓN COMPLEMENTARIA M-746  a compra ágil: 2385-222-COT26,4
2393-593-AG26,Orden de Compra generada por invitación a compra ágil: 2393-650-COT26,6
2395-347-AG26,Orden de Compra generada por invitación a compra ágil: 2395-327-COT26,4
2412-288-AG26,Orden de Compra generada por invitación a compra ágil: 2412-233-COT26,6
2422-353-SE26,ORDEN DE COMPRA DESDE 2422-56-LE26,6
2422-370-SE26, SOLICITUD 945292 ORDEN DE COMPRA DESDE 2422-74-L126,4
2422-371-SE26,ORDEN DE COMPRA DESDE 2422-82-L126,4
2422-372-AG26,Orden de Compra generada por invitación a compra ágil: 2422-249-COT26,4
2424-611-AG26,MATERIALES DE CONSTRUCCIÓN Y REPARACIÓN (MJZM) / PED 34-35-36 / 1770-1771-1772 / ID 2424-738-COT26,6
2428-386-AG26,MATERIALES DE CONSTRUCCIÓN - SOCIAL Orden de Compra generada por invitación a compra ágil: 2428-447-COT26,12
2429-509-SE26,ARRIENDO 20 CAMIONETAS TRASLADO DE PERSONA ABR 26,6
2429-514-AG26,Orden de Compra generada por invitación a compra ágil: 2429-304-COT26,4
2429-515-AG26,Orden de Compra generada por invitación a compra ágil: 2429-305-COT26,4
2436-544-AG26,ADQUISICION DE YEGUA DE CARGA MANUAL ALUMINIO 3 POSCIONES NECESARIO PARA LOGISTICA. Orden de Compra generada por invitación a compra ágil: 2436-585-COT26,6
2440-479-AG26,Orden de Compra generada por invitación a compra ágil: 2440-465-COT26,5
2440-489-AG26,Orden de Compra generada por invitación a compra ágil: 2440-455-COT26,6
2440-506-AG26, Telas PVC para Colegio San Antonio de Curicó: 2440-486-COT26,6
2450-535-AG26,Orden de Compra generada por invitación a compra ágil: 2450-433-COT26,6
2453-348-AG26,PM-385 O/C N°385 (PROG 4 A 7 - ESC ESPAÑA) COMPRA DE ARTICULOS DE ASEO ,6
2453-349-AG26,"PM N°400 OC N°400 DEPTO. HIGIENE AMBIENTAL (COMPRA DE ANTIPARASITARIOS USO VETERINARIO, SEGUN ESPECIFICACIONES EN ARCHIVO ADJUNTO)",6
2460-417-AG26,Mobiliario para Segundo Piso DAF - Supervisión de Compras.,6
2467-401-SE26,ORDEN DE COMPRA DESDE 2467-1-LE26,6
2467-460-AG26,Orden de Compra generada por invitación a compra ágil: 2467-198-COT26,6
2483-218-SE26,ORDEN DE COMPRA DESDE 2483-290-LE25,6
2483-286-AG26,Orden de Compra generada por invitación a compra ágil: 2483-159-COT26,6
2484-125-AG26,Orden de Compra generada por invitación a compra ágil: 2484-75-COT26,4
2490-3027-SE25,OC “SERVICIO DE MANTENCIÓN DE CALDERAS EN DEPENDENCIAS DE LA MUNICIPALIDAD DE PROVIDENCIA” DESDE 2490-86-LE25,12
2546-459-AG26,ADQUISICIÓN DE INSUMOS DE IMPRESIÓN Y EQUIPOS PARA DIDECO - DIDEL,6
2546-467-AG26,ADQUISICION DE ALIMENTOS PARA PROGRAMA VINCULOS EJE VERSION 20 Orden de Compra generada por invitación a compra ágil: 2546-554-COT26,6
2548-255-SE26,ADQUISICIÓN DE DISPOSITIVOS DE INHALACIÓN Y FÁRMACOS DE USO COMÚN PARA FARMACIA COMUNAL DE PADRE LAS CASAS 2548-24-L126,6
2548-257-SE26,ADQUISICIÓN DE DISPOSITIVOS DE INHALACIÓN Y FÁRMACOS DE USO COMÚN PARA FARMACIA COMUNAL DE PADRE LAS CASAS 2548-24-L126,6
2555-21-SE26,ARRIENDO  CTA. 4X4 SIC 445 ref.349,12
2563-13-SE26,RENOVACIÓN SEGUROS GENERALES DE VEHÍCULOS,12
2594-418-AG26,TIMBRES ALCALDIA. Orden de Compra generada por invitación a compra ágil: 2594-309-COT26,4
2594-419-AG26,"ALIMENTOS PARA PERSONAS, ALCALDIA. Orden de Compra generada por invitación a compra ágil: 2594-325-COT26",4
2595-161-CM26,PAPEL MUILTIPROPOSITO STOCK BODEGA ADQUISICIONES,6
2658-624-SE26,ORDEN DE COMPRA DESDE 2658-96-E226,6
2674-414-AG26,ADQUISICIÓN DE PRODUCTOS E INSUMOS PARA PINTURA 2674-376-COT26,6
2703-1268-SE25,SC 9800 Servicio de control y manejo de murciélagos. MANTENCIÓN ORDEN DE COMPRA DESDE 2703-306-L125,12
2703-282-AG26,SC 11837 Reparación móvil marca Brilliance Modelo C3 . Unidad movilización. Orden de Compra generada por invitación a compra ágil: 2703-73-COT26,12
2703-297-SE26,SC 11909 Fármacos TALAFARMACIA. ORDEN DE COMPRA DESDE 2703-54-L126,12
2703-357-SE26,"SC 11098 Serv. Sanitización, desinsectación y desratización MAR-ABR 2026. 2703-254-L124",6
2704-907-AG26,Orden de Compra generada por invitación a compra ágil: 2704-767-COT26,6
2704-914-AG26,Orden de Compra generada por invitación a compra ágil: 2704-826-COT26,6
2705-643-AG26,Orden de Compra generada por invitación a compra ágil: 2705-632-COT26,6
2710-230-SE26,ORDEN DE COMPRA DESDE 2710-3-LP26,4
2713-396-AG26,SECPLAN - Barrios - 434 - Paraguas y bolsas de algodón ID 2713-431-COT26 OC 2713-396-AG26 dirigida a COMUNICACIONES YANINA FABIOLA RIVEROS SEPULVEDA EMPRESA INDIVIDUAL DE,12
2713-457-AG26,FOLIO 492 FARMAYSEN SENSOR GLUCOSA. compra ágil: 2713-491-COT26,12
2713-485-AG26,FOLIO 514 DIDECO FARMAYSEN. MEDICAMENTO.compra ágil: 2713-528-COT26,12
2730-237-SE26,ORDEN DE COMPRA DESDE 2730-45-LE26,6
2730-245-SE26,ORDEN DE COMPRA DESDE 2730-47-L126,6
2735-537-AG26,ADQUISICION DE: 4500 FRASCOS DE ORINA ESTÉRIL 60 ML #11343#..,6
2737-283-AG26,Orden de Compra generada por invitación a compra ágil: 2737-254-COT26,4
2757-207-AG26,Adquisición de impresora térmica y rollo de papel térmico para CESFAM Barrancas dependiente de la red de salud de San Antonio.Orden de Compra generada por invitación a compra ágil: 2757-136-COT26,4
2770-192-SE26,MOD_1 CONTRATO 40_2024 ID 2770-3-LR24,6
2799-487-AG26,Adquisición de Caja Fuerte de Seguridad para Tesorería Municipal,4
2799-488-SE26,Servicio de Traslado Profesionales Programa RLAYC Abril 2026,4
2799-489-SE26,Servicio de Traslado Usuarios Programa RLAYC Abril 2026,4
2817-248-AG26,"Orden de Compra generada por invitación a compra ágil: 2817-227-COT26, COMPRA DE 1 CILINDRO DE GAS 45 KG,VACIO, OFICINA FOMENTO PRODUCTIVO.",6
2832-406-CM26,REQ. 379 GASAS DROGUERÍA MUNICIPAL ,6
2854-558-AG26,COMPRA DE MATERIALES DE OFICINA PARA PROMOCIÓN SALUD DE PUERTO VARAS/SOL.171,6
2859-345-CM26,Orden de Compra: 2859-345-CM26,12
2902-298-SE26,ADQUISICIÓN CERRADURA - ESCUELA SEMILLERO DE ROLECHA,4
2902-299-SE26,ADQUISICIÓN MATERIALES DE LIBRERIA - ESCUELA SEMILLERO DE ROLECHA,4
2902-300-SE26,ADQUISICIÓN MATERIALES DE ASEO - ESCUELA  ANTUPIRÉN,4
2914-66-AG26,ADQUISICION DE BAJADA DE SUERO CENTRO DIALISIS DIEGO DE ALMAGRO Orden de Compra generada por invitación a compra ágil: 2914-74-COT26,6
2942-167-SE26,ORDEN DE COMPRA DESDE 2942-6-L126,4
2961-345-AG26,LIENZOS Y ROLLERS,6
2961-348-AG26,Orden de Compra generada por invitación a compra ágil: 2961-390-COT26,6
2961-349-AG26,Orden de Compra generada por invitación a compra ágil: 2961-388-COT26,6
2961-350-AG26,Orden de Compra generada por invitación a compra ágil: 2961-370-COT26,6
2961-351-AG26,ARTICULOS DE ESCRITORIO,6
2974-101-AG26, ADQ. DE MATERIALES PARA REPARACIÓN Y MANTENCIÓN DE CUREÑAS DEL SERVICIO FUNERARIO.(191/2026),12
2983-86-AG26,Compra ágil DESMONTAJE Y MONTAJE NEUMATICOS: 2983-42-COT26,12
2983-90-SE26,"CAMBIO NEUMATICOS, LUZ QUEMADA Y REV. FRENOS CARROS BRIDECPAR",12
2983-91-SE26,REPARACION CARRO POLICIAL PPU JZRK59 BICRIMNAT,12
2986-174-AG26,Orden de Compra generada por invitación a compra ágil: 2986-154-COT26,6
2989-269-CM26,Orden de Compra: 2989-269-CM26,4
3017-364-AG26,Orden de Compra generada por invitación a compra ágil: 3017-353-COT26,6
3030-216-AG26,Mantenimiento Clorador de pozo Posta San Ramon y Posta Talhuenes,6
3085-191-AG26,"SEPARADOR AGUA ACEITE COPEC: 3085-143-COT26, TI 332007-100",6
3090-104-AG26,DESENGRASANTE INDUSTRIAL ,6
3130-5762-SE26,"CLORURO SODIO, (REQ. 31615) (LICIT.)",12
3166-226-AG26,"adquisiciones para materiales pañol antartico,  Orden de Compra generada por invitación a compra ágil: 3166-143-COT26",6
3172-125-AG26,ADQ. DE MATERIALES ELÉCTRICOS DEPTO. DE ANÁLISIS,6
3177-143-SE26,"Servicio de Fumigación Completa Desinsectación, Desratización y Sanitización para Colegio Bellavista de Coya,“Contrato De Suministro De Servicio De Fumigaciones Para Colegios, Salas Cunas-Jardines Y Daem De Machalí”, Licitación 3177-8-LE24” OC:3177-143-SE",4
3178-1417-AG26,FA Orden de Compra generada por invitación a compra ágil: 3178-393-COT26,6
3182-71-AG26,SEPARACION DE OFICINAS EN GOBERNACION MARITIMA,6
3187-152-AG26,ADQUISICION DE NEUMATICOS CON CLAVO PARA VEHICULOS FISCALES DEPENDIENTES DE LA GOBERNACION MARITIMA DE PUNTA ARENAS: 3187-142-COT26,6
3187-153-AG26,ADQUISICION DE ARTICULOS PARA MANTENCION Y REPARACION DE LA CAPITANIA DE PUERTO DE PUNTA DELGADA: 3187-123-COT26,4
3191-2205-SE26,CS (INS2) ORDEN DE COMPRA DESDE 5839-15-LR24.,6
3191-2247-CM26,CM (MAT3) 3191-2247-CM26,6
3191-2303-SE26,CS (FAR2) ADQUISICION DE FARMACOS: 3191-16-LR23,6
3206-162-AG26,Orden de Compra generada por invitación a compra ágil: 3206-88-COT26,6
3242-51-SE26,"Servicio de recolección de RSD, vegetal y barrido ",12
3242-52-SE26,Servicio adicional recolección RSDvegetal barrid  ,12
3245-93-SE26,REAS ABRIL,12
3268-285-AG26, 160 GOB 01/2026 INSPECCIÓN Y MANTENIMIENTO DE EXTINTORES 3268-261-COT26,6
3268-290-AG26,400 413 01150601/2204011 SOL.SB. N° 061/2026 ADQ. REPUESTOS MOTONIEVE MN021 PARA  BAEF: 3268-280-COT26,6
3268-296-AG26,"400 413 GU 037-2026 DA. ADQ. LUBRICANTES, PROVIENE DESDE: 3268-241-COT26.",6
3268-300-AG26,"400 413 SB 062-2026 ADQ. DE REPUESTOS, Orden de Compra generada por invitación a compra ágil: 3268-283-COT26",6
3268-303-CM26,001 002 011 GBA FOMENTO 018/2026 ADQ. UTILES DE ASEO.,6
3273-80-SE26,REPARACIONES VARIAS CUADRIMOTO FXJ-088  BRIANT,6
3273-82-SE26,REPARACION BAÑOS MUJERES REPOL TRP,6
3284-518-AG26,ALIMENTOS/DIDECO,4
3309-140-AG26,MATERIAL DE LIBRERIA  por invitación a compra ágil: 3309-139-COT26,5
3310-176-SE26,Pasaje Aéreo Asunción (PARAGUAY-SCL),12
3310-205-SE26,Pasaje Aéreo  BOG-SCL/SCL-BOG,12
3310-211-SE26,Pasaje Aéreo  LIMA-SCL/SCL-LIMA,12
3310-237-SE26,Servicio de Agencia Pasaje Aéreo,12
3310-251-SE26,Servicio de Agencia Pasaje Aéreo,12
3323-52-CM26,Orden de Compra: 3323-52-CM26,6
3328-147-CM26,JAG/SDAO/REQ.N°9388/PC/CM/SONDAS Y OTROS (DP),12
3328-707-CM26,RTR/DAG/REQ.N°37626/PROGRAMA DE ALIMENTACIÓN/MES MARZO.,12
3328-956-AG26,DNF/SDAO/REQ. INSUMOS Nº 9388/PC/APOSITO (ágil: 3328-518-COT26),12
3328-958-AG26,DNF/SDAO/REQ. INSUMOS Nº 9388/PC/MASCARILLA (ágil: 3328-519-COT26),12
3328-961-AG26,DNF/SDAO/REQ. INSUMOS Nº 9388/PC/GASA (ágil: 3328-524-COT26),12
3328-984-CM26,RTR/DAG/REQ.N°57950/PROGRAMA DE ALIMENTACIÓN/MES ABRIL Y MAYO.,12
3334-220-SE26,ORDEN DE COMPRA DESDE 3334-6-LE26,4
3335-511-AG26, MATERIALES DE ASEO PARA SALA CUNA Y JARDÍN INFANTIL VISTA HERMOSA ORD. N°13 SUBV. JUNJI - Orden de Compra generada por invitación a compra ágil: 3335-464-COT26,6
3349-133-AG26,FI_Adquisición de víveres y bolsas plásticas para ser utilizadas en el centro de costos Panadería,6
3377-43-AG26,ADQ. SERVICIO DE MANTENIMIENTO PARA EQUIPOS DE RANCHO DEL REGIMIENTO.,6
3378-2474-SE26,"Mantención Central Telefónica del HMS, desde Lic. N°3378-14-LR24",12
3378-2475-SE26,"Mantención Central Telefónica del HMS, desde Lic. N°3378-14-LR24",12
3378-4232-SE26,Adq. Mat.de Implante P/Pabellón del HMS,6
3378-4259-SE26,LICITACION 3378-116-LQ24,4
3378-4260-CM26,Orden de Compra: 3378-4260-CM26,4
3378-4261-SE26,"Serv. Mantención de Puertas Automáticas del HMS, desde Lic. N°3378-70-LE25",4
3381-88-AG26,ADQ DE ELEMENTOS DE ASEO PARA CASINO DE SUBOFICIALES,6
3391-303-AG26,Orden de Compra generada por invitación a compra ágil: 3391-158-COT26,6
3409-71-AG26,ADQUISICION DE ELEMENTOS DE GASFITERIA PARA EL CASINO DE OFICIALES DE ESTE DESTACAMENTO.,6
3416-214-AG26,F2. PRODUCTOS FARMACÉUTICOS,6
3436-337-CM26,Gas piscina olimpica Item 22.03.999,6
3439-63-SE26,ALIMENTO PARA CANES CON PATOLOGÍAS AÑO 2026,6
3446-102-CM26,"22 01 001 ""PARA PERSONAS"" CC1100070012",6
3447-1278-CM26,"Orden de Compra: 3447-1278-CM26, Compra de Alimentos para Ayudas Sociales ",6
3459-115-CM26,F/P_ADQ DE ALIMENTACION PARA PERSONAL DE LA BRIGADA,4
3459-119-CM26,F/P_ADQ DE ALIMENTACION PARA EL PERSONAL DE LA BRIGADA,4
3471-1595-SE26,REACTIVOS 2605737,6
3477-370-AG26,ADQUISICIÓN DE MATERIAL DIDACTICO Y/O EDUCACTIVO PARA LA EJECUCIÓN DEL PROGRAMA CRECER EN COMUNIDAD / Orden de Compra generada por invitación a compra ágil: 3477-261-COT26,6
3483-136-CM26,OA ADQUISICIÓN DE AZUCAR PARA EL PERSONAL DE LA JAF ARICA (ESCUDO FRONTERIZO),12
3483-159-CM26,OA ADQUISICIÓN DE JUGO CAJA DE 1LTS PARA EL PERSONAL DE LA JAF (ESCUDO FRONTERIZO),12
3486-235-CM26,Orden de Compra: 3486-235-CM26,5
3494-119-AG26,COMPRA MATERIALES DE ASEO PARA DEPTO. EDUCACIÓN/3494-103-COT26.-,6
3497-148-AG26,Orden de Compra generada por invitación a compra ágil: 3497-148-COT26 PRODUCCION CABALGATA MES DE LA MUJER,12
3497-164-AG26,Orden de Compra generada por invitación a compra ágil: 3497-163-COT26 INDUMENTARIA PROGRAMA VINCULOS V19,12
3497-191-AG26,Orden de Compra generada por invitación a compra ágil: 3497-138-COT26 SERVICIO DE RECICLAJE ,12
3497-219-AG26,Orden de Compra generada por invitación a compra ágil: 3497-191-COT26 AYUDAS TECNICAS,12
3497-254-AG26,Orden de Compra generada por invitación a compra ágil: 3497-213-COT26 ENCUENTRO PARTICIPATIVO Y CULTURAL DE MADRES,12
3497-263-AG26,Orden de Compra generada por invitación a compra ágil: 3497-218-COT26 JUEGOS DE PUNTAS EXCAVADORA,4
3497-264-SE26,SERVICIO DE ALIMENTACION DESTINADOS ACTIVIDAD PROGRAMA MUJERES JEFAS DE HOGAR ,4
3497-265-SE26,INSUMOS Y ALIMENTOS DESTINADOS AL PMJ,4
3497-269-AG26,Orden de Compra generada por invitación a compra ágil: 3497-203-COT26 SERVIDOR VIRTUAL ,4
3497-270-AG26,Orden de Compra generada por invitación a compra ágil: 3497-224-COT26 MONITORES ALCALDIA,4
3497-272-AG26,Orden de Compra generada por invitación a compra ágil: 3497-223-COT26 METERIALES DE OFICINA PMJH,4
3497-274-AG26,Orden de Compra generada por invitación a compra ágil: 3497-227-COT26 SEGURO HABITABILIDAD,4
3497-275-AG26,Orden de Compra generada por invitación a compra ágil: 3497-225-COT26 MOUSE VINCULOS 18,4
3497-277-AG26,Orden de Compra generada por invitación a compra ágil: 3497-208-COT26 INSUMOS VEHICULOS MUNICIPALES,4
3500-103-SE26,Servicio de Internet Mes de Marzo,4
3504-1363-SE26,"ARRIENDO, para el día Mundial del Reciclaje ",6
3504-1414-SE26,ARRIENDO CAMIONETA PARA TRASLADO EQUIPO PRLAC,6
3518-160-AG26,SCA 82/CABLES Y ROUTER ESCUELA GUACOLDA-SEP,6
3518-181-SE26,SC 150/ SERVICIO DE DESRATIZACIÓN PARA JARDÍN INFANTIL Y SALA CUNA CARRUSEL-VTF,6
3522-40-AG26,Compra de elementos de peluqueria para el Instituto,6
3533-178-AG26,Adquisición de elementos de cocina para el casino de Oficiales,6
3540-291-AG26,"Maderas, C.ágil:3540-110-COT26(pm.1844)",6
3540-292-AG26,Geotextil C.ágil:3540-111-COT26( pm.1845),4
3540-293-AG26,Correas Trapezoidal C.ágil:3540-116-COT26(pm.1878),4
3540-294-AG26,Toner C.ágil: 3540-112-COT26 (pm.1871),4
3574-39-AG26,SERVICIO DE ABASTECIMIENTO DE AGUA POTABLE S.P 79411,6
359-1356-SE26,ORDEN DE COMPRA DESDE 359-151-LR25 incumplimiento ,6
359-1358-SE26,ORDEN DE COMPRA DESDE 359-119-LQ25 Junio 2026,4
3594-301-AG26,MATERIALES DE OFICINA PARA ADMINISTRACIÓN,6
3594-302-AG26,MOTOSIERRA E INSUMOS,6
3595-200-TD26,Orden de Compra generada por Trato Directo ID 3595-77-FTD26,6
359-93-CM26,Orden de Compra: 359-93-CM26,12
3624-256-CM26,Orden de Compra: 3624-256-CM26,4
3638-195-AG26,SERVICIO DE FUMIGACIÓN EN CONCEPTO DE AYUDA ASISTENCIAL,4
3638-205-AG26,SERVICIO CONTROL DE PLAGAS - DIDECO,4
3638-223-AG26,ADQUISICIÓN DE PENDÓN PARA EL PROYECTO FPR,4
3638-224-AG26,ADQUISICIÓN MAQUINAS PARA CHAPAS METALICAS.,4
3638-225-AG26,ADQUISICIÓN DE INSUMOS VARIOS PARA ACTIVIDADES DEL ANIVERSARIO.,4
3638-226-AG26,ADQUISICIÓN DE INSUMOS VARIOS PARA UNIDAD DE CULTURA,4
3638-227-AG26,ADQUISICIÓN INSUMOS VARIOS PARA LA UNIDAD DE CULTURA,4
3651-173-AG26,MANTENCIÓN ECOGRAFO LOGIQ F6 SERIE 600353WX0  a compra ágil: 3651-85-COT26,6
3656-306-TD26,Orden de Compra generada por Trato Directo ID 3656-20-FTD26,6
3656-308-SE26,ORDEN DE COMPRA DESDE 3656-16-LE26,6
3697-181-SE26,ctto. sum. de serv. de transp./sol. prog. cuid.dom,12
3697-182-SE26,ctto. sum.de transporte/sol. prog. centro diurno,12
3697-205-AG26,"Orden de Compra generada por invitación a compra ágil: 3697-20-COT26, ADQUISICION DE ESCRITORIOS Y SILLAS, DIDECO.-",12
3697-289-SE26,"CTTO. DE SUM. DE SERVICIO DE TRANSPORTE AÑO 2025-2027, PROGRAMA ADULTO MAYOR.-",12
3697-291-SE26,"CTTO. DE SUM. DE SERVICIO DE TRANSPORTE AÑO 2025-2027, PROGRAMA CUIDADOS DOMICILIARIOS.-",12
3697-305-SE26,"CTTO. DE SUM. DE SERVICIO DE TRANSPORTE AÑO 2025-2027, PROGRAMA COOPERA.-",12
3697-318-SE26,"CTTO. DE SUM. DE SERVICIO DE TRANSPORTE AÑO 2025-2027, PROGRAMA CUIDADOS DOMICILIARIOS.-",12
3697-320-SE26,"CTTO. DE SUM. DE ARTICULOS DE HIGIENE Y SALUD AÑO 2025-2027, PROGRAMA CUIDADOS DOMICILIARIOS.-",12
3697-368-CM26,Orden de Compra: 3697-368-CM26,12
3697-383-SE26,"CTTO. DE SUM. DE ARTICULOS DE HIGIENE Y SALUD AÑO 2025-2027, DIDECO, PROGRAMA ADULTO MAYOR.-",12
3697-414-SE26,"ADQ. POR CTTO. DE SUM DE ALIMENTOS AÑO 2025-2027, UDEL.-",4
3697-91-SE26,"CTTO. DE SUM. DE PANADERIA, PASTELERIA Y OTROS AÑO 2025-2027, PROGRAMA CENTRO DIURNO.-",12
3704-121-AG26,Adquirir 100 sillas visita ISO polipropileno negro,4
3704-122-AG26,Adquirir 3 calefactores de aire forzado ,4
3705-230-AG26,compra ágil: 3705-198-COT26 OBRAS,4
3710-272-SE26,MEDICAMENTOS SAR,6
3712-311-CM26,Colchones para Gestión de Riesgos y Desastres. ,6
3729-23-SE26,SERVICIOS DE DIFUSION EN MEDIOS DE COMUNICACIÓN ESCRITA,12
3729-28-SE26,SERVICIO DE DIFUSIÓN EN MEDIOS DE COMUNICACIÓN RADIAL LINEA N°1,12
3729-29-SE26,SERVICIO DE DIFUSIÓN EN MEDIOS DE COMUNICACIÓN RADIAL LINEA N°2,12
3730-192-AG26,BOLSAS Y MORRALES DE ALGODÓN: 3730-93-COT26,12
3737-35-CM26,Adq. Combustible Mes de mayo 2025,4
3740-93-AG26,Orden de Compra generada por invitación a compra ágil: 3740-106-COT26,6
3751-147-AG26,Materiales para escuela Juan Bautista Chesta,6
3753-156-AG26,LIBROS DE CUENTOS INFANTILES Y LITERATURA,6
3756-348-CM26,"ADQUISICIÓN VEHÍCULO MUNICIPAL, PELARCO",6
3760-199-AG26,MOBILIARIO TALLER MECANICO - DIMAO / FORM 147 / 3760-309-COT26,6
3760-214-AG26,"COLACIONES, DIDECO-OLN, FORMULARIO N°42: 3760-332-COT26",6
3765-410-TD26,Orden de Compra generada por Trato Directo ID 3765-161-FTD26,6
377-194-CM26,CAJAS DE MERCADERIA Orden de Compra: 377-194-CM26,6
3776-265-TD26,Orden de Compra generada por Trato Directo ID 3776-153-FTD26,6
3776-271-TD26,Orden de Compra generada por Trato Directo ID 3776-159-FTD26,6
3796-253-TD26,Orden de Compra generada por Trato Directo ID 3796-8-FTD26,4
3807-201-AG26,"Cubierta para un invernadero tipo túnel, AUTOCONSUMOS 2025 -compra ágil: 3807-224-COT26",6
3810-442-SE26,"ADQUISICION DE EPP PARA PROTEJER LA SEGURIDAD DE LOS TRABAJADORES, PREVENIR ACCIDENTE Y CUMPLIR CON LA NORMATIVA LABORAL VIGENTE, CON CARGO AL PEM SERVICIO DE ASEO COMUNAL, PAPELEO Y LIMPIEZA GENERAL DE VEREDAS Y CICLOVIAS 2026, SOLICITUD N°413/26 DAO",4
3821-137-AG26,Dispensadores Aseo: 3821-116-COT26,12
3827-277-AG26,"Orden de Compra generada compra ágil: 3827-137-COT26. s.c.2129, 2130 y 2131",6
3829-43-AG26,ADQUISICION DE TALONARIOS RECETA CHEQUE,4
3838-140-AG26, Adquisicion de Insumos Médicos para ser utilizados en el Centro Médico Veterinario Santa Cruz / Orden de Compra generada por invitación a compra ágil: 3838-95-COT26,4
3853-270-SE26,FÁRMACOS PARA LA FARMACIA COMUNITARIA MÓVIL ,6
3866-63-AG26,Adquisición insumos de aseo para asistencia social,6
3872-159-AG26,"sol. n°92, ORD.N°59, revisión y mantención de impresoras de liceo Alberto Gallardo Lorca, con cargo SEP, compra ágil: 3872-110-COT26",6
3873-8431-AG26,Orden de Compra generada por invitación a compra ágil: 3873-135-COT26,6
3876-70-AG26,Orden de Compra generada por invitación a compra ágil: 3876-85-COT26,12
3876-92-AG26,Orden de Compra generada por invitación a compra ágil: 3876-98-COT26,4
3877-190-CM26,Orden de Compra: 3877-190-CM26,6
3880-196-AG26,"ADQUISICION DE TINETAS DE PINTURA ACRILICA DE ALTO TRAFICO, COLOR AMARILLO Y BLANCO, INCLUYE SACOS DE MICROESFERAS.DE DEMARCACION VIAL, TRANSITO 3880-143-COT26",6
3881-384-SE26,"CONTRATACIÓN ARRIENDO 2 BAÑO QUÍMICOS, FIESTA DE LA AVELLANA",6
3884-200-AG26, CONTRATACIÓN DE SERVICIO DE PRODUCTORA PARA CUENTA PÚBLICA 2025,12
3904-353-AG26,Orden de Compra generada por invitación a compra ágil: 3904-352-COT26 MEDICAMENTOS CLÍNICA MÓVIL 1,6
3904-354-AG26,Orden de Compra generada por invitación a compra ágil: 3904-353-COT26 MEDICAMENTOS CLÍNICA MÓVIL 2,6
3904-360-AG26,Orden de Compra generada por invitación a compra ágil: 3904-366-COT26 ADQUISICIÓN DE ANTIPARASITARIO INTERNO PARA PERROS Y GATOS,6
3904-380-AG26,"Orden de Compra generada por invitación a compra ágil: 3904-406-COT26 Leche Nidal, para caso social, según Inf. Soc. N° 831 de fecha 06-05-2026 doña Dellanira del Pilar Carrasco Cifuentes.(Eleazar Espinoza)",4
3904-381-AG26,Orden de Compra generada por invitación a compra ágil: 3904-408-COT26 Materiales de construcción para diferentes casos sociales de la comuna.,4
3904-384-SE26,Servicio arriendo de vehiculos programa familias comuna de Bulnes LP 3902-18 LE26,4
3904-385-AG26,Orden de Compra generada por invitación a compra ágil: 3904-409-COT26 SILLAS DE ESCRITORIO ERGONÓMICAS PARA DIRECTORA Y PROFESIONALES SECPLAN,6
3904-386-AG26,Orden de Compra generada por invitación a compra ágil: 3904-413-COT26 PLOTEO CAMIONETAS DE SEGURIDAD PUBLICA SEGUN DISEÑO ADJUNTO,4
3922-426-SE26,"Servicio de traslado de estudiantes de la escuela José Abelardo Nuñez, Desde Villarrica hacia Loncoche, sector Ñancul, 7a Faja, Putue Alto, Lliu Lliu, Huechulelfu, 8a faja, Sol de Mayo, Huallanto, Malloco, calle Nueva Villarrica, Ñancul Norte, Camino Pitr",4
3938-165-AG26,CA: 3938-141-COT26 Software CAD 2D,6
3944-77-SE26,ORDEN DE COMPRA DESDE 3944-12-LE25,6
3945-301-SE26,PRODUCTOS DE COCTEL,6
3946-215-AG26,Orden de Compra generada por invitación a compra ágil: 3946-163-COT26 Compra de neumáticos para Vehículos Municipales. ,4
3949-192-CM26,BOLSAS DE BASURA / F.03 - (LIMA),4
3949-193-CM26,Cargas de alimentación abril 2026,4
3950-395-AG26, Mantención y reparación cámaras seguridad en CLJ:  3950-127-COT26,4
3950-440-AG26,articulos para drogueria Orden de Compra generada por invitación a compra ágil: 3950-160-COT26,12
3950-589-AG26,Aires Acondicionado Sector Urgencias del CESFAM La Junta: 3950-234-COT26,4
3950-647-AG26,Aires Acondicionados CLY y RMB : 3950-256-COT26,4
3950-657-AG26,zuclopentixol decanoato 200mg Orden de Compra generada por invitación a compra ágil: 3950-265-COT26,4
3950-662-SE26,"TRASLADO DE MUESTRAS, VACUNAS Y CARGA EN GENERAL ZONA NORTE ABRIL 2026",4
3950-663-SE26,TRASLADO DE RONDAS SANITARIAS ZONA NORTE,4
3950-682-SE26,SERVICIO DE HOSPEDAJE A USUARIOS DSR 01 AL 31 de ENERO 26,4
3950-683-SE26,SERVICIO DE HOSPEDAJE A USUARIOS DSR 01 AL 28 DE FEBRERO 2026,4
3950-689-CM26,"Recarga Tarjeta Edenred Func. Administrativos, Técnicos Paramédicos y Profesionales de Rondas mes de abril",4
3950-691-AG26,insumos para mantencion psr Orden de Compra generada por invitación a compra ágil: 3950-271-COT26,4
3986-147-AG26,Orden de Compra generada por invitación a compra ágil: 3986-136-COT26,6
3986-158-AG26,Orden de Compra generada por invitación a compra ágil: 3986-139-COT26,6
3986-159-AG26,Orden de Compra generada por invitación a compra ágil: 3986-163-COT26,6
4025-69-AG26,ROLLOS DE BOLSAS PLASTICAS CON PREPICADO Orden de Compra generada por invitación a compra ágil: 4025-19-COT26,6
4032-36-AG26,"MECÁNICA DE SUELOS PARA RED DE PARADEROS INFORMATIVOS, CAYUCUPIL, COMUNA DE CAÑETE./Orden de Compra generada por invitación a compra ágil: 4032-15-COT26",6
4060-9-AG26,MATERIALES DE ASEO POSTA SALUD: 4060-7-COT26,12
4072-41-AG26,Orden de Compra generada por invitación a compra ágil: 4072-11-COT26,4
407-495-SE26,Repuesto lavadora Ultrasonica y autoclave linea 2,6
407-508-SE26,MTTO CENTRALES TERMICAS cuota 14 desde 407-7-LR25,6
4099-236-SE26,Cajas de alimentos para DIDECO,6
4116-33-AG26,Orden de Compra generada por invitación a compra ágil: 4116-28-COT26,6
4123-199-AG26,"SOLICITA LIMPIEZA DE FOSA PORTA EL RINCON,compra ágil: 4123-118-COT26",6
4132-117-AG26,ADQUISICION DE PEZARRA INTERACTIVA,6
4134-245-AG26,COMPRA E INSTALACIÓN DE NEUMÁTICOS,12
4134-307-AG26,COMPRA DE MATERIALES DE CONSTRUCCIÓN,6
4134-56-AG26,GALVANOS PARA RECONOCIMIENTO,12
4139-161-SE26,SERV. DIS. FINAL RESIDUOS DOMICILIARIO ABRIL 2026,6
4140-4-AG26,Orden de Compra generada por invitación a compra ágil: 4140-3-COT26,4
4140-5-AG26,Orden de Compra generada por invitación a compra ágil: 4140-6-COT26,4
4157-362-AG26,Insumos Musicales para asignatura de Música y Talleres Extraescolar Escuela Virgen del Carmen Req 960219-56(309),4
4161-181-AG26,"COMPRA DE COLACIONES, DELEGACION DE ESTUDIANTES, ENCUENTROS DEPORTIVOS FUTSAL CATEGORIA SUB 14-DAMA,Orden de Compra generada por invitación a compra ágil: 4161-171-COT26",4
4162-132-AG26,Orden de Compra generada por invitación a compra ágil: 4162-107-COT26,12
4162-203-AG26,Orden de Compra generada por invitación a compra ágil: 4162-162-COT26,6
4162-210-AG26,Orden de Compra generada por invitación a compra ágil: 4162-178-COT26,4
4162-211-AG26,Orden de Compra generada por invitación a compra ágil: 4162-181-COT26,4
4162-32-AG26,Orden de Compra generada por invitación a compra ágil: 4162-27-COT26,12
4172-208-SE26,ORDEN DE COMPRA DESDE 4172-10-LE26,4
4172-209-SE26,ORDEN DE COMPRA DESDE 4172-10-LE26,4
4172-210-SE26,ORDEN DE COMPRA DESDE 4172-10-LE26,4
4172-211-SE26,ORDEN DE COMPRA DESDE 4172-10-LE26,4
4172-212-SE26,ORDEN DE COMPRA DESDE 4172-10-LE26,4
4172-213-SE26,ORDEN DE COMPRA DESDE 4172-10-LE26,4
4172-214-SE26,ORDEN DE COMPRA DESDE 4172-10-LE26,4
4172-215-SE26,ORDEN DE COMPRA DESDE 4172-10-LE26,4
4172-216-SE26,ORDEN DE COMPRA DESDE 4172-10-LE26,4
4172-217-SE26,ORDEN DE COMPRA DESDE 4172-10-LE26,4
4174-182-SE26,CIERRE PERIMETRAL EN CORRALÓN MUNICIPAL QUIRIHUE 4174-11-LE26,6
4176-120-AG26,PENDON ROLLER ESCUELAS SALUDABLES,6
418-1508-TD26,Orden de Compra generada por Trato Directo ID 418-575-FTD26,12
418-1510-TD26,Orden de Compra generada por Trato Directo ID 418-577-FTD26,12
418-1512-TD26,Orden de Compra generada por Trato Directo ID 418-579-FTD26,12
418-327-AG26,LCM-MANTENCION PREVENTIVA ,12
4190-108-AG26,Implementos de Estimulción PRLAC,6
4195-563-AG26,Orden de Compra generada por invitación a compra ágil: 4195-416-COT26,6
4197-112-AG26,Orden de Compra generada por invitación a compra ágil: 4197-81-COT26,6
4236-295-AG26,Orden de Compra generada por invitación a compra ágil: 4236-219-COT26,6
4238-117-SE26,REUNION PROVINCIAL DE CONSEJOS DE DESARROLLO LOCAL,6
425-324-AG26,Orden de Compra generada por invitación a compra ágil: 425-161-COT26,6
4280-218-AG26,MATERIALES DE OFICINA PROGRAMA VÍNCULOS,6
4291-392-AG26,Orden de Compra generada por invitación a compra ágil: 4291-244-COT26,6
4291-498-AG26,Orden de Compra generada por invitación a compra ágil: 4291-328-COT26,6
4291-506-AG26,CENTRO DE BIOINNOVACION,4
4307-66-AG26,ADQUISICION DE MATERIALES DE MANTENIMIENTO PARA LA ESCUELA G-134 FONDOS MANTENIMIENTO,6
434-390-SE26,ORDEN DE COMPRA DESDE 434-64-LE26,9
4375-1189-SE26,BATAS PABELLON MAYO,6
4375-1335-AG26,Papel ECG Gineco: 4375-330-COT26,6
4422-68-AG25,Orden de Compra generada por invitación a compra ágil: 4422-59-COT25,12
4452-417-AG26,PROG. APOYO ADM MAYO 2026 / 4452-168-COT26,4
4452-423-AG26,Req. ERP 903183 PAPEL SARGENT / 4452-179-COT26,4
4455-301-CM26,Adquisición Material Escolar uso Escuela Brisas del Mar de Tubul(SEP),4
4455-303-CM26,Adquisición Material Escolar uso Escuela Básica de Carampangue (SEP),4
4455-305-AG26,"ADQUISICIÓN MATERIALES ESCRITORIO Y EJECUCIÓN PROGRAMA HPV II, compra ágil: 4455-90-COT26",5
4464-187-SE26,Mantenimiento Equipos Autoclaves y Lavachatas : ABRIL 2026 ,6
4464-188-SE26,Mante. Equipos Autoclaves y Lavachatas Opicci:  ABRIL 2026,6
4465-257-SE26,SERV NEURO MONIT DESDE 4465-53-LE24,5
4469-304-CM26,SC 39787 (JRA) - ADQUISICION DE MONITORES DAPEI UPA 22991,6
4473-180-AG26,Orden de Compra generada por invitación a compra ágil: 4473-133-COT26,6
4525-141-AG26,Compra ágil: 4525-205-COT26 (V.A.) OPI - 5007,6
4548-313-AG26,Orden de Compra generada por invitación a compra ágil: 4548-263-COT26,6
4560-274-SE26,MATERIALES DE LIBRERIA,6
4562-240-AG26,"RESMAS, LECTOR Y TONER - INFORMATICA Compra generada por invitación a compra ágil: 4562-200-COT26",6
4591-16-SE26,700 m3 de Roca para contención de taludes programa CAD Colchagua DESDE 4591-12-LE26,6
4594-425-SE26,DESAMU COIHUECO ,6
4619-5-SE26,SERVICIO GUARDIAS IPT LA SERENA E IPT COQUIMBO,12
4686-337-CM26,REPOSICION DE STOCK aseo,6
4703-106-AG26,Orden de Compra generada por invitación a compra ágil: 4703-107-COT26,6
4733-159-AG26,Orden de Compra generada por invitación a compra ágil: 4733-155-COT26,4
4733-160-AG26,Orden de Compra generada por invitación a compra ágil: 4733-153-COT26,4
4733-161-AG26,Orden de Compra generada por invitación a compra ágil: 4733-152-COT26,4
4733-163-AG26,Orden de Compra generada por invitación a compra ágil: 4733-144-COT26,4
4733-165-AG26,Orden de Compra generada por invitación a compra ágil: 4733-160-COT26,4
4733-166-AG26,Orden de Compra generada por invitación a compra ágil: 4733-164-COT26,4
4738-110-AG26,Compra de medicamentos para compaña de invierno Orden de Compra generada por invitación a compra ágil: 4738-70-COT26,12
4738-112-AG26, Compra de espironolactona para el programa FOFAR Orden de Compra generada por invitación a compra ágil: 4738-69-COT26,12
4755-3-TD26,Orden de Compra generada por Trato Directo ID 4755-3-FTD26,6
4755-4-TD26,Orden de Compra generada por Trato Directo ID 4755-4-FTD26,4
4766-3476-SE26,ADQUISICION CONTRATO DE SUMINISTRO ARTICULOS DE ESCRITORIO DEPARTAMENTO DE SALUD LA CRUZ 2026 SEGUN LICITACION PUBLICA ID 4766-1-LE26,4
4777-397-AG26,16 CUBRE COLCHON IMPERMEABLES PARA ELEAM SANTA ELISA,6
4779-392-AG26,FFVV - BROMURO DE IPRATROPIO 20 MCG/DO AEROSOL PARA INHALACION - MAYO 2026,4
4810-50-SE26,ORDEN DE COMPRA DESDE 4810-10-LE26,6
4817-1639-SE26,DISPOSITIVOS MEDICOS PARA CIRUGÍA LAPAROSCÓPICA AB,12
4817-1685-SE26,DISPOSITIVOS MEDICOS PARA CIRUGÍA LAPAROSCÓPICA AB,6
482-505-TD26,Orden de Compra generada por Trato Directo ID 482-131-FTD26,6
482-515-TD26,Orden de Compra generada por Trato Directo ID 482-144-FTD26,6
482-561-TD26,Orden de Compra generada por Trato Directo ID 482-188-FTD26,6
482-601-TD26,Orden de Compra generada por Trato Directo ID 482-229-FTD26,6
482-607-TD26,Orden de Compra generada por Trato Directo ID 482-235-FTD26,9
482-609-TD26,Orden de Compra generada por Trato Directo ID 482-166-FTD26,6
482-610-TD26,Orden de Compra generada por Trato Directo ID 482-237-FTD26,6
4828-63-AG26,Orden de Compra generada por invitación a compra ágil: 4828-40-COT26,6
4829-133-CM26,Orden de Compra: 4829-133-CM26,4
4833-127-AG26,Adquisición Escuela Alto puelo,6
4833-149-TD26,Orden de Compra generada por Trato Directo ID 4833-26-FTD26,12
4858-415-AG26,Orden de Compra generada por invitación a compra ágil: 4858-275-COT26,6
4879-63-AG26,LIBRILLOS DÍA DEL PATRIMONIO: 4879-20-COT26,6
494-1027-AG26,"PROGRAMACION DE MAYO,DESDE AG",6
494-1090-AG26,"PROGRAMACION MAYO,DESDE AG",6
5020-38-AG26,Adquisición de detergentes para la sala de esterilización del CCM P.A por invitación a compra ágil: 5020-28-COT26,12
5020-48-CM26,"Adquisición de pasajes aéreos para personal del Centro Clínico Militar "" Punta Arenas""",12
5040-71-CM26,"ADQUISICIÓN DE ALIMENTACIÓN COMPLEMENTARIA, DEPARTAMENTO ASISTENCIA SOCIAL ",6
5052-513-SE26,5052-14-LE25/2202001/ESPUMA PARA COLCHONES/MAYO,6
5052-536-AG26,CA/2204008/SELLOS DE SEGURIDAD/MAYO,6
5066-104-AG26,30 m3 revuelto grava c/arena SA N°21 DOM-97-COT26,6
5067-1223-AG26,Contratación del servicio de catering: 5067-1168-COT26,6
5083-179-SE26,ORDEN DE COMPRA DESDE 5083-36-LP25,12
5083-186-SE26,ORDEN DE COMPRA DESDE 5083-36-LP25,12
511505-129-AG26,PROYECTO FIUDA2030,6
511505-135-AG26,DEPARTAMENTO DE GEOLOGIA,6
511505-136-AG26,DEPARTAMENTO DE GEOLOGIA,4
5126-29-CM26,Materiales de Oficina (Sol.Adq DAAL N° 010/2026),12
5153-817-TD26,Orden de Compra generada por Trato Directo ID 5153-22-FTD25,6
5158-54-SE26,58.295-4 en  Licitación Pública denominada “Contrato de  suministro de apoyo al Departamento de  Mantención 5158-4-LP26,6
5178-2001-AG26,110107/B5/SP 1049086/KJ,4
5178-2044-AG26,110103/B1/SP 1043675/DS 5178-2171-COT26,4
5178-2046-AG26,501498/B1/SP1048446/ 5178-2674-COT26/CM,6
5188-256-AG26,"BOLSA TRANSPARENTE 13 X 26/BOLSA PLASTICA TIPO CAMISETA 40X50/BOLSA 25 X 30/ BOLSA TRANSPARENTE 21 X 28/ 5188-208-COT26 (AG,Farmacia,2204999,RRC)",6
5196-147-AG26,G32007 TELEFONIA SATELITAL compra ágil: 5196-147-COT26,12
5196-163-SE26,FC003 ADQUISICIÓN EQUIPOS AIRE ACONDICIONADO DESDE 5196-3-LE26,12
5196-300-AG26,FC002 HORNO A GAS 3 CÁMARAS compra ágil: 5196-309-COT26,12
5196-304-AG26,SAN014 PIZARRA 5196-338-COT26,12
5196-305-AG26, SAN15 ESPEJO PARA BAÑO 5196-337-COT26,12
5196-306-CM26,AB2048 GAS A GRANEL CASINO BASE AEREA PUDAUEL,12
5196-308-AG26,GBA026 ARTICULOS DE FERRETERÍA 5196-312-COT26,12
5196-316-AG26,GM011 CAMPANAS LED 300W Compra ágil: 5196-360-COT26,12
5196-317-AG26,SAN09 ARTÍCULOS DE OFICINA 5196-308-COT26,12
5196-320-CM26,AB2052 GAS A GRANEL PARA GM52,12
5209-1002-AG26,"Orden de Compra generada por invitación a compra ágil: 5209-1060-COT26, 10296 SULFATRIMETOPRIM FORTE / JVP  ",6
5209-1034-AG26,"Orden de Compra generada por invitación a compra ágil: 5209-1073-COT26, 10474	MODULO PROTEICO (SIM. FRESUBIN PROTEIN POWDER)300GR / JVP",6
5254-1101-TD26,Orden de Compra generada por Trato Directo ID 5254-124-FTD26,9
5254-671-AG26,Orden de Compra generada por invitación a compra ágil: 5254-164-COT26,6
5254-783-TD26,Orden de Compra generada por Trato Directo ID 5254-88-FTD26,12
538598-2464-CM26,HOSMET Aerocámara,6
539119-1110-CM26,ADQUISICION DE SUBPRODUCTOS PARA EL HOTEL TRIZANO ,12
539119-1449-SE26,"SUMINISTRO DE CONGELADOS PARA EL HOTEL TRIZANO, SEGÚN PEDIDO ADJUNTO DEL MES DE MAYO DE 2026, CONFORME A BASES ADMINISTRATIVAS REQUERIMIENTOS TÉCNICOS Y ANEXOS DE LICITACIÓN PÚBLICA 539119-53-LP25",12
539119-1450-SE26,"B.1. SUMINISTRO DE CARNES ROJAS PARA EL HOTEL TRIZANO, CONFORME A LA SOLICITUD DE PEDIDO ADJUNTO, DEL MES DE MAYO DEL AÑO 2026, PROVENIENTE DE LICITACIÓN N°539119-62-LP25	",12
539119-1451-SE26,"B.1. SUMINISTRO DE BEBIDAS ANALCOHOLICAS, PARA EL HOTEL TRIZANO DEL MES MAYO DEL 2026. DEPENDIENTE DE LA DIRECCIÓN DE BIENESTAR, DESDE LICITACION 539119-29-LQ24.",12
539119-1452-SE26,"B.1. SUMINISTRO DE CARNES BLANCAS PARA ELHOTEL TRIZANO, SEGÚN PEDIDO ADJUNTO  CORRESPONDIENTE AL MES DE MAYO DEL AÑO 2026. PROVENIENTE DE LICITACION ID 539119-35-LQ23.",12
539119-1453-SE26,"B.1. SUMINISTRO DE PRODUCTOS LACTEOS PARA LA COMISIÓN HOTEL TRIZANO SEGÚN PEDIDO ADJUNTO, CORRESPONDIENTE AL MES DE MAYO 2026, DESDE LIC. 539119-31-LQ24 DE LA DIRECCIÓN DE BIENESTAR DE CARABINEROS",12
539119-1517-SE26,"B.1. SUMINISTROS DE FRUTAS Y VERDURAS FRESCAS PARA EL HOTEL TRIZANO DE CARABINEROS, SEGUN SOLICITUD DE PEDIDO ADJUNTA, CORRESPONDIENTE AL MES DE MAYO DE 2026, DESDE LICITACION 539119-2-LR25.",12
539819-174-AG26,Orden de Compra generada por invitación a compra ágil: 539819-237-COT26 MARCADORES PERMANENTES ÓLEO BLANCO OSNCH I.C.,6
5416-429-AG26,Licencia LTSC Standard 2024,4
5416-430-AG26,Orden de Compra generada por invitación a compra ágil: 5416-264-COT26,4
5416-431-AG26,Computador Industrial Edge AI,4
546437-254-SE26,ID 121429 Colaciones frutas 16.05.2026 Ens. orquestas y Coro,6
5482-84-SE26,ORDEN DE COMPRA DESDE 5482-25-LP26,6
5482-85-SE26,ORDEN DE COMPRA DESDE 5482-26-LP26,6
548860-19-SE26,GUARDIA SEGURIDAD IPS SANTA CRUZ - SÁBADO 25 DE ABRIL 2026,6
548861-13-SE26,Servicio de Guardias CAPRI IPS Constitución,6
548861-9-SE26,Servicio de Guardias CAPRI IPS Cauquenes,6
5512-91-AG26,Servicio de Traslado - UTA2495,6
5520-1108-AG26,Servicio de Guía Turístico compra ágil 5520-115-COT26,12
5520-2616-AG26,Suministro de Manómetros y accesorios compra ágil 5520-342-COT26,6
5520-2903-SE26,SUMINISTRO DE MATERIALES DE FERRETERIA Licitación 5520-16-LQ24,12
5520-2957-TD26,Orden de Compra generada por Trato Directo ID 5520-272-FTD25,12
5520-2958-TD26,Orden de Compra generada por Trato Directo ID 5520-272-FTD25,12
5575-51-AG26,Orden de Compra generada por invitación a compra ágil: 5575-54-COT26,6
5586-1320-AG26,J/T BAÑO ULTRASONICO Orden de Compra generada por invitación a compra ágil: 5586-1021-COT26,6
5586-1343-AG26,J/G Provisión e Instalación de estante base perimetral para laboratorio de genómica,6
5586-1344-CM26,S/C ÚTILES DE ASEO Orden de Compra: 5586-1344-CM26,4
5586-379-AG26,B/R REVESTIMIENTO DECORATIVO DE PARED HALL CENTRAL- PABELLÓN A Orden de Compra generada por invitación a compra ágil: 5586-304-COT26,12
558869-68-SE26,Convenio de Suministro Aseo Gran Compra ID 81364,4
558869-69-SE26,Convenio de Suministro Aseo Gran Compra,4
5590-151-CM26,Casino INTA (2004) s/c 19503,12
5590-180-CM26, Casino INTA (2004) s/c 19539,12
5590-188-CM26, Casino INTA (2004) s/c 19562,12
5590-197-CM26,Casino INTA (2004) s/c 19576,12
5609-56-AG26,Chaquetas institucionales Orden de Compra generada por invitación a compra ágil: 5609-58-COT26,6
5658-17-AG26,LIMPIEZA DE CANALETAS Y CORTE DE MALEZAS EN IPT VALDIVIA,6
5684-261-AG26,ACCESORIOS PARA RADIOS - Orden de Compra generada por invitación a compra ágil: 5684-169-COT26,4
5707-159-SE26,RE.286.24 Servicio de coffee break - pregrado,9
574-175-CM26,Gas  a Granel (bombona secadora),12
5750-32-TD26,Orden de Compra generada por Trato Directo ID 5750-3-FTD26,12
5756-192-AG26,CSG - Mobiliario Exterior - Solicitud 9021 - 5756-164-COT26,12
5827-23-AG26,Materiales de Oficina para este Jefatura de Instalación de Salud compra ágil: 5827-23-COT26,6
585-66-AG26,Renovación Licencia Canva EXP 97744,6
585-70-AG26,"Contratación de seguro de incendios, robo con fuerza en las cosas y remesa de valores",4
5890-1-SE26,JENACO- 6 CAMIONETAS BLINDADAS,5
591248-8-AG26,Orden de Compra generada por invitación a compra ágil: 591248-3-COT26,4
591376-38-AG26,MANTENCION DE CALDERAS DE CALEFACCION CENTRAL AA LA UNION Y MARIQUINA,6
594807-14-AG26, ADQUISICIÓN DE VERDURAS PARA AO-52 ALMIRANTE MONTT,12
594807-17-AG26,"ADQUISICIÓN DE VIVERES PARA AO-52 ""ALMIRANTE MONTT",12
608-23296-SE25,(THS) SUTURAS POLIESTER Y POLIPROLENO,12
608-3182-SE26,"(PBH) ESTERILIZACIÓN MARZO - APOSITO 20X25CM ALGODÓN HIDROFILO TEJIDO,ESTERIL,EMP. DOBLE / APOSITO 30X30-35CM ALGODÓN, TEJIDO, ESTERIL, EMP. SIMPLE",12
608-3717-SE26,(KAM) FARMACIA TIAMINA C.P.,12
608-4047-SE26,(NPS) PRE ELABORADO PEDIDO ABRIL//608-286-LR25,12
608-4067-CM26,(CME) BOD EST ABRIL PAQUETE STANDARD ESTERIL DOBLE EMPAQUE / SET QUIRURGICO CABEZA Y CUELLO,12
608-5019-CM26,(NPS) ADQ. DE LÁCTEOS Y ABARROTES UNIDAD ALIMENTACIÓN  (Pedido Mayo) 608-5019-CM26,12
608-5210-SE26,(MFT) FARMACIA ENEMA FOSFATO,6
608-5882-AG26,MVE BODEGA CENTRAL MAYO desde : 608-3044-COT26,4
615-15-SE24,SERVICIO DE TELEFONIA FIJA,12
615-1-CM25,Orden de Compra: 615-1-CM25,12
615-33-AG25,SEGUROS VEHICULOS INSTITUCIONALES,12
615-74-AG25,SEGURO DE VEHICULO INSTITUCIONAL compra ágil: 615-36-COT25,12
615-78-SE24,SERVICIO DE ASEO SEREMI,12
615-79-SE24,SERVICIO DE SANITIZACIÓN SEREMI,12
615-91-SE24,SERVICIO DE ASEO BARRIOS,12
615-92-SE24,SERVICIO DE SANITIZACION BARRIOS,12
615-93-SE25,SERVICIO DE TRANSPORTE DE PASAJEROS,12
619578-36-AG26,Compra ágil: 619578-45-COT26 NP 351,6
625-139-CM26,304_ 78891/2026_ ADQ. DE GAS LICUADO GRANEL,12
625-28-CM26,302_12-ALIM-001-_PAN Orden de Compra: 625-28-CM26,12
627786-94-AG26,ADQUISICIÓN TONER GRUPO OVALLE. ,6
633-824-SE24,SAE N° 1146 - SERVICIO DE ARRIENDO DE MOBILIARIO PARA BASES DE BRIGADA CONAF (REGIONES III; IV; VIII; XVI; IX),12
633-876-SE24,SAE N° 1146 - SERVICIO DE ARRIENDO DE MOBILIARIO PARA BASES DE BRIGADA CONAF (REGIONES X; XIV),12
638-75-AG26,SERVICIO DE PRODUCCIÓN PARA ENTREGA DE PROYECTOS DS19 SAUCES 1 y 2. Orden de Compra generada por invitación a compra ágil: 638-44-COT26,6
648752-7-AG26,ARRIENDO DE EQUIPOS INFORMATICOS,12
673720-10-AG26,Calefacción,4
696704-43-AG26, Suministro e instalación base y logo en propiedad Licantén.,6
697-151-CM26,Pasaje Nac PUQ-SCL-PUQ Sr. Director Gino Casassa ,12
699866-6313-SE26,699866-69-LP25/2204005003/PUNCH DERMATOLOGICOS/MAYO,6
699866-6354-SE26,699866-4-LP26/2204005003/ELECTRODO PUNTA PALETA/MAYO,6
702988-224-SE26,ORDEN DE COMPRA DESDE DE LICIT 3525-6-LR25,6
705290-935-SE26,"DETERMINACIONES EXAMENES HEMOGLOBINA GLICOSILADA ABRIL  2026 ID: 705290-34-LQ23 (LC, LABORATORIO, 2204005002,RRC)",6
707427-14-SE26,ORDEN DE COMPRA DESDE 707427-2-LE26,4
712307-24-SE26,PRORROGA LIC 712307-17-LE25,6
712307-25-AG26,Orden de Compra generada por invitación a compra ágil: 712307-3-COT26,6
721-90-AG26,AIQ Adq. de artículos de Aseo para Agencia Regional CAPREDENA Iquique vía compra ágil: 721-36-COT26,6
725-25-TD26,Orden de Compra generada por Trato Directo ID 725-14-FTD26,6
734-240-CM26,Orden de Compra: 734-240-CM26,12
734-282-AG26,Orden de Compra generada por invitación a compra ágil: 734-37-COT26,4
743-68-SE25,SERVICIOS DE MANTENCIÓN Y REPARACIÓN DE VEHÍCULOS INSTITUCIONALES DE INDAP REGIÓN METROPOLITANA DE SANTIAGO Y SUS AGENCIAS DE ÁREAS. DESDE 743-15-LE25,12
744835-227-AG26,RACK ESTANTE METALICOS,6
748201-385-SE26,LIC: 748201-1-LR26 Alembic SPA Crl. Sinfa 11262,12
748201-423-CM26,Guantes de Vinilo Crl. Citrix 59.208 (Coordinar despacho con la Unidad Requirente),12
748201-428-AG26,HOSPIMEDICA SPA Valpo. y Crl Citrix 59.131 y 59.132 compra ágil: 748201-125-COT26,12
748201-441-AG26,MUNNICH PHARMA MEDICAL SPA CDS y R. Citrix 59.150 compra ágil: 748201-122-COT26,12
748201-468-SE26,LIC: 748201-2-LP26 Novofarma Service Crlf Sinfa 13771,6
748201-478-SE26,LIC: 748201-12-LP25 Opko Chile Crlf. Sinfa 13761,6
758-363-TD26,Orden de Compra generada por Trato Directo ID 758-18-FTD26,6
759-712-SE24,"CONTRATO DE “PRESTACIÓN DEL SERVICIO DE MANTENCIÓN PREVENTIVA Y CORRECTIVA DE DOS ASCENSORES Y UN MONTACARGAS, EN EL EDIFICIO SECTOR JUSTICIA DE PUERTO MONTT”",12
761391-520-CM26,CAS/ESCAV/053/ERM/INT/ALIMENTOS ,6
761391-535-SE26,"CP-DAF/GUB/01/fbc/CONTINUIDAD DEL ARRIENDO DE IMPRESORAS MULTIFUNCIONALES CON SISTEMA CONTINUO DE TINTAS, DE COSTO FIJO, DESDE LA PROPUESTA PÚBLICA ID 761391-248-LQ24 Y EL CONTRATO N° 002/2025.",4
764-85-SE26,Reparación UMA Edificio Magallanes,12
776-326-CM26,STOCK MAYO,6
777304-1047-AG26,Orden de Compra generada por invitación a compra ágil: 777304-903-COT26,6
777304-1401-SE26,Desde 777304-14-LQ21 MAR,6
777304-1758-SE26,DESDE 777304-31-LR25 MAR,6
777304-1759-SE26,DESDE 777304-21-LQ21 MAR,6
777304-1850-CM26,Orden de Compra: 777304-1850-CM26,6
777304-1953-SE26,DESDE 777304-31-LR25 ABR,6
777304-1955-SE26,DESDE 777304-21-LQ21 ABR,6
777304-1957-SE26,Desde 777304-14-LQ21,6
792903-5-AG26,Agua purificada ,12
799512-480-AG26,ADMINISTRACIÓN CENTRAL PENDÓN ROLLER,6
800-1137-AG26,DOG_130207 LENTE PLANO PARA VITRECTOMIA(800-1349-COT26/211633),6
800-551-AG26,DOG_130221 RETRACTOR DE CAPSULA (800-491-COT26/210426),6
804962-77-AG26,INSUMOS PARA IMPRESIONES 3D,4
808211-48-AG26,Orden de Compra generada por invitación a compra ágil: 808211-4-COT26,6
812261-734-SE26,DESDE 812261-44-LR25 SERV. DESPACHO DE MEDICAMENTO A DOMILICIO ABRIL 2026,6
812261-737-TD26,Orden de Compra generada por Trato Directo ID 812261-13-FTD26,4
812261-738-AG26,Orden de Compra generada por invitación a compra ágil: 812261-246-COT26,6
812261-739-SE26,TD CONVENIO MC. Y MP. EQUIPO RX. MARCA GE HEALTCARE ABRIL 2026,4
812261-740-TD26,Orden de Compra generada por Trato Directo ID 812261-6-FTD25,4
812261-746-TD26,Orden de Compra generada por Trato Directo ID 812261-46-FTD25,6
812261-749-SE26,TD SERVICIO DE ENTORNO NO PRODUCTIVO ABRIL 2026,4
812261-751-SE26,DESDE 812261-32-LR23 SERV. INFRAESTRUCTURA TI ABRIL 2026,4
812261-752-SE26,DESDE 812261-18-LP24 SERV. DE ARRIENDO EQUIPOS COMPUT. ABRIL 2026,4
812261-753-SE26,DESDE 1058569-2-LR24 ARRIENDO DE 3.046 COMPUTADORES SSMSO ABRIL 2026,4
812261-754-SE26,DESDE 812261-123-LE23 SERVICIO ANTIVIRUS CORPORATIVO ABRIL 2026,4
812261-755-SE26,DESDE 812261-81-LP24 SERVICIO DE ARRIENDO DE TÓTEM ABRIL 2026,4
812261-756-SE26,DESDE 1058569-6-LQ24 SERV. DE CONTROL DE ASISTENCIA MARZO 2026,4
812261-757-SE26,DESDE 1058569-6-LQ24 SERV. DE CONTROL DE ASISTENCIA ABRIL 2026,4
812799-117-AG26,"ADQ. DE IMPLEMENTOS PARA PROGRAMA SALUD MENTAL INFANTO JUVENIL, SC N° 66, DIDECO., compra ágil: 812799-89-COT26",6
813685-80-CM26,Orden de Compra: 813685-80-CM26. IQUIQUE-SANTIAGO-IQUIQUE.,12
813685-81-CM26,Orden de Compra: 813685-81-CM26. IQUIQUE-SANTIAGO-IQUIQUE.,12
813685-82-CM26,Orden de Compra: 813685-82-CM26. CONCEPCION-SANTIAGO-CONCEPCION.,12
813685-83-CM26,Orden de Compra: 813685-83-CM26. PUERTO MONTT-SANTIAGO-PUERTO MONTT.,12
813685-85-CM26,Orden de Compra: 813685-85-CM26. ARICA-SANTIAGO-ARICA,12
813685-86-CM26,Orden de Compra: 813685-86-CM26. PUNTA ARENAS-SANTIAGO-PUNTA ARENAS,12
837322-71-SE26,AC 036-2026 GC 80733 MERMELADA,9
859378-177-AG26,"2026041431000628; SERVICIOS DE IMPRESION, PUBLICACION Y DIFUSION; SERVICIO DE IMPRESIÓN. EXTENSIÓN; UVA 2593",12
870-258-SE23,ORDEN DE COMPRA DESDE 870-19-LE23,12
872-246-AG26,Servicio de Coffee break para 100 personas ,4
872535-139-AG26,PENDÓN PARA PROGRAMA APOYO A LA SEGURIDAD ALIMENTARIA Orden de Compra generada por invitación a compra ágil: 872535-139-COT26,6
874750-161-SE26,CON. SUMINISTRO DE TINTAS Y PRODUCTOS TIC 6TO PEDIDO,4
874750-163-SE26,14° PEDIDO CONVENIO LABORATORIO MAYO 2026,4
874750-277-CM25,CONVENIO ABARROTES Y CONGELADOS,12
874750-303-AG25,ADQUISICIÓN PRODUCTOS PARA CENTRAL DE ALIMENTACIÓN,12
875646-1617-SE26,CKB INSUPED MAYO 2026 875646-6-LQ22,6
875646-1632-AG26,VQA pintura tela Hosp. amigo a compra ágil: 875646-952-COT26,6
875646-1636-AG26,VQa gel pack a compra ágil: 875646-938-COT26,6
875646-1643-AG26,JSM:Compra de tripticos para feria OC 875646-1033-COT26,6
875646-1647-TD26,Orden de Compra generada por Trato Directo ID 875646-736-FTD25,6
877-28-AG26,Adquisición de Tóner - GET,6
885-428-AG26, Servicio de mantenimiento correctivo integral para el vehículo institucional Nissan X-Trail,6
886954-1913-SE26,SELLADOR DE CONDUCTO,4
886954-2753-SE26,LENTES ÓPTICOS CON ARMAZÓN SERVICIO OFTALMOLOGÍA ,12
886954-2896-SE26,STENT CON DROGA (AR) RECUBRIMIENTO SIROLIMUS POLIM,4
893-19-TD26,Orden de Compra generada por Trato Directo ID 893-9-FTD26,6
898-1466-AG26,OC ADQUISICION ASPIRADORA Y ABRILLANTADORA INDUSTRIAL  AG 898-515-COT26,6
898-1605-AG26,TORULAS RAYON: 898-521-COT26,6
898-1623-AG26, Kit de espuma de microporosa Tamaño talla S (small). compra ágil: 898-541-COT26,6
898-1641-AG26,Cánula Aspiración Yankauer Pediatrica12 FR Punta Corona y Recta.Compra ágil: 898-539-COT26 CAMPAÑA DE INVIERNO ,4
899-303-SE26,Compra de Medicamentos,4
899-304-SE26,Compra de Medicamentos,4
899-305-SE26,COMPRA DE INSUMOS PARA UNIDAD DE DIALISIS,4
899-307-AG26,COMPRA CAJAS ORGANIZADORAS PLÁSTICAS,4
904-42-SE26,DR_MANT. CORRECTIVA CAMBIO CERRADURA ELÉCTRICA,4
905-86-SE26,ADQUISICIÓN DE COMBUSTIBLE - 2DO TRIMESTRE - REGIO,6
932-40-SE26,ORDEN DE COMPRA DESDE 932-2-LP26,6
938614-7870-SE26,POBLACION GUAYACAN. SERV. REPARACIÓN,6
938614-7872-SE26,VMO SERV. REPARACIÓN,6
938614-7873-SE26,VMLR SERV. REPARACIÓN,6
938614-7874-SE26,VMLR SERV. REPARACIÓN,6
948354-735-SE26,ORDEN DE COMPRA DESDE 948354-25-LE26,6
948354-776-SE26,948354-127-LQ24,4
948354-784-SE26,ORDEN DE COMPRA DESDE 948354-183-LR24,4
948355-1047-AG26,Orden de Compra generada por invitación a compra ágil: 948355-239-COT26,4
948355-1048-AG26,Orden de Compra generada por invitación a compra ágil: 948355-236-COT26,4
948355-1049-AG26,Orden de Compra generada por invitación a compra ágil: 948355-232-COT26,4
953-253-SE26,Serv. Mant. Prev. 200.000 Km. RAV4 DRP,6
953-254-AG26,Adquisición Silla de Ruedas Electrica ORASMI  compra ágil: 953-22-COT26,6
956-208-SE26,"Id 956-137-LQ24 Servicios de Traslado Aéreo de Urgencia para pacientes con riesgo vital desde Isla Juan Fernandez a Continente, Traslado realizado en Abr26",6
956-278-SE26,"Id 956-61-LE24, Servicios de Incineración de Sustancias y Residuos Ley N°20.000, Prefactura N°532879 del 13May26",4
956-285-TD26,Orden de Compra generada por Trato Directo ID 956-18-FTD26,4
956-286-TD26,Orden de Compra generada por Trato Directo ID 956-19-FTD26,4
956-292-AG26,Orden de Compra generada por invitación a compra ágil: 956-117-COT26,6
968695-58-AG26,ADQUISICION DE REPUESTOS NISSAN NAVARA PPU KHVJ-43,6
980313-32-SE26,ORDEN DE COMPRA DESDE 980313-15-LE26-PRODUCCIÓN FERIA COSTUMBRISTA 2°PROVEEDOR,4
997-149-SE24,"MANTENCIÓN, REPARACIÓN Y DIAGNOSTICO AL PARQUE DE  MAQUINARIA BEIBEN",12
997-95-TD25,Orden de Compra generada por Trato Directo ID 997-11-FTD25,12
