Codigo,Nombre,CodigoEstado
1000813-121-AG26,FI_ ADQUISICION DE MATERIALES PARA MANTENIMIENTO Y REPARACION PARA EL CASINO MILITAR DE OFICIALES DE LA BRIGADA  compra ágil: 1000813-140-COT26,12
1000-8-SE26,ORDEN DE COMPRA DESDE 1000-5-LE26,6
1002-172-SE26,ORDEN DE COMPRA DESDE 1002-48-LP26,4
1002584-21-SE26,"APRUEBA CONTRATO DENOMINADO “SERVICIO DE TRASLADO DE PASAJEROS Y TAXI EJECUTIVO PARA FUNCIONARIOS DE LA DIRECCIÓN DE EDUCACIÓN PÚBLICA”, PROVENIENTE DE LA LICITACIÓN PÚBLICA ID N° 1002584-14-LE25.",6
1002772-6148-SE26,"APÓSITO SACRO DE ESPUMA HIDROFILICA MULTICAPAS ADHESIVO,ID 1002772-81-LQ25 (LC,CUIDADO DE LA PIEL,220404003,APG)",12
1002772-6287-AG26,"ELECTRODO TENS 5X5 CM DESECHABLE ID:  1002772-1325-COT26 (AG,Medicina Física y Rehabilitación,Caae Gineco/Obstetrico - Poli Mamas,2204005003,RRC)",6
1003473-2388-AG26,PROG. LABORATORIO MAYO 2026 compra ágil: 1003473-2238-COT26,6
1009566-3-SE26,SERVICIO DE JARDINES AÑO 2026,12
1011254-204-SE26,MANTENCION CORRECTIVA A CARRO BAÑO MARIA,4
1011254-206-SE26,MANTENIMIENTO PREVENTIVO A LAVADORA DE ENDOSCOPIO CHOYANG ,4
1011254-207-SE26,MANTENIMIENTO CORRECTIVO A EQUIPOS DE CLIMATIZACION,4
1011254-208-SE26,MANTENIMIENTO CORRECTIVO PARA LAVADORAS DE ENDOSCOPIO,4
1011254-209-SE26,SUMINISTRO E INSTALACION DE REPUESTOS PARA EQUIPOS AUTOCLAVES,6
1026-28-AG26,Orden de Compra generada por invitación a compra ágil: 1026-3-COT26,4
1028-116-CM26,Orden de Compra: 1028-116-CM26,12
1028-130-SE26,Conv. M&R Camiones Saleros Cno. Internacional,12
1028-132-SE26,Conv. M&R camiones y maq. prov.de Quillota,12
1028-133-SE26,Conv. Mant.& Reparación Equipos de Sellos,12
1028-134-SE26,M & R Eq. de Compactación y Carguío Adm. Directa,12
1028-135-SE26,Conv. M&R Camiones y maquinarias San Antonio,12
1028-136-SE26,Conv. M&R Camiones y maquinarias San Antonio,12
1028-137-SE26,Conv. M&R Equipos estacionarios y emergencia,12
1028-138-SE26,Conv. M&R Maquinaria Pesada Camino Internacional,12
1028-139-SE26,Conv. M&R Maquinaria Pesada Camino Internacional,12
1028-143-SE26,Petróleo Diesel Modalidad TAE,12
1028-144-SE26,Aditivo Bluemax,12
1028-145-SE26,Petróleo Diésel Portillo,12
1028-146-SE26,Petróleo Diésel Guardia Vieja,12
1028-147-SE26,Petróleo Diesel Modalidad TCT,12
1028-148-SE26,Servicio de Aseo Rapa Nui,12
1028-151-SE26,ORDEN DE COMPRA DESDE 1028-22-R126,12
1028-153-AG26,Orden de Compra generada por invitación a compra ágil: 1028-18-COT26,12
1028897-382-SE26,"SP 338 Servicio de Mantención Preventiva Vehículo CXBJ 46, Complejo Educacional Público Darío Salas Díaz , RBD 6500, Gral (jg)",4
1028897-384-AG26,SP 356 SERVICIO DE TRASLADO PARA ESTUDIANTES DE LA ESCUELA NEHUENTUE RBD 6502/SEP /NVG ,4
1039-131-AG26,JACS SIRE N° 857ENSERES DE COCINA BRIGADAS Y OTROS DPCIF-RM   Compra ágil: 1039-47-COT26,6
1040538-64-SE25,DESARROLLO PROG. VACACIONES TERCERA EDAD ESCAPADAS DESDE 1040538-16-LP25,12
1040538-7-SE26,AUMENTO DE PARTIDA LICITACION 1040538-21-LQ25,12
1040538-8-SE26,OC DESDE 1040538-30-LE25,12
1046-6-SE26,ORDEN DE COMPRA DESDE 1046-1-LE26,6
1049-859-AG26,OC 56597 UTILES DE ASEO EDIFICO PUNTA ARENAS,5
1050283-148-SE26,"ADQUISICIÓN DE NYLON TRANSPARENTE, PARA EL INTERIOR DE LA CARPA DE PERMISOS CIRCULACIÓN, SEGÚN LICITACIÓN N°1050283-7-LQ25",12
1050283-151-SE26,"ADQUISICIÓN DE MATERIALES PARA TRABAJOS Y FUNCIONAMIENTO DE CUADRILLA MANTENCIÓN VIAL, SEGÚN LICITACIÓN N°1050283-7-LQ25",12
1051173-22-TD26,Orden de Compra generada por Trato Directo ID 1051173-4-FTD26,12
1051765-363-SE26,Dirreg Ñuble/Adquisición de artículos de aseo (Papel higiénico y toallas de papel),12
1051765-379-AG26,"CPF Bulnes, Adquisición de Materiales para Construcción de Cierre Perimetral Sala de Bombas, según Orden de Compra generada por invitación a compra ágil: 1051765-117-COT26",4
1051765-381-AG26,"CPF Bulnes, Adquisición de Materiales de uso o consumo para Sección Materno Infantil, según Orden de Compra generada por invitación a compra ágil: 1051765-119-COT26",4
1057049-12822-AG26,MCM - DESDE 1057049-67-COT26 - FUS 103 - MANTENCION CORRECTIVA ECOGRAFO GENERAL ELECTRIC,12
1057049-13844-AG26,JCD PAC PROGRAMA INSUMOS COLUMNA DESDE AG: 1057049-160-COT26,12
1057049-14848-SE26,BMC RE N°2231 ID.1057049-221-LE24 PAC PROGRAMA INSUMOS MAYO- JUNIO 2026,6
1057049-14873-SE26,BMC PAC ID.1057049-228-LE24 INT.1516/2024 PROGRAMA INSUMOS MAYO - JUNIO 2026,6
1057049-14881-SE26,FCU INT 1070 RE N°2163 ID 1050749-157-LE25 PAC PROGRAMA GENERAL MAYO -JUNIO2026,6
1057049-14891-SE26,BMC ADQUISICION DE INSUMOS QUIRURGICOS PARA UNIDAD DE NEUROCIRUGIA DESDE 1057049-228-LP25. PROGRAMA INSUMOS MAYO - JUNIO 2026,6
1057049-14892-SE26,BMC ADQUISICION DE INSUMOS QUIRURGICOS PARA UNIDAD DE NEUROCIRUGIA DESDE 1057049-228-LP25. PROGRAMA INSUMOS MAYO - JUNIO 2026,6
1057049-14899-SE26,BMC PAC. ID. 1057049-234-LR23 INT. 1583/2023 PROGRAMA INSUMOS MAYO - JUNIO 2026,6
1057049-14931-SE26,JAC INT 840/2025 1057049-138-LQ25 PAC PROGRAMA INSUMOS MAYO JUNIO 2026,6
1057049-14943-SE26,JAC PAC INT 898 RES EX 1322 DESDE 1057049-143-LE24 PROGRAMA INSUMOS MAYO JUNIO 2026,6
1057049-14975-SE26,BMC PAC ID. 1057049-252-LQ24 INT. 1549/2024 PROGRAMA INSUMOS MAYO - JUNIO 2026,6
1057049-14979-SE26,BMC RE N°2670 ID.1057049-255-LE24 PAC PROGRAMA INSUMOS MAYO - JUNIO 2026,6
1057049-14984-SE26,FCU - RE N°3127 ID 1057049-318-LE25 PAC PROGRAMA INSUMOS MAYO JUNIO 2026,6
1057049-14995-SE26,FCU INT 1534 RE N°3050 ID 1057049-327-LE25 PAC PROGRAMA INSUMOS MAYO JUNIO 2026,6
1057049-15027-SE26,JCD INT. 565 RE 1205 DESDE 1057049-22-LP26 (oc formalización de contrato) PAC MAYO- JUNIO 2026,6
1057055-3586-SE25,MES INT 421/2025 DESDE ID 1057055-34-LQ25 PAC AGOSTO 2025 KETOCONAZOL 2% SHAMPOO 200 ML TKC,12
1057055-635-SE26,SHV INT 389/2025 DESDE 1057055-26-LQ25 PAC ABRIL 2026  FLECAINIDA 100 MG COMP.,5
1057055-663-SE26,SHV INT 83/2025 1057055-121-LQ24 PAC ABRIL 2026 ERITROPOYETINA 4000 UI JERINGA PRELLENADA,12
1057055-727-SE26,SHV INT 2126 RES 3286 31-12-2024  1057055-125-LE24. PAC MAYO 2026 MAGISTRALES  VARIOS,12
1057055-731-SE26,SHV INT 531/2025 1057055-29-LQ25. PAC MAYO 2026 PREPARADOS MAGISTRALES,12
1057370-281-TD26,Orden de Compra generada por Trato Directo ID 1057370-7-FTD26,4
1057384-387-SE26,SERV EXTENSION HORARIA DIALISIS HOSPITAL TOCOPILLA,12
1057384-389-SE26,SERVICIO EXTENSION HORARIA PARA UNIDAD DIALISIS HT,12
1057384-390-SE26,SERVICIO TENS EXTENSION HORARIA,12
1057384-394-SE26,Servicio Auxiliar extensión horaria,12
1057384-395-SE26,SERV. EXTENSIÓN HORARIA DE TENS HOSP. EN TOCOPILLA,12
1057384-398-SE26,SERV. EXTENSIÓN HORARIA POR TENS. HOSP. TOCOPILLA,12
1057384-400-SE26,SERV. EXTENSIÓN HORARIA POR TENS. HOSP. TOCOPILLA,12
1057387-243-AG26,ADQUISICION DE BATERIAS PARA GRUPOS ELECTROGENOS HOSPITAL SAN AGUSTIN DE COLLIPULLI,6
1057388-225-SE26,PROTESIS DENTALES,6
1057389-2309-CM26,Programación lácteos Mayo,6
1057389-2361-SE26,Pacientes TMT,12
1057389-2363-SE26,Pacientes TMT,12
1057389-2421-SE26,Reactivos para Laboratorio,6
1057389-2422-SE26,Audífonos GES,6
1057390-326-SE26,CONVENIO DE MANTENIMIENTO ASCENSORES DSSAN DESDE 1057390-31-LE25/MAYO 2026,6
1057402-2992-SE26,(MIS) ALIMENTOS PACIENTES ABRIL/PAN,12
1057402-3005-SE26,(MIS) ALIMENTOS FUNCIONARIOS ABRIL/PAN,12
1057402-4325-SE26,(MIS) ALIMENTOS PACIENTES MAYO/CARNEOS,12
1057402-4366-SE26,(MIS) ALIMENTOS FUNCIONARIOS MAYO/CARNEOS,12
1057402-43766-SE25,LABORATORIO/DIC/MICROB ANTIBIOTICOS (INS),9
1057402-4675-SE26,(MIS) PEDIDO ASEO MAYO/TOALLAS DE PAPEL,12
1057402-4832-TD26,Orden de Compra generada por Trato Directo ID 1057402-65-FTD26,6
1057402-5111-AG26,(5074) Suscripción de licencia ZOOM Pro. Orden de Compra generada por invitación a compra ágil: 1057402-706-COT26,6
1057402-945-SE26,(MIS) ALIMENTOS PACIENTES FEBRERO/F. Y VERDURAS,9
1057402-966-SE26,(MIS) ALIMENTOS FUNCIONARIOS FEBRERO/F. Y VERDURAS,9
1057404-524-SE26,examenes,12
1057404-546-AG26,INSUMOS PARA MICROBIOLOGIA - Orden de Compra generada por invitación a compra ágil: 1057404-376-COT26,6
1057417-10376-SE26,IC PCF LP OIC PEDIDO ABRIL 2026,12
1057417-11218-CM26,"IG msp CM Pedido Mayo, Compra Alimentos",12
1057417-11530-AG26,"IG, rrr AG PEDIDO MAYO 2026 IMPRENTA",12
1057417-11616-CM26,"IG msp CM Solic. adq. N°423466 y Pedido Mayo , Compra insumos de aseo",12
1057417-11659-AG26,IG rrr AG SA N°419136 SOLICITUD DE BIOPSIAS,12
1057417-11728-SE26,AC geb LP 1057417-457-LR25 Residencias SM (abr) f.5041-A,12
1057417-11729-SE26,AC geb LP 1057417-457-LR25 Residencias SM (abr) f.5041-B,12
1057417-11730-SE26,AC geb LP 1057417-457-LR25 Residencias SM (abr) f.5041-C,12
1057417-11731-SE26,AC geb LP 1057417-457-LR25 Residencias SM (abr) f.5041-D,12
1057417-11786-AG26,"IG jpg AG, pedido mayo insumos de oficina",4
1057417-11880-AG26,"IG rrr AG SA N°425130, SA N°420732 PINTURA Y SPRAY",12
1057417-11959-CM26,IC MCM AG IC SOLIC.ADQ.429144 HOSPITAL CAMPAÑA,6
1057417-11963-TD26,Orden de Compra generada por Trato Directo ID 1057417-211-FTD25,6
1057417-11967-TD26,Orden de Compra generada por Trato Directo ID 1057417-351-FTD25,4
1057417-11968-TD26,Orden de Compra generada por Trato Directo ID 1057417-170-FTD25,4
1057417-11969-TD26,Orden de Compra generada por Trato Directo ID 1057417-108-FTD25,4
1057417-11971-TD26,Orden de Compra generada por Trato Directo ID 1057417-15-FTD25,4
1057417-11974-SE26,IC MCM LP IC SOLIC.ADQ.429144 HOSPITAL CAMPAÑA,6
1057417-11986-SE26,IC MCM LP IC SOLIC.ADQ.429144 HOSPITAL CAMPAÑA,4
1057417-11988-SE26,IC MCM LP IC SOLIC.ADQ.429144 HOSPITAL CAMPAÑA,4
1057417-8444-AG26,"IG, rrr AG SA N° 375326 PANTALON Y CHAQUETA",12
1057417-9684-AG26,"IG rrr AG SA N°390454 FILTRO HEPA, PLIEGUE, METALICOS, DE MALLA",12
1057419-201-AG26,"CA. adquisición insumos manejo avanzado de heridas, Hospital Santa Bárbara, Req20- ITEM// 2204005003 , HSAB61247-62213 - KJM.",6
1057420-349-SE26,"CS- FRUTAS, VERDURAS Y OTROS ALIMENTOS ITEM 22.01.001.001 HFCH52109 (ism)",9
1057420-353-SE26,"CS- FRUTAS, VERDURAS Y OTROS ALIMENTOS ITEM 22.01.001.001 HFCH52179 (ism)",6
1057422-290-SE26,"CS-Frutas, Verduras y Lácteos-2201001001-HFCY65254-(rgh)",6
1057422-317-SE26,CS- SERV. ASEO ABRIL-22080001-HFCY65.397-HVSM	,6
1057422-320-SE26,"CS-Frutas, Verduras y Lácteos-2201001001-HFCY65580-(rgh)",6
1057430-1287-AG26,Basurero 120 Litros para Servicio Cirugía,6
1057431-1300-SE26,Perteneciente a licitacion 2157-171-LE25,4
1057431-1381-SE26,Perteneciente a licitacion 2157-127-LE25,4
1057431-1429-SE26,OC DESDE LIC 2157-7-LE25,4
1057431-1432-SE26,OC DESDE LIC 2157-210-LP25,6
1057431-1435-SE26,OC DESDE LIC 2157-4-LQ25,4
1057431-1442-SE26,OC DESDE LIC 2157-3-LP26 ,6
1057431-1463-SE26,Perteneciente a licitacion 2157-3-LP26,6
1057434-507-AG26,COMPRA MUEBLES DE ESCRITORIO Y SILLAS MAYO 2026,6
1057439-2770-TD26,Orden de Compra generada por Trato Directo ID 1057439-455-FTD26,4
1057439-2958-AG26,Mantenimiento Correctivo Arco C Siemens Cios Select: 1057439-2430-COT26,6
1057439-2966-AG26,Adquisición de Sensor de saturometría para–AXIOM Sensis Hemo Low: 1057439-2410-COT26,6
1057439-3163-AG26,APOSITO COMPUESTO:ALGINATO DE CALCIO-HIDROCOLOIDE-PLATA IONICA 10*10CM 1057439-2840-COT26,6
1057439-3207-TD26,Orden de Compra generada por Trato Directo ID 1057439-521-FTD26,6
1057439-3217-AG26,SILLA DE RUEDAS BARIATRICA,6
1057439-3237-CM26,"INS-0408	SUTURA AB.POLIGLACTINA 910 VIOL.TRENZ.0 90CM AGUJA ATR.1/2CIR.3,5CM INS-0400	SUTURA AB.POLIGLECAPRONE 25 3/0 70CM AGUJA ATR.1/2 CIR. 2.5 CM",4
1057439-3245-AG26,FORMULARIOS 1057439-2879-COT26,4
1057439-3279-AG26,Orden de Compra generada por invitación a compra ágil: 1057439-2845-COT26,6
1057439-3280-TD26,Orden de Compra generada por Trato Directo ID 1057439-534-FTD26,4
1057439-3281-TD26,Orden de Compra generada por Trato Directo ID 1057439-535-FTD26,4
1057439-3282-TD26,Orden de Compra generada por Trato Directo ID 1057439-536-FTD26,4
1057439-3283-TD26,Orden de Compra generada por Trato Directo ID 1057439-537-FTD26,6
1057448-164-AG26, AG CONTRATACION DE SERVICIOS DE TELEELECTROCARDIOGRAFIA (IAM) - FR 547,4
1057448-165-AG26, AG CONTRATACIÓN DE SERVICIOS DE TELEELECTROCARDIOGRAFÍA (IAM) - FR 549,4
1057461-657-CM26,IPC/ CATÉTER DE SUCCIÓN -TUBO SUCCIÓN E IRRIGACION,12
1057472-8476-AG26,SENSOR MACHO-MACHO por compra ágil: 1057472-170-COT26,12
1057472-8570-SE26,INSUMOS EQUIPOS MÉDICOS,12
1057472-8725-SE26,INSUMOS VASCULAR,6
1057472-8761-SE26,INSUMOS CLINICOS MAYO ,6
1057474-91-CM26,Orden de Compra: 1057474-91-CM26,4
1057476-415-CM26,VERDURAS CONGELADAS ALIMENTACION,12
1057476-427-SE26,MANTTO. EXTINTORES,6
1057480-1184-SE26,ORDEN DE COMPRA DESDE 1057480-67-LE25,12
1057480-1244-SE26,ORDEN DE COMPRA DESDE 1057480-36-LQ25,12
1057480-1369-AG26,Orden de Compra generada por invitación a compra ágil: 1057480-310-COT26,4
1057480-1370-SE26,PROVEEDORES INTEGRALES PRISA S A,4
1057489-10186-SE25,TUBOS ENDOTRAQUALES CON ESPIRAL Y PREFORMADOS ,12
1057489-5132-CM26,BOBINA ESTERILIZACION ,6
1057489-6285-SE26,SERVICIO DE RESIDENCIA MEDICINA PARA EL HDS  ABRIL   2026 ,6
1057489-6326-SE26,SERVICIO DE RESIDENCIA MEDICINA PARA EL HDS  MARZO 2026,6
1057489-6333-SE26,IC CATETERES VASCULARES 1057489-134-LE24,6
1057489-6344-SE26,CONSIGNACION ABRIL 2026 SUMINISTRO DE HIDROCOIL,6
1057489-6346-SE26,CONSIGNACION ABRIL 2026 SIST. MICROCATETER COAXIAL,6
1057489-6358-SE26,CONSIGNACION ABRIL 2026   ENDOPROTESIS TORACICA PROXIMAL,4
1057489-6359-SE26,CONSIGNACION ABRIL 2026 BALON DE ALTA PRESION SE,4
1057489-6360-SE26,CONSIGNACION ABRIL 2026 BALON LIBERADOR DE DROGA,4
1057489-6362-SE26,CONSIGNACIONES ABRIL 2026 BALON 0.35 OVER THE WIRE,4
1057494-1683-SE26,INSUMOS HEMODIALISIS MAYO 2026,4
1057494-1741-SE26,Bandeja curación y riñones Mayo 26,4
1057494-1801-SE26,FILTRO FX CORAL 60,4
1057494-1802-SE26,FILTRO PARA GLOBULOS ROJOS,6
1057494-1810-SE26,INSUMOS ESTERILIZACION MAYO 2026,6
1057494-1811-SE26,CUBRE OBJETO DE VIDRIO 24 X 50 CJX100,4
1057494-1812-SE26,TUBOS LAB MAYO 2026,4
1057494-1813-SE26,"NAVAJAS DESCH,P/ MICROTOM, UD,",6
1057494-1815-SE26,BOLSA POLIETILENO MAYO 2026,6
1057494-412-SE26,S-COM-26673 MP TRATAMIENTO DE AGUA CLIMA MARZO 2026,6
1057496-932-AG26,ADQUISICIÓN DE SOBRE GENERADOR DE ATMOSFERA RICA EN CO2  PARA UNIDAD DE LABORATORIO desde compra ágil: 1057496-554-COT26,4
1057496-939-AG26,Adquisición Jeringa para Irrigación Endodoncia para Unidad de Dental desde compra ágil: 1057496-555-COT26,4
1057498-1788-AG26,Orden de Compra generada por invitación a compra ágil: 1057498-1220-COT26,6
1057498-1829-AG26,Orden de Compra generada por invitación a compra ágil: 1057498-1179-COT26,4
1057499-853-SE23,ORDEN DE COMPRA DESDE 1057499-42-LR23,12
1057499-990-SE24,ORDEN DE COMPRA DESDE 1057499-61-LE24,12
1057500-122-SE26,HOGAR PROTEGIDO PARA EL SSMSO Lic:1057500-6-LP26,12
1057500-77-SE26,HOGAR PROTEGIDO PARA LA COMUNA DE LA FLORIDA,12
1057500-79-SE26,RESIDENCIA PROTEGIDA PARA LA COMUNA DE PUENTE ALTO,12
1057500-82-SE26,REHABILITACION PSIQUICA TIPO 1 PUENTE ALTO,12
1057501-1836-CM26,RPCA FEBRERO 2026: 1057501-1836-CM26,6
1057501-23343-SE25,SCE 410150,12
1057501-3250-SE26,RPCA MARZO 2026,6
1057501-3340-SE26,RPCA MARZO,6
1057501-366-SE26,CLAVE 20-222 REGULARIZACIÓN SCE 415897 P.CENTRAL,12
1057501-4062-SE26,RPCA ABRIL ,6
1057501-4908-SE26,CLAVE 20-222 INSUMOS HASTA MAYO,6
1057501-4917-SE26,CLAVE 20-222 INSUMOS HASTA MAYO,6
1057501-4945-SE26,CLAVE 20-222 INSUMOS HASTA MAYO,6
1057501-4949-SE26,CLAVE 20-222 INSUMOS HASTA MAYO,6
1057501-4950-SE26,CLAVE 20-222 INSUMOS HASTA MAYO,6
1057501-5151-SE26,REPOSICIÓN INSUMOS HASTA MAYO 2026,6
1057501-5190-AG26,"COMPRA ÁGIL DESDE 1057501-1572-COT26 ENFERMERIA ADULTO CDT, SCE N° 415500",6
1057501-5211-SE26,SCE 420050,4
1057503-2103-AG26,"Insumos de Endoscopia mes de abril, compra ágil: 1057503-1112-COT26",6
1057503-2108-AG26,Adquisición de Sistema de Clip para Hemostasia y Stent Biliar a compra ágil: 1057503-1113-COT26,6
1057503-2181-SE26,LIC 1057503-6-LP26 (Prog. Mayo),12
1057503-2281-AG26,LAPIZ MARCADOR PENTEL - 1057503-1252-COT26,6
1057503-2422-CM26,PROG INSUMOS CLÍNICOS MAYO,12
1057503-2424-SE26,LIC 1057503-117-LP25 (Prog. Mayo),12
1057503-2426-SE26,INSUMOS AUTOCLAVE PLASMA - MAYO,6
1057503-2427-CM26,PROG INSUMOS CLÍNICOS MAYO,12
1057508-1574-SE26,ATENCION PARTICIPANTES REUNION CIRA ABRIL,4
1057508-1704-AG26,Orden de Compra generada por invitación a compra ágil: 1057508-70-COT26,4
1057508-1705-SE26,CONVENIO TRASLADO RADIO TAXIS MES DE ABRIL,4
1057509-5340-SE26,ADQ. DE AMPOLLETAS (CONV-EQUIPOS-CCA),12
1057509-5355-SE26,ADQ. DE INSUMOS VENTILACION (LIC-EQUIPOS-CCA),12
1057509-5387-SE26,MC FABRICACION BASE METALICA PARA ESTANQUES DE AGUA TRATADA SERVICIO DE ESTERILIZACION (CONV-CRASI-CCA),6
1057509-5388-SE26,MC FABRICACION DE VAPOR MARMITA NRO.1 SERVICIO DE ALIMENTACION (CONV-CRASI-CCA),6
1057509-5410-SE26,"VALOQUIM EXTRA MAYO 2026(CN,LAB,NVS)",6
1057509-5414-SE26,CONSULTAS - IQ TOG AGOSTO 2025 (CONV-jrg)	,4
1057509-5418-AG26,"CUADRO PABELLON MAYO 2026_HALON5(CA,PSM)1057509-466-COT26",6
1057510-1778-AG26,INSUMOS EXTRA ENDOSCOPIA SC 633 (C.A. - FNB),6
1057510-1783-AG26,"INSUMOS OFICINA, MAYO 2026",6
1057511-648-SE26,FORMULARIOS MAYO 2026,4
1057514-180-CC26,SERVICIO PODOLOGIA ABRIL 2026 ,6
1057532-684-SE26,CC-RVM/Convenio de Movilización Ayekan/Abril 2026,6
1057532-688-SE26,F2-26-26-JOA/Adquisición insumos clinicos/COSAM RAHUE/ID 1057532-36-L126,4
1057532-689-SE26,F2-26-26-JOA/Adquisición insumos clinicos/COSAM RAHUE/ID 1057532-36-L126,4
1057532-709-AG26,F2-30-RVM-ADQUISICIÓN DE EEPP PARA FUNCIONARIOS DE DROGUERÍA - BODEGA GENERAL - BODEGA INVERSIONES DEL SSO,4
1057532-711-AG26,F2-98-26-JOA//Adquisicion test de embarazo//compra ágil: 1057532-179-COT26.,4
1057533-198-AG26,FSC- 78-DRO| ZAPATO DE SEGURIDAD UCA compra ágil: 1057533-97-COT26,6
1057536-1348-SE26,SERVICIO DE FLETES SSDR MES DE ABRIL DE 2026,6
1057536-1353-AG26,ADQUISICION DE EQUIPAMIENTOS PARA IMPLEMENTACION CENTRO DE SALUD CONTAO,6
1057536-1366-AG26,CARBAMAZEPINA 200 MG CM,6
1057536-1384-AG26,INSUMOS DE ASEO (ITEM PRESUPUESTARIO 2204007002),4
1057539-3429-CM26,Compra de Queso laminado y cremoso para Casino.,6
1057539-3529-SE26,INSUMOS MEDICOS ALMACEN MAYO/2026,6
1057539-3556-AG26,INSUMOS MEDICOS MAYO/2026,4
1057539-3557-AG26,INSUMOS MEDICOS MAYO/2026,4
1057539-3558-CM26,Orden de Compra: 1057539-3558-CM26/KWNSHV/LA0451526UKPY pasaje paciente,6
1057539-3559-CM26,INSUMOS MEDICOS MAYO/2026,4
1057539-3560-CM26,INSUMOS MEDICOS MAYO/2026,4
1057539-3561-CM26,INSUMOS MEDICOS MAYO/2026,4
1057540-557-CM26,CVE COMPRA DE FRUTAS Y VERDURAS MARZO Y ABRIL 2026,12
1057541-422-SE26,"OGB, OC DE 1057541-55-LE25 Mant. Correctiva Vent",6
1057543-801-CM26,Orden de Compra: 1057543-801-CM26,4
1057543-802-CM26,Orden de Compra: 1057543-802-CM26,5
1057543-804-CM26,Orden de Compra: 1057543-804-CM26,6
1057544-12889-SE25,COMPRA CARNES PAC AÑOC2025,12
1057544-14386-SE25,ORDEN DE COMPRA RENOVACION DESDE 1057544-210-LE23,12
1057544-7316-AG26,Orden de Compra generada por invitación a compra ágil: 1057544-107-COT26,12
1057544-7670-TD26,Orden de Compra generada por Trato Directo ID 1057544-57-FTD26,12
1057544-9258-AG26,Orden de Compra generada por invitación a compra ágil: 1057544-190-COT26,6
1057544-9270-SE26,ORDEN DE COMPRA DESDE 1057544-390-LP25	,12
1057544-9278-SE26,ORDEN DE COMPRA DESDE 1057544-247-LP25,12
1057544-9291-SE26,ORDEN DE COMPRA DESDE 1057544-144-LQ24,12
1057544-9323-SE26,ORDEN DE COMPRA DESDE 1057544-87-LE25	,12
1057545-492-AG26,MATERIALES DE OFICINA PARA STOCK DE BODEGA Orden de Compra generada por invitación a compra ágil: 1057545-72-COT26,6
1057545-496-SE26,SUMINISTRO DE AGUA PURIFICADA SSLR CHACABUCO 700	,12
1057547-4548-SE26,ORDEN DE COMPRA DESDE 1057547-356-LQ24 CONSIGNACIO,12
1057547-4591-SE26,ORDEN DE COMPRA DESDE 1057547-356-LQ24 CONSIGNACIO,12
1057547-5099-SE26,ORDEN DE COMPRA DESDE 1057547-111-LR24,12
1057547-5716-AG26,Orden de Compra generada por invitación a compra ágil: 1057547-721-COT26,12
1057547-6113-SE26,ORDEN DE COMPRA DESDE 1057547-468-LP25,12
1057547-6331-SE26,ORDEN DE COMPRA DESDE 1057547-155-LP25,12
1057547-6375-SE26,ORDEN DE COMPRA DESDE 1057547-343-LR24,12
1057547-6418-AG26,Orden de Compra generada por invitación a compra ágil: 1057547-945-COT26,12
1057547-6504-SE26,ORDEN DE COMPRA DESDE 1057547-110-LP25,12
1057547-6604-CM26,Orden de Compra: 1057547-6604-CM26,6
1057547-6640-SE26,ORDEN DE COMPRA DESDE 1057547-482-LE25,6
1057547-6719-SE26,ORDEN DE COMPRA DESDE 1057547-342-LQ22,6
1057547-6732-CM26,Orden de Compra: 1057547-6732-CM26,6
1057547-6786-SE26,ORDEN DE COMPRA DESDE 1057547-237-LQ24,6
1057547-6803-SE26,ORDEN DE COMPRA DESDE 1057547-213-LR24,4
1057547-6805-SE26,ORDEN DE COMPRA DESDE 1057547-251-LQ23,4
1057547-6807-SE26,ORDEN DE COMPRA DESDE 1057547-322-LQ25,4
1057547-6809-AG26,Orden de Compra generada por invitación a compra ágil: 1057547-1065-COT26,6
1057547-6812-SE26,ORDEN DE COMPRA DESDE 1057547-551-LQ23,6
1057548-415-AG26,Insumos endodoncia. Compra ágil: 1057548-219-COT26,6
1057549-211-SE26,RECARGA DE TARJETAS DE ALIMENTACIÓN FUNCIONARIOS REEMPLAZO ABRIL 2026  DESDE ID 1057545-40-LR24,6
1057551-212-SE26,FRUTAS Y VERDURAS LIC N°1057551-3-LE24,6
1057552-381-AG26,Orden de Compra generada por invitación a compra ágil: 1057552-219-COT26,6
1057605-4-SE26,SERVICIO DE QUIROPRAXIA Y MANICURA,5
1057822-7-AG26,EQUIPOS DE VIDEOCONFERENCIA PARA PROYECTO CONSERVACION PSIQUIATRIA HGGB,4
1057931-25-AG26,Orden de Compra generada por invitación a compra ágil: 1057931-24-COT26,6
1057979-40-AG26,Orden de Compra generada por invitación a compra ágil: 1057979-4-COT26,4
1058035-129-AG26,PREGABALINA 150 MG COMPRIMIDO RANURADO : 1058035-127-COT26,5
1058043-979-AG26,216-0061- MAGNESIO SULFATO 25% AM 5 ML,5
1058052-20-SE26,LP/TELEDERMATOLOGIA FR190-1 MAYO,4
1058052-21-SE26,LP/TELEDERMATOLOGIA FR190-1 MAYO,4
1058052-22-SE26,LP/SALUD MENTAL FR149-1 MAYO26,4
1058052-26-SE26,LP/PROG DE LA M UJER FR207-2 MAYO26,4
1058078-1528-AG26,Orden de Compra generada por invitación a compra ágil: 1058078-382-COT26,4
1058085-1093-SE26,MED 3002190042 POMALIDOMIDA 4 MG.,6
1058085-1096-SE26,3002198817	BENDAMUSTINA 25 MG POLVO PARA SOLUCIÓN ,6
1058086-2399-SE26,ORDEN DE COMPRA DESDE 1058086-15-LP26,6
1058087-273-AG26,SSA/PROGRAMA FARMACOS/MAYO 2026,6
1058087-287-AG26,SSA/PROGRAMA FARMACOS/MAYO 2026,6
1058088-180-SE26,PROGRAMA MAYO/DESDE 1058088-24-LP25; M01D0273 DAPAGLIFLOZINA 10 MG/COMPRA EXTRAORDINARIA POR NO CUMPLIMIENTO CENABAST - FAVOR DESPACHAR URGENTE.,6
1058090-635-SE26,"ABSORBENTE ANHIDRIDO CAL SODADA BIDON 4,5 KG",4
1058090-636-AG26,VALSARTAN SACUBITRILO 50 MG,4
1058094-748-AG26,LPR MEDICAMENTOS compra ágil: 1058094-721-COT26,6
1058094-749-AG26,LPR MEDICAMENTOS compra ágil: 1058094-727-COT26,5
1058094-751-AG26,EB MEDICAMENTOS,5
1058095-775-TD26,Orden de Compra generada por Trato Directo ID 1058095-39-FTD26,6
1058095-786-SE26,SCE 420105,6
1058095-788-SE26,REPOSICIÓN MEDICAMENTOS MAYO 2026 2,6
1058095-790-SE26,SCE 421221,6
1058097-553-AG26,Orden de Compra generada por invitación a compra ágil: 1058097-384-COT26,6
1058097-556-AG26,Orden de Compra generada por invitación a compra ágil: 1058097-395-COT26,6
1058102-404-CC26,FARMACIA MES DE MAYO(CONVENIO SSÑ-BODEGA-NAO),4
1058102-405-AG26,Orden de Compra generada por invitación a compra ágil: 1058102-212-COT26,5
1058128-990-AG26,KM 1140064 MODAFINILO 100 MG COMPRIMIDO 1058128-806-COT26,4
1058128-991-AG26,KM  1170023 LIDOCAINA 5G/100G PARCHE1058128-877-COT26,4
1058134-745-AG26,Orden de Compra generada por invitación a compra ágil: 1058134-161-COT26/EXTRA MARZO 2026.,12
1058141-695-AG26,(APM) PEDIDO EXTRA FRAMACIA PNH 17543 MELATONINA CM LP 2 MG ID: 1058141-621-COT26,6
1058141-704-AG26,(APM) INCUMPLIMIENTO CENABAST ABRIL FENITOINA SODICA AM 250 MG/5 ML ID: 1058141-636-COT26,12
1058141-707-AG26,(APM) INCUMPLIMIENTO CENABAST ABRIL COTRIMOXAZOL CM 800/160MG (FORTE) ID: 1058141-629-COT26,12
1058345-24-AG26,"Compra filtros mantención bus y cargador frontal municipal, memo n°069/2026 ",6
1058900-21-CM26,Orden de Compra: 1058900-21-CM26,12
1062448-1499-CM26,COMPRA DE INSUMOS MEDICOS,6
1062448-1501-SE26,SERVICIO DE IMPRENTA,4
1063535-6042-SE26,FARMACOS ABRIL,12
1063535-6053-SE26,FARMACOS ABRIL,12
1063535-6061-SE26,FARMACOS ABRIL,12
1063535-6088-SE26,FARMACOS ABRIL,12
1063535-6156-AG26,Orden de Compra generada por invitación a compra ágil: 1063535-192-COT26,12
1063535-6193-SE26,FARMACOS ABRIL,12
1063535-6199-SE26,FARMACOS ABRIL,12
1063535-6212-SE26,FARMACOS ABRIL,12
1063535-6215-SE26,FARMACOS MAYO,12
1063535-6218-SE26,FARMACOS MAYO,12
1063535-6219-SE26,FARMACOS MAYO,12
1063535-6220-SE26,FARMACOS MAYO,12
1063535-6223-AG26,Orden de Compra generada por invitación a compra ágil: 1063535-197-COT26,12
1063535-6228-SE26,FARMACOS MAYO,12
1063535-6229-SE26,FARMACOS MAYO,12
1063535-6230-SE26,FARMACOS MAYO,12
1063535-6231-AG26,Orden de Compra generada por invitación a compra ágil: 1063535-198-COT26,12
1063535-6232-SE26,FARMACOS MAYO,12
1063535-6234-SE26,FARMACOS MAYO,12
1063535-6235-SE26,FARMACOS MAYO,12
1063535-6237-SE26,FARMACOS MAYO,12
1063535-6238-AG26,Orden de Compra generada por invitación a compra ágil: 1063535-199-COT26,12
1063535-6240-AG26,Orden de Compra generada por invitación a compra ágil: 1063535-201-COT26,12
1063535-6244-SE26,FARMACOS MAYO,12
1063535-6245-SE26,FARMACOS MAYO,12
1063535-6247-SE26,FARMACOS MAYO,12
1063535-6248-SE26,FARMACOS MAYO,12
1063535-6250-SE26,FARMACOS MAYO,12
1063535-6252-AG26,Orden de Compra generada por invitación a compra ágil: 1063535-203-COT26,12
1063535-6254-AG26,Orden de Compra generada por invitación a compra ágil: 1063535-206-COT26,12
1063535-6260-SE26,FARMACOS MAYO,12
1063535-6265-SE26,FARMACOS MAYO,12
1063535-6268-SE26,FARMACOS MAYO,12
1063535-6269-SE26,FARMACOS MAYO,12
1063535-6293-SE26,FARMACOS MAYO,6
1063535-6310-SE26,FARMACOS MAYO,4
1063535-6312-SE26,FARMACOS MAYO,4
1063535-6313-SE26,FARMACOS MAYO,4
1063535-6314-SE26,FARMACOS MAYO,4
1063538-3670-SE26,ORDEN DE COMPRA DESDE 1063538-39-R125,6
1063538-3673-AG26,Orden de Compra generada por invitación a compra ágil: 1063538-881-COT26,4
1063538-3686-AG26,Orden de Compra generada por invitación a compra ágil: 1063538-1041-COT26,4
1063538-3710-SE26,ORDEN DE COMPRA DESDE 1063538-44-LP25,6
1063538-3711-AG26,Orden de Compra generada por invitación a compra ágil: 1063538-1023-COT26,6
1067355-170-AG26,"Venda acolchada y venda tubular, Servicios Clínicos.",12
1067355-192-AG26, esterilizacion - pinzas y tijera,6
1069417-449-AG26,TINTA Y YONER PARA CESFAM QUINCHAMALI compra ágil: 1069417-271-COT26,6
1069417-456-AG26, MATERIALES DE FERRETERÍA PARA CESFAM SOL DE ORIENTE-Orden de Compra generada por invitación a compra ágil: 1069417-341-COT26,6
1070331-29-CC26,JSR-SOL N°113-SERVICIOS ELIMINACION RESIDUOS CORRESPONDIENTE A FEBRERO 2026-DESDE 1031849-19-LE22 ,12
1070620-4361-AG26,RVC INSUMOS GENERALES - 1070620-1419-COT26,6
1070620-4402-SE26,"YJF- COMPRA PROGRAMA FARMACIA, MAYO 2026",6
1070620-4404-AG26,RVC INSUMOS PABELLON -1070620-1487-COT26,4
1070620-4405-SE26,SBZ - Programa Laboratorio MAYO,4
1070620-4408-AG26,RVC INSUMOS GENERALES - 1070620-1486-COT26,4
1071324-5-SE26,Medicamentos Hospital Santa Elisa.,12
1071324-7-SE26,"Hidrocortisona Succinato 100 MG, Polvo",12
1075337-7579-SE26,cpt Compra de Insumos clínicos para Esterilización (PAPEL CREPADO/HISOPO GASA NO ESTERIL/OTRO) pedido de Abril 2026 desde 1075337-40-LR24,6
1075337-8052-SE26,cpt Compra de Insumos clínicos (VENDA ELÁSTICA COHESIVA) Pedido de Mayo 2026 desde 1075337-18-LR24,6
1075339-392-SE26,cvc Compra de Fármacos ( METOXIPOLIETILENGLICOL EPOETINA ) Pedido Mayo 2026 desde 1075339-6-LR24,12
1075963-4786-SE26,stock bodega,12
1075963-5257-SE26,OC DESDE 1075963-154-LP25 SR: 230990,12
1075963-5382-CM26,Orden de Compra: 1075963-5382-CM26 SR: 230347,12
1075963-5425-SE26,ORDEN DE COMPRA DESDE 1075963-552-LR24 REORDEN,12
1075963-5446-SE26,stock bodega,12
1075963-5532-SE26,ORDEN DE COMPRA DESDE 1075963-443-LR25 ORIGINAL,12
1075963-5652-AG26,Orden de Compra generada por invitación a compra ágil: 1075963-613-COT26,12
1075963-5671-SE26,ORDEN DE COMPRA DESDE 1075963-150-LE26,12
1075963-5719-SE26,stock bodega,12
1075963-5770-SE26,ORDEN DE COMPRA DESDE 1075963-270-LR23,12
1075963-5797-SE26,ORDEN DE COMPRA DESDE 1075963-349-LE25,12
1075963-5800-SE26,stock bodega,12
1075963-5805-SE26,stock bodega,12
1075963-5811-SE26,stock bodega,12
1075963-5816-SE26,stock bodega,12
1075963-5818-SE26,stock bodega,12
1075963-5838-SE26,stock bodega,12
1075963-5894-SE26,OC DESDE 1075963-167-LQ24 R: 312955-312435,12
1075963-5914-SE26,stock bodega,12
1075963-5941-SE26,ORDEN DE COMPRA DESDE 1075963-99-LE24,12
1075963-5948-SE26,ORDEN DE COMPRA DESDE 1075963-552-LR24 REORDEN,12
1075963-5949-SE26,ORDEN DE COMPRA DESDE 1075963-552-LR24 REORDEN,12
1075963-5955-SE26,ORDEN DE COMPRA DESDE 1075963-123-LR25 R311917,12
1075963-5962-SE26,ORDEN DE COMPRA DESDE 1075963-588-LQ24 REORDEN,12
1075963-5973-SE26,ORDEN DE COMPRA DESDE 1075963-591-LQ23 REORDEN,12
1075963-5985-SE26,ORDEN DE COMPRA DESDE 1075963-115-LE26 REORDEN,12
1075963-5988-SE26,ORDEN DE COMPRA DESDE 1075963-133-LE26 REORDEN,12
1075963-6000-SE26,ORDEN DE COMPRA DESDE 1075963-460-LQ24 R313149,12
1075963-6004-SE26,ORDEN DE COMPRA DESDE 1075963-512-LR22 R312957,12
1075963-6005-SE26,ORDEN DE COMPRA DESDE 1075963-513-LR22 R313098,12
1075963-6008-AG26,Orden de Compra generada por invitación a compra ágil: 1075963-617-COT26,12
1075963-6015-SE26,ORDEN DE COMPRA DESDE 1075963-104-LE26 SR 231530,12
1075963-6017-SE26,ORDEN DE COMPRA DESDE 1075963-514-LR22 R313148,12
1075963-6018-SE26,ORDEN DE COMPRA DESDE 1075963-514-LR22 R312688 ,12
1075963-6065-SE26,ORDEN DE COMPRA DESDE 1075963-56-LE25,12
1075963-6076-SE26,stock bodega,12
1075963-6115-SE26,ORDEN DE COMPRA DESDE 1075963-270-LP25,12
1075963-6182-SE26,ORDEN DE COMPRA DESDE 1075963-116-LE26 SR 231574,12
1075963-6183-SE26,ORDEN DE COMPRA DESDE 1075963-455-LE25 SR 231844,12
1075963-6275-SE26,ORDEN DE COMPRA DESDE 1075963-149-LP25,6
1075963-6339-AG26,Orden de Compra generada por invitación a compra ágil: 1075963-661-COT26,4
1075963-6340-AG26,Orden de Compra generada por invitación a compra ágil: 1075963-660-COT26,4
1075963-6341-AG26,Orden de Compra generada por invitación a compra ágil: 1075963-669-COT26,4
1075963-6343-AG26,Orden de Compra generada por invitación a compra ágil: 1075963-676-COT26,5
1075963-6346-AG26,Orden de Compra generada por invitación a compra ágil: 1075963-665-COT26,4
1075963-6399-SE26,stock bodega,6
1075963-6422-CM26,Orden de Compra: 1075963-6422-CM26,6
1075963-6423-CM26,Orden de Compra: 1075963-6423-CM26,6
1076403-26-SE24,SLA_PC N°3374_GESTION DE PASAJES _Pasajes Internacionales y nacionales,12
1078078-1296-CM26,"SC 24071 - VIVIENDA DE EMERGENCIA - COMUNA DE CURANILAHUE, REGION DEL BIOBIO",6
1078177-281-AG26,ADQUISICIÓN DE MENAJE PARA LAS DISTINTAS UNIDADES DE LA PREF. MALLECO.,4
1078177-351-SE26,ADQUISICIÓN DE SERVICIO DE CAMBIO DE VENTANAS PARA EL RETÉN MELIPEUCO DEPENDIENTE DE LA PREFECTURA VILLARRICA. DESDE 1078177-15-LE26,6
1079445-271-AG26,ADQ. LETREROS CORPORATIVOS SIAT MAGALLANES 1079445-261-COT26,6
1079445-275-CM26,ADQ. 2.500 LT GAS RETEN AGUA FRESCA,6
1079486-74-CM26,"ADQUISICIÓN DE CARNES DE POLLO, CERDO, HORTALIZAS CONGELADAS, FIAMBRES Y EMBUTIDOS PARA LA COMISIÓN CASINO DE LA 3RA. COMISARÍA DE CARABINEROS VALLENAR.",6
1079563-18-AG26,"CONT. DE SERV. PARA RETIRO, TRANSPORTE Y ELIMINACIÓN DE RESIDUOS PARA LA SECCIÓN CRIMINALÍSTICA RANCAGUA, DEPENDIENTE DE LA PREF. CACHAPOAL A CONTAR DEL MES DE FEBRERO HASTA DICIEMBRE 2026",12
1079566-157-AG26,"SERVICIO DE INSTALACIÓN Y PUESTA EN MARCHA DE DOS MOTORES ELECTRICOS PARA PORTÓN, DESTINADOS A LA 4TA. COMISARÍA DE CARABINEROS TALCA",9
1079566-183-AG26,"ADQUISICIÓN DE TALONARIOS DE VENTA CRÉDITO, DESTINADOS A LA COMISIÓN FOMENTO DE LA 1RA. COMISARÍA DE CARABINEROS LINARES",6
1079566-186-SE26,"SERVICIO DE MANTENCION Y REPARACION DE LOS DESTACAMENTOS DE LA PREFECTURA LINARES, 5TA. COMISARIA SAN JAVIER, CENCO LINARES,  RETEN EL MELADO Y RETEN VARA GRUESA",6
1079576-392-CM26,"ADQUISICION DE BEBSTIBLES, PARA LA COMISION CANTINA DE LA 1RA. COMISARIA DE CONCEPCION, SEGUN D/E 252637167",4
1079639-251-AG26,SERVICIO DE MANTENCIÓN PARA VEHÍCULO FISCAL TGCD-90 DE PREFECTURA DE CARABINEROS LLANQUIHUE Nº25.,12
1079639-342-AG26,"ADQUISICIÓN DE NEUMÁTICOS PARA MOTOS POLICIALES M-373, M-374, M-377, M-378, M-383, M-384, M-387, M-388, M-391 Y M-392 DE SECCIÓN MOTORIZADA CENTAURO DE CARABINEROS PUERTO MONTT.",12
1079639-403-AG26,REPARACION DEL VEHICULO AP-2975 CARGO DE LA TENENCIA EL LIMITE 1079639-471-COT26,6
1079639-409-AG26,"ADQUISICIÓN INSUMOS, REPUESTOS Y ACCESORIOS COMPUTACIONALESLABOCAR PTO MONTT: 1079639-465-COT26",6
1079689-183-AG26," ADQUISICION CURSO PRESENCIAL "" FUNDAMENTOS PARA LA PREVENCION DEL CONSUMO PROBLEMÁTICO DE ALCOHOL Y DROGAS PARA PERSONAL DE CARABINEROS DE CHILE",4
1079689-184-AG26, ADQUISICION MATERIALES PARA INSTALACION DE MODULOS FRONTERIZOS DEPENDIENTE DE LA ZONA AYSEN.,4
1079866-184-AG26,ADQUISICIÓN DE SERVICIO DE MANTENIMIENTO Y REPARACIÓN PARA PORTON ESTACIONAMIENTO 8°COM COLINA Y 26° COM PUDAHUEL compra ágil: 1079866-134-COT26,6
1079967-237-AG26,Orden de Compra generada por invitación a compra ágil: 1079967-301-COT26/ADQUISICIÓN DE MERCADERÍA PARA EL CASINO DE LA 2DA. COMISARIA POZO ALMONTE,4
1080089-280-AG26,Orden de Compra generada por invitación a compra ágil: 1080089-71-COT26,6
1080093-43-AG26,Orden de Compra generada por invitación a compra ágil: 1080093-23-COT26,6
1080093-47-SE26,ASEO PRAIS ABR 2026 (1080095-12-LQ25),6
1080093-48-SE26,ASEO PROF. PRAIS ABR 2026 (1080095-12-LQ25),6
1084148-105-SE25,PTG - INT-2025-0087 - ANUAL - RESTO “ADQUISICIÓN SERVICIO DE ARRIENDO DE EQUIPOS DE IMPRESIÓN FOTOCOPIADO Y SERVICIOS ASOCIADOS PARA EDIFICIO NIVEL CENTRAL Y BODEGA DEL SLEP DE CHINCHORRO DE ARICA”.    DESDE LICITACIÓN 1084148-10-LE25,12
1084156-218-CM26,KG 29 P02 14557 GENERAL VARIOS DESBROZADORA,12
1084156-301-SE26,PJ 22 P02 GENERAL BIDONES DE AGUA PARA ESTABLECIMIENTOS MES DE MAYO,6
1084156-339-SE26,PJ 22 P01 BIDONES DE AGUA SLEPAS MES DE MAYO,6
1087-95-AG26,ADQUISICIÓN DE MATERIALES DE ASEO PARA EL PZD 1 Orden de Compra generada por invitación a compra ágil: 1087-85-COT26,6
1091793-109-AG26,Orden de Compra generada por invitación a compra ágil: 1091793-61-COT26,4
1091793-50-SE25,ARRIENDO DE IMPRESORAS 36 MESES,12
1095439-11-SE25,ORDEN DE COMPRA DESDE 1095439-12-LQ25,12
1100-16-TD25,Orden de Compra generada por Trato Directo ID 1100-4-FTD25,12
1110404-547-SE24,"MBS, SERVICIOS DE INTERNET DEDICADO PARA ESCUELA MANUEL RODRIGUEZ ERDOIZA, PERTENECIENTE AL SLEP CHINCHORRO",12
1121-43-AG26,Curso Servicio al Cliente desde compra ágil: 1121-23-COT26,6
1125-28-SE26,"Servicios de Ingeniería en Agronomía , ORDEN DE COMPRA DESDE 1125-2-LE26",6
1126922-515-AG26,RBD 10105001 PG95 FIEP ADQUISICION DE MINICOMPONENTES PARA JARDIN INFANTIL FRUTILLITA DE LA COMUNA DE FRUTILLAR,6
1126922-552-SE26,RBD 7977 SEP PG02 ADQUISICIÓN DE MATERIAL FUNGIBLE PARA ESCUELA RURAL LOS LINARES DE CASMA COMUNA FRUTILLAR,6
1126922-556-SE26,RBD 7968 FAEP PG02 LIMPIEZA FOSA PARA ESCUELA RURAL COLIGUAL SAN JUAN COMUNA LLANQUIHUE,6
1132470-18-SE26,IGA-P01-LP-SEGUROS,12
1137833-89-AG26,Orden de Compra generada por invitación a compra ágil: 1137833-69-COT26,4
1137833-90-AG26,Orden de Compra generada por invitación a compra ágil: 1137833-67-COT26,6
1137833-91-AG26,Orden de Compra generada por invitación a compra ágil: 1137833-68-COT26,4
1145-65-AG26,adquisición de elementos de protección personal para los mantenimientos de sistemas,12
1145-87-SE26,Adquisición de Cable Aeroportuario para ayudas visuales a nivel nacional,4
1153624-57-SE26,ORDEN DE COMPRA DESDE 1153624-2-LE24	,12
1158-53-AG26,Servicios de traslado y mantención automotriz para vehículo propio de oficina sectorial Antofagasta,6
1158-54-AG26,Servicios de cambio de iluminarias en oficina puerto de Antofagasta  oficina sectorial Antofagasta,6
1159-99-TD26,Orden de Compra generada por Trato Directo ID 1159-54-FTD26,6
1160-106-AG26,"8305 Instalación piso flotante, pintura y otros Oficina Agrícola SAG Mulchén, según  compra ágil 1160-49-COT26",6
1160-131-AG26,8301_Compra_Regional_ de Agujas_Orden de Compra generada por invitación a compra ágil: 1160-76-COT26,6
1162-70-CM26,Orden de Compra: 1162-70-CM26 COMBUSTIBLE    REGION DE MAGALLANES ,6
1165648-80-AG26,MATERIALES REPARACIÓN PISCINA sol N°267 ,6
1172239-54-AG26,CMA / P02 / CA / TINTAS JUAN FERNANDEZ,12
1173474-42-CM26,CET CCP LINARES COMPRA DE ABARROTES SOLICITADOS EN FOSOAD 71,6
1175-378-SE26,ORDEN DE COMPRA DESDE 1175-164-LP25,6
1177296-262-CC25,CC ARRIENDO DE IMPRESORAS 36 MESES,12
1186229-114-TD26,Orden de Compra generada por Trato Directo ID 1186229-13-FTD26,6
1191688-50-SE26,Adq. Mat. Áridos y Spp. Veg. Inter Av. P. Hurtado. ID 1191688-21-R126,6
1195-145-AG26,Orden de Compra generada por invitación a compra ágil: 1195-162-COT26,12
1195-259-AG26,Orden de Compra generada por invitación a compra ágil: 1195-269-COT26,6
1199-111-CM26,Orden de Compra: 1199-111-CM26,12
1200-101-AG26,REQ. 6.34-7.11- MANTENCIÓN DE TABLEROS ELÉCTRONICOS RECINTOS DEPORTIVOS-CDÑ-PUCÓN,6
1208129-241-CM26,RF MAIPÚ - ALIMENTACIÓN COMPLEMENTARIA,12
1208129-252-CM26,ARRULLO CARNES BLANCAS Y CONGELADOS TRIMESTRE MAYO A JULIO,6
1208129-42-CM26,U.E.F.A.A. - RECARGA AGUA PURIFICADA 2026,12
1208983-71-AG26,Adquisición Implementos Sala de Calma FAE,6
1208985-80-SE24,RFAT_Suministro Servicio de Hipoterapia,12
1209-73-AG26,SERVICIO DE COFFE BREAK SAC AMPLIADO ,6
1210674-28-CM26,CCD_Adquisición de Carnicería para Cread Casa Nacional 1er trimestre,12
1210674-32-CM26,frutas y verduras primer trimestre 2026 (casa nacional),12
1210674-33-CM26,Adquisición de frutas y verduras Saldo (primer trimestre 2026) casa nacional ,12
1211839-280-AG26,Orden de Compra generada por invitación a compra ágil: 1211839-168-COT26,6
1211922-1-AG26," GUR (N°1198) Contratación de servicio de traslado para actividades del Jardín Los Cisnes, con cargo a subvención VTF 2026",4
1211925-3-AG26,"BGI-661-Adquisición de Equipos Computacionales y menores para el Jardin VTF Dulce Nido, con cargo a Subvención JUNJI VTF. ",12
1211925-5-AG26," GUR (N°1058) Contratación de servicio de traslados para actividades de Jardín Dulce Nido, con cargo a subvención VTF",4
1211933-3-AG26," GUR (N°911) Solicitud de traslados para actividades de jardín El Parque, con cargo a subvencion VTF JUNJI 2026",4
1213002-196-AG26,Orden de Compra generada por invitación a compra ágil: 1213002-123-COT26,6
1213002-206-SE26,1213002-206-SE26 SERV EX. MED MARZO 2026 IMAG DIAG,4
1213444-182-AG26,"OPALINA, PORTA SCOTCH Y PILAS D 1213444-74-COT26",5
1214102-830-AG26,"RML/SP22 ORQUESTA JUVENIL - CUERDAS DE INSTRUMENTOS, ETC 1214102-441-COT26",6
1216085-497-SE25,"LICITACION ENFERMERIA, ORDEN DE COMPRA DESDE 1216085-40-LR25",12
1218393-162-SE26,Mantenciones preventivas de los equipos de la Categoría Telemedicina - Grupo 1 - Licitación 1057545-21-LR26,6
1219102-2-CM24,Servicio de Enlace y Comunicaciones para la Defensoría del Contribuyente,12
1221016-6342-CM26,Orden de Compra: 1221016-6342-CM26,5
1224953-310-CM26,Orden de Compra: 1224953-310-CM26,4
1224953-332-AG26,Orden de Compra generada por invitación a compra ágil: 1224953-177-COT26,4
1224974-47-AG26,ADQUISICIÓN DE NOTEBOOK Y ACCESORIOS COMPUTACIONALES,6
1227-121-SE26,MANT. VEHICULO FISCAL PPU VDSR98 - DRAI,6
1227-126-AG26,COMPRA DE ALCOHOL GEL DE LITRO CON DISPENSADOR - DRAI,6
1232366-52-SE26,ORDEN DE COMPRA DESDE 1232366-9-L126,6
1233613-105-TD26,Orden de Compra generada por Trato Directo ID 1233613-4-FTD26,12
1233613-116-SE26,SERVICIO DE TRANSPORTE DE RECORRIDO 2026 ESC PSG,12
1233613-124-SE26,SERVICIO DE TRANSPORTE DE RECORRIDO 2026 ESC ARTURO PRAT,12
1233613-385-SE26,SERV TRANSPORTE DE RECORRIDO-26 ESC DIECIOCHO DE SEPT,12
1233613-709-AG26,SERVICIO DE TRANSPORTE JORNADAS DE REFLEXIÓN,12
1233615-173-AG26,DMH [SOL-2026-00456] Insumo Cielo Americano - Escuela Baquedano Detalle de la cotización 1233615-31-COT26,12
1233615-339-CM26,JGS [INT-2026-00061] COMPUTADORES PROGRAMA 01 Orden de Compra: 1233615-339-CM26,12
1233615-608-AG26,DMH [SOL-2026-00580] CARRO DE CARGA PARA LICEO RAUL BROUSSAIN CAMPINO Detalle de la cotización 1233615-141-COT26,12
1233615-647-AG26,DMH [SOL-2026-00614] INSUMOS Y MATERIALES DE ENSEÑANZA LICEO RAUL BROUSSAIN CAMPINO Detalle de la cotización 1233615-154-COT26,12
1233615-663-AG26, JGS[SOL-2026-00377] SUMINISTRO PETRÓLEO ABRIL 2026/ ESCUELA COMANDANTE LUIS BRAVO. Orden de Compra generada por invitación a compra ágil: 1233615-155-COT26,12
1233615-675-SE26,DMH/SOL 00780/LICEO RAUL BROUSSAIN CAMPINO/MATERIALES DE ASEO/CONVENIO DE SUMINISTRO 1233615-11-LP26,12
1233615-719-CM26,DMH [SOL-2026-00363] SUMINISTRO GAS GRANEL ESCUELA LITORAL AUSTRAL - PUERTO AYSEN,12
1233615-757-AG26, PHA/SOL 856/COLACIONES TALLER ECUESTRE/ESC. NIEVES DEL SUR compra ágil: 1233615-219-COT26,4
1233619-572-AG26,MATERIAL DIDÁCTICO PIE ESCUELA PURISIMA CONCEPCIÓN DE POCILLAS P02,6
1233623-193-AG26,"Orden de Compra generada por invitación a compra ágil: 1233623-123-COT26. Materiales artísticos para la realización de murales en espacios comunes-Escuela Básica 21 de Mayo, RBD 239",6
1237328-212-AG26,Orden de Compra generada por invitación a compra ágil: 1237328-58-COT26./ PAÑOS MULTIUSO DESECHABLES / CGR N° 10420260003,4
1237328-213-AG26,Orden de Compra generada por invitación a compra ágil: 1237328-52-COT26. CGR Folio 2720260016.,4
1237853-71-SE26,SUMINISTRO DE MATERIALES DE CONSTRUCCIÓN PARA CORP,6
1238111-48-AG26,MATERIALES CONSTRUCCIÓN BAÑOS,6
1238111-50-AG26,LOMOS DE TORO Y PERNOS ANCLAJE,6
1238177-81-AG26, CONOS  DE SEÑALIZACION: 1238177-46-COT26,6
1239966-172-AG26,Orden de Compra generada por invitación a compra ágil: 1239966-222-COT26,6
1242126-35-SE26,ORDEN DE COMPRA DESDE 1242126-1-LE25,6
1245440-26-TD26,Orden de Compra generada por Trato Directo ID 1245440-1-FTD26,4
1250669-1-CM26,IGA-P90-CM-ALIMENTOS ,6
1251183-51-AG26,ADQUISICION DE OXIGENO MEDICINAL Orden de Compra generada por invitación a compra ágil: 1251183-52-COT26,6
1251954-46-AG26,Orden de Compra generada por invitación a compra ágil: 1251954-47-COT26,6
1260057-518-AG26,KIT CANULA TRAQUEOSTOMIA,12
1260057-537-CM26,TUBO TAPA GRIS 4 ML,6
1260-118-SE24,Arriendo Mantención Central Telefónica y Convenio DESDE 1260-11-LP24,12
1260-270-SE25,Servicio Guardias para Dependencias GORE RM DESDE 1260-44-LR25,12
1260-54-SE26,Estudio de Cargas de Trabajo y Dotación Óptima para el Gobierno de Santiago,6
1261-23-AG26,Orden de Compra generada por invitación a compra ágil: 1261-13-COT26,4
1261-24-AG26,LICENCIAS ANTIVIRUS ESET PROTECT ELITE,4
1267885-447-SE26,SALUD - ADQUISICIÓN FARMACOS FARMACIA COMUNAL ,6
1267885-449-SE26,SALUD - ADQUISICIÓN FARMACOS FARMACIA COMUNAL ,6
1267885-452-SE26,SALUD - ADQUISICIÓN FARMACOS FARMACIA COMUNAL ,6
1271356-63-AG26,MEMO 23/ IMPRESORA MULTIFUNCIONAL/ DIRESAL/ 1271356-52-COT26,6
1272223-39-CM26,COLINA I ABASTECIMIENTO DE ECONOMATO,6
1272260-14-AG26,ECONOMATO DEL C.C.P. DE TALCA FOSOAD N° 53 COMPRA ARTICULOS DE ASEO PARA ABASTECIMIENTO  compra ágil: 1272260-2-COT26,6
1272-2-TD26,Orden de Compra generada por Trato Directo ID 1272-1-FTD26,12
1274285-144-SE25,Servicio análisis histopatológico Sol N°60 - 1274285-10-LE25,12
1274285-166-SE25,Recetas Opticas y Desapcho de Lentes 1274285-14-LQ25,12
1274285-180-SE25,ORDEN DE COMPRA DESDE 1274285-21-LP25,12
1274285-231-SE25,Servicio exámenes Coagulación DESDE 1274285-27-LP25,12
1274285-295-SE25,Test reportado de Hemoglobina Glicosilada DESDE 1274285-32-LQ25,12
1274285-332-SE25,Servicio de reactivo Quimico Clinico y Hormonas con Equipamiento   DESDE 1274285-30-LR25,12
1274907-217-TD26,Orden de Compra generada por Trato Directo ID 1274907-89-FTD26,4
1287083-21-AG26,Solicitud I-004 Orden de Compra generada por invitación a compra ágil: 1287083-24-COT26,4
1288-232-AG26,FCB AMPLIACION ALMACENAMIENTO SERVIDORES,12
1288505-42-AG26,COMPRA DE MATERIALES DE OFICINA PARA DIRECCIÓN REGIONAL DE MAGALLANES 1288505-23-COT26,12
1288505-60-AG26,compra ágil: 1288505-46-COT26 PCI,4
1298355-359-AG26,Orden de Compra generada por invitación a compra ágil: 1298355-496-COT26,6
1305543-7-SE26,P01-CJS- ARRIENDO DE IMPRESORAS,12
1306643-179-AG26, ADS. CAMARA RETINAL PORTATIL  -  EXP  5572/2026,9
1344159-3-AG26,VIAJE VISISTA PARA ESTUDIENTES -PRFE a compra ágil: 1344159-7-COT26,4
1346279-10-CM26,P02 ADQUISICION DE CONGELADOS 1er CUATRIMESTRE CENTRO IP IRC ARICA,12
1346279-6-CM26,P02 ADQUISICION DE CARNES 1er CUATRIMESTRE IP IRC ARICA,12
1346279-8-CM26,P02 ADQUISICION DE VERDURAS/FRUTAS 1er CUATRIMESTRE CENTRO IP IRC ARICA,12
1346282-193-CM26,ALIMENTOS PARA PERSONAS (CARNES Y EMBUTIDOS IP IRC) ,6
1347870-29-CM26,"ADQ. INSUMOS ODONTOLOGICOS, MEMO 162, CONVENIO RES.3153",6
1350296-614-SE26,CON/ Test para chequeo de sellado; ID 1350296-46-LR25; FR 2024-1665-M-40; 6DH; MES ABRIL 2026,6
1350296-840-CM26,"ADQ/""ADQUISICIÓN DE VERDURAS PARA UNIDAD DE ALIMENTACION Y SERVICIO DIETETICO DE LECHE PARA HOSPITAL DE ALTO HOSPICIO; FR2026-255; 2DH",6
1357605-63-AG26,ADQUISICION DE MATERIALES 1357605-49-COT26,6
1359575-101-SE26,Se requiere CO2 Gaseoso Puro y N Gaseoso ultrapuro,6
1366597-1061-TD26,Orden de Compra generada por Trato Directo ID 1366597-392-FTD26,12
1366597-1080-SE26,JAR-RECETARIO NUTRICION PARENTAL (NPT) DEP11 ABRIL 2026,12
1366597-1089-SE26,JAR-PATAGONIA SOSTENIBLE DEP50 ABRIL 2026,12
1366597-1106-TD26,Orden de Compra generada por Trato Directo ID 1366597-622-FTD25,12
1366597-1110-SE26,JAR-AMBULANCIAS PATAGONIA-H. DIA DEP57-ABRIL 2026,12
1366597-1111-SE26,JAR-RECETARIO MAGISTRAL (QMT) DEP11 ABRIL 2026,12
1366597-151-TD26,Orden de Compra generada por Trato Directo ID 1366597-662-FTD25,12
1366597-3542-TD25,Orden de Compra generada por Trato Directo ID 1366597-1225-FTD25,12
1366597-3543-TD25,Orden de Compra generada por Trato Directo ID 1366597-1225-FTD25,12
1366597-3545-TD25,Orden de Compra generada por Trato Directo ID 1366597-1225-FTD25,12
1366597-3966-TD25,Orden de Compra generada por Trato Directo ID 1366597-1273-FTD25,12
1366597-4179-TD25,Orden de Compra generada por Trato Directo ID 1366597-1225-FTD25,12
1366597-880-TD26,Orden de Compra generada por Trato Directo ID 1366597-620-FTD25,12
1375754-12-AG25,Servicio de Arriendo de purificador de agua,12
1380-5112-AG26,Orden de Compra generada por invitación a compra ágil: 1380-2069-COT26,6
1380-5570-TD26,Orden de Compra generada por Trato Directo ID 1380-896-FTD26,6
1380-5600-SE26,ORDEN DE COMPRA DESDE 1380-200-LQ25,12
1380-5604-SE26,ORDEN DE COMPRA DESDE 1380-200-LQ25,12
1380-5973-TD26,Orden de Compra generada por Trato Directo ID 1380-968-FTD26,12
1380-6005-AG26,Orden de Compra generada por invitación a compra ágil: 1380-2486-COT26,6
1380-6046-SE26,ORDEN DE COMPRA DESDE 1380-181-LE25,4
1380-6081-SE26,ORDEN DE COMPRA DESDE 1380-120-LP25,4
1380-6111-AG26,Orden de Compra generada por invitación a compra ágil: 1380-2493-COT26,4
1380-6113-CM26,RESOL.EXENTA 6944 STOCK ABARROTES,6
1380-6114-CM26,RESOL 6945 TOALLA DE PAPEL CLINIC,6
1380-6117-AG26,Orden de Compra generada por invitación a compra ágil: 1380-2433-COT26,6
1380-6122-CM26,Orden de Compra: 1380-6122-CM26,6
1380-6134-AG26,Orden de Compra generada por invitación a compra ágil: 1380-2505-COT26,5
1380-6139-SE26,ORDEN DE COMPRA DESDE 1380-265-LQ25,6
1380-6144-CM26,Orden de Compra: 1380-6144-CM26,6
1380-6153-SE26,ORDEN DE COMPRA DESDE 1380-335-LP25,6
1380-6159-SE26,"RESOL. EXENTA°7033, FRESAS PARA CRANEOTOMO / PABELLON QUIRURGICO REF. CLAUDIA DUARTE. ",4
1380-6160-AG26,Orden de Compra generada por invitación a compra ágil: 1380-2515-COT26,4
1380-6173-SE26,ORDEN DE COMPRA DESDE 1380-216-LE24,4
1380-6174-AG26,Orden de Compra generada por invitación a compra ágil: 1380-2514-COT26,4
1380-6175-SE26,ORDEN DE COMPRA DESDE 1380-327-LE25,4
1380-6177-SE26,ORDEN DE COMPRA DESDE 1380-254-LE25,4
1388961-356-SE26,Servicio Gestión Judicial Penal y Operativa,12
1388961-365-TD26,Orden de Compra generada por Trato Directo ID 1388961-2-FTD26,12
1388961-366-SE26,SERVICIO DE ARRIENDO DE CILINDROS,12
1388961-368-SE26,Sanitización y Desratización-marzo,12
1389488-207-TD26,Orden de Compra generada por Trato Directo ID 1389488-59-FTD26,12
1391-842-CM26,CCP MOLINA FOSOAD N°47 COMPRA POLLO Y EMBUTIDOS PARA SS. DE ALIMENTACIÓN,6
1395865-75-AG26,ADQUISICIÓN TÓNER  IMPRESORAS HP 410A LÁSER JET,6
1398-566-AG26,Orden de Compra generada por invitación a compra ágil: 1398-209-COT26,6
1401-15-SE26,SIRE 85 SIC 131 MANTENCION CAMIONETA GYWD48 RNLF F:12-4,12
1402-167-AG26,"O.C. Traslado y Mantencion Compresor Aire Acondicionado, (compra ágil: 1402-68-COT26)",12
1402-211-AG26,"Adquisicion de Articulos de Oficina, CRS San Fernando,Orden de Compra generada por invitación a compra ágil: 1402-86-COT26",4
1403-327-CM26,ADQUISICIÓN GAS GRANEL PARA CCP COYHAIQUE,4
1409550-52-SE26,ORDEN DE COMPRA DESDE 1409550-1-LP25,6
1411-1098-CM26,CPF SAN MIGUEL ADQ. DE FRUTAS Y VERDURAS.,12
1411-1111-CM26,CPF SAN MIGUEL ADQ. DE ABARROTES.,12
1411-1347-TD26,Orden de Compra generada por Trato Directo ID 1411-19-FTD26,4
1411-1360-CM26,COLINA 1 COMPRA PARA ENTREGA PARCIALIZADA EN MES DE MAYO 2026,6
14-139-SE26,P02// SERVICIO DE RADIOTAXI -ABRIL 2026 - PROYECTO CENSO,6
14-140-SE26,P01// SERVICIO DE RADIOTAXI -ABRIL 2026 - PROYECTO EPF,6
14-141-SE26,P01// SERVICIO DE RADIOTAXI -ABRIL 2026 - PROYECTO IPC,6
14-142-SE26,P01// SERVICIO DE RADIOTAXI -ABRIL 2026 - PROYECTO IPP,6
14-143-SE26,P01// SERVICIO DE RADIOTAXI -ABRIL 2026 - PROYECTO NORMAL,6
1415855-2-SE26,SUB 23 RENV DE CTTO SER PRESTACIONES MÉDICAS PARA PACIENTES DEL INSTITUTO DE SEGURIDAD LABORAL EN LA REGIÓN METROPOLITANA PROVENIENTE DE LA LICITACIÓN  ID 1778-50-LR22 - RES 044 -2025,12
1415855-41-SE25,ST23 AMPLIACIÓN DE SERVICIOS DE CUIDADOS DOMICILIARIOS PARA PACIENTES BENEFICIARIOS DEL ISL (LÍNEA 1-ZONA  NORTE Y CENTRO NORTE) LP 1778-15-LR23,12
1417913-312-SE26,ADQ/ INSUMOS MÉDICOS/ SEGÚN MEMO N°4546,4
1420-10-AG26,Materiales de Aseos para Prog PEE Conaf Linares,12
1420-6-CM26,Arriendo de Camioneta Prg PEE Mar - Jul 2026 Conaf Linares,12
1422824-1360-AG26,(ETL)1422824-770-COT26 ESPECULOS DESECHABLES S [ 3400021] PARA ESTERILIZACION,6
1422824-143-SE26,(FCR)1422824-22-LR25 SET DE ADMINISTRACIÓN TOTM,12
1422824-1451-AG26,(RPB) - 1422824-915-COT26 - SET DRENAJE EXTERNO 8 FR VENTRICULAR 1.3 MM X 2.5 - SET DE DRENAJE LUMBAR EXTERNO CATÉTER 80 CM (GRIS),6
1422824-1452-AG26,(RPB)-1422824-922-COT26-HEMOSTATICO DE FLUIDO DE GELATINA CON TROMBINA HUMANA,6
1422824-1456-SE26,(RMM)1057554-14-LE22 REQUERIMIENTO INSUMOS CA CU MAYO 2026,4
1422824-1457-SE26,(LER) ALCOHOL ISOPROPILICO STOCK PARA 3 MESES,4
1422824-764-SE26,(LER) TOALLAS ESPECIALES STOCK PARA 6 MESES,12
1422825-353-CM26,(LER) POSTRES Y LACTEOS REFRIGERADOS FEBRERO,12
1422825-928-AG26,(LGM) DISCO SSD 480-960GB PNH N°17260.,6
1422825-949-AG26, (MTT) SWICH PARA PANEL FRONTAL CUNA DE PROCEDIMIENTO - HCVB - 1422825-642-COT26,4
1422825-951-AG26,(mtt) CONTENEDOR DE RESIDUOS PELIGROSOS PARA AUTOMATIZADOR - HCVB - 1422825-648-COT26,4
1423-11-AG26,Orden de Compra generada por invitación a compra ágil: 1423-10-COT26,4
1423498-70-AG26,Timbre Pakari Orden de Compra generada por invitación a compra ágil: 1423498-23-COT26,4
1430707-1839-SE26,INSUMO STOCK MAYO 2026,4
1430707-1842-AG26,INSUMO STOCK MAYO 2026,6
1430715-102-AG26,Orden de Compra generada por invitación a compra ágil: 1430715-160-COT26,6
1431841-416-AG26,OC N° 124 SM 45844 DIDECO  CENTRO DIURNO apikett@recoleta.cl artículos para instalación de internet ,6
1432083-1003-AG26,"CC,RBD7030,SOL1737,GENERAL,MATERIALES DE ASEO PARA LA ESCUELA RURAL LAS COLORADAS DE CORRAL,2204007 Orden de Compra generada por invitación a compra ágil: 1432083-541-COT26",6
1432083-729-TD26,Orden de Compra generada por Trato Directo ID 1432083-71-FTD26,12
1432083-917-AG26,"EDG, VARIOS RBD´S, GENERAL, TRANSPORTE EVALUACIONES MEDICAS, CORRAL, 06-05-2026",12
1432083-920-AG26,"EDG, VARIOS RBD´S, GENERAL, TRANSPORTE PARA OPERATIVO MÉDICO, CORRAL, 08-05-2026",12
1432083-922-AG26," EDG, VARIOS RBD´S, GENERAL, COLACIONES PARA OPERATIVO MEDICO, LOS LAGOS, 06-05-2026",12
1432083-979-AG26,"DC, RBD 6852, SC 1037, ADQ. RACK Y CUBREPISO 2204012: 1432083-511-COT26",6
1432083-993-AG26,"CSF, RBD 6929, SC 1918, SUBGENERAL, ESTUFAS A GAS, 29-04-999, LICEO BICENTENARIO ALBERTO BLEST GANA DE LOS LAGOS, cot C.AG.: 1432083-526-COT26",4
1445908-49-AG26,Orden de Compra generada por invitación a compra ágil: 1445908-49-COT26,6
1460278-155-AG26,Compra de Materiales Reposición Bodetga 1460278-140-COT26,6
1461054-155-AG26,ADQUISICIÓN DE DE SACOS DE ARENA CON DESPACHO PARA LOS SIGUIENTES ESTABLECIMIENTOS EDUCACIONALES Y JARDINES INFANTILES UBICADOS EN LA COMUNAS DE LA SERENA Y VICUÑA Y PAIHUANO  Orden de Compra generada por invitación a compra ágil: 1461054-130-COT26,6
1461054-166-AG26,ADQUISICION TATAMI COLEGIO ARTURO PRAT CHACHON  compra ágil: 1461054-155-COT26,4
1461054-167-AG26,ADQUISICION TEXTOS CUENTO Y MAT. DIDACTICOS PARA COLEIGO ARTURO PRAT CHACON- compra ágil: 1461054-148-COT26,4
1461054-169-AG26,ADQUISICIÓN DE MEDIDOR DE CLORO LIBRE Y REACTIVOS PARA DIFERENTES ESTABLECIMEINTOS EDUCACIONALES  Orden de Compra generada por invitación a compra ágil: 1461054-157-COT26,4
1464-683-AG26,"ADQUISICION CORTINAS CLINICAS, SERVICIO DE URGENCIAS, HOSPITAL DE PARRAL 2026					",4
1464-684-CC26,"SERVICIO DE EMISION DE LME DESDE EL 31/03/2026 AL 29/04/2026 HOSPITAL DE PARRAL, DE ACUERDO A COMPRA COORDINADA N°5401-1-LE23, PREFACTURA N°157270.",4
1465-185-AG26,AG CALEFACTORES ELECTRICOS BAJO CONSUMO ,4
1465-188-CM26,CM GAS GRANEL CENTRAL ALIMENTOS 500 LTS,6
1469-1145-AG26,2-41313 Orden de Compra generada por invitación a compra ágil: 1469-1222-COT26,6
1469-1158-AG26,2-41154 Orden de Compra generada por invitación a compra ágil: 1469-1090-COT26,6
1477751-17-SE26,CONVENIO SUMINISTRO ART DE ASEO ESCRITORIO Y CAFET,6
1479-54-TD26,Orden de Compra generada por Trato Directo ID 1479-9-FTD26,4
1480972-172-AG26,P02 -CLN-RBD 1464-8- LIBROS DE REGISTRO LICEO DE LIMACHE,6
1487-63-TD26,Orden de Compra generada por Trato Directo ID 1487-3-FTD26,12
1488-659-TD26,Orden de Compra generada por Trato Directo ID 1488-150-FTD26,6
1491370-34-AG26,Adquisición de Licencias Anuales de Inteligencia Artificial Avanzada para Uso Profesional (50131) a compra ágil: 1491370-32-COT26,4
1493-312-AG26,ADBLUE Y ACEITE HIDRAULICO PARA 4 CAMIONES RECOLECTORES DE RESIDUOS DOMICILIARIOS Orden de Compra generada por invitación a compra ágil: 1493-248-COT26,6
1493-315-AG26,REPARACION RETROEXCAVADORA JOHN DEERE 310 SJ 2016 HYHB-94 Orden de Compra generada por invitación a compra ágil: 1493-252-COT26,6
1494998-9-AG26,PROVISIÓN E INSTALACIÓN DE CALEFACTORES A PELLET PARA LA DIRECCIÓN REGIONAL DE AYSÉN DEL SERVICIO DE BIODIVERSIDAD Y ÁREAS PROTEGIDAS (SBAP)1494998-14-COT26,4
1495199-9-AG26," ARRIENDO DE UN DISPENSADOR DE AGUA PURIFICADA FRÍA Y CALIENTE, POR UN PERÍODO DE 36 MESES DR TARAPACA 1495199-11-COT26",6
1499-1366-SE26,JGS PROGRAMACION HEMODINAMIA MARZO,12
1499-2180-SE26,JGS PROGRAMACION HEMODINAMIA ,12
1499-2194-SE26,AOH Insumos Pabellon,12
1499-2220-SE26,RSS PAQUETE HEMODINAMIA ,12
1499-2509-SE26,EML Insumos de Pabellon,12
1499-2521-SE26,EML INSUMOS DE PABELLON,12
1499-2524-AG26,JGS BOLSA ESTERILES (NUTRICION),12
1499-2531-TD26,Orden de Compra generada por Trato Directo ID 1499-6-FTD25,12
1499-2553-AG26,RSS KIT GASTROSTOMÍA X compra ágil: 1499-239-COT26,12
1499-2558-AG26,RSS TEZEPELUMAB (FARMACIA) X compra ágil: 1499-241-COT26,12
1499-2568-SE26,JGS AMBRISENTAN (FARMACIA),12
1499-2569-SE26,JGS BANATROL PLUS,12
1499-2572-SE26,JGS ENSURE,12
1499-2578-SE26,RSS SOLUCIÓN CARDIOPLEGIA (FARMACIA),12
1499-2581-SE26,RSS TREPROSTINIL (FARMACIA),12
1499-2582-SE26,RSS VASOPRESINA (FARMACIA),12
1499-2586-SE26,EML INSUMOS DE PABELLON,12
1499-2593-SE26,JGS MEDICAMENTO,12
1499-2595-SE26,JGS ISOSORBIDE,12
1499-2596-TD26,Orden de Compra generada por Trato Directo ID 1499-187-FTD25,12
1499-2597-SE26,MCP INSUMOS DE PABELLON,12
1499-2598-SE26,JGS KETOPROFENO (FARMACIA),12
1499-2609-SE26,RSS DRENAJE TORAXICO SINAPI 1000 ML,12
1499-2630-SE26,MCP ARRIENDO EQUIPOS IMPRESORAS (13/36),6
1499-465-SE26,PROGRAMACION HEMODINAMIA,12
1499-806-TD26,Orden de Compra generada por Trato Directo ID 1499-170-FTD25,12
1499-9819-CM25,Orden de Compra generada por la Gran Compra: 77374,12
1501721-37-AG26,Orden de Compra generada por invitación a compra ágil: 1501721-26-COT26(evaluaciones pie),9
1505-17-TD26,Orden de Compra generada por Trato Directo ID 1505-4-FTD26,6
1506668-88-AG26,SERVICIO DE JUEGOS DE ENTRETENCIÓN,6
1506668-89-AG26,SERVICIO DE PRODUCCIÓN DE EVENTO DÍA DEL ALUMNO LUIS CRUZ MARTINEZ,6
1511-581-CM26,OC. FORMULAS NUTRICIONAL PARA PACIENTES DE PROGRAMA CUIDADOS PALIATIVOS Y PACIENTES HOSPITALIZADOS EN HOSPITAL DE CONSTITUCION.  ,6
1514-1858-AG26,Orden de Compra generada por invitación a compra ágil: 1514-228-COT26,6
1523-871-SE26,LIC.1523-108-LQ23 TRABAJOS DENTALES ,4
1523-908-SE26,LIC.1523-108-LQ23 TRABAJOS DENTALES,4
1523-920-SE26,LIC.1523-6-LQ25 SALA CUNA MARZO,6
1529-142-AG26,Adquisición contención pediátrica,6
1536-105-AG26,Orden de Compra generada por invitación a compra ágil: 1536-63-COT26,4
1540-1096-SE26,"1540-168-LE25 CONVENIO DE SUMINISTRO BOLSAS DE BASURA, PERIODO 1 MES, ABRIL 2026, ASEO, REAS, BODEGAS GENERALES",6
1540-1164-SE26,"1540-28-LE26, CONVENIO DE SUMINISTRO DE NEUMATICOS CON Y SIN CLAVOS, MAYO 2026, MOVILIZACION",6
1549-118-AG26,850-0318 PLACA MED. BLOQ. DVR DER // 850-0050 TOR. NO BLOQ. DVR 2.7X16MM // 850-0098 TORN. BLOQ. DVR 2.7 X 18MM // 850-0402 TORN. MULTIDIRECCIONAL DVR 2.7X15MM/ 850-0338 AGUJA KIRSCHENER DVR 1.6 MM: 1549-29-COT26,12
1549-119-AG26, 850-0318 PLACA MED. BLOQ. DVR DER // 850-0050 TOR. NO BLOQ. DVR 2.7X16MM // 850-0098 TORN. BLOQ. DVR 2.7 X 18MM // 850-0402 TORN. MULTIDIRECCIONAL DVR 2.7X15MM/ 850-0338 AGUJA KIRSCHENER DVR 1.6 MM 1549-30-COT26,12
1549-120-AG26, 850-0318 PLACA MED. BLOQ. DVR DER // 850-0050 TOR. NO BLOQ. DVR 2.7X16MM // 850-0098 TORN. BLOQ. DVR 2.7 X 18MM // 850-0402 TORN. MULTIDIRECCIONAL DVR 2.7X15MM/ 850-0338 AGUJA KIRSCHENER DVR 1.6 MM 1549-31-COT26,12
1549-1816-CM26,347-2933 SIST DRENAJ TORAX RN TIPO AQUA SEAL,12
1549-1900-CM26,PAC ANUAL (225-9035) 	CINTA ADHESIVA BEIGE. LEUKOPLAST 5CM X 5MTS,12
1549-1971-AG26,"PAC/ MENOR A 100 UTM. SE SOLICITA COD.102-1585 BOLSA T/30X40 35 MICRAS,  1549-1843-COT26",6
1549-1972-AG26,"PAC/ MENOR A 100 UTM. SE SOLICITA COD.102-1615 BOLSA T/90X110 60 MICRAS VIRGEN,  1549-1844-COT26",6
1549-1973-AG26,"PAC/ MENOR A 100 UTM. SE SOLICITA COD.102-1600 BOLSA T/8X15 35 MICRAS/ 102-1620 BOLSA TRANSP.12CMSX2MTS 0.6 MICRA,  1549-1845-COT26",6
1549-2056-AG26,PAC <100 UTM MIDAZOLAM 5MG/1ML AM  DESPACHO TOTAL 1549-1862-COT26,4
1549-2063-AG26,"EXT/MENOR A 100 UTM, SE SOLICITA MANTENIMIENTO CORRECTIVO PARA 01 ECOGRAFO PHILIPS CX50 1549-1949-COT26",6
1549-2064-AG26," EXT/MENOR A 100 UTM, SE SOLICITA SUMINISTRO E INSTALACION DE 04 AMPOLLETAS DE XENON PARA TORRE DE LAPARASCOPIA 1549-1836-COT26",6
1549-3720-SE25,1549-45-LP23 ADQUISICIÓN DE BOLSAS DE ASPIRACIÓN P,12
1554-569-TD26,Orden de Compra generada por Trato Directo ID 1554-420-FTD25,12
1554-837-AG26,REQUERIMIENTO DESINCRUSTANTE ACIDO PARA EQUIPOS INDUSTRIALES  1554-247-COT26,4
1554-848-TD26,Orden de Compra generada por Trato Directo ID 1554-106-FTD26,6
1554-849-TD26,Orden de Compra generada por Trato Directo ID 1554-107-FTD26,6
1555-1733-SE26,PLACAS DE BACTERIOLOGIA,6
1555-1854-AG26, ACIDO POLIGLICOLICO 3/0 C/AG 17 CIR,6
1555-1855-AG26,TUBO DE CULTIVO CON MEDIO DE CULTIVO,6
1557-148-AG26,Orden de Compra generada por invitación a compra ágil: 1557-50-COT26,6
1559-372-SE26,"SUMINISTRO DE NUTRICIONES PARENTERALES DOMICILIO ENERO 2026 ID 1559-69-LR23 (LC,FARM,220400400102,CBO)",12
1562-402-SE24,E1O2RT9 SERVICIO DE TRANSPORTE DE PASAJEROS RADIOTAXI ORDEN DE COMPRA DESDE 1562-40-LE24,12
1563-1-SE26,(E1O2RT9) Servicio de Aseo Periodo ENE-DIC 2026,12
1572-12-CM26,MATERIAL DE OFICINA PROGRAMA 4 JUNI ARICA Y PARINACOTA,12
1606-169-SE26,SIC15/60/2026 CAMBIO DE PASAJES CIBERSEGURIDAD,6
162-146-SE26,ORDEN DE COMPRA DESDE 162-3-LE26,12
1622-628-CC26,CINTA REACTIVA MONITOREO TP/INR PARA HOSPITAL SAN VICENTE ,6
162-305-SE24,Sistema Gestión Electrónica Filas,12
1623-196-AG26,"Alimentos CHCC, compra ágil: 1623-151-COT26",6
1627-644-CM26,Orden de Compra: 1627-644-CM26,4
1627-645-SE26,MICROBIOPLOGIA 1627-2-LR23,6
1627-648-AG26,Orden de Compra generada por invitación a compra ágil: 1627-247-COT26,6
1638-250-AG26,Orden de Compra generada por invitación a compra ágil: 1638-347-COT26 ADQUISICION DE ARTICULOS DE OFICINA PARA PROGRAMA MEJORAMIENTO QUINTA LOS CHAÑARES SM1208,6
1641-13943-SE26,MOC/ENERO 2026 LIC.1641-373-LR24 /DETERMINACIONES QUIMIOLUMI ,12
1641-13953-SE26,MOC/ ENERO 2026 DETER. CV DE VIH CMV VHB VHC 164,12
1641-13954-SE26,MOC/ ENERO 2026 DETER QUIM. CLINICA Y DETERMINACI,12
1641-13956-SE26,MOC/ENERO 2026 LIC.1641-330-LQ24/DETERMINACION HEM,12
1641-14044-SE26,MHV/1641-395-LP25/SER.DE APOYO TEC./PER.MAR.26,12
1641-14077-SE26,MHV/558-LP25/SER.DE APOYO PROFESIONAL/PER.MAR.26,12
1641-14090-SE26,MOC/ FEBRERO 2026 EXAMENES DE ELECTROFORESIS INM,12
1641-14171-AG26,MOC/PROGR MAYO 2026 Orden de Compra generada por invitación a compra ágil: 1641-2557-COT26,6
1641-14175-AG26,MVU/2026 - PROGRMA MAYO 2026 -a compra ágil: 1641-2534-COT26 - KIT CATETER TRANSITORIO 20 CM.,12
1641-14176-AG26,MVU/2026 - PROGRAMA MAYO 2026 - a compra ágil: 1641-2530-COT26 - KIT CATETER TUNELIZADO 19 CM.,12
1641-14177-AG26,MVU/2026 - PROGRAMA MAYO 2026 - a compra ágil: 1641-2535-COT26 - KIT CATETER TUNELIZADO 23 CM.,12
1641-14196-AG26,MVU/2026 - PROGRAMA MAYO 2026 - a compra ágil: 1641-2406-COT26 - TULL CON PLATA 10X12 CMS.,12
1641-14209-AG26,MVU/2026 - PROGRAMA MAYO 2026 - a compra ágil: 1641-2374-COT26 - PASTA DE HIDROCOLOIDE CON ALCOHO.,12
1641-14263-SE26,MOC/PROG MAYO 2026BALON DE DILATACION ESOFAGICA ID 1641-192-lr22,6
1641-14413-AG26,MOC/PROGR MAYO 2026 Orden de Compra generada por invitación a compra ágil: 1641-2450-COT26,6
1641-14434-AG26,MOC/PROGR MAYO 2026 Orden de Compra generada por invitación a compra ágil: 1641-2662-COT26,6
1641-9472-TD26,Orden de Compra generada por Trato Directo ID 1641-119-FTD26,4
1642-433-SE26,"COMPRA MENSUAL FRUTAS, VERDURAS, LÁCTEOS Y PAN DE MOLDE_COMPRA PAC_CMV_DESDE 1642-12-LE26",4
1643-1112-AG26,Adquisición de Guantes Quirúrgicos de Látex N°8 1/2 con Despacho Incluido: 1643-559-COT26,4
1643-1114-AG26,Adquisición de Equipo Aspiración Continua 10FR con Despacho Incluido: 1643-557-COT26,4
1643-1119-SE26,"Suministro De Bolsa Y Placa De Ostomía Mayo, Lic.1643-120-LE25",4
1643-1120-CM26,Adquisición de Agujas de Veress 120mm con Émbolo: 1643-1120-CM26,4
1657-170-SE26,"SERVICIO DE DIFUSION EN DIARIO UNIDAD SALUD OCUPACIONAL, SRMS4",4
1657-171-SE26,"SERVICIO ARRIENDO UNIDAD ZOONOSIS, SRMS4",6
1658-1245-SE26,ORDEN DE COMPRA DESDE 1658-63-LE26,6
1660-162-SE26,CURSOS  DEL PROGRAMA ANUAL DE CAPACITACIÓN AÑO 2026,12
1660-252-AG26,6 SERVICIOS DE CAFETERIA PARA 6 CURSOS PRESENCIALES DEL PROGRAMA ANUAL DE CAPACITACION 2026,12
1660-288-AG26,“COMPRA DE CONTENEDORES DE BASURA” ,6
1660-335-AG26,CANULA ASPIRAC. YANKAUER DESEC. 14 FR. (TUBO D/ SUCCION YANKAWER),6
1660-363-AG26, METILFENIDATO 20MG COMPRIMIDO LIBERACION PROLONGADA,4
1660-364-AG26,INSUMOS PARA FARMACIA,4
1661-274-SE26,COMPRA GUANTES ARSENAL FARMACIA SOLICITUD Nº2662,9
1661-278-CM26,Orden de Compra: 1661-278-CM26,6
1661-293-TD26,Orden de Compra generada por Trato Directo ID 1661-124-FTD26,4
1662-958-AG26, MANTENIMIENTO PREVENTIVO PARA EQUIPO GENERADOR DE DIALISIS,6
1662-959-AG26, COMPRA DE CEPILLOS INTERDENTALES,4
1663-488-AG26,PINTURAS Y ACCESORIOS,6
1664-366-CM26,PETROLEO DIESEL,4
1673-119-AG26,Orden de Compra generada por invitación a compra ágil: 1673-137-COT26,4
1685-46-AG26,"9175/AG/Hornos, microondas y hervidor /Continuidad / Mejoramiento de los Ambientes: Higiene y Seguridad/1685-31-COT26",6
1691-821-AG26,TRM-SOL.COMPRA N°2489 REP.BODEGA SUTURAS,12
1691-831-AG26,VMBG 1691-556-COT26,4
1691-882-SE26,AMM-SOL. COMPRA LABORATORIO N°2477/6-7,12
1691-883-SE26,AMM-SOL. COMPRA LABORATORIO N°2477/7-7,12
1691-896-AG26,SOVM-IN SURGERY SPA-05/05/26,6
1691-941-CM26,JMSS - REPOSICIÓN DE INSUMOS CLÍNICOS.,4
1691-970-SE26,TRM-SOL.COMPRA N°2125 JERINGA DUAL Y SIMPLE,6
1691-976-TD26,Orden de Compra generada por Trato Directo ID 1691-261-FTD26,6
1691-977-CM26,TRM-SOL.COMPRA N°2125 - MANGA C/FUELLE PAPEL MEDICO CELULOSA UD 15 CM,4
1691-988-AG26,JMSS - REPOSICIÓN DE INSUMOS CLÍNICOS,4
1692-324-AG26,"MANTENCION CORRECTIVA DEL SISTEMA DE CALEFACCION DEL HOSPITAL DE COCHRANE, Orden de Compra generada por invitación a compra ágil: 1692-281-COT26",6
1697-109-AG26,ADQUISICIÓN DE INSUMOS COMPUTACIONALES PARA STOCK DE BODEGA,6
1698-123-AG26,Orden de Compra generada por invitación a compra ágil: 1698-68-COT26,6
1704-1497-CM26,Orden de Compra: 1704-1497-CM26,12
1704-2328-TD26,Orden de Compra generada por Trato Directo ID 1704-469-FTD26,6
1704-2563-AG26,ADQUISICION DE CORTINA BLACK OUT 180X160 CM.,6
1704-2604-SE26,"SERVICIO DE MANTENIMIENTO PREVENTIVO DE LOS SISTEMAS DE INSTALACIONES TÉRMICAS, CLIMATIZACIÓN, REFRIGERACIÓN Y PRODUCCIÓN DE AGUA CALIENTE, CORRESPONDIENTE AL MES DE ENERO 2026",4
1704-2605-SE26,"SERVICIO DE MANTENIMIENTO PREVENTIVO DE LOS SISTEMAS DE INSTALACIONES TÉRMICAS, CLIMATIZACIÓN, REFRIGERACIÓN Y PRODUCCIÓN DE AGUA CALIENTE, CORRESPONDIENTE AL MES DE FEBRERO 2026",4
1704-2609-AG26,CATETER DE ACCESO URETERAL 6FR X 70 CM (AXXCESS CATHETER 6FR M0064001161) a compra ágil: 1704-1577-COT26,4
1705-315-AG26,Orden de Compra generada por invitación a compra ágil: 1705-182-COT26,4
1705-316-SE26,ORDEN DE COMPRA DESDE 1705-4-L126,4
1705-840-SE25,PRORROGA CONTRATO ARRIENDO RELOJ BIOMETRICOS,12
1709-176-SE26,2°ESTADO DE PAGO/ SUMINISTRO SERVICIO DE SIST DE CONTROL DE ASISTENCIA DE ESTABLECIMIENTOS DE SALUD,6
1738-190-AG26, FERTILIZANTES PARA AREAS VERDES DE LA COMUNA DE VILLA ALEGRE Orden de Compra generada por compra ágil: 1738-170-COT26,6
1740-54-SE25,SERVICIO DE DEFENSA PENAL PÚBLICA LICITADA. ID N°1740-3-LR25. Z2-PUERTO MONTT - DG,12
1741-100-AG26,MADERAS PINO - DIMA N° 3 ,6
1741-158-AG26,TIJERAS Y OTROS - ORGANISMOS COMUNITARIOS N° 21 ,6
1743-237-AG26,SEÑALETICA VIAL: 1743-38-COT26,6
1747-99-AG26,Orden de Compra generada por invitación a compra ágil: 1747-76-COT26,6
1755-133-AG26,INSUMOS DE ALIMENTACIÓN. IMPLEMENTAR PROYECTOS DE A.T.P A E.E EPJA SAAT 2026. SOL27_EDUC26_CMC.,6
1756-19-TD26,Orden de Compra generada por Trato Directo ID 1756-8-FTD26,12
1757-44-AG26,"Scpra Nº2008, Adquisición materiales de odficina. Orden de Compra generada por invitación a compra ágil: 1757-9-COT26",6
1757-46-AG26,"Scpra Nº2008, materiales de oficinaOrden de Compra generada por invitación a compra ágil: 1757-12-COT26",6
1758-49-AG26,Orden de Compra generada por invitación a compra ágil: 1758-41-COT26,4
1759-59-AG26,REPARACION VEHICULO INSTITUCIONAL DIAGNOSTICO 1459-38-AG26 ,6
1759-60-AG26,memo 12 proviene compra ágil: 1759-9-COT26,4
1759-61-AG26,memo 11 proviene 1759-8-COT26,4
1770-24-SE26,SERV. DE EXT. FORESTAL 2026 2027 HAROLD PACHECO,6
1778-304-SE23,ST 23 DST SERVICIOS DE CUIDADOS DOMICILIARIOS PARA PACIENTES BENEFICIARIOS DEL INSTITUTO DE SEGURIDAD LABORAL NIVEL NACIONAL LINEA 2,12
1787-34-SE26,mantencion 30000 NAVARA,12
1801-47-SE26,ATENCIONES OFTALMOLÓGICAS PROV. CONCEPCIÓN,12
1801-96-SE25,CORSÉ Y PLANTILLAS DE REALCE,12
1806-32-SE25,ORDEN DE COMPRA DESDE 1806-8-LP25,12
1806-49-SE25,Servicio de atención especializada en el área de columna,12
1943-154-AG26,ELEMENTOS DE PROTECCION PERSONAL PEE.  -  Orden de Compra generada por invitación a compra ágil: 1943-46-COT26,6
1943-157-SE26,SUMINISTRO ARRIENDO EQUIPOS COMPUTACIONALES DEPRIF - 15/04/2026 al 14/05/2026,6
1947-2275-CM26,"050_ADQ ABARROTES VARIOS ""SIDAPT""-ALIMENTACION-MAYO-(JVA)",6
1947-2278-CM26,"050_ADQ PECHUGA Y TRUTRO DE POLLO ""AGROSUPER""- ALIMENTACIÓN-MAYO (JVA)",6
1947-2317-SE26,"262-0109 Onabotulinumtoxina A, frascos 200 ml - Unidad Requirente Farmacia - Consumo mayo - (CFO)",6
1950-799-SE26,(fsc) ORDEN DE COMPRA DESDE 1175-260-LR23,12
1952-1285-AG26, 1952-623-COT26 LAVAMANOS CON ACCION DE RODILLA PARA UPC ,6
1952-1855-TD25,Orden de Compra generada por Trato Directo ID 1952-30-FTD25,12
1953-723-AG26,502/SERVICIO DE REPARACION DE PORTON FALSO PERIMETRO EXTERIOR DEL CP VALPARAISO,6
1965-220-AG26,CP PTA ARENAS COMPRA MATERIALES INFRAESTRUCTURA  1965-120-COT26,12
1965-240-AG26,CDP PUERTO NATALES COMPRA UTILES DE ASEO compra ágil: 1965-133-COT26,12
1968-1059-CM26,"CCP de Victoria, Adquisición de lácteos para el Centro de Cumplimiento Penitenciario de Victoria de Gendarmería de Chile-Región de la Araucanía.-",6
1968-1087-CM26,C.C.P TEMUCO COMPRA MERLUZA PARA CENTRAL ALIMENTACION,6
1968-1088-CM26,Adquisición de carnes y congelados para el servicio de alimentación del Centro de Detención Preventiva de Angol,6
1969-468-AG26,"E1O2RT9 ADQUISICION DE IMPLEMENTOS DEPORTIVOS PARA EJECUCION DE ACTIVIDADES RECREATIVAS PROGRAMA DRAC, AREA TECNICA DEL C.D.P. YUMBEL Orden de Compra generada por invitación a compra ágil: 1969-194-COT26",6
1973-1563-SE26,(MPC) SUMINISTRO DESDE 1973-76-LP24,6
1973-1567-SE26,(MFC) SERVICIO DESDE 1973-85-LE24,6
1973-1570-SE26,(MFC) OC SUMINISTRO DERIVADO DESDE 1973-94-LQ24,6
1979-2177-SE26,FARMACOS DESDE ID 1979-24-LQ25,6
1979-2182-SE26,FARMACOS DESDE ID 1979-16-LQ25,6
1979-2189-SE26,FARMACOS DESDE ID 1979-196-LQ24,6
1979-2220-SE26,INSUMOS CLINICOS DESDE ID 1979-62-LQ25	,6
1979-2230-SE26,"INSUMOS CLINICOS DESDE ID 1979-131-LQ24, 1979-125-LQ24",6
1979-2231-SE26,"INSUMOS CLINICOS DESDE ID 1979-125-LQ24, 1979-124-",6
1979-2237-SE26,INSUMOS CLINICOS DESDE ID 1979-121-LQ24,6
1979-2239-SE26,INSUMOS CLINICOS DESDE ID 1979-128-LQ24	,6
1979-2248-SE26,"INSUMOS CLINICOS DESDE ID 1979-121-LQ24,1979-187-LQ24",6
1979-2259-SE26,INSUMOS CLINICOS DESDE ID 1979-187-LQ24	,6
1979-2265-SE26,CONVENIO SUMINISTRO DE OXIGENO MEDIANTE ID 1175-260-LR23,4
1979-2270-SE26,FARMACOS DESDE ID 1979-118-LQ24,6
1988-23-SE26,canalizacion aguas lluvia oficina 21 mayo 1970,6
1994-36-AG26,Artículos para pintar - DPP,6
2013-715-AG26,Orden de Compra generada por invitación a compra ágil: 2013-612-COT26,6
2013-777-TD26,Orden de Compra generada por Trato Directo ID 2013-84-FTD26,4
2042-152-AG26,Orden de Compra generada por invitación a compra ágil: 2042-151-COT26,6
2048-1337-TD26,Orden de Compra generada por Trato Directo ID 2048-309-FTD26,4
2048-1341-AG26,Orden de Compra generada por invitación a compra ágil: 2048-236-COT26,6
2048-1350-SE26,ORDEN DE COMPRA DESDE 2048-121-LE24,6
2048-1367-SE26,ORDEN DE COMPRA DESDE 2048-68-LP25,6
2069-3109-AG26,DGP-CP-042026-COMPRA PROGRAMA EQUIPOS MEDICOS MES DE ABRILMAS PROYECCION HASTA JUNIO ,4
2069-3110-AG26,DGP-CP-042026-COMPRA PROGRAMA EQUIPOS MEDICOS MES DE ABRIL ,4
2069-3363-AG26,SAR-CP-042026-PROGRAMA ABRIL 2026 FARMACOS-AG,6
2069-3648-SE26,PMH-CP-05-2026-INSUMOS CLINICOS LE25,6
2069-3794-SE26,PMH-CP-05-2026-INSUMOS CLINICOS-LP25,4
2069-3802-CM26,MPF-CE-042026-CARGA DE GAS LICUADO,4
2069-3859-SE26,APG-CG-01-2026-SDMAC-TRAUMATOLOGIA-LR,4
2069-3943-CM26,MVP-CP-052026-INSUMOS CLINICOS-CM,6
2069-3973-SE26,MPF-CP-052026-BOLSAS,6
2069-4055-AG26,PMH-CP-05-2026-INSUMOS CLINICOS ,4
2069-4056-CM26,MVP-CX-052026-CAMPAÑA INVIERNO-CM,6
2069-4061-SE26,AHF-CX-052026-INSUMOS CAMPAÑA INVIERNO N°31148	30890	30879	30859-LR,4
2069-4074-SE26,LSO-CG-042026-ANGIOGRAFIA-LR,4
2069-4075-SE26,LSO-CG-042026-ANGIOGRAFIA-LR,4
2069-4086-SE26,LSO-CG-042026-SDMAC-TRAUMATOLOGIA-LR,4
2069-4087-SE26,LSO-CG-042026-SDMAC-TRAUMATOLOGIA-LR,4
2069-4100-SE26,LSO-CG-042026-SDMAC-TRAUMATOLOGIA-LR,4
2069-4102-SE26,LSO-CG-042026-SDMAC-TRAUMATOLOGIA-LR,4
2069-4104-SE26,LSO-CG-042026-SDMAC-TRAUMATOLOGIA-LR,4
2069-4105-SE26,LSO-CG-042026-SDMAC-TRAUMATOLOGIA-LR,4
2069-4106-SE26,LSO-CG-042026-SDMAC-TRAUMATOLOGIA-LR,4
2069-4107-SE26,LSO-CG-042026-SDMAC-TRAUMATOLOGIA-LR,4
2069-4110-SE26,LSO-CG-042026-SDMAC-TRAUMATOLOGIA-LR,4
2069-4112-SE26,LSO-CG-042026-SDMAC-TRAUMATOLOGIA-LR,4
2069-4114-SE26,LSO-CG-042026-SDMAC-TRAUMATOLOGIA-LR,4
2069-4116-SE26,LSO-CG-042026-SDMAC-TRAUMATOLOGIA-LQ,4
2069-4153-SE26,MFA-CE-032026-MANTENCIÓN PREVENTIVA CAMPANAS MARZO 2026-LE,6
2069-4200-CM26,LPS-CP-052026-INSUMOS ABARROTES ALIMENTACION-CM,6
2078-796-AG26,SERVICIO CATERING 158,6
2078-797-AG26,SERVICIO CATERING 173,6
2080-3086-SE26,  TUBO ASPIRACION,12
2080-3582-SE26,PEDIDO HEMODINAMIA ,12
2080-3987-SE26,APOSITOS,12
2080-4028-SE26,FILTRO HUMIDIFICADOR TQT,12
2080-4216-SE26,SOLUCIONES PARA DIALISIS PERITONEAL,6
2080-4264-CM26,TUBOS UNIDAD MEDICINA TRANSFUSIONAL,5
2090-273-CM26,Orden de Compra: 2090-273-CM26,6
2098-746-SE26,LE-KMS- CURSO RCP BASICO Y AVANZADO ,12
2098-763-SE26,LE-KMS SERVICIO COFFE BREAK - CURSO DE TECNICAS DE CONTENCION ,12
2098-854-SE26,LE-KMS- CURSO RCP BASICO Y AVANZADO/ 2098-26-le25,12
2102-368-AG26,Orden de Compra generada por invitación a compra ágil: 2102-156-COT26,4
2102-369-SE26,CONVENIO EXAMENES DE ALTO COSTO - BIOPSIAS,4
2103-284-SE26,"ADQUISICION MATERIALES DE CONSTRUCCIÓN, MES DE ABRIL  DEL 2026 HOSPITAL LONQUIMAY.",4
2103-285-AG26," servicio de Movilización, para el Programa Especial de Salud y Pueblos Indígenas (PESPI), Hospital de Lonquimay",4
2103-286-AG26," ADQUISICION DE BATERIA PARA REPARACION DE UPS DEL ESTABLECIMIENTO, HOSPITAL LONQUIMAY",4
2103-287-CC26,"ADQUISICION OXIGENO MEDICO MES DE MAYO  2026, HOSPITAL LONQUIMAY",12
2103-288-CM26,"adquisición de combustible, para el normal funcionamiento de las ambulancias, servicio de movilización Hospital Lonquimay",4
2107-852-AG26,MAT. OFICINA: 2107-76-COT26,6
2107-858-CM26,INSUMOS CLINICOS JUNIO,6
2107-865-CM26,ABARROTES,6
2109-964-TD26,Orden de Compra generada por Trato Directo ID 2109-147-FTD26,6
2111-6851-SE26,Servicio de Digitalizacion para Imagenologia ENERO 2026. Lic. 2111-28-LR23,6
2111-7746-SE26,Servicio de Digitalizacion para Imagenologia FEBRERO 2026. Lic. 2111-28-LR23,6
2111-8541-SE26,Servicio de Digitalizacion para Imagenologia MARZO 2026. Lic. 2111-28-LR23,6
2111-8746-SE26,Servicio de Digitalizacion para Imagenologia ABRIL 2026. Lic. 2111-28-LR23,6
2111-8828-SE26,"2220510033 - CANULA INTRAVENA 20 GX1 1/4 LIC 2111-120-LQ24, LINEA 3",6
2111-8857-CM26,ALIMENTACION DE PACIENTES-DESPACHO PARCIALIZADO,6
2111-8894-AG26,2246112453 SELLANTE DURAMADRE COLUMNA  Orden de Compra por compra ágil: 2111-660-COT26,6
2125-390-AG26,Compra de farmacos ,9
2125-947-SE26,Compra de agua purificada (abril 2026),12
2125-979-AG26,Compra de insumos clinicos - tejido tubular,6
2133-1006-SE26,ORDEN DE COMPRA DESDE 2133-124-LP25,12
2133-1008-SE26,ORDEN DE COMPRA DESDE 2133-98-LP25,12
2133-1016-SE26,ORDEN DE COMPRA DESDE 2133-12-LP24,12
2133-1017-SE26,ORDEN DE COMPRA DESDE 2133-29-LQ24,12
2133-1018-SE26,ORDEN DE COMPRA DESDE 2133-124-LP25,12
2133-1021-SE26,ORDEN DE COMPRA DESDE 2133-97-LP25,12
2133-1051-SE26,ORDEN DE COMPRA DESDE 2133-8-LP24,12
2133-1052-SE26,ORDEN DE COMPRA DESDE 2133-11-LE24,12
2133-1055-SE26,ORDEN DE COMPRA DESDE 2133-101-LQ24,12
2133-1060-SE26,ORDEN DE COMPRA DESDE 2133-120-LP24,12
2133-1083-SE26,ORDEN DE COMPRA DESDE 2133-65-LP25,6
2133-959-SE26,ORDEN DE COMPRA DESDE 2133-24-LE25,12
2137-357-SE26,ORDEN DE COMPRA DESDE 2137-3-LE26   Tic,6
2137-365-SE26,ORDEN DE COMPRA DESDE 2137-25-LP25 INSUMOS LABORATORIO,6
2140-401-SE26,"Pasaje usuario ABQKRM, Tramo Chaitén-Pto Montt, Hospital Futaleufú",4
2145-287-SE26,PSCV Kinesiologo ORDEN DE COMPRA DESDE 2145-15-LE26,6
2145-423-AG26,SGC Cable REA compra ágil: 2145-194-COT26,6
2145-425-AG26,Servicio de Maternidad - Compra protectores oculares neonatales desde compra ágil: 2145-199-COT26,6
2145-435-AG26,Laboratorio Insumos compra ágil: 2145-202-COT26,6
2151-143-TD26,Orden de Compra generada por Trato Directo ID 2151-26-FTD26,4
2151-156-TD26,Orden de Compra generada por Trato Directo ID 2151-1-FTD26,4
2151-157-TD26,Orden de Compra generada por Trato Directo ID 2151-33-FTD26,4
2153-1029-SE24,PLACAS DE AGAR Y OTROS INSUMOS DE MICROBIOLOGÍA PARA EL LABORATORIO CLINICO DEL COMPLEJO HOSPITALARIO DE SAN JOSE DE MAIPO RESN°1360 DESDE 2153-60-LE24,12
2170-445-AG26,SILLA TABURETE,6
2170-465-AG26,SILLAS ERGONOMICA,6
2170-469-AG26,servicio de limpieza de cámaras de alcantarillado y cámaras desgrasadora,6
2177-49-CM26,COMPRA DE GAS LICUADO A GRANEL,6
2179-96-AG26,"Desayuno ejecutivo audiencia saludo protocolar, asociado a compra ágil: 2179-75-COT26",12
2186-393-SE26,INSUMOS DE ASEO MAYO 2026,12
2196-420-AG26,"adquisicion PLANCHAS PVC ESTILO MARMOL, BEIGE PARA PAREDE 122*244 CM Orden de Compra generada por invitación a compra ágil: 2196-148-COT26",6
2199-272-AG26,"Marcador, plumon de punta fina permanente",4
2201-325-AG26,ADQUISICIÓN DE SILLA DE RUEDAS NEUROLOGICA TIPO COCHE INRPAC-GES DISRRAFIA PS 9 2201-199-COT26,6
2201-340-SE26,SERVICIOS PROFESIONALES MÉDICOS TRANSITORIOS ABRIL,6
2201-342-SE26,Traslado de pacientes en ambulancias ABRIL 2026,6
2202-514-CM26,Orden de Compra: 2202-514-CM26,12
2202-536-AG26,Orden de Compra generada por invitación a compra ágil: 2202-196-COT26,4
2202-537-SE26,OXIGENO MEDICO HOSPITAL CURACAUTIN,4
2215-78-AG26,ARTICULOS DE COCINA ,12
2216-186-CM26,Orden de Compra: 2216-186-CM26,12
2258-1146-SE26,INSUMOS HEMODINAMIA,12
2258-1152-SE26,INSUMOS HEMODINAMIA,12
2258-1976-SE26,STENTS SIROLIMUS HEMODINAMIA,12
2258-1986-SE26,INSUMOS VARIOS HEMODINAMIA,12
2258-2790-AG26,Orden de Compra generada por invitación a compra ágil: 2258-336-COT26,12
2258-3119-SE26,PCS; OC DESDE 2258-69-LR25 MES MARZ. 2026,12
2258-3128-SE26,OC DESDE 2258-69-LR25 MARZ. 2026 CUIDADOS PALIATI,12
2258-3301-SE26,"PCS, OC DESDE 2258-89-LQ25 MARZ. 2026 GASES. HRA",12
2258-3640-SE26,PACIENTE 921988 COT 20737658,4
2258-3645-SE26,PACIENTE 859836 COT 20733924,4
2258-3658-SE26,PACIENTE 856259 COT 20721091,4
2258-3702-SE26,PACIENTE 746245 COT 20729486,4
2258-3880-CM26,Orden de Compra: 2258-3880-CM26,4
2258-3891-SE26,PACIENTE 118242 cx 14/05/2026,6
2258-3892-SE26,ORDEN DE COMPRA DESDE 2258-18-LR24,4
2258-3895-AG26,Orden de Compra generada por invitación a compra ágil: 2258-457-COT26,5
2258-3900-SE26,PCS;2258-56-LR25 ABR 26 OBRAS MENORES HRA MANO OB,4
2258-3903-SE26,ORDEN DE COMPRA DESDE 2258-93-LR24,6
2258-3904-SE26,ORDEN DE COMPRA DESDE 2258-93-LR24,6
2258-3905-SE26,OC DESDE 2258-287-LP25,4
2258-3907-SE26,ORDEN DE COMPRA DESDE 2258-191-LQ24,6
2258-3908-SE26,ORDEN DE COMPRA DESDE 2258-233-LR25,4
2258-3909-SE26,ORDEN DE COMPRA DESDE 2258-233-LR25,4
2279-162-AG26,SP 214 compra ágil: 2279-144-COT26,12
2291-806-AG26,NP18 MOVILIZACION NEUMATICOS COMPRA AGIL: 2291-400-COT26,6
2292-6502-AG26," SERVICIO DE COFFEE BREACK SALUDABLE, PARA EL 15 DE MAYO 2026 PARA 40 PERSONAS A LAS 11:00HRS Y 40 PERSONAS 15:10, PEDIDO 066878 VLN)-Orden de Compra generada por invitación a compra ágil: 2292-288-COT26",4
229-353-SE26,SERVICIO MANTENCIÓN Y REPARACIÓN DE SEMÁFOROS 2026,6
2294-403-AG26,"CAMARAS, ILUMINACION, DRON INSUCO // SEP // NP 17 //  compra ágil: 2294-383-COT26",6
2296-220-CM26,"ADQUISICIÓN DE VALES DE GAS, GUIA DE PEDIDO 25645, ABASTECIMIENTO",4
2306-197-AG26," SERVICIO DIFUSION RADIAL PROGRAMA EDUCATIVO, FONDOS DAEMOrden de Compra generada por invitación a compra ágil: 2306-162-COT26",6
2306-305-AG26,"ADQUISICION DE CALCULADORAS PARA ALUMNOS LICEO RAHUE, FONDOS SEP; compra ágil: 2306-280-COT26.",6
2306-309-AG26,"SERVICIOS DE ARBITRAJES O CONTROL TECNICO RAMA ESCOLAR DE BASQUETBOL, COORDINACION EXTRAESCOLAR,FONDOS FAEP 2024/2025Orden de Compra generada por invitación a compra ágil: 2306-254-COT26",4
2306-310-AG26,ADQUISICION BOTELLONES DE AGUA ESC.PICHIL FONDOS DAEMOrden de Compra generada por invitación a compra ágil: 2306-277-COT26,4
2306-311-AG26," ADQUISICION AIRES ACONDICIONADO COLEGIO INTI SUYAY,FONDOS DAEM  Orden de Compra generada por invitación a compra ágil: 2306-237-COT26",4
2318-322-CM26,Orden de Compra: 2318-322-CM26,12
2318-353-AG26,Orden de Compra generada por invitación a compra ágil: 2318-267-COT26,6
2319-18-SE26,VALOR PROFORMA,4
2320-189-CM26,GAS A GRANEL PARA POSTA DE NIRIVILO,6
2320-190-SE26,INSUMOS Y REACTIVOS LABORATORIO,6
2324-486-CM26,MATERIALES DE OFICINA STOCK BODEGA DE ABASTECIMIENTO / DAF. DPTO. DE BIENES,12
2324-611-SE26,LICITACION PUBLICA 09 de 2026 ADQUISICION DE HERRAMIENTA Y EQUIPOS PARA MANTENIMIENTO ALUMBRADO PUBLICO PUERTO MONTT DESDE 2324-38-LE26,4
2324-612-SE26,LICITACION PUBLICA 09 de 2026 ADQUISICION DE HERRAMIENTA Y EQUIPOS PARA MANTENIMIENTO ALUMBRADO PUBLICO PUERTO MONTT DESDE 2324-38-LE26,4
2324-613-SE26,LICITACION PUBLICA 09 de 2026 ADQUISICION DE HERRAMIENTA Y EQUIPOS PARA MANTENIMIENTO ALUMBRADO PUBLICO PUERTO MONTT DESDE 2324-38-LE26,4
2324-614-SE26,LICITACION PUBLICA 09 de 2026 ADQUISICION DE HERRAMIENTA Y EQUIPOS PARA MANTENIMIENTO ALUMBRADO PUBLICO PUERTO MONTT DESDE 2324-38-LE26,4
2324-615-SE26,LICITACION PUBLICA 09 de 2026 ADQUISICION DE HERRAMIENTA Y EQUIPOS PARA MANTENIMIENTO ALUMBRADO PUBLICO PUERTO MONTT DESDE 2324-38-LE26,4
2324-616-AG26,PINTURAS PARA MANTENCION DE CARROCERIAS DE CAMIONES DE FLOTA MUNICIPAL / DIR. DE OPERACIONES - DPTO. DE MANTENIMIENTO Orden de Compra generada por invitación a compra ágil: 2324-394-COT26,6
2324-624-AG26,ADQUISICION MATERIALES ELECTRICOS PARA HABILITACION NUEVAS DEPENDENCIAS TALLER DE MANTENIMIENTO CALLE GENESIS N° 21 / DIRECCION DE OPERACIONES - DEPARTAMENTO ELECTRICO - Orden de Compra generada por invitación a compra ágil: 2324-369-COT26 DISTRIBUCION MY,4
2324-625-AG26,SERVICIO DE ARRIENDO DE 2 VEHICULOS DIARIOS 4X4) CON CONDUCTORES  PARA 70 TRASLADOS (70 SALIDAS) DE APOYOS FAMILIARES INTEGRALES DEL PROGRAMA AFI/OF. SUBDIRECCION DE PROTECCION SOCIAL / Orden de Compra generada por invitación a compra ágil: 2324-402-COT26,4
2324-626-AG26,ADQUISICION DE CAJAS PARA INSUMOS VISITAS DOMICILIARIAS DE ASISTENTE DE CUIDADO PRLAC 2025/ DIDECO - SUBDIRECCION DE ORGANIZACIONES COMUNITARIAS /  Orden de Compra generada por invitación a compra ágil: 2324-386-COT26 NP MANUALIDADES SPA,4
2324-627-AG26,MATERIALES ELECTRICOS MANTENIMIENTO DPTO. DE PERSONAL CALLE VIAL EL16 / DIRECCION DE OPERACIONES - DPTO. ELECTRICO Orden de Compra generada por invitación a compra ágil: 2324-346-COT26,4
2324-628-AG26,"PLACA CONMEMORATIVA, INAUGURACIÓN DE ESTACIÓN MEDICA RURAL EL TEPUAL / ADM. MUNICIPAL - OFIC. TERRITORIAL TEPUAL Orden de Compra generada por invitación a compra ágil: 2324-434-COT26",4
2328-343-AG26,Orden de Compra generada por invitación a compra ágil: 2328-244-COT26 ESCUELA DE CULTURA Y LICEO ANDRES BELLO FICHAS 23086-23057 MATERIALES TALLER DE ARTES,12
2328-353-AG26,ADQUISICION DE MATERIAL DE ENSEÑANZA JARDIN INFANTIL RELMU. FICHA 23144,12
2328-371-AG26,Orden de Compra generada por invitación a compra ágil: 2328-271-COT26 ESCUELA  ANGELMO FICHA 22052 IMPLEMENTACION TALLER GRAFICO,12
2328-386-SE26,Instrumentos Liceo Manuel Montt,12
2328-422-AG26,Orden de Compra generada por invitación a compra ágil: 2328-300-COT26 ESCUELA DE CULTURA Y DIFUSION ARTISTICA FICHA 23263 MATERIALES PARA CLASES DE MATEMATICAS,12
2328-435-AG26,Orden de Compra generada por invitación a compra ágil: 2328-337-COT26 ESCUELA LA PALOMA - MATERIALES DE SEGURIDAD F 23346 ,12
2328-444-AG26, ADQUISICION DE IMPLEMENTOS DEPORTIVOS ESCUELA MIRASOL. FICHA 23254,6
2332-526-AG26,"CLORFENAMINA 2,5MG/5 ML JARABE S-7101",5
2332-540-TD26,Orden de Compra generada por Trato Directo ID 2332-36-FTD26,6
2335-318-SE26,MEDICAMENTOS OP 133,6
2348-153-SE26,ORDEN DE COMPRA DESDE 2348-9-LE26,6
2348-214-SE26,SERVICIO REP. NEUMATICO ABRIL 2026,4
2354-147-AG26,SERVICIO DE PRODUCCIÓN PARA LA REALIZACIÓN DE CONCIERTOS desde compra ágil: 2354-63-COT26,6
2358-114-AG26, ©sc 4 depto. informática-insumos para impresoras del municipio,6
2360-273-AG26,REPOSICION DE VIDRIOS Y MEJORAMIENTO SALIDAS DE EMERGENCIAS CESFAM PAULINA AVENDAÑO desde compra ágil: 2360-105-COT26,6
2381-575-AG26,Adquisición de insumos para el programa de medicina ancestral del CESFAM Bernardo Mellibovsky,6
2385-320-SE26,ADQUISICIÓN ORDEN DE INGRESO FORMULARIO N°1 (ORDEN DE COMPRA DESDE 2385-9-LE26),6
2385-330-AG26,Adquisición de material gráfico publicitario en PVC e impresiones M-705 desde 2385-223-COT26,6
2385-456-SE24,SEGUROS DE VIDA PARA VIGILANTES PRIVADOS ARMADOS ,12
2388-125-SE26,"Compra de libros Escuela Holzapfel, fondos Sep.",6
2389-263-AG26,Orden de Compra generada por invitación a compra ágil: 2389-220-COT26,6
2392-91-SE26,Estado de Pago Abril 2026 Sector Salud / 2392-63-LQ24,6
2395-373-AG26,"Adq. Cepillos, Orden de Compra generada por invitación a compra ágil: 2395-368-COT26",6
2395-407-AG26,DROGUERIA //MODAFINILO 100 MG ,5
2395-417-AG26,DROGUERIA //JERINGAS ,5
2395-439-AG26,"(Sol de Ped. 187)OC Compra ágil: 2395-409-COT26, Compra de pilas ",6
2404-579-AG26,PAC 15-042-2026 NP 36 D. OPERACIONES ADQ DE MATERIAL Y HERRAMIENTAS Orden de Compra generada por invitación a compra ágil: 2404-254-COT26,6
2404-594-SE26,FONDO EXT. NP29 MATERIALES DE OFICINA SEGURIDAD P.,4
2408-368-AG26,Orden de Compra generada por invitación a compra ágil: 2408-113-COT26,6
2415-132-AG26,Orden de Compra generada por invitación a compra ágil: 2415-96-COT26,6
2422-349-AG26,Orden de Compra generada por invitación a compra ágil: 2422-239-COT26,6
2422-353-SE26,ORDEN DE COMPRA DESDE 2422-56-LE26,4
2424-491-AG26,1376/P.15 DESARROLLO SOCIAL (JFO) LECHE NIDO/PEDIASURE // Orden de Compra generada por invitación a compra ágil: 2424-626-COT26,12
2424-509-AG26,334/P.02 DESARROLLO  SOCIAL (JFO) PAÑALES ADULTO E INFANTIL // Orden de Compra generada por invitación a compra ágil: 2424-553-COT26,12
2424-510-AG26,1532/P.36 DEPORTES Y RECREACIÓN (JFO) SILLAS PLEGABLES BLANCAS // Orden de Compra generada por invitación a compra ágil: 2424-631-COT26,12
2424-581-CM26,CANASTAS DE ALIMENTO/ NFO/ 1710/ PED N°18,6
2424-593-AG26,CARTUCHOS TINTAS TONER - P.28/1044 (PMR): 2424-760-COT26,6
2424-613-AG26,PED. 50/1760: 2424-744-COT26-LIMPIEZA DE POZOS-SRR,6
2424-614-CM26,ARTICULOS DE ASEO P:29/453/1802 MADR,6
2428-411-AG26,MATERIALES DE CONSTRUCCIÓN - BIOPARQUE 2428-465-COT26,6
2428-453-AG26,MANTENCIÓN Y REVISIÓN DE BASCULA - DIRECCIÓN DE OPERACIONES - SERVICIOS URBANOS Orden de Compra generada por invitación a compra ágil: 2428-510-COT26,6
2429-3193-SE25,ORDEN DE COMPRA DESDE 2429-31-LE25,9
2429-433-AG26,Orden de Compra generada por invitación a compra ágil: 2429-359-COT26,12
2429-473-AG26,Orden de Compra generada por invitación a compra ágil: 2429-363-COT26,6
2429-486-AG26,Orden de Compra generada por invitación a compra ágil: 2429-371-COT26,6
2429-491-AG26,Orden de Compra generada por invitación a compra ágil: 2429-373-COT26,6
2429-493-AG26,Orden de Compra generada por invitación a compra ágil: 2429-374-COT26,6
2440-536-AG26,92715 -92716  UTILES DE ASEO ESCUELA PADRE ALBERTO HURTADO DE CURICÓ     por invitación a compra ágil: 2440-529-COT26,6
2446-524-AG26,Orden de Compra generada por invitación a compra ágil: 2446-469-COT26,4
2448-354-SE26,ORDEN DE COMPRA DESDE 2448-19-LE25,9
2448-451-SE26,SUM. MANTENCIÓN Y REPARACIÓN BOMBAS AGUA 2025-2026,6
2458-105-TD26,Orden de Compra generada por Trato Directo ID 2458-29-FTD26,12
2464-522-CM26,OP. 5068 - SOCIAL DIDECO,5
2467-397-SE26,"ARRIENDO, SOPORTE Y MANTENCION DE SOFTWARE DOM",4
2467-419-SE26,CONTRATO DE SUMINISTRO GENERAL DE FERRETERÍA,4
2467-421-TD26,Orden de Compra generada por Trato Directo ID 2467-15-FTD25,4
2467-422-TD26,Orden de Compra generada por Trato Directo ID 2467-15-FTD25,4
2467-423-AG26,Orden de Compra generada por invitación a compra ágil: 2467-215-COT26 ALIMENTOS BREAK- BIENESTAR,6
2483-277-AG26,Orden de Compra generada por invitación a compra ágil: 2483-177-COT26,4
2493-44-AG26,Orden de Compra generada por invitación a compra ágil: 2493-45-COT26,6
2494-65-SE22,ORDEN DE COMPRA DESDE 2494-33-LQ22,12
2548-248-AG26,ADQUISICIÓN RENOVACIÓN LICENCIA AUTOCAD LT 2026 PARA DEPARTAMENTO DE SALUD DE PADRE LAS CASAS. Orden de Compra generada por invitación a compra ágil: 2548-89-COT26,6
2555-65-AG26,Botellas Metálicas - PEE/SIEMBRA (SIC.533 - SIRE. 416),6
2564-99-AG26,Orden de Compra generada por invitación a compra ágil: 2564-53-COT26,9
2566-149-SE26,Tintas DAEM,6
2579-15-AG26, MATERIALES DE OFICINA DASP DIRECCIÓN compra ágil: 2579-10-COT26,6
2591-394-AG26, servicio de alimentos para la ceremonia de desfile en honor a las “Glorias Navales,4
2591-395-AG26,servicio de empanadas para desfiles de Glorias Navales,4
2594-414-AG26,ARRIENDO PANTALLA LED. Orden de Compra generada por invitación a compra ágil: 2594-319-COT26,6
2609-20-TD26,Orden de Compra generada por Trato Directo ID 2609-7-FTD26,4
2624-8-AG26,Orden de Compra generada por invitación a compra ágil: 2624-1-COT26,12
2626-264-AG26,Orden de Compra generada por invitación a compra ágil: 2626-195-COT26/MATERIALES DE FERRETERIA DIRECCION DE TRANSITO ,6
2663-258-AG26,Orden de Compra generada por invitación a compra ágil: 2663-153-COT26,6
2674-400-AG26,ARRIENDO DE BUS CON CONDUCTOR Y COMBUSTIBLE POR 2 MESES: 2674-370-COT26,4
2674-419-AG26, ADQUISICION DE REPUESTOS PARA MAQUINARIA INDUSTRIAL.:2674-389-COT26,6
2678-69-AG26,ARRIENDO 3 CARPA TIPO PAGODAS PARA ACTIVIDAD DE EXTRAESCOLAR DE LA COMUNA DE MOSTAZAL - SE UTILIZARÁ EL DÍA 14 DE MAYO DEL 2026 (2678-54-COT26),6
2682-135-AG26,"Modificación de ventanilla, reemplazo de vidrios y ventanas Cesfam Dr. Agustín Cruz Melo",6
2698-113-CM26,"Orden de Compra: 2698-113-CM26 ""780 CAJAS DE MERCADERIA"" - DIDECO - DEPARTAMENTO GESTIÓN SOCIAL",6
2701-281-AG26,"Muebles Seguridad Pública, Orden de Compra generada por invitación a compra ágil: 2701-259-COT26",6
2703-344-CM26,SC 12131 Insumos odontológicos. CESFAM Orden de Compra: 2703-344-CM26,6
2704-806-AG26,Orden de Compra generada por invitación a compra ágil: 2704-714-COT26,12
2704-876-SE26,COMPRA DE PASAJES INTERNACIONALES (S/C 32612,12
2704-884-SE26,COMPRA DE PASAJES INTERNACIONALES (S/C 2699,12
2704-890-AG26, (sc 2287) Orden de Compra generada por invitación a compra ágil: 2704-755-COT26,6
2705-620-SE26,SERVICIO DE TAXI MES DE ABRIL,6
2705-621-SE26,SERVICIO DE TAXI PROYECTO 21302000-326,6
2705-625-AG26,Orden de Compra generada por invitación a compra ágil: 2705-614-COT26,4
2713-198-AG26,DIDECO - Hogar San bernardo - Folio 188 - Insumos de uso personal - OC 2713-198-AG26 ID 2713-228-COT26,12
2713-289-AG26,DIDECO - Albergue - 175 - Útiles de aseo ID 2713-322-COT26 OC 2713-289-AG26 dirigida a DISTRIBUIDORA HIMAX LIMITADA (productos faltantes de solicitud),12
2713-343-AG26,DIDECO - Cultura - 372 - Servicio de producción día del libro ID 2713-371-COT26 OC 2713-343-AG26 dirigida a PAMEBRI SPA,12
2713-379-AG26,DIDECO - Cultura - 401 - Mantenimiento y recuperación de piano ID 2713-407-COT26 OC 2713-379-AG26 dirigida a MÚSICO CARLOS FELIPE FAÚNDEZ OSSA E.I.R.L.,12
2713-402-AG26,"DIDECO, Albergue, adquisicion muebles, solicitud folio 417,compra ágil: 2713-430-COT26",12
2713-486-AG26,"DIDECO SOL. 520, Adquisicion de Material Electrico .Orden de Compra generada por invitación a compra ágil: 2713-531-COT26",12
2713-527-AG26,DIDECO - Farmaysén - 584 - Mobiliario para habilitación de Farmacia Municipal ID 2713-575-COT26 OC 2713-527-AG26 dirigida a INVERSIONES JIMENEZ SPA,4
2731-317-SE26,S.C. N°05-042_Dideco_GEC_Servicio de arriendo de baños quimicos moviles_Actividades Anuales_ORDEN DE COMPRA DESDE 2731-9-LE26,6
2731-379-AG26,SC N°11-040_DAO_NEUMÁTICOS RETROEXCAVADORA_Orden de Compra generada por invitación a compra ágil: 2731-459-COT26,6
2736-152-AG26,"Pañales, Sabanillas y Apósitos",6
2736-99-AG26, Equipo Deportivos ,6
2745-64-AG26,"BGI-1159-Adquisición de Licencias de Software para equipo computacionales del Área de Infraestructura de la Dirección de Educación Municipal de Angol, con cargo a Subvención General.",12
2745-69-AG26," THO-1192-Adquisición de estímulos para participantes de concurso pictórico 2026 ""El mar chileno y sus recursos"" organizado por el Área Extraescolar DEM Angol, con cargo a Subvención General",4
2756-55-TD26,Orden de Compra generada por Trato Directo ID 2756-3-FTD26,6
2759-234-AG26,Orden de Compra generada por invitación a compra ágil: 2759-162-COT26,6
2765-195-AG26,"Materiales de aseo vehículos,compra ágil: 2765-184-COT26",6
2765-198-CM26,Generador eléctrico Orden de Compra: 2765-198-CM26,4
2770-173-SE26,ORDEN DE COMPRA DESDE 2770-215-LP25 CONTRATO 71_2026,4
2770-190-TD26,Orden de Compra generada por Trato Directo ID 2770-13-FTD26,4
2788-462-AG26,Orden de Compra generada por invitación a compra ágil: 2788-207-COT26,6
2793-396-AG26,Orden de Compra generada por invitación a compra ágil: 2793-349-COT26,6
2794-33-SE26,Recoleccion de Residuos Solidos Domiciliario Adic.,6
2794-34-SE26,CS Mantencion y Operacion Planta Rio Blanco,6
2803-294-SE26,ADQUISICION DE MANTENCIONES PARA SILLONES DENTALES,4
2803-295-SE26,ADQUISICIÓN DE MANTENCIONES PREVENTIVAS PARA RAYOS X OSTEOPULMONAR DEL SAR,4
2803-296-SE26,ADQUISICIÓN DE MANTENCIONES PREVENTIVAS PARA EQUIPOS DE LA ÓPTICA COMUNAL,4
2803-297-SE26,ADQUISICIÓN DE MANTENCION PREVENTIVA PARA PROYECTOR OPTOTIPO DE LA OPTICA COMUNAL,4
2805-210-AG26,ETIQUETAS TERMICAS AUTOADHESIVAS 70 MM. X 100 MM. (IMPRESORA ZEBRA),4
2805-211-AG26,BOLSAS HERMETICAS TIPO ZIPLOC 30 cm. X 30 cm.,4
2832-335-AG26,REQ. 20 - ESPIRÓMETRO - CESFAM SAN PEDRO,12
2832-355-AG26,REQ. 330 - KIT DE PRUEBA PARA DUREZA - CENTRAL DE ESTERILIZACIÓN,12
2833-380-AG26,"Silla escritorio para Escuela Nuestro Mundo, Orden de Compra generada por invitación a compra ágil: 2833-338-COT26",6
2859-243-AG26,ADQUISICION LICENCIAS COMPUTACIONALES,12
2859-298-CM26,Orden de Compra: 2859-298-CM26,12
2859-331-AG26,Orden de Compra generada por invitación a compra ágil: 2859-274-COT26,12
2859-346-AG26,Orden de Compra generada por invitación a compra ágil: 2859-212-COT26,6
2859-369-AG26,ADQUISICION DE SERVIDOR,6
2908-121-AG26,"Adquisición de medicamento (complejo vitamínico b1, b6-b12) para Cesfam Malalhue",4
2908-122-AG26,Adquisición de insumos médicos (solución de heridas) para Cesfam Malalhue,4
2914-74-AG26,ADQUISICION DE MATERIALES DE OFICINA PARA CENTRO DE DIALISI DIEGO DE ALMAGRO Orden de Compra generada por invitación a compra ágil: 2914-94-COT26,6
2917-132-AG26,Talonarios Clínicos Urbano,4
2942-170-AG26,Orden de Compra generada por invitación a compra ágil: 2942-121-COT26,6
2952-85-CM26,ADQUISICIÓN DE VÍVERES ESPECIALES ,6
2961-339-AG26,Orden de Compra generada por invitación a compra ágil: 2961-362-COT26,6
2961-341-AG26,Orden de Compra generada por invitación a compra ágil: 2961-402-COT26,6
2961-342-AG26,Orden de Compra generada por invitación a compra ágil: 2961-404-COT26,6
2986-91-SE26,ORDEN DE COMPRA DESDE 2986-4-LE26,4
2989-264-SE26,EXAMENES MES DE MARZO 2026,6
2994-148-TD26,Orden de Compra generada por Trato Directo ID 2994-7-FTD26,6
2994-151-SE26,ORDEN DE COMPRA DESDE 2994-23-LE26,6
2994-180-SE26,"CONVENIO SUMINISTRO COCTAIL, RESTORANT",6
3000-558-AG26,"Cambio de 2 Calefones, HOGAR LIMARÍ",6
3013-294-SE26,MATERIALES DE CONSTRUCCION,12
3013-380-SE26,Materiales para centro de madres,4
3013-381-SE26,MATERIALES DE CONSTRUCCION,4
3016-211-AG26,Orden de Compra generada por invitación a compra ágil: 3016-77-COT26,6
3016-218-AG26,Orden de Compra generada por invitación a compra ágil: 3016-73-COT26,6
3016-227-SE26,Arriendo Servicio de Fotocopiado para la Ilustre M,6
3035-183-CM26,COMPRA SUPLEMETOS NUTRICIONALES DIDECO,6
3073-106-TD26,Orden de Compra generada por Trato Directo ID 3073-43-FTD26,12
3073-107-CM25,Orden de Compra: 3073-107-CM25,12
3073-185-AG26,"Trituradora de papel, Orden de Compra generada por invitación a compra ágil: 3073-91-COT26",12
3073-508-SE24,ORDEN DE COMPRA DESDE 3073-66-LE24,12
3073-616-SE25,SISTEMA UNIFICADO DE TELEFONÍA IP Y ANÁLOGA DE ALTA DISPONIBILIDAD 3073-50-LE25,12
3073-632-SE24,Servicio de transmisión satelital Iridium,12
3073-85-TD26,Orden de Compra generada por Trato Directo ID 3073-44-FTD26,12
3085-287-AG26,"SOFA CUERO CASA HUESPEDES: 3085-220-COT26, TI ",6
3086-581-AG26,SERVMAD - DESIFECTANTE AMBIENTES Y SUPERFICIES,6
3090-107-CM26,"COMPOSITE Z250 (A1, A2, A3); BARNÍZ DE FLUOR; VITREBOND; KETAC MOLAR",6
3092-19-SE26,ADQUISICION DE FARMACOS PARA LA FARMACIA BOTICA COMUNAL,12
3092-20-SE26,ADQUISICION DE FARMACOS PARA LA FARMACIA BOTICA COMUNAL,12
3092-21-SE26,ADQUISICION DE FARMACOS PARA LA FARMACIA BOTICA COMUNAL,12
3092-23-SE26,ADQUISICION DE FARMACOS PARA LA FARMACIA BOTICA COMUNAL,12
3092-24-SE26,ADQUISICION DE FARMACOS PARA LA FARMACIA BOTICA COMUNAL,12
3092-26-SE26,ADQUISICION DE FARMACOS PARA LA FARMACIA BOTICA COMUNAL,12
3092-27-SE26,ADQUISICION DE FARMACOS PARA LA FARMACIA BOTICA COMUNAL,12
3092-28-SE26,ADQUISICION DE FARMACOS PARA LA FARMACIA BOTICA COMUNAL,12
3092-32-SE26,ADQUISICION DE FARMACOS PARA LA FARMACIA BOTICA COMUNAL,12
3092-33-SE26,ADQUISICION DE FARMACOS PARA LA FARMACIA BOTICA COMUNAL,12
3117-465-AG26,SERVICIO DE RECOLECCIÓN DE RESTOS VARIOS Y VERDES CON BATEA,12
3117-552-SE26,ADQUISICIÓN DE MATERIALES PARA MANTENCIÓN,12
3117-622-CM26,ADQ.GAS LICUADO PARA C.R. LOS MAITENES,4
3117-627-SE26,SERV. MANTENCIÓN HORNO ROMCO,4
3130-5876-CM26,Inusmos clínicos Orden de Compra: 3130-5876-CM26,5
3131-1256-AG26,MANTENCION PREVENTIVA DE AIRE ACONDICIONADO (CENTELSAN) ,6
3138-56-SE26,SERVICIO DE ARRIENDO DE IMPRESORAS DIRISNAV,4
3140-4626-SE26,SERVICIO RETIRO Y RESIDUOS HOSPITALARIOS ,12
3153-141-AG26,BASE ESTABILIZADA,6
316-276-AG26,Orden de Compra generada por invitación a compra ágil: 316-236-COT26,6
3166-221-AG26, ADQUISICIÓN DE LUBRICANTES CAPUERTOWILL Orden de Compra generada por invitación a compra ágil: 3166-113-COT26,6
3166-222-AG26,ADQUISICIÓN DE LUBRICANTES LSR 4430 Orden de Compra generada por invitación a compra ágil: 3166-114-COT26,6
3178-1363-SE26,FA ORDEN DE COMPRA DESDE 3178-4-LE26,6
3181-230-SE26,"ELABORACIÓN PROYECTO DE INGENIERÍA PARA CONSTRUCCIÓN DE TERCERA PISTA AVENIDA SAN JUAN TRAMO AVENIDA REPÚBLICA DE CHILE HASTA CALLE EL RECREO COMUNA DE MACHALÍ DESDE LICITACIÓN PÚBLICA ID 3181-66-LP25, SOLICITADO POR SECPLAN.",4
3191-2224-SE26,CS (MAT2) MANT PREV Y CORRECTIVO MESAS QUIRÚRGICA,6
3191-2249-AG26,AG (FAR1) PRODUCTOS FARMACÉUTICOS: 3191-356-COT26,5
3193-174-AG26,"3193-194-COT26, BATERIAS PM-2525",6
3201-127-AG26,"MATERIAL DE LIBRERÍA DEPARTAMENTO DE EDUCACION,. LONCOCHE",6
3201-130-AG26,"MATERIALES DE LIBRERÍA POR ACTIVIDADES 1° SEMESTRE PROGRAMA HPV, LONCOCHE",4
3206-174-AG26,Orden de Compra generada por invitación a compra ágil: 3206-96-COT26,6
3206-176-AG26,Orden de Compra generada por invitación a compra ágil: 3206-98-COT26,6
3228-54-SE26,SERVICIO DE FOTOCOPIADORA SERVICONS,4
3236-28-AG26,ADQUISICION DE IMPLEMENTOS DE ELECTRICIDAD,4
3244-142-AG26, ARTICULOS ESCOLARES Y DE OFICINA PARA JI MADRE TIERRA (JUNJI),12
3246-133-AG26,EM (SOMA-SALITRE) 08 CSA ADQ. DE ELEMENTOS DE SEGURIDAD FACH AFTA. Compra ágil: 3246-109-COT26,4
3265-212-SE26,ORDEN DE COMPRA DESDE 3265-35-LE26,6
3265-213-SE26,ORDEN DE COMPRA DESDE 3265-35-LE26,6
3268-258-AG26,001 002 011 GBA FOMENTO 71/2026 MANTENIMIENTO A MÁQUINAS DEPORTIVAS PCP 3268-237-COT26,4
3268-273-AG26,001 002 011 GBA 72/2026 ADQUISICIÓN DE MATERIALES DE FERRETERÍA 3268-252-COT26,4
3268-278-AG26,001 002 010 GBA FOMENTO 70/2026 ARRIENDO DE ALZA HOMBRE 3268-238-COT26,4
3270-33-AG26,Orden de Compra generada por invitación a compra ágil: 3270-36-COT26,4
3270-34-AG26,Orden de Compra generada por invitación a compra ágil: 3270-38-COT26,4
3274-117-SE26,MANT TUNDRA C-7829 BRIANT CAL,6
3284-1089-SE25,MEDICAMENTOS /FARMACIA MUNICIPAL,12
3284-332-AG26,RELATORIA ELBARORACION DE PRODUCTOS /PROGRAMA FAMILIAS EN CHAITEN,12
3284-333-AG26,RELATORIA ELBARORACION DE PRODUCTOS /PROGRAMA FAMILAS EN PENISNULA DE COMAU,12
3284-69-SE26,MEDICAMENTOS /FARMACIA MUNICIPAL,12
3285-203-SE26,DOM,12
3287-235-TD26,Orden de Compra generada por Trato Directo ID 3287-49-FTD26,6
3299-108-SE26,ORDEN DE COMPRA DESDE 3299-18-L126,6
3309-139-AG26,ESTUFAS A GAS Y CILINDROS DE 15K por invitación a compra ágil: 3309-144-COT26,4
3320-132-AG26,002_65495/2026_VALVULAS Orden de Compra generada por invitación a compra ágil: 3320-167-COT26,6
3325-102-SE26,SERVICIO DE ASEO ABRIL 2026,12
3328-1135-AG26,JAG/OMD/INSUMOS DE MENAJE/compra ágil: 3328-639-COT26,6
3328-685-CM26,RTR/DAG/REQ.N°37626/PROGRAMA DE ALIMENTACIÓN/MES MARZO.,12
3328-701-CM26,RTR/DAG/REQ.N°37626/PROGRAMA DE ALIMENTACIÓN/MES MARZO.,12
3328-705-CM26,RTR/DAG/REQ.N°37626/PROGRAMA DE ALIMENTACIÓN/MES MARZO.,12
3334-198-SE26,ORDEN DE COMPRA DESDE 3334-4-LP26,6
3335-482-AG26," POLERONES, POLERAS Y ZAPATILLAS PARA ESCUELA RURAL F.M.L.M. ORD. N°13 LEY S.E.P. Orden de Compra generada por invitación a compra ágil: 3335-338-COT26",4
3335-485-AG26,ADQUISICIÓN DE MATERIAL ESCOLAR PARA ESCUELA RURAL LOS CHILCOS ORD. 18 LEY SEP Orden de Compra generada por invitación a compra ágil: 3335-440-COT26,6
3335-487-AG26,ADQUISICIÓN DE MATERIAL DE ASEO PARA ESCUELA RURAL CARIMANCA ORD. 06 SUBV. REGULAR Orden de Compra generada por invitación a compra ágil: 3335-441-COT26,4
3335-488-AG26,ADQUISICIÓN DE MATERIAL DE ASEO PARA ESCUELA RADIMADI ORD. 99 SUBV. REGULAR Orden de Compra generada por invitación a compra ágil: 3335-444-COT26,4
3343-101-AG26,ADQ DE MEDICAMENTOS PARA FARMACIA COMUNAL Orden de Compra generada por invitación a compra ágil: 3343-80-COT26,12
3373-17-AG26,ADQUISCION DE FARMACEUTICOS CURSO COMBATE ESPECIAL,12
3374-59-AG26,ADQUISICIÓN DE ELEMENTOS DE ASEO PARA LA UFs PARA LA UNIDAD.,4
3374-60-AG26, ADQUISICIÓN DE VESTUARIO (BISO) PARA SLC´s CLASE 2007 DE LA UNIDAD.,6
3378-3964-SE26,DETERM. INMUNOHEM.BANCO DE SANGRE 3378-49-LR22,12
3378-4126-SE26,Adquisición de Reactivos P/Laboratorio del HMS.-,12
3378-4174-TD26,Orden de Compra generada por Trato Directo ID 3378-284-FTD25,12
3378-4183-SE26,ADQUISICION DE INSUMOS LIC. 3378-42-LR24,6
3378-4211-AG26,ADQ. DE TARJETAS ELECTRONICAS PARA MOTORES DE COLCHONES DEL SERV. UCI DEL HMS ,6
3378-4213-AG26,Adquisición de elementos de protección personal para Prevención de Riesgos del HMS,4
3378-4219-SE26,ADQUISICION DE INSUMOS LIC. 3378-14-LR25,4
3378-4220-SE26,ADQUISICION DE INSUMOS LIC. 3378-14-LR25,6
3378-4221-SE26,ADQUISICION DE INSUMOS LIC. 3378-14-LR25,4
3378-4225-SE26,ADQUISICION DE INSUMOS LIC. 3378-14-LR25,4
3378-4227-SE26,ADQUISICION DE INSUMOS LIC. 3378-30-LR25,4
3390-155-CM26,"Abarrotes para el Casino Militar Centralizado Fondos Internos 1100035009 ""Casino Militar Centralizado""",6
3390-156-AG26,Kit de Riego para el Casino Militar Centralizado Fondos Internos 1100005006 Compra ágil: 3390-84-COT26,6
3390-162-CM26,"Adquisición de Abarrotes para el Casino Militar Centralizado Fondos Internos 1100035009 ""Casino Militar Centralizado"" ",6
3391-287-AG26,Orden de Compra generada por invitación a compra ágil: 3391-156-COT26,6
3407-83-AG26," OTROS MATERIALES, REPUESTOS Y ÚTILES DIVERSOS PARA MANTENIMIENTO Y REPARACIONES (FUNC)",6
3416-225-AG26,F2. ELEMENTOS PARA LABORATORIO DE QUIMICA ,6
3436-816-SE25,AJUAR INGRESO - GRADOS Y DISTINTIVOS  1100065012,12
3442-192-AG26, SERVICIO REPARACIÓN CAMIÓN PLANO PATENTE CBJD-26 Orden de Compra generada por invitación a compra ágil: 3442-72-COT26,6
3447-1247-SE26,"MEMO N°3043 Servicios de mantenimiento, soporte de hardware y red municipal prestados por la empresa S.N.C correspondiente al mes de abril del presente año (SALUD)",6
3447-1248-SE26,"MEMO N°3043 Servicios de mantenimiento, soporte de hardware y red municipal prestados por la empresa S.N.C correspondiente al mes de mayo del presente año (SALUD)",6
3447-1249-SE26,"MEMO N°3043 Servicios de mantenimiento, soporte de hardware y red municipal prestados por la empresa S.N.C correspondiente al mes de junio del presente año (SALUD)",6
3447-1251-SE26,MEMO N°3039 Servicios de sistema Gestión y Arriendo Software Municipal prestados por la empresa S.N.C correspondiente al mes de abril del presente año (SALUD).,6
3447-1253-SE26,MEMO N°3039 Servicios de sistema Gestión y Arriendo Software Municipal prestados por la empresa S.N.C correspondiente al mes de mayo del presente año (SALUD).,6
3447-1254-SE26,MEMO N°3039 Servicios de sistema Gestión y Arriendo Software Municipal prestados por la empresa S.N.C correspondiente al mes de junio del presente año (SALUD).,6
3462-51-AG26,ADQUISICION DE MATERIALES PEDAGOGICOS DE HISTORIA: 3462-38-COT26,4
3462-55-TD26,Orden de Compra generada por Trato Directo ID 3462-10-FTD26,4
3474-237-SE26,"SERVICIO DE LIMPIEZA DE CAMARAS DESENGRASADORAS DE LOS CASINOS DE LA ESCAR, ORDEN DE COMPRA DESDE 3474-3-LE26",6
3480-105-AG26,BEBIDAS CASINO DE OFICIALES_compra ágil: 3480-96-COT26,6
3482-62-AG26,Orden de Compra generada por invitación a compra ágil: 3482-56-COT26 ADQUISICIÓN DE MÁQUINAS Y EQUIPAMIENTO PARA EL FUNCIONAMIENTO DE LA COMISIÓN EDUCACIÓN FÍSICA DEL PERSONAL DE PLANTA DE ESTA UNIDAD REGIMENTARIA.,6
3485-349-AG26,Orden de Compra generada por invitación a compra ágil: 3485-393-COT26,6
3485-353-AG26,Orden de Compra generada por invitación a compra ágil: 3485-394-COT26,6
3501-89-SE26,ORDEN DE COMPRA DESDE 3501-3-LP26,9
3504-1150-SE26,NEUMÁTICOS PARA MOTONIVELADORA FTFP-58,12
3506-333-AG26,"MEDIOAMBIENTE, ASEO Y ORNATO, S/P N°331, (ALIMENTO DE PERRO)",6
3506-335-AG26,"DIDECO, AYUDA SOCIAL S/P N°318, (MATERIAL DE CONSTRUCCION)",4
3507-307-AG26,Orden de Compra generada por invitación a compra ágil: 3507-276-COT26,6
3510-409-SE26,Traslado furgón en barcaza Isla Puluqui,4
3516-306-AG26,Orden de Compra generada por invitación a compra ágil: 3516-267-COT26,6
3516-312-AG26,TELON DE 120 POR 90 CON TRIPODE Y DUO MICROFONO INHALAMBRICO-Orden de Compra generada por invitación a compra ágil: 3516-255-COT26,6
3516-872-SE25,ORDEN DE COMPRA DESDE 3516-55-LP25,12
3540-238-SE26,Insumos para taller L. Tapera 3540-63-LE25 (P.1832,12
3540-280-SE26,Cinta Reflectiva p/Camión Sum.3540-100-LE25(pm.189,4
3540-281-SE26,"Tambores de Freno, Sum.3540-101-LE25(pm.1886)",4
3540-283-AG26,Petroleo Calderas C.ágil:3540-114-COT26(pm.1851),6
3542-67-AG26,Orden de Compra generada por invitación a compra ágil: 3542-35-COT26,12
3544-94-AG26,ADQUISICION DE PARCHES PARA EL CONTINGENTE DE LA UNIDAD (3544-99-COT26),4
3545-125-SE26,INFORMES DE MAMOGRAFIA,12
3545-126-SE26,EMISION DE LICENCIAS MEDICAS Y ARRIENDO DE HUELLER,12
359-111-SE26,ORDEN DE COMPRA DESDE 359-142-LE25,6
359-1348-SE26,ORDEN DE COMPRA DESDE 359-44-LE24,6
3608-265-AG26,"Impresión de Banderas, Pendones, Dípticos y Trípticos-Seguridad Pública (Desde 3608-263-COT26)",6
3611-145-AG26, Cintas Reactivas de glucosa compatibles con equipo CareSens,4
3616-58-AG26,Movilización funcionarias Programa MAS AMA. Compra ágil: 3616-58-COT26,6
3621-153-SE26,COMPRA DE MATERIALES DE CONSTRUCCION,6
3623-239-AG26,"Servicio de producción, amplificación e iluminación y presentación artística para jornada comunitaria-Dideco",6
3623-240-AG26,SERVICIO DE AMPLIFICACIÓN CEREMONIA GLORIAS NAVALES 2026,4
3637-124-AG26,ADQUISICION DE MATERIAL DE DIFUSIÓN - PRLAC,4
3658-233-AG26,COMPRA DE ARTICULOS DE OFICINA PROG OLN Orden de Compra generada por invitación a compra ágil: 3658-188-COT26,6
3659-338-AG26,POLERONES,6
3659-346-SE26,MANTENCION SEMAFOROS,6
3659-355-SE26,MANTENCION SEMAFOROS,6
3663-268-SE26,INSUMOS QUIRURGICOS,6
3664-95-AG26,Orden de Compra generada por invitación a compra ágil: 3664-72-COT26,6
3679-169-AG26,"Orden de Compra generada por invitación a compra ágil: 3679-97-COT26, POR LA COMPRA DE PARKAS Y JARDINERAS CON LOGO INSTITUCIONAL PARA FUNCIONARIOS, CON CARGO AL PROGRAMA EQUIDAD RURAL Y AL DEPTO. DE SALUD DE SAN ESTEBAN",4
3682-466-TD26,Orden de Compra generada por Trato Directo ID 3682-324-FTD26,12
3688-220-AG26,CALCIO CARBONATO-DROGUERIA-MEMO N°1228 a compra ágil: 3688-142-COT26,6
3694-133-AG26,"CONTRATO DE SUMINISTRO, SERVICIO DE ALIMENTACION PROGRAMA EXPOSICION EN SALA MUSEO Y PATRIMONIO, CENTRO CULTURAL CAMILO MORI, UNIDAD DE CULTURA compra ágil: 3694-181-COT26",6
3697-405-CM26,"Orden de Compra: 3697-405-CM26, ADQUISICION DE VALES DE GAS, DIDECO.-",4
3697-407-SE26,"CTTO. DE SUM. DE PANADERIA, PASTELERIA Y OTROS AÑO 2025-2027, PROGRAMA CERTRO DIURNO.-",6
3706-136-AG26,VESTUARIO - Prog. Habitabilidad,12
3717-71-AG26,Impresoras Liceo Fca de Paula Segura: 3717-56-COT26,4
3717-72-AG26,Colaciones Nilahue Cornejo: 3717-58-COT26,4
3717-74-AG26,Colaciones día del alumnos Esc Nilahue: 3717-60-COT26,4
3718-72-AG26,Diagnostico Completo Furgon  PPU:JBCP-36,4
3718-73-AG26,Material Didáctico programa CHCC,4
3718-74-AG26,Protesis Dentales Programa Estrategia de Salud Bucal,4
3753-155-AG26,DISCOS DUROS DAEM,6
3759-452-AG26,Orden de Compra generada por invitación a compra ágil: 3759-103-COT26,6
3766-136-TD26,Orden de Compra generada por Trato Directo ID 3766-14-FTD26,6
3776-252-CM26,Adquisición de suplementos alimenticios y leches para ayudas sociales mayo.-,6
3777-86-TD26,Orden de Compra generada por Trato Directo ID 3777-42-FTD26,6
3787-26-AG26,ADQUISICIÓN TARJETAS DE MEMORIA,6
3791-528-AG26,Orden de Compra generada por invitación a compra ágil: 3791-470-COT26,6
3791-530-AG26,Orden de Compra generada por invitación a compra ágil: 3791-472-COT26,6
3807-182-AG26,"Material de Oficina, Prog. Familia -compra ágil: 3807-198-COT26",6
3807-183-AG26,"Material de oficina, Progr. Vinculos 2025 B -compra ágil: 3807-199-COT26",6
3813-29-SE26,SERVICIO DE SEGUROS PARA VEHÍCULOS MUNICIPALES,4
3820-395-AG26,Compra de insumos para impresora credenciales,4
3821-97-AG26,Servicio de Fibra : 3821-87-COT26,12
3833-332-AG26,PECHERAS CLINICAS-PRLAC-compra ágil: 3833-257-COT26,6
3858-218-AG26,ADQUISICIÓN DE EQUIPAMIENTO TECNOLÓGICO PARA LA ESCUELA JULIA HERRERA VARAS,6
3874-93-AG26,SERVICIO DE ARRIENDO DE IMPRESORAS ,6
3882-170-AG26,PROFESIONALES - CENTRO DE LA MUJER,6
3888-334-AG26, Planchas de Zinc para ayuda social 402/3888-397-COT26,6
3897-205-AG26,ALL IN ONE,12
3897-250-TD26,Orden de Compra generada por Trato Directo ID 3897-179-FTD26,12
3897-255-TD26,Orden de Compra generada por Trato Directo ID 3897-184-FTD26,12
3897-258-TD26,Orden de Compra generada por Trato Directo ID 3897-187-FTD26,12
3897-284-AG26,TINTAS,4
3897-537-AG25,TRASLADO DE PASAJEROS,12
3899-97-TD26,Orden de Compra generada por Trato Directo ID 3899-67-FTD26,5
3921-153-AG26,Orden de Compra generada por invitación a compra ágil: 3921-104-COT26,12
3921-165-AG26,Orden de Compra generada por invitación a compra ágil: 3921-111-COT26,12
3921-195-AG26,Orden de Compra generada por invitación a compra ágil: 3921-124-COT26,12
3921-30-CM26,Departamento de Salud,12
3922-413-SE26,"Arriendo anual de Plataforma de Gestión Educativa LIRMI para Esc. Epu Klei, fondos SEP.",6
3926-118-AG26,ART. DE ESCRITORIO PGM MAS AMA,6
3928-326-SE26,ADQUISICIÓN DE COLACIONES PARA ALUMNOS DE LA ESCUE,12
3928-338-SE26,ADQUISICIÓN DE MATERIALES DE FERRETERIA PARA ESCUE,12
3928-341-SE26,ADQUISICIÓN DE PLATANOS PARA ACTIVIDAD CON ALUMNOS,12
3928-342-SE26,ADQUISICIÓN DE COLACIONES PARA ALUMNOS DE LA ESCUE,12
3928-346-SE26,ADQUISICIÓN DE MATERIALES DE FERRETERIA PARA ESCUE,12
3932-273-SE26,ORDEN DE COMPRA DESDE 3932-8-LE24 SERVICIO REAS,6
3947-360-CM26,PETROLEO SEGUNDA QUINCENA DEL MES DE ABRIL DE 2026,6
3947-361-SE26,PETROLEO SEGUNDA QUINCENA DEL MES DE ABRIL DE 2026,6
3947-362-SE26,GASOLINA SEGUNDA QUINCENA DEL MES DE ABRIL DE 2026,6
3947-363-SE26,GASOLINA SEGUNDA QUINCENA DEL MES DE ABRIL DE 2026,6
3950-591-AG26,PILAS PARA DSR Orden de Compra generada por invitación a compra ágil: 3950-235-COT26,4
3950-622-AG26,impresion de laminas de buen trato Orden de Compra generada por invitación a compra ágil: 3950-236-COT26,4
3950-626-AG26,impresora multifuncional para PSR TRANQUILO Orden de Compra generada por invitación a compra ágil: 3950-246-COT26,4
3950-643-AG26,TALONARIO DE ORDENES DE PASAJES Orden de Compra generada por invitación a compra ágil: 3950-259-COT26,4
3951-107-SE26,ORDEN DE COMPRA DESDE 3951-28-LE26,4
3951-108-SE26,ORDEN DE COMPRA DESDE 3951-28-LE26,5
3951-109-SE26,ORDEN DE COMPRA DESDE 3951-28-LE26,4
3951-110-SE26,ORDEN DE COMPRA DESDE 3951-28-LE26,6
3951-111-SE26,ORDEN DE COMPRA DESDE 3951-28-LE26,4
3959-47-CM26,Orden de Compra: 3959-47-CM26,4
3968-61-AG26,Mobiliario - 2894,6
3986-168-AG26,Orden de Compra generada por invitación a compra ágil: 3986-182-COT26,6
3987-33-AG26,Orden de Compra generada por invitación a compra ágil: 3987-27-COT26,6
3996-226-AG26,ADQUISICION LIMPIADOR DESINFECTANTE,6
4019-158-AG26,MANTENCION PREVENTIVA PARA LA CAMIONETA MONTERO SPORT,6
4022-250-AG26,"ADQ DE MATERIALES ELECTRICOS - SANITARIOS PARA ELECTROFUSIONAR TUBERIAS HDPE TRABAJOS VARIOS, SEGUN DETALLE. C.A: 4022-315-COT26",6
4027-114-AG26,Coffee Break – Actividad SESION DE COMISIONES DEL CONCEJO REGIONAL DEL BIO BIO,6
4034-201-AG26,"ADQUISICIÓN DE HIDROLAVADORA CON ACCESORIOS PARA TALLER MECÁNICO DAEM, SP 44 - FONDOS DAEM",6
4035-90-SE26,Renovacion Prog. GES Salud Oral,4
4035-91-SE26,Renovacion Prog. Atención Integral,4
4037-238-AG26, TARJETAS MEMORIA COMUNICACIONES ADMINISTRACIÓN MUNICIPAL,6
4037-239-AG26,SILLAS PARA OFICINA DEPTO. SOCIAL compra ágil: 4037-140-COT26,4
4050-313-AG26,"ADQUISICIÓN DE INSUMOS DE ALIMENTOS PARA ANIVERSARIO Y NOMBRAMIENTO BIBLIOTECA MUNICIPAL, MUNICIPALIDAD DE LONQUIMAY",6
4053-252-CM26,INSUMOS CLINICOS - CESFAM MARIQUINA,6
4060-2-AG26,RETIRO DE RESIDUOS ESPECIALES PARA POSTA RURAL: 4060-1-COT26,12
4065-2-TD26,Orden de Compra generada por Trato Directo ID 4065-1-FTD26,4
4081-144-SE26,MATERIAL DE FERRETERIA DAEM,6
4085-304-CM26,Orden de Compra: 4085-304-CM26,4
4085-307-AG26,Adquisición de kits de reposteria-amasandería4085-182-COT26,4
4086-217-AG26,Orden de Compra generada por invitación a compra ágil: 4086-201-COT26,6
4099-230-SE26,Servicio de traslado pacientes a Santiago y Melipi,6
4105-307-CM26,COMBUSTIBLE PARA ABASTECER VEHÍCULOS MUNICIPALES MES DE MAYO 2026,12
4113-403-SE26,ADQ. NEUMATICOS PARA VEHICULOS Y MAQUINARIA MUNIC.,6
4113-405-SE26,ADQ. LUBRICANTES PARA VEHICULOS MUNICIPALES,6
4118-11-AG26,Orden de Compra generada por invitación a compra ágil: 4118-14-COT26,6
4123-185-AG26,ADQ. COMBUSTIBLE PARA GRUPO ELECTROGENO a compra ágil: 4123-105-COT26,4
4123-186-SE26,Retiro Material Contaminado para Cesfam de Ninhue,4
4123-187-SE26,Retiro Material Contaminado para Cesfam de Ninhue,4
4132-115-AG26,ADQUISICION DE CALEFACTORES A GAS ,6
4134-201-AG26,SERVICIOS DE COFFEE BREAK PROGRAMA AFI 2025,12
4157-345-AG26,INSUMOS CONVIVENCIA EDUCATIVA JORNADA DE CAPACITACIÓN DAEM REQ°960101-1<319>,6
4161-167-AG26,"Compra de una UPS, para sala de profesores, Colegio Plazuela., Orden de Compra generada por invitación a compra ágil: 4161-156-COT26",6
4162-202-AG26,Orden de Compra generada por invitación a compra ágil: 4162-185-COT26,6
4162-206-AG26,Orden de Compra generada por invitación a compra ágil: 4162-176-COT26,6
4164-231-SE26,Ampliación 30% Suministro Tortas ,6
4172-193-SE26,ORDEN DE COMPRA DESDE 4172-13-LE26,6
4172-195-SE26,ORDEN DE COMPRA DESDE 4172-13-LE26,6
4179-502-TD26,Orden de Compra generada por Trato Directo ID 4179-14-FTD26,4
418-1085-TD26,Orden de Compra generada por Trato Directo ID 418-398-FTD26,12
418-1106-TD26,Orden de Compra generada por Trato Directo ID 418-414-FTD26,12
418-1114-SE26,POR- ARR. RX PORTATIL ABRIL 2026,12
418-1121-SE26,POR - ARR-REFRIGERADORES HPA  ABRIL 2026- 418-82-LE24	,12
418-1124-SE26,POR - ARR-ESCÁNER INTRAORAL ABRIL  2026,5
418-1126-TD26,Orden de Compra generada por Trato Directo ID 418-419-FTD26,12
418-1332-TD26,Orden de Compra generada por Trato Directo ID 418-476-FTD26,6
4193-187-SE26,Insumos Aseo para el Cesfam Caldera,6
4193-192-SE26,Mantención de Automóvil Chevrolet Spark,6
4195-472-SE26,SUMINISTRO TRASLADO MARITIMO 2026,12
4201-240-AG26,COMPRA DE PAN PARA USUARIOS DEL CEDIAM Orden de Compra generada por invitación a compra ágil: 4201-202-COT26,4
4247-299-AG26,COMPRA DE GUILLOTINA METÁLICA 230 MM. Orden de Compra generada por invitación a compra ágil: 4247-301-COT26,6
425-309-AG26,Orden de Compra generada por invitación a compra ágil: 425-130-COT26,4
425-313-AG26,Orden de Compra generada por invitación a compra ágil: 425-159-COT26,4
4256-137-AG26,INSUMOS INFORMATICOS PARA CESFAM DE SAN FABIAN ,6
426-117-SE26,Compra Reactivos Mayo,12
4272-3-AG26,"MTS, 1222, MATERIALES ESCOLARES, G27,SEP",6
4281-86-SE26,REPUESTOS E INSUMOS PARA VEHICULOS. ,9
4281-97-AG26,PUERTA ABATIBLE PARA EL CESFAM LOS LAURELES. ,4
4281-98-CM26,MATERIALES E INSUMOS DE FERRETERIA. ,4
4290-46-SE26,Orden de compra desde 4290-16-LQ23,6
4290-47-SE26,Orden de compra desde 4290-16-LQ23 ,6
4291-494-CM26,PASAJERO : PATRICIO MORALES RETAMAL (ANF/SCL/ANF 27 AL 28 MAYO 2026),6
4309-2112-SE26,ORDEN DE COMPRA DESDE 4309-247-LQ23,9
4309-2158-SE26,ORDEN DE COMPRA DESDE 4309-195-LQ24,6
4322-276-AG26, ADQUISICION DE PREMIOS PARA PROGRAMA MUJERES 4322-262-COT26,6
4324-55-AG26,ROLLO LIMPIA PIES Orden de Compra generada por invitación a compra ágil: 4324-33-COT26,4
4324-56-AG26,"ADITIVO ADBLUE, Orden de Compra generada por invitación a compra ágil: 4324-32-COT26",6
4328-448-AG26,CARPETAS SUBLIMADAS compra ágil: 4328-458-COT26,4
4357-132-AG26,Orden de Compra generada por invitación a compra ágil: 4357-92-COT26,4
4371-141-AG26,ADQUISICION DE CARPAS TIPO CORTINA compra ágil: 4371-102-COT26,6
4371-155-CM26,ADQUSICION DE UTILES DE OFICINA PARA CENTRO DE LA MUJER Orden de Compra: 4371-155-CM26,4
4371-163-AG26,ADQUISICION DE INSTRUMENTOS DE MEDICION DE ARBOLADO EN AREAS VERDES COMPRA AGIL: 4371-85-COT26,6
4375-1037-CM26,POSTA CENTRAL ABRIL,12
4375-1089-SE26,BOLSAS POLIETILENO ABRIL 2026/ 4375-34-LR24,12
4375-1115-SE26,FORMULARIOS 4375-43-LP25,6
4375-1206-SE26,DETERGENTES MAYO 4375-267-LQ24,12
4375-1227-SE26,BOBINAS ESTERILIZACION MAYO / 4375-286-LP24,6
4375-1240-SE26,CONVENIO ABARROTES PSIQUIATRIA MAYO / 4375-25-LP25,6
4375-1264-SE26,CONVENIO ABARROTES CENTRAL MAYO / 4375-25-LP25,6
4375-1268-CM26,POSTA Y JAMON CENTRAL MAYO,6
4375-1281-CM26,PAVO MOLIDO CENTRAL MAYO,12
4375-1309-SE26,MAMADERA PAC mayo / 4375-169-LQ24,12
4375-1406-SE26,DETERGENTES MAYO PSIQUIATRIA 4375-267-LQ24,6
4375-345-CM26,CARNE MOLIDA Y PAVO CENTRAL FEBRERO,12
4375-741-SE26,ORDEN DE COMPRA DESDE 4375-97-LE25 TODO,4
4375-938-SE26,RESUCITADORES PAC abril 2026 / 4375-70-LP25	,6
438-62-SE26,ADQUISICION DE MATERIAL DE FERRETERIA Y CONST. ,6
4401-353-AG26,SC 355 MATERIALES DE OFICINA TIC  compra ágil: 4401-26-COT26,6
4401-359-CM26,SC 412 SILLAS DE RUEDAS 4401-359-CM26,4
4455-259-SE26,Contratación de Seguros Bienes Muebles e Inmuebles de Jardines infantiles y Salas Cuna VTF de la Comuna Arauco - Licitación Pública 4455-22-LE26,6
4455-272-SE26,Serv. movilización para alumnos de la comuna de Arauco Liceo San Felipe de Arauco - abril 2026,12
4463-431-SE26,PROG. MEDICAMENTOS 05-2026/ ORDEN DE COMPRA DESDE 4463-26-LQ23,6
4469-296-AG26,"SC 39816 (KE) SERVICIO DE ALIMENTACION COFFEE, FECHA 20 DE JUNIO",6
4474-420-SE26,MATERIALES DE CONTRUCCION,6
4474-421-SE26,MATERIALES ELECTRICOS ,6
449-149-AG26,Orden de Compra generada por invitación a compra ágil: 449-135-COT26,6
4493-251-AG26,"Orden de Compra generada por invitación a compra ágil: 4493-271-COT26, Se requiere Servicio de Mantención de Alarmas para Establecimientos dependientes del D.A.S. Penco",6
4493-252-CM26,ADQUISICIÓN DE MARIPOSAS SCALP-VEIN CESFAM PENCO Orden de Compra: 4493-252-CM26,5
4493-255-AG26,"Orden de Compra generada por invitación a compra ágil: 4493-277-COT26, Adquisición de Insumos Dentales para Programa Salud Bucal Cesfam Penco",4
4493-256-AG26,"Orden de Compra generada por invitación a compra ágil: 4493-280-COT26, Adquisición de Insumos Dentales para Programa Salud Bucal Cesfam Penco",4
4493-258-AG26,"Orden de Compra generada por invitación a compra ágil: 4493-283-COT26, Adquisición de Insumos Dentales para Programa de Salud Bucal  Cesfam Penco ",4
4493-260-AG26,"Orden de Compra generada por invitación a compra ágil: 4493-272-COT26, Adquisición de Base para Micromotor Dental para Unidad Odontológica Cesfam Penco",4
4493-262-AG26,"Orden de Compra generada por invitación a compra ágil: 4493-273-COT26, Adquisición de Toner para SAR Penco",4
4493-263-AG26,"Orden de Compra generada por invitación a compra ágil: 4493-275-COT26, Adquisición de Insumos Quirúrgicos para SAR Penco",4
4493-264-AG26, ADQUISICIÓN DE MICROONDAS Y HERVIDOR PARA CASINO CESFAM PENCO/4493-282-COT26,6
450-164-TD26,Orden de Compra generada por Trato Directo ID 450-26-FTD26,4
4535-13-AG26,Orden de Compra generada por invitación a compra ágil: 4535-11-COT26 Indumentaria Deportiva,4
4548-275-AG26,Orden de Compra generada por invitación a compra ágil: 4548-248-COT26,9
4548-298-AG26,Orden de Compra generada por invitación a compra ágil: 4548-261-COT26,6
4548-302-AG26,Orden de Compra generada por invitación a compra ágil: 4548-241-COT26,6
4594-404-CM26,Orden de Compra: 4594-404-CM26,6
4605-49-SE26,"PATRICIO CASAGRANDE, INFORME DE TASACIONES DE CAUSAS ROLES C-830-2025 DEL 1ER. JUZGADO DE LETRAS DE CURICÓ Y LAS CAUSAS ROLES C-1589-2025 Y C-7574-2024, DEL 2DO. JUZGADO DE LETRAS DE CURICÓ.",12
4605-50-SE26,"PATRICIO CASAGRANDE, INFORME DE TASACION DE CAUSA ROL C-1444-2025 DEL JUZGADO DE LETRAS DE CURICO.",12
4609-8-AG26,Orden de Compra generada por invitación a compra ágil: 4609-4-COT26,12
4642-422-TD26,Orden de Compra generada por Trato Directo ID 4642-69-FTD26,12
4642-429-SE26,2604811 PROVISIÓN E INSTALACION DEL SISTEMA DE CIRCUITO ELÉCTRICO PARA EL INMUEBLE PROPIEDAD DEL FONDO PARA HOSPITALES DE CARABINEROS DE CHILE ORDEN DE COMPRA DESDE 4642-147-R126,4
4642-519-AG26,2604470 CONTRATACIÓN DEL SERVICIO DE INTERNET PARA EL CONSULTORIO DE ANGOL PERTENECIENTE A LA RED SALUD DE CARABINEROS DE CHILE. Orden de Compra generada por invitación a compra ágil: 4642-84-COT26,4
4686-362-CM26,"REPOSICION DE STOCK, SERVICIO DE ALIMENTACION",6
4732-118-AG26, Adquisición de insumos y alimentos para usuarias asistentes a los talleres del Programa Mujeres Jefas de Hogar,6
4761-2-AG26,Orden de Compra generada por invitación a compra ágil: 4761-2-COT26,6
4766-3484-SE26,"ADQUISICION EXAMENES DE LABORATORIO CONSULTORIO MUNICIPAL POR EL MES DE ABRIL DEL 2026, SEGUN LICITACION PUBLICA ID 4766-21-LP25",12
4766-3487-SE26,"ADQUISICIÓN DE SOFTWARE GESTIÓN DE HORAS CGU 2026 MES DE ABRIL, SEGUN LICITACION PUBLICA ID 4766-28-LE25",12
4768-120-SE26,ORDEN DE COMPRA DESDE 4768-26-LP26,12
4768-134-TD26,Orden de Compra generada por Trato Directo ID 4768-32-FTD26,12
4776-140-SE26,SERVICIO DE ASEO HOSPITALARIO PARA EL CENTRO CAPREDENA LIMACHE (Lic. 4776-8-LP26),4
4776-222-AG26,Servicio de recarga de extintores. CSS y CRLF. Compra ágil: 4776-158-COT26,4
4776-231-AG26,Adquisición de electrodomésticos para casino. CSS.  Compra ágil: 4776-160-COT26,6
4778-245-AG26,FRL - REPOSICION BODEGA GENERAL SC Nº 1668 BODEGA GENERAL E INSUMOS CLINICOS SEGUN COT 4778-71-COT26,6
4778-247-CM26,Orden de Compra: 4778-247-CM26-SOLICITUD COMPRA N° 2671-2026,6
4778-248-CM26,Orden de Compra: 4778-248-CM26- SOLICITUD DE COMPRA N° 2679-2026,6
4778-249-CM26,Orden de Compra: 4778-249-CM26- SOLICITUD N° 2668-2026- CDP N° 1664-23-04-2026,6
4778-269-TD26,Orden de Compra generada por Trato Directo ID 4778-117-FTD26,4
4779-258-AG26,FFVV - ADAPALENO 0.1% GEL - MARZO 2026,12
4817-1450-AG26,Orden de Compra generada por invitación a compra ágil: 4817-192-COT26,6
4817-1570-SE26,DISPOSITIVOS MÉDICOS PARA PEDIATRÍA Y NEONATOLOGÍA,6
4817-1737-CM26,Orden de Compra: 4817-1737-CM26,6
482-521-TD26,Orden de Compra generada por Trato Directo ID 482-156-FTD26,6
482-593-TD26,Orden de Compra generada por Trato Directo ID 482-221-FTD26,6
4829-125-AG26,"Mantencion y reparacion de camioneta municipal mitsubishi L200, segun orden de pedido N° 75 del departamento de administracion: 4829-120-COT26",6
4832-114-SE26,ADQUISICIÓN DE INSUMOS,12
4832-281-SE26,TRASLADO CLUB ADULTO MAYOR,12
4880-20-AG26,Orden de Compra generada por invitación a compra ágil: 4880-13-COT26,12
4880-21-SE26,ORDEN DE COMPRA DESDE 4880-9-L126,12
4881-20-CC26,ARRIENDO EQUIPOS MULTIFUNCIONALES - ATACAMA,12
4881-21-AG26,Orden de Compra generada por invitación a compra ágil: 4881-2-COT26,12
4922-105-AG26,COMPRA DE INSUMOS PARA ACTIVIDADES PROGRAMA 4 A 7  compra ágil: 4922-110-COT26,4
494-1084-AG26,"PROGRAMACION MAYO,DESDE AG",6
494-110-AG26,"PROGRAMA SERVICIO DENTAL ENERO, DESDE AG: 494-53-COT26",12
494-827-SE26,"REGULARIZACION CX CADERA CEMENTADA OCT25, DESDE 494-12-LR25",12
4955-152-SE25,SERVICIO DE ARRIENDO DE 8 PC PARA EL DEPTO. GESTIÓN TÉCNICA Y MEJORA CONTINUA,12
4964-43-AG26,Números para corridas deportivas,4
4967-181-SE26,(NFV) DENTAL / INSUMOS DENTALES DE ENDODONCIA - DESDE 4967-26-LP25,12
4967-397-SE26,(NFV) TEST INMUNO CROMATOGRAFICO PARA DETECCIÓN DE CARBAPENEMASAS - DESDE 4967-19-R125 LABORATORIO MARZO 2026,12
4967-777-AG26,"(cbs) ELECTRODO DE ASA TRIANGULAR ""S"" 15 X 10MM compra ágil: 4967-303-COT26",12
4967-814-AG26,(cbs) SONDA DE ASPIRACIÓN DAHLHAUSEN O SIMILAR EQUIPO TOMA DE MUESTRA TRAQUEAL FINGER TIP C/CONTROL SUCCION compra ágil: 4967-344-COT26,12
4967-815-AG26,"(CBS) DRENAJE PENROSSE 1/2 (1,3 x 50 cms) compra ágil: 4967-336-COT26",12
4967-816-CM26,(cbs) SURGICEL FIBRILAR 5X10 CM,12
4967-819-AG26,(cbs)  BALON EXTRACCION BILIAR DIAM. 9-12-15-MM compra ágil: 4967-335-COT26,12
4967-860-SE26,(HUB) INSUMOS PARA ANALISIS DE EXAMENES DE ALTA COMPLEJIDAD BIOLOGIA MOLECULAR ID.4967-46-LR25/LABORATORIO MAYO 2026,12
4967-862-SE26,(HUB) INSUMOS MICROBIOLOGIA ID.4967-52-LP25 / LABORATORIO MAYO 2026,12
4967-870-CM26,(cbs) CATETER INTRAVENOSO 24G,6
4967-871-CM26,(cbs) TROCAR LAPAROSCOPICO OPTICO 12MM,6
4967-873-CM26,(cbs) JERINGA 10 CC,5
4968-727-AG26,(HUB) PORTA CREDENCIALES Y LANYARD PUESTA EN MARCHA HPMM,6
4968-742-AG26,(HUB) SOBRES E INSUMOS DE ASEO REPOSICION,6
4993-238-SE26,COMPRA DE ALIMENTOS COCKTAIL GLORIAS NAVALES.,4
4999-12-AG26,Implementos limpieza y desinfeccion unidad esterilizacion CESFAM San Pedro de Atacama,6
5013-24-AG26,Insumo Farmacéutico compra ágil: 5013-6-COT26,12
5013-25-AG26,MANTENIMIENTO Y REPARACION DE DESCARGAS DE SANITARIO,4
5020-26-SE26,"Contratación del servicio de arriendo de equipos de autoclaves para el Centro Clínico Militar ""PUnta Arenas"" ",12
5020-46-AG26, Adquisición de bolsas de basura para el CCM P.A por invitación a compra ágil: 5020-35-COT26,6
5051-978-SE26,5051-44-LP25/220400400102/APIXABAN 5 MG/MAYO,6
5051-979-SE26,"5051-105-LE24/220400400102/LETROZOL 2,5 MG/MAYO",4
5051-980-SE26,5051-35-LP25/220400400102/CILOSTAZOL 50 MG/MAYO,4
5051-981-SE26,5051-49-LE25/220400400102/MEMANTINA 10 MG/MAYO,4
5051-983-SE26,5051-4-LP25/220400400102/COLECALCIFEROL 300.000 UI/MAYO,6
5051-984-SE26,5051-21-LP25/220400400102/CLORANFENICOL UNGUENTO OFTALMICO 10 MG /MAYO,4
5051-985-SE26,5051-88-LE25/220400400102/NEOMICINA SULFATO 500 MG/MAYO,5
5051-986-SE26,5051-53-LP25/220400400102/FINERENONA 20 MG/MAYO,4
5051-988-SE26,5051-4-LP26/220400400102/PROPRANOLOL 10 MG/MAYO,5
5051-989-SE26,5051-25-LP25/220400400102/COTRIMOXAZOL 80 MG/MAYO,4
5051-990-SE26,5051-27-LP25/220400400102/PANCREOLIPASA 25.000 UI/MAYO,4
5051-991-SE26,5051-71-LP25/220400400102/PANCREOLIPASA 10000 UI/MAYO,4
5051-992-SE26,5051-66-LQ24/220400400102/DAPAGLIFOZINA 10 MG/MAYO,4
5051-993-SE26,5051-36-LP25/220400400102/UMT/ALBÚMINA 5 % 500 ML/MAYO,4
5052-504-AG26,CA/2204005003/ESCENCIAS DE SABORES/MAYO,4
5052-529-CM26,"CM/2201001001/PECHUGA DE POLLO, TRUTROS Y LOMO DE CERDO/MAYO",6
5053-402-SE26,5053-174-LE24/2206006003/ER MANTENIMIENTO PREVENTIVO EQUIPO ARCO C GE OEC 3D/FEBRERO,4
5053-404-SE26,5053-6-lp25/2206006003/ER/Servicio mantención integral equipo Angiografo hemodinamia/FEBRERO,4
5053-407-SE26,5053-34-LE25/2206006003/ER/MANTENIMIENTO PREVENTIVO PARA EQUIPOS DE ESTERILIZACIÓN/FEBRERO,4
5053-413-SE26,5053-31-LE25/2206006003/ER/MANTENCION PREVENTIVA EQUIPOS ECOTOMOGRAFOS/FEBRERO,4
5053-416-SE26,5053-86-LE25/2206006003/ER/SERVICIO DE MANTENCION INTEGRAL A EQUIPOS RX PHILIPS GRUPO A/FEBRERO,4
5053-417-SE26,5053-89-LE25/2206006003/ER/SERVICIO MANTENCION INTEGRAL EQUIPOS ANAT. PATOLOGICA/FEBRERO,4
5053-739-AG26,CA/2206006004/SERVICIO DE REPARACION DE FIBRO URETERO/ABRIL,6
5053-854-CM26,CM/2203001/COMBUSTIBLE PARA VEHICULOS/MAYO,12
5055-586-SE26,5055-52-LP25/2204004006/AUDÍFONOS PARA HIPOACUSIA BILATERAL PACIENTES GES Y NO GES/MAYO,6
5056-964-SE26,5056-59-LP25/2209005002/ARRIENDO DE MOTORES ELECTRICOS/ENERO,12
5066-104-AG26,30 m3 revuelto grava c/arena SA N°21 DOM-97-COT26,4
5067-1177-AG26,Orden de Compra generada por invitación a compra ágil: 5067-975-COT26,6
5067-1194-AG26,Orden de Compra generada por invitación a compra ágil: 5067-1054-COT26,6
507428-444-AG26,Orden de Compra generada por invitación a compra ágil: 507428-121-COT26,6
507428-496-AG26,DOCENTE CAPACITACION NUTRICION Y MICROBIOTA,4
507428-497-AG26,CURSO HERRAMIENTAS P/ACREDITACION EN SALUD Y GESTION DEL RIESGO,6
511505-118-AG26,DEPTO. DE METALURGIA,6
511505-122-AG26,DEPARTAMENTO DE INGENIERIA EN MINAS,6
5178-1441-AG26,110107/B5/SP 1037553/NG,12
5178-1862-AG26,340214/B1/SP 1045410/CJ ,12
5178-1905-CM26,13/B5/SP 1049910/IZ   ,6
5178-1923-AG26,64/B5/SP 1038168/ 5178-2185-COT26/NG,6
5178-1983-AG26,110107/B5/SP 1047360/KJ,4
5178-1984-AG26,720201/B5/SP 1041679/5178-2484-COT26/NG,6
5190-139-AG26,CASA LYON - CONFECCIÓN DE RADIER Y SUMINISTRO DE HORMIGÓN,6
5196-269-SE26,SAN001 SERVICIO DE CAMBIO DE PISO VINILICO DESDE 5196-5-LE26,4
5196-314-AG26,RAA GD 119 ADQ. INSUMOS DE ASEO compra ágil: 5196-358-COT26,6
5196-331-AG26,RAA FFEE 106 INSUMOS PARA LA ENSEÑANZA 5196-378-COT26,4
5240-203-SE25,ANEXO RENOVACIÓN SERVICIO ASEO E HIGIENE PARA EL DEPARTAMENTO CRIMINALISTICA DE CARABINEROS DE CHILE,12
5254-1159-AG26,Orden de Compra generada por invitación a compra ágil: 5254-263-COT26,12
5254-1194-AG26,Orden de Compra generada por invitación a compra ágil: 5254-268-COT26,12
5254-1195-AG26,Orden de Compra generada por invitación a compra ágil: 5254-270-COT26,12
5254-1209-AG26,Orden de Compra generada por invitación a compra ágil: 5254-273-COT26,12
5254-1241-CM26,Orden de Compra: 5254-1241-CM26,6
525800-144-AG26,Orden de Compra generada por invitación a compra ágil: 525800-163-COT26 NP 335,6
5326-619-AG26,INSUMO STOCK BODEGA (TROCAR ESPINAL 21G x 90 mm),4
5326-620-CM26,ANDADOR FIJO GES STOCK BODEGA ,4
5326-621-TD26,Orden de Compra generada por Trato Directo ID 5326-299-FTD26,4
5326-622-AG26,Adquisicion Insumos Traumatologia Hospital Rengo,4
5338-152-AG26,"SOLICITUD N° 156257 – SERVICIO DE ALOJAMIENTO PARA INTERNOS AÑO 2026. CARRERA DE MEDICINA, EN LA CIUDAD DE PORVENIR.",12
5338-269-TD26,Orden de Compra generada por Trato Directo ID 5338-44-FTD26,4
5338-270-SE26,"SOLICITUD N°157430 COMPRA SUMINISTRO DE GAS, ANIHIDRIDO CARBONICO, PARA SER UTILIZADO EN LAS DISTINTAS INVESTIGACIONES QUE SE REALIZAN EN EL LABORATORIO, CON CARGO AL PROGRAMA CEDIMA.",4
5338-271-AG26,"SOLICITUD 157023 – ADQUISICION DEL SERVICIO DE NAVEGACION PARA ASIGNATURA DE OCEANOGRAFIA BIOLOGICA Y QUIMICA Y ELECTIVO, CARRERA DE BIOLOGIA MARINA PARA LA EXTRACCION DE MUESTRAS DE LA UNIVERSIDAD DE MAGALLANES",4
5338-272-TD26,Orden de Compra generada por Trato Directo ID 5338-45-FTD26,4
5349-937-SE26,TURNO HEMODIÁLISIS,4
5360-111-SE26,Instalación de cortina en sala SP1 mecanica,4
5363-35-AG26,32/2026 Adquisición de Carpa y Eslinga Orden de Compra generada por invitación a compra ágil: 5363-36-COT26,6
539119-1509-SE26,"B.1. SUMINISTRO DE LACTEOS PARA EL CLUB DE CARABINEROS, SEGÚN SOLICITUD N°08 DEL MES DE MAYO DEL AÑO 2026, CORRESPONDIENTE A LA DIRECCIÓN DE BIENESTAR DE CARABINEROS DE CHILE DESDE LA LICITACIÓN N°539119-31-LQ24",6
539119-1510-SE26,"B.1. SUMINISTROS DE BOLLERIA PARA LA COMISION CLUB DE CARABINEROS, SEGUN SOLICITUD N° 2 DEL MES DE MAyo DEL AÑO 2026, CORRESPONDIENTE A LA DIRECCION DE BIENESTAR DE CARABINEROS DE CHILE DESDE LA LICITACION N°539119-20-LE24.",6
539119-1515-SE26,"B.1 SUMINISTRO DE  ART. DE FERRETERIA PARA LA COMISION FUNDO GUAYACANES SEGUN SOLICITUD DE PEDIDO ADJUNTA, CORRESPONDIENTE AL MES DE MAYO DE 2026, DESDE LICITACION 539119-35-LQ25. LINEA 4",6
539119-1516-SE26,"B.1 SUMINISTRO DE  ART. DE FERRETERIA PARA LA COMISION FUNDO GUAYACANES SEGUN SOLICITUD DE PEDIDO ADJUNTA, CORRESPONDIENTE AL MES DE MAYO DE 2026, DESDE LICITACION 539119-35-LQ25. LINEA 3",6
5394-146-AG26,"ADQUISICIÓN DE EQUIPOS COMPUTACIONALES PARA SER UTILIZADOS EN EL EDIFICIO DEL CADI-UMAG, CON CARGO AL PROYECTO MAG2495, SOL. 156297",12
5394-158-AG26,"ADQUISICIÓN DE MATERIALES DE OFICINA, CON CARGO AL PROYECTO MAG2495, SOL. 156603",12
5394-162-AG26,"SOLICITUD N° 156891 - PROCESO COMPRA ÁGIL POR LA ADQUISICIÓN DE ESCANNER PARA DEPARTAMENTO DE REGISTRO CONTABLE Y PRESUPUESTO, CONTROL DE PRESUPUESTO, TESORERIA Y ABASTECIMIENTO DE LA UNIVERSIDAD DE MAGALLANES",12
5394-204-AG26,SOLICITUD N°156837 – ADQUISICIÓN DE EQUIPO DE LABORATORIO PARA DESARROLLO DE INVESTIGACIÓN DE DOCTORADO DE LA UNIVERSIDAD DE MAGALLANES.,6
5394-205-AG26,SOLICITUDES N°156577 SERVICIO DE MANTENIMIENTO DE EQUIPO AQUA SOLUTIONS EN LABORATORIO CEBIMA DE LA UNIVERSIDAD DE MAGALLANES,4
539819-170-AG26,Orden de Compra generada por invitación a compra ágil: 539819-227-COT26 SOPLADOR/ASPIRADOR DE MANO INDUSTRIAL BANCH C.L.,6
5404-130-CM26,"Folio 073 Pasajes Aéreos E. Toro, R. Guerrero y L. Jiron Stgo-La Serena-Stgo",6
5404-131-CM26,Folio 073 Pasajes Aéreos P. Alamos Temuco-La Serena,6
5404-132-CM26,Folio 073 Pasajes Aéreos P. Alamos La Serena-Temuco,6
5416-415-AG26, 50145/Espacio en radio emisora local,4
5416-416-AG26, 50121/TUNICAS PARA EL CORO ULS,4
5423-175-TD26,Orden de Compra generada por Trato Directo ID 5423-64-FTD26,6
545598-318-AG26,Orden de Compra generada por invitación a compra ágil: 545598-353-COT26,6
547640-91-SE26,SUMINSTRO SERVICIO DE IMPRESIÓN Y FOTOCOPIADO,6
548871-20-AG26,Orden de Compra generada por invitación a compra ágil: 548871-10-COT26,12
548874-88-SE26,"Servicio de provisión e instalación de todo tipo de estructuras metálicas, incluyendo el mantenimiento de cortinas metálicas, puertas automáticas correderas y portones automáticos, para la Región Metropolitana",6
549454-4-AG26,Orden de Compra generada por invitación a compra ágil: 549454-5-COT26. Servicio depósito de cepas,4
550930-4-AG26,ADQUISICION DE CAMA Y ROPA DE CAMA ID:59,6
550979-1-AG26,ORASMI - Refrigerador,4
5518-42-AG26,Servicio de Tapizado de asiento conductor Suzuki Vitara,6
5520-2355-TD26,Orden de Compra generada por Trato Directo ID 5520-108-FTD25,12
5520-2698-AG26,Suministro de arriendo de estacionamientos en Temuco Centro para proyecto PIBV 27085-2024. compra ágil 5520-372-COT26,4
5520-2750-SE26,Suministro de Insumos de Laboratorio para sede de Santiago.LIC.5520-54-LE25,6
5520-2993-SE26,Cambio reserva WTIYIY,4
553463-16-AG26,compra ágil: 553463-15-COT26 PAÑALES NIÑA CASO 36.2,12
5537-109-AG26,Compra ágil: 5537-102-COT26 Servicio de coffee break Chillan,6
5546-59-TD25,Orden de Compra generada por Trato Directo ID 5546-1-FTD25,12
554734-293-SE26,MOVILIZACION A LO MIRANDA. 12 DE MAYO.,6
554734-294-SE26,MOVILIZACION A RANCAGUA. CLINICA CLEVER. 13 MAYO,6
554734-295-SE26,MOVILIZACION A SANTIAGO. CLINICA BUPA. 14 MAYO.,6
5575-27-SE26,OPERACIÓN CEMARC SEGUN CDP 2026,12
5575-35-AG26,Orden de Compra generada por invitación a compra ágil: 5575-38-COT26,6
5575-41-SE26,ORDEN DE COMPRA DESDE 2494-97-LE25,12
5586-1271-AG26,B/R ADQUISICIÓN DE NOTEBOOKS Orden de Compra generada por invitación a compra ágil: 5586-984-COT26,6
559511-41-AG26,Orden de Compra generada por invitación a compra ágil: 559511-16-COT26,12
5602-103-AG26,Orden de Compra generada por invitación a compra ágil: 5602-66-COT26,6
5602-63-SE26,ORDEN DE COMPRA DESDE 5602-6-L126,12
5602-98-TD26,Orden de Compra generada por Trato Directo ID 5602-9-FTD26,12
5615-289-AG26,"MINI LIBRETAS, BOLÍGRAFOS, CARPETAS Y BOLSO PRIMER ENCUENTRO EMPRESA DE RESPONSABILIDAD EMPRESARIAL EN TEMAS LABORALES Y DECRETO N°44 SEMINARIO INCLUSIVO, REQ ADM N°128",6
5617-9-TD26,Orden de Compra generada por Trato Directo ID 5617-4-FTD26,4
564162-263-AG26,11 - 90576 - Discos duros y fundas tipo estuche,12
564162-298-AG26,11 - 90738 - Servicio de calibración ,6
5647-78-AG26,Insumos Multimedia - GYM FEN 5647-20-COT26,6
564953-444-AG26,BALONES Y BOLSOS CAMPEONATOS,6
5657-117-AG26,DVM Folio 30 SIC 706 - SIRE 739 ADQUISICIÓN CLAVOS Y GRAPAS - SIEMBRA X CHILE: 5657-38-COT26,12
568963-71-AG26,Contratación del servicio de producción y realización audiovisual de dos videos animados y la edición de un video institucional,12
574-161-CM26,Suministro de carnes.,12
5742-20-AG26,C.A 5742-10-COT26 MATERIALES PARA JORNADA DE EQUIPOS TERRITORIALES MINEDUC,6
5742-4-SE26,SERVICIOS DE ASEO 2026 SECREDUC Y DEPROV VALDIVIA ,12
5756-199-AG26,Orden de Compra generada por invitación a compra ágil: 5756-174-COT26,12
576181-87-AG26,"VIVERES 2026, HUESILLOS",6
577289-40-SE26,Horas evolutivas RFQ05 Vumar,4
5827-13-AG26, Servicio de mantenimiento de extintores EM. Calama compra ágil: 5827-15-COT26,4
5827-14-AG26,Servicio de mantenimiento de extintores EM. Copiapó compra ágil: 5827-16-COT26,4
5827-23-AG26,Materiales de Oficina para este Jefatura de Instalación de Salud compra ágil: 5827-23-COT26,4
584105-64-AG26," ADM/00051-2026/C00117 Adquisición de útiles de aseo y limpieza para SEREMI de Energía, Región de Los Lagos",6
5868-5-AG26,Impresión digital de diplomas: 5868-4-COT26,12
5942-101-SE25,COMPRA DE INSUMOS,12
5942-119-SE25,SUMINISTRO DE SOLVENTES DE BASE HIDROCARBURO PARA ,12
5942-139-SE25,"ADJUDICA LICITACIÓN PÚBLICA ID 5942-11-LE25, PARA ",12
5942-99-SE25,"LICITACIÓN PÚBLICA ID 5942-8-LE25, PARA EL SUMINIS",12
594965-68-CM26,Insumos Médicos (Aseo) MAY - JUN 2026,6
5965-51-TD26,Orden de Compra generada por Trato Directo ID 5965-19-FTD26,9
602-98-AG26,SP5 LIBROS PROYECTO LECTURA INCLUSIVA ESC ANDREW JACKSON (602-80-COT26),4
608-4424-TD26,Orden de Compra generada por Trato Directo ID 608-167-FTD25,12
608-4521-SE26,(MFT) FARMACIA ERITROPOYETINA,12
608-4641-SE26,(MFT) FARMACIA CICLOSPORINA 50MG,12
608-5354-CM26,(ERR) Bolsas de basura ( Bodega de economato),6
608-5609-SE26,"(FGC) PAB PED MAY - 2200123	ANILLO RETRACTOR ELASTICO ABD TALLA ""M"" 5 A 9 CM - 608-6-LP25 / Res N° 3451 21.07.25 ",6
608-5726-AG26,"(NVL) ""REPARACION CUBIERTAS DE CONTENEDORES E INSTALACION PUERTA CORTAFUEGO""",6
608-5760-AG26,(ERR) Pilas y Cintas ( Bodega de economato),6
608-5845-SE26,(MFT) FARMACIA ERTAPENEM,6
608-5867-AG26,ERN BODEGA CENTRAL - MAYO compra ágil: 608-2745-COT26,6
608-5871-TD26,Orden de Compra generada por Trato Directo ID 608-64-FTD26,6
608-973-TD26,Orden de Compra generada por Trato Directo ID 608-53-FTD25,12
612-277-TD26,Orden de Compra generada por Trato Directo ID 612-11-FTD26,6
613-14-AG26,NEUMÁTICOS DE INVIERNO PARA VEHÍCULOS INSTITUCIONALES,6
617807-2432-SE26,ORDEN DE COMPRA DESDE 617807-72-LQ24,4
619133-1353-SE26,CVV. PEDIDO MES DE ABRIL.619133-8-LE25,6
619133-2007-SE26,CVV. PEDIDO MES DE MAYO. 619133-11-LP25,6
621451-27-SE26,Servicio de Telefonía Móvil y Arriendo de Equipos (18 Meses) año 2026,12
621451-42-CM26,"Tickets aéreo para SST y Andrés Finato a Temuco, 9 y 10 de abril, para asistir a encuentro de autoridades en la Araucanía. ",12
621451-48-CM26,"Tickets Aéreos Nacionales para Subsecretaria y Andrés Finato, tramo Santiago - Puerto Montt - Santiago, del 22 al 23 de abril, para asistir al 1er Congreso Internacional de Vinculación con el Medio, MásPatagonia ",12
621451-49-AG26,Solicitud mantención vehículo institucional 140.000 km y amortiguadores traseros originales,12
621451-69-SE25,Suministro de Pasajes aéreos y asistencia de vuelo para la Subsecretaria del Turismo,12
622-179-CM26,E65164-2026 Compra abarrotes Jardin infantil,12
622-208-AG26,Arriendo de Vehiculo para Tesorero,4
622-27-CM26,Compra de artículos de aseo para stock ,12
622-696-SE25,SS2385/2025 ADQ DE ESPECIES VALORADAS FISCALES Y LOS SERVICIOS ASOCIADOS,12
624891-29-AG26,Orden de Compra generada por invitación a compra ágil: 624891-29-COT26,4
629373-114-SE26,SERVICIO DE ESTERILIZACIÓN,6
633-253-CM26,"SIC 2346 2348 2349 2350 REF 1924 ""INSUMOS CAFETERIA"" GEFA",9
635-531-AG26,MATERIAL DE OFICINA OT 799-792 (Odontológico): Orden de Compra generada por invitación a compra ágil: 635-184-COT26,6
635-533-AG26,COMPRA DE JUGUETES compra ágil: 635-146-COT26,6
647694-5919-CM26,Orden de Compra: 647694-5919-CM26,12
652-129-AG26,Adquisicion equipo de Red para Depto. TIC,5
654-119-AG26, COMPUTADORES DE OPERACION SISTEMA DE CONTROL DE TRANSITO,12
654-247-SE25,RENOVACIÓN SERVICIO VIGILANCIA Y ASEO ED HORIZONTE,12
667076-11-AG26,Resmas Hojas Carta,4
691232-332-SE26,SERVICIO DE IMPRESION MES DEABRIL UNIDAD LOGISTICA,4
696228-28-AG26,PROVISION E INSTALACION VENTANAS Y PUERTAS FISCALIAS REGION BIOBIO ágil: 696228-24-COT26,6
696954-26-AG26,Adquisición de sillas ergonómicas y sitiales,6
699100-6-AG26,Compra de Sillas para TJOP Punta Arenas,4
699866-6236-CM26,CM/2204005003/PARCHE OSITO/MAYO,4
699866-6237-SE26,699866-66-LP24/2204005002/TEST INMUNOCROMATOGRAFICO/MAYO ,4
699866-6243-SE26,699866-45-LP26/2204005003/MEDIO DE MONTAJE/MAYO,4
699866-6257-SE26,699866-147-LP25/2204005003/GASA 20 X 25 CM/ABRIL,4
699866-6268-SE26,699866-178-LQ24/2204005003/PRIOSOL 2K/MAYO,6
699866-6269-SE26,699866-92-LQ24/2204005002/AGUJAS 21 G FLASH/MAYO ,4
699866-6270-SE26,699866-8-LE26/2204005003/INTRODUCTOR PARA MARCAPASO/MAYO ,4
699866-6271-SE26,699866-71-LP25/2204005003/CATETERES DIALISIS/mayo ,4
699866-6274-SE26,699866-151-LP24/2204005003/ADAPTADOR EN Y DLP TIPO VEMTIRG/MAYO ,4
699866-6275-SE26,699866-75-LP25/2204005003/CONECTORES/MAYO ,4
699866-6276-SE26,699866-6-LE26/2204005003/CATETER TORAXICO 28 FR/MAYO ,4
699866-6277-SE26,699866-6-LE26/2204005003/CATETER TORAXICO 32 FR /MAYO,4
699866-6278-SE26,699866-45-LP26/2204005003/NAVAJAS MICROTOMO/MAYO,6
699866-6280-SE26,699866-142-LQ24/2204005003/GUIA HIDROFILICA ANGULADA/MAYO ,6
699866-6281-SE26,699866-140-LQ24/2204005003/INTRODUCTOR FEMORAL/MAYO ,4
699866-6282-SE26,699866-81-LP25/2204005003/JERINGA DE PERA/MAYO,4
699866-6283-SE26,699866-60-LE25/2204005003/INSUMOS AFERESIS UMT/MAYO,6
699866-6284-SE26,699866-112-LP25/2204005003/APOSITO MEDIANO/MAYO,6
699866-6285-SE26,699866-95-LQ24/2204005003/ALARGADOR VENOSO 60 CM S/LLAVE/MAYO,6
699866-6286-AG26,AG/2204005003/Campáña de invierno/Tubo Conector para Vaso Humidificador con rosca/mayo ,4
699866-6287-SE26,"699866-91-LP25/2204005003/AGUJA 23 G X 1""/MAYO",5
699866-6288-SE26,"699866-61-LE25/2204005003/AGUJA 19 G X 1.5""/MAYO",4
699866-6291-AG26,AG/2204005003/GUIA EXTRA SOPORTE SAFARI/MAYO ,4
699866-6292-SE26,699866-69-LP25/2204005003/SENSOR DE FLUJO NEONATAL/MAYO,4
699866-6293-SE26,699866-35-LE25/2204005003/suturas oftalmología/mayo ,6
699866-6300-SE26,699866-45-LP26/2204005003/SET DE TINTAS PARA TEJIDOS/MAYO,6
699866-6302-SE26,699866-137-LE25/2204005003/SOLUCIONES DELCALCIFICADORAS/MAYO,4
699866-6306-SE26,699866-173-LE24/2204005003/TELA ADHESIVA HYPAFIX/MAYO,6
699866-6307-SE26,699866-87-LP25/2204003002/XILOL/MAYO,4
699866-6311-SE26,699866-28-LE25/2204005003/TELA TET 5X5/MAYO,4
701426-195-SE26,SERVICIO IMPRESIÓN MATERIAL DE DIFUSIÓN PROGRAMA SEGURIDAD ALIMENTARIA,4
701426-199-AG26,"Orden de Compra generada por invitación a compra ágil: 701426-122-COT26, ADQUISICIÓN MATERIAL DE OFICINA PROGRAMA PDTI",4
707428-13-SE26,ORDEN DE COMPRA DESDE 707428-56-L125,12
707428-38-SE26,SERVICIO DE ALIMENTACION ABRIL 2026,12
709129-11-AG26,Ejecucion Circ. agua caliente sanitaria FLPA compra ágil: 709129-11-COT26,6
711-151-AG26,Orden de Compra generada por invitación a compra ágil: 711-51-COT26,12
711-81-AG26,SERVICIO CONTROL DE PLAGA DE MURCIELAGOS SEREMITT ARAUCANIA,12
712830-58-AG26,INSUMOS MEDICOS Orden de Compra generada por invitación a compra ágil: 712830-44-COT26,6
720-103-CM26,Ad. Combustible Diesel para camionetas- emergencia-COPA,4
732465-17-AG26,Orden de Compra generada por invitación a compra ágil: 732465-21-COT26,6
741-57-SE26,SAT OVINOS PITRUFQUEN,12
741-58-SE26,SERVICIO ASESORIA TECNICA SAT,12
741-64-SE26,SERVICIO ASESORIA TECNICA SAT,12
742-32-CM26,PASAJE DIRECTORA 25 AL 28 DE MAYO 2026,12
743-52-SE24, SERVICIOS DE ASESORÍA TÉCNICA SAT DE INDAP UNIDAD OPERATIVA PECUARIA REGIONAL,12
743-64-SE25,"Servicios de Aseo INDAP RM 2026-2027, de Licitación ID. 743-14-LE25",12
745712-189-TD26,Orden de Compra generada por Trato Directo ID 745712-50-FTD25,6
745712-193-TD26,Orden de Compra generada por Trato Directo ID 745712-50-FTD25,6
748201-456-SE26,LIC: 748201-1-LR26 Synthon Chile Valpo. Sinfa 13806,6
752-127-AG26,Materiales y Útiles de Aseo II,6
759916-16-AG26,GLUCOSA/ CESFAM ANDES/VVS,6
760-134-TD26,Orden de Compra generada por Trato Directo ID 760-19-FTD26,6
761391-447-AG26,EE/60/INT/RIM/AIRE ACONDICIONADO Orden de Compra generada por invitación a compra ágil: 761391-259-COT26,6
764-87-SE26,Serv. Seguridad y Vigilancia Edificio Magallanes,12
764-88-SE26,Serv. Seguridad y Vigilancia Casa de los Intendent,12
768-146-AG26,Ofrendas Florales,4
768547-15-AG26,Orden de Compra generada por invitación a compra ágil: 768547-3-COT26,6
769-298-SE26,769-34-LQ25 INSUMOS CAMP INVIERNO - SC 268 - 2.4,6
770645-4-AG26,Orden de Compra generada por invitación a compra ágil: 770645-3-COT26,12
776-124-SE26,MVC-SUM. PRODUCTOS CÁRNEOS Y DERIVADOS STGO 776-16-LQ25 ,12
776-125-SE26,ACC-RENOVACION SUMINISTRO DE VERDURAS Y HORTALIZAS PROCESADAS,12
777304-1273-AG26,Orden de Compra generada por invitación a compra ágil: 777304-1027-COT26,12
777304-1499-AG26,Orden de Compra generada por invitación a compra ágil: 777304-1331-COT26,12
777304-1525-AG26,Orden de Compra generada por invitación a compra ágil: 777304-1360-COT26,12
777304-1612-AG26,Orden de Compra generada por invitación a compra ágil: 777304-1404-COT26,12
777304-1760-AG26,Orden de Compra generada por invitación a compra ágil: 777304-1558-COT26,12
777304-1822-AG26, VM Insumos Clinicos CA 777304-1595-COT26,12
777304-1837-AG26,VM INSUMOS CLINICOS CA 777304-1594-COT26,6
777304-1853-TD26,Orden de Compra generada por Trato Directo ID 777304-3-FTD25,6
777304-1854-TD26,Orden de Compra generada por Trato Directo ID 777304-3-FTD25,6
777304-1856-TD26,Orden de Compra generada por Trato Directo ID 777304-3-FTD25,6
777304-1857-TD26,Orden de Compra generada por Trato Directo ID 777304-3-FTD25,6
777304-1885-AG26,Orden de Compra generada por invitación a compra ágil: 777304-1632-COT26,6
777304-1898-AG26,Orden de Compra generada por invitación a compra ágil: 777304-1649-COT26,6
777304-475-AG26,Orden de Compra generada por invitación a compra ágil: 777304-397-COT26,12
778989-88-CM26,Adquisición de elementos para el Rancho Centralizado,6
780724-49-AG26,Compra de resmas tamaño carta Orden de Compra generada por invitación a compra ágil: 780724-37-COT26,4
794947-54-AG26,"005-037//SA 69//GBS PAF ADQ. PROVISIÓN E INSTALACIÓN DE CRISTAL, CHOC 794947-57-COT26",6
799512-433-AG26,DAS REQUIERE COMPRAR MATERIAL PROMOCIONAL PARA PROGRAMA ESPACIOS AMIGABLES compra ágil: 799512-500-COT26,6
799512-435-AG26,DAS IMPLEMENTOS DEPORTIVOS PARA ACTIVIDADES COMUNITARIAS,6
800-2565-AG26,NGG_CONSUMO RX INTERVENCIONAL_214319_800-3048-COT26,6
800-2647-AG26,VCC_100330 SONDA NELATON N°11-12 DESECHABLE / 100335 SONDA NELATON N°13-14 DESECHABLE_800-2926-COT26_OCI 214663,6
800-2771-AG26,DOG_90832 CAH ESPUMA HIDROFÍLICA C/BORDE DE SILICONA 15 X 15(800-3291-COT26/214868),4
800-2773-AG26,DOG_90832 CAH ESPUMA HIDROFÍLICA C/BORDE DE SILICONA 15 X 15(800-3292-COT26/214871),4
800-2806-AG26,NGG_CONSUMO PABELLON_214925_800-3286-COT26,4
808211-47-SE26,COMPRA DE MATERIALES DE ASEO (PROYECTO MOSAICOS),12
808211-8-SE26,COMPRA DE MATERIALES DE FERRETERIA ,12
812261-4920-AG25,Orden de Compra generada por invitación a compra ágil: 812261-458-COT25,12
812261-4988-AG25,Orden de Compra generada por invitación a compra ágil: 812261-460-COT25,12
812261-543-TD26,Orden de Compra generada por Trato Directo ID 812261-62-FTD25,12
812261-668-SE26,DESDE 812261-58-LR24 SERVICIO DE ASEO Y RETIRO DE RESIDUOS MARZO 2026,12
812261-716-SE26,DESDE 812261-92-LE25 SERVICIO DE VISITAS A DOMICILIO PACIENTES LISTA DE ESPERA ABRIL 2026,12
812261-9837-AG25,Orden de Compra generada por invitación a compra ágil: 812261-712-COT25,12
812261-9840-AG25,Orden de Compra generada por invitación a compra ágil: 812261-724-COT25,12
813685-74-CM26,Orden de Compra: 813685-74-CM26. SANTIAGO-ANTOFAGASTA-SANTIAGO,12
813-718-AG26,(E1O2RT9) Suscripción a Herramienta SearchWP SBS.285; 813-318-COT26,6
837322-48-SE26,AC N°021-2026 CG 80715 MARGARINA,6
838101-13-AG26,ADQUISICION DE ROPA INSTITUCIONAL PARA EL PERSONAL DEL AREA RECREACIONAL ZBCOYH,12
838101-19-CM26,ADQUISICION DE 500 LTS DE GAS A GRANEL PARA SER EMPLEADOS EN EL FUNCIONAMINETO DE LA CALEFACCIÓN DE LA CASA DE HUESPEDES “COYHAIQUE”,12
855-63-CM26,"RRFF Compra de recarga gas a granel  JI Ukika, SC 59684",4
868-242-SE25,mantenimiento preventivo y correctivo calderas edificios institucionales por 12 meses ,12
871064-1-AG26,Orden de Compra generada por invitación a compra ágil: 871064-1-COT26,12
872-201-AG26,"Compra UPS, compra ágil: 872-125-COT26",6
874750-143-SE26,CONV. SUMINISTRO DE CARNES ABRIL 2026,12
875646-1605-AG26,YOL FARMAPED MAYO 2026 compra ágil: 875646-971-COT26,5
881-93-AG26,Aquisición Cajas Archivo,12
883-75-AG26, ADQ. DE LAMPARA QUIRURGICA Y EQUIPO ESTERILIZADOR PARA AVSEC DEL AP.AMB.,4
885-348-AG26,Mantenimiento preventivo Toyota Rav-4,12
886182-157-AG26,Servicio de suministro e instalación de cortinas Campus Patagonia_Según FISABS 1612 compra ágil: 886182-89-COT26,6
886182-43-TD26,Orden de Compra generada por Trato Directo ID 886182-8-FTD26,12
886954-1534-SE26,"VAINA SOPORTE 6 FR, 0.088"" LARGA",6
886954-2150-SE26,222-1314-00//TUBO ENDOTRAQUEAL REFORZADO 5.0 C/BAL,6
886954-2685-SE26,MICROGUIA NEURORADIOLOGICA HIDROFILICO 0.014	,12
889473-584-CM26,SC 7663 - CDP 3858 - Combustible,6
889473-667-AG26,SC 7724 - CDP 4053 - Servicio de catering,4
889473-668-TD26,Orden de Compra generada por Trato Directo ID 889473-53-FTD26,4
898-1444-CM26,ABARROTE MAYO 2026,6
899-301-SE26,CONTROL DE PLAGAS MES DE ABRIL 2026,4
900-520-CM26,"HDS - MATERIALES DE ASEO, BODEGA, MAYO 2026",6
900-528-CM26,Compra de carnes miércoles 13 de mayo,6
902-135-SE26,7101 - COMPRA DE MATERIALES QUIRURGICOS SAG TALCA.-,4
902-136-SE26,7101 - COMPRA DE MATERIALES QUIRURGICOS SAG TALCA.-,4
902-137-SE26,7101 - COMPRA DE MATERIALES QUIRURGICOS SAG TALCA.-,4
902-138-SE26,7101 - COMPRA DE MATERIALES QUIRURGICOS SAG TALCA.-,4
907562-55-SE23,ORDEN DE COMPRA DESDE 907562-11-LE23,12
912-22-SE26,Servicio de Sala Cuna y Jardín Infantil,6
920802-42-AG26,(HABI-MANT) MANT Y REP DE VF (VILLA TIERRA PATAGONIA 02283),12
921831-104-SE26,REP. Y MANT. DE VENTANAS EAM,6
930-77-AG26,ARTICULOS DE ASEO_DESDE 930-7-COT26-GRD 2026 (REQ N°15),6
932-67-SE26,ORDEN DE COMPRA DESDE 932-9-L126,6
948354-499-SE26,ORDEN DE COMPRA DESDE 948354-166-R126,4
948354-771-SE26,OC PROVENIENTE DE 948354-139-LE25,4
948354-772-SE26,ORDEN DE COMPRA DESDE 948354-150-LP25,4
948355-780-AG26,Orden de Compra generada por invitación a compra ágil: 948355-140-COT26,4
948355-940-AG26,Orden de Compra generada por invitación a compra ágil: 948355-200-COT26,4
948355-960-AG26,Orden de Compra generada por invitación a compra ágil: 948355-194-COT26,4
948356-1632-SE26,948356-136-LE25,6
948356-1649-SE26,948356-66-LP25,6
948356-1660-SE26,948356-85-LE25,5
948806-1703-SE26,"INSUMOS EN CONSIGNACIÓN, FIC 1210",4
948806-1745-SE26,"INSUMOS EN CONSIGNACIÓN, FIC 1254",4
951405-150-AG26,(F_PPTO_SLC) DESMOT_IDH_ADQUISICION DE PARCHES DISTINTIVOS PARA EL PERSONAL DE SLC DEL CMC DESDE COT: 951405-101-COT26,6
951405-151-AG26,"(PPTO)JAL_FAC_""ADQUISICIÓN DE MATERIALES DE FERRETERÍA PARA REPARACIÓN DE CASA DE HUÉSPEDES DEL CMC""   desde   951405-100-COT26 ",4
951405-152-CM26,(F_PPTO) JAL_IDH_ADQUISICION DE PELLET PARA CALEFACCION DE UNIDADES DEPENDIENTES DE LA JAL COY,6
956-267-TD26,Orden de Compra generada por Trato Directo ID 956-16-FTD26,4
956-268-TD26,Orden de Compra generada por Trato Directo ID 956-17-FTD26,4
956-274-SE26,"Id 956-120-LE24, Servicios de Retiro traslado y disposición final de escombros residuos voluminosos no compactables yo residuos vegetales, Item N°02 e Item N°03, Feb26, Prefactura 26623",4
960841-19-SE26,"PROVISIÓN DE 90 METROS CÚBICOS DE LEÑA SECA DE AROMO PARA EL COMPLEJO EDUCACIONAL DE LA COMUNA DE COLLIPULLI, AÑO 2026 DESDE ID 960841-1-L126",12
960857-1-SE26,"CONTRATACIÓN SERVICIO TRANSPORTE ESCOLAR, ESCUELA F-94 NICOLAS PEREZ CARDENAS PARA EL SECTOR DE LINCO ORIENTE, LINCO PONIENTE Y QUILQUIHUENCO PERIODO MARZO A DICIEMBRE 2026",12
963423-87-AG26,ADQ. DE ELEMENTOS DE FERRETERIA PARA VF/HERNANDEZ,6
968521-296-SE26,ELECTRODOS TENS,6
975-140-AG26,Servicio de tapizado de sillas (38 unidades).,6
996-87-SE26,ADJUDICACION SERVICIO DE MANTENCION MARCA TOYOTA ORDEN DE COMPRA DESDE 996-13-LE26,4
996-88-SE26,SERVICIOS DE REPRODUCCIÓN DE DOCUMENTOS CYJ,4
997-77-SE25,28 toneladas de emulsión imprimante para ejecutar labores de capa de protección en camino I-328 e I-658 Comuna de Peralillo Provincia de Colchagua DESDE 997-32-LE25,12
998-97-TD26,Orden de Compra generada por Trato Directo ID 998-10-FTD25,12
998-98-TD26,Orden de Compra generada por Trato Directo ID 998-10-FTD25,12
