Codigo,Nombre,CodigoEstado
1000813-101-CM26,FI_ ADQUISICION DE RECARGA DE GAS PARA LA COMISION CABAÑAS DE LA 4TA BRIACO CHORRILLOS,12
1000813-170-AG26,"LP_ ADQUISICION DE PRODUCTOS ELABORADOS DE CUERO,CAUCHO Y PLASTICO PARA SER EMPLEADOS EN CUADRAS Y COMEDORES DE SOLDADOS CONSCRIPTOS DE LA 4TA BRIACO CHORRILLOS  compra ágil: 1000813-159-COT26",6
1000813-179-AG26,FI_ ADQUISICION DE BEBESTIBLES QUE SERAN EMPLEADOS EN EL CASINO MILITAR DE SUBOFICIALES DE LA JAL CM AUSTRAL compra ágil: 1000813-172-COT26,6
1002-164-SE26,SERVICIO LAVADO VEHICULO FISCAL,6
1002-165-SE26,SERVICIO LAVADO VEHICULO FISCAL,6
1002-180-SE26,SUMINISTRO COMBUSTIBLE,4
1002-181-TD26,Orden de Compra generada por Trato Directo ID 1002-6-FTD26,4
1002584-156-CM26,SANTIAGO-CONCEPCION 18-05 AL 19-05 GUILLERMO VERGARA,12
1002592-31-AG25,CDP N°210 ARRIENDO DE CASETA DE GUARDIA NIVEL CENTRAL SLEPB,12
1002772-6098-AG26,"TALONERA ANTIESCARA DE ESPUMA ID:1002772-1275-COT26 (AG,CAAE,2204005003,MTM)",6
1002772-6503-SE26,"CEPILLO LIMPIEZA ORAL DESECHABLE CON ASPIRACION ID:1002772-25-LQ25 (LC,MEDICINA 6-C,2204005003,APG)",4
1002772-6505-SE26,"ADAPTADOR ENFIT /ENLOCK ENFIT ID: 1002772-61-LR25 (LC,MEDICINA 9-C2204005003,APG)",4
1002772-6506-SE26,"PRESTACIÓN DE SERVICIOS DE ARRIENDO DE EQUIPO DE ENUCLEACIÓN PROSTÁTICA CON INSTRUMENTAL EN COMODATO,ABRIL 2026 (LIC,1002772-159-LP25,2209005002,SRL)",4
1002772-6507-SE26,"PLANTILLA MOLDEADA (PAR) CON POSIBILIDAD DE RELLENO ANTERIOR ID:1002772-6-LR25 (LC,MEDIFISI,2204004006,APG)",4
1002772-6508-SE26,"PROTESIS TRANSTIBIAL K2/ID:1002772-6-LR25 (LC,Medicina Física y Rehabilitación, 2204004004,APG)",4
1002772-6509-SE26,"APOSITO TRANSPARENTE ADHESIVO TEGADERM I.V. 8.5*11.5 CM,ID:1002772-86-R124 (CX INFANTIL,2204004003,APG)",6
1002772-6512-SE26,"APOSITO ESPUMA CON AG 10X10 CM/LAMINA DE CONTACTO, TRANSPARENTE, POROSA, CON SILICONA, MEDIDAS 5 X 7.5 CMS APROX ID:1002772-88-LR25 (LCX INFANTIL, 2204004003,APG)",4
1002772-6513-SE26,"BAJADA PARA BOMBA DE INFUSION DOBLE CANAL ID: 1002772-99-LQ25 (LC,CX INFANTIL,2204005003,APG)",4
1002772-6518-SE26,"SUMINISTRO PARA DETERMINACION DE EXAMENES QUIMICA CLINICA ABRIL 2026 1002772-15- LR19 (LC,LABORATORIO,2204005002,RRC)",4
1002772-6520-TD26,Orden de Compra generada por Trato Directo ID 1002772-7-FTD26,4
1003473-2368-AG26,PROG. PABELLON: MAYO 2026 compra ágil: 1003473-2233-COT26,12
1003473-2523-AG26,HWMODINAMIA MAY-2026/ compra ágil: 1003473-1684-COT26,12
1003473-2543-SE26,PROG. PABELLON: DESDE 1003473-2-LP26,12
1004823-48-AG26,"64A Adquisición impresoras de credenciales PVC e impresora de etiquetas, CFT Estatal de la Región de Coquimbo. CQ2DAC800830000 CQ1DEA100130000",6
1005498-103-SE25,"Contratación del Servicio de Monitoreo en Redes Sociales, Sitios Web y Medios Online para la CMF",12
1011254-152-AG26,MANTENIMIENTO PREVENTIVO MES DE ABRIL MICROSCOPIO DE FLUORESCENCIA CON CÁMARA MOTIC PANTHERA U,12
1013609-62-CM26,Adquisición de bebidas y aguas cas SOF,6
1013609-64-CM26,Adquisición de elementos de aseo para el casino de suboficiales ,6
1019-173-AG26,Orden de Compra generada por invitación a compra ágil: 1019-82-COT26  CONTRATACIÓN DE ANÁLISIS EN MUESTRAS DE AGUA DE NORMAS SECUNDARIAS DE CALIDAD AMBIENTAL (NSCA) DE CUENCA RÍO BIOBÍO Y RÍO SERRANO DIRECCIÓN GENERAL DE AGUAS - NIVEL CENTRAL,6
1023923-487-SE26,COMPRA DE SERVICIOS / SOCIEDAD DE SERVICIOS MEDICOS SERNA FORERO SPA,6
1023923-496-SE26,COMPRA DE SERVICIOS / SOC. SERVICIOS MEDICOS GENERALES FRANCO GALLEGOS VILCHES Y CIA LTDA.,6
1023923-551-SE26,COMPRA SERVICIOS / FERNANDO CARTES VASQUEZ,4
1023923-552-SE26,COMPRA SERVICIOS / FERNANDO CARTES VASQUEZ,4
1026727-133-AG26,Adquisición de lanyard y porta credenciales para funcionarios del CFT. Unidad de Gestión y Desarrollo de Personas; generada por invitación a compra ágil: 1026727-141-COT26,6
1028871-130-SE26,P02_EE_SUB.GRAL._TRANSP. ESC.VALL.(URBANO)_E102RT9_FEBRRO_26,12
1028871-137-SE26,P02_EE_SUB.GRAL._TRANSP. ESC.VALL.(URBANO)_E102RT9_FEBRERO_26,12
1028871-145-SE26,P02_EE_SUB.GRAL._TRANSP. ESCALAR LICEOS_E102RT9_FEBRERO_26,12
1028871-174-SE26,P02_EE_SUB.GRAL._TRANSP. ESC.VALLENAR(RURAL)_E102RT9_MARZO_26,12
1028871-187-SE26,P02_E.E_SUBV.GRAL_TRANSPORTE ESCOLAR LICEOS_E102RT9_MARZO 2026,12
1028871-213-TD26,Orden de Compra generada por Trato Directo ID 1028871-6-FTD26,12
1028871-67-SE26,P02_E.E_SUBV.GRAL_TRANSPORTE ESCOLAR FREIRINA _E102RT9_ENERO 2026,12
1028871-70-SE26,P02_E.E_SUBV.GRAL_TRANSPORTE ESCOLAR FREIRINA _E102RT9_ENERO 2026,12
1028871-90-SE26,P02_EE_SUB.GRAL._TRANSP. ESC.VALLENAR(RURAL)_E102RT9_FEBRERO_26,12
1028897-102-CM26,"SP 65 Gas Licuado Granel Escuela Pública Arcoíris, Rbd 12366, Gral, (jg)",12
1028897-417-SE26,"SP 391 Servicio de Mantención Preventiva Vehículos  CXBJ 46 y BVSC 69, Complejo Educacional Público Darío Salas Díaz , RBD 6500, Gral (jg)",6
1028897-418-SE26,"SP 92 Servicio de Mantención Correctiva Vehículo PPU KZKR-96 Y KSYD-92 pertenecientes al SLEP Costa Araucanía, Resto (jg)",6
1028897-421-SE26,"SP 403 Materiales de ferretería Escuela El Copihual,RBD 6600 MANTENIMIENTO JCAT",4
1035685-128-AG26,Orden de Compra generada por invitación a compra ágil: 1035685-78-COT26,6
1036569-47-AG26,ADQUISICIÓN DE CARTDRIGE DE TINTA PARA HOROFECHADOR DE OFICINA DE PARTES.,6
1038-16-AG26,Conexión a Internet Vivero Forestal DBCC,12
1038-46-SE26,Pasajes aéreos func Deprif Prevención IIFF,6
1038999-23-TD26,Orden de Compra generada por Trato Directo ID 1038999-24-FTD26,6
1039-145-CM26,JACS SIRE N°863 MATERIALES PARA MANTENCIÓN DE CERCO BASE CAREN DPCIF-RM,4
1048-174-AG26,ADQ. DE TEXTOS Y OTROS MATERIALES DE ENSEÑANZA (Discapacidad),6
1049-686-AG26,OC 56535 SERVICIO DE ASEO EDIFICIO PUNTA ARENAS,6
1051765-348-SE26,adquisición de pan corriente para el CDP Quirihue.,4
1057049-15266-SE26,JAC RE N°60 ID. 1057049-363-LQ24 PAC PROGRAMA INSUMOS MAYO JUNIO 2026,5
1057049-15288-CM26,JCD PROGRAMA INSUMOS PAC MAYO JUNIO 2026,6
1057049-15330-SE26,JAC RE N°29 ID. 1057049-395-LE24 PAC PROGRAMA INSUMOS MAYO JUNIO 2026,6
1057049-15336-SE26,JAC PAC ID.1057049-401-LP24 INT. 46/2025 PROGRAMA INSUMOS MAYO JUNIO 2026,6
1057049-15342-SE26,JAC RE N°73 ID. 1057049-403-LE24 PAC PROGRAMA INSUMOS MAYO JUNIO  2026,6
1057049-15345-SE26,JAC. PAC ID. 1057049-406-LP24 INT. 9/2025 PROGRAMA INSUMOS MAYO JUNIO 2026,6
1057049-15401-CM26,BMC CM PROGRAMA PAC INSUMOS MAYO -  JUNIO 2026,5
1057055-511-SE26,SHV RES 481 PAC MAYO 2026  SUMINISTRO DE MEDICAMENTOS ENOXAPARINAS DESDE 1057055-119-LP25,4
1057055-711-SE26,GSP 1057055-15-LP26 PAC MAYO 2026 SOLUCION MONSEL 100CC,4
1057055-762-TD26,Orden de Compra generada por Trato Directo ID 1057055-27-FTD25,6
1057055-836-SE26,GSP 1057055-84-LQ24 PAC MAYO 2026 LIDOCAINA CLORH GEL 2% 30 ML,4
1057055-837-SE26,GSP 1057055-75-LQ25 PAC MAYO 2026 IODIXANOL 270MG X 50 ML,4
1057055-838-SE26,GSP 1057055-103-LP25 PAC MAYO 2026 NISTATINA 100.000 UI/G UNGÜENTO,4
1057055-839-SE26,GSP 1057055-74-LQ25 PAC MAYO 2026 NUTRIFLEX OMEGA SPECIAL 625 ML CENTRAL,6
1057370-242-CM26,"VERDURAS Y FRUTAS, CONSUMO MAYO 2026",12
1057370-245-AG26,MATERIALES DIDACTICOS Y DEPORTIVOS ,12
1057370-250-AG26,MANGUERA Y OTROS MATERIALES,12
1057370-279-AG26,CLORO GRANULADO,12
1057370-286-AG26,HERRAMIENTAS PARA REPARACION DE AIRES ACONDICIONADOS,6
1057370-291-AG26,POLEA Y CINTA ENGONADA ,12
1057370-294-AG26,CAJAS PLASTICAS ORGANIZADORAS Y CONTENEDORES PARA UNIDADES CLINICAS ,6
1057370-298-CM26,Orden de Compra: 1057370-298-CM26,4
1057387-257-AG26,CINTAS REACTIVAS PARA LA MEDICIÓN DE GLUCOSA (FARMACIA),6
1057387-259-AG26,BATERIAS PARA GRUPOS ELECTROGENOS (MANTENIMIENTO),4
1057387-260-CM26,TEGADERM TRANSPARENTE (DIALISIS),4
1057387-261-CC26,COMPRA OXIGENO MEDICO HOSPITAL COLLIPULLI (ABRIL),4
1057387-262-AG26,ELECTRODOS PARA MONITOR DESFIBRILADOR,4
1057389-1871-SE26,Mantencion Correctiva Camioneta Mazda,12
1057389-1872-SE26,Mantencion Correctiva de Furgón H1,12
1057389-1873-SE26,Mantencion Preventiva Camioneta Mazda,12
1057389-1874-SE26,Mantencion Preventiva de Furgón H1,12
1057389-2024-SE26,Retiro Residuos Asimilables a Domiciliarios,12
1057402-2014-SE26,(5076) SERVICIO DE APOYO SOME FEBRERO 2026,12
1057402-2794-SE26,(5076) SERVICIOS DE APOYO MANO DE OBRA PARA UNIDADES DEPENDIENTES DE LA SDM Y SDA MARZO 2026,12
1057402-2796-SE26,(5076) SERVICIO DE APOYO SOME MARZO 2026,12
1057402-2805-SE26,"(5076) SERVICIO DE APOYO MANO DE OBRA CR FARMACIA, RAD,CR ONCOLOGIA, IAAS Y UMA MARZO 2026",12
1057402-3067-TD26,Orden de Compra generada por Trato Directo ID 1057402-35-FTD26,12
1057402-3631-SE26,(5074) ARRIENDO EQUIPO ARCO C CR ANESTESIA Y PABELLÓN QUIRÚRGICO. ABRIL 2026 (26/36),12
1057402-3725-SE26,(5076) SERVICIO MANO DE OBRA APOYO NUTRICION Y ALIMENTACION ABRIL 2026,12
1057402-3739-SE26,"(5076) SERVICIO DE APOYO MANO DE OBRA CR FARMACIA, RAD,CR ONCOLOGIA, IAAS Y UMA ABRIL 2026",12
1057402-3750-SE26,(5076) SERVICIO MANO DE OBRA EN APOYO A SDA ABRIL 2026,12
1057402-4809-SE26,PEDIDO TMT/KIT PRÓTESIS RODILLA (PROT) [2°RECETA] [I/C 40774],9
1057402-4811-SE26,PEDIDO TMT/INSUMOS ASISTENCIA ROBOTICA PTR (PROT) [2° RECETA] [I/C 40774],9
1057402-5278-AG26,HEMODINAMIA/MAYO/INTROD. FEMORAL 5 FR (iNS),6
1057404-544-SE26,Oxigeno,6
1057404-578-SE26,linde,6
1057404-606-CC26,REACTIVO HEMOGLOBINA GLICOSILADA,6
1057404-607-SE26,INSUMOS DE LABORATORIO,6
1057417-10212-AG26,"SG FVS AG NAP OP SERVICIO DE MANTENCIÓN CORRECTIVA SISTEMA CCTV PARA EL CAVR, SOL. N°410.535. (Orden de Compra generada por invitación a compra ágil: 1057417-1103-COT26)",12
1057417-10288-AG26,IC MAP AG PRO SOL. ADQUISICION N°415827 1057417-1218-COT26,12
1057417-11347-AG26,"IG msp AG Pedido Mayo, Compra insumos de aseo",12
1057417-11352-CM26,"IG msp CM Pedido Mayo, Compra Alimentos",12
1057417-11376-CM26,"IG msp CM Pedido Mayo, Compra Alimentos",12
1057417-11378-CM26,"IG msp CM Pedido Mayo, Compra Alimentos",12
1057417-11423-CM26,"IG msp CM Pedido Mayo, Compra Alimentos",12
1057417-11434-CM26,"IG msp CM Pedido Mayo, Compra Alimentos",12
1057417-11442-AG26,"IG msp AG Pedido Mayo, Compra insumos computacionales",12
1057417-11531-CM26,"IG msp CM Pedido Mayo, Compra Alimentos",12
1057417-11723-SE26,AC CJL LP 1057417-360-LP24 CIRUGIAS DE TORAX MARZO 2026,12
1057417-11742-AG26,"IG jpg AG, SA 425.447 pedido mayo y junio envase marmica",12
1057417-11774-AG26,"SG DSB AG CAJA INSTRUMENTAL CIRUGÍA TÓRAX, SOL. N°416.097 (Orden de Compra generada por invitación a compra ágil: 1057417-1768-COT26)",6
1057417-11890-SE26,"IG jpg AG, SA 424.080 pedido junio 2026, etiquetas",12
1057417-11927-SE26,"IG rrr, SA N°429144, HOSPITAL CAMPAÑA",12
1057417-12029-SE26,IC MCM LP IC SOLIC.ADQ.429144/429145 HOSPITAL CAMP,12
1057417-12059-AG26,"IG jpg AG, hosp. de camp. SA 429144, 429252 insumos de oficina",4
1057417-12071-AG26,IC MCM AG IC SOLIC.ADQ.429144 HOSPITAL CAMPAÑA,12
1057417-12123-AG26,"IG jpg AG, pedido junio 2026, resucitadores manuales.",12
1057417-8280-AG26,"IG msp AG Pedido Febrero, Compra Alimentos",12
1057417-8342-AG26,"IG jpg AG, pedido Enero, febrero 2026, etiqueta esterilizacion",12
1057417-8815-TD26,Orden de Compra generada por Trato Directo ID 1057417-37-FTD26,12
1057418-339-SE26,LIC-INSUMO CLINICO-BIDEGA FARMACIA- 22.04.005.003- HFCM 40758(ISM),6
1057419-215-AG26,"CA. Adquisición elementos de protección, Hospital Santa Bárbara Req1 //  ITEM2202002001 - HSAB61692-61543 - KJM.",4
1057419-217-AG26,"CA. Adquisición zapatos de seguridad, Hospital Santa Bárbara, req1// ITEM 2202003 - HSAB61692 - KJM",4
1057420-328-SE26,CS- MANTENCION PREVENTIVA EQUIPOS DE ESTERILIZACION ITEM 22.06.005.001 HFCH51779 (cdb),12
1057420-344-SE26,CS- RENOVACION PRUEBAS REGLAMENTARIAS EQUIPOS ESTERILIZACIÓN ITEM 22.06.005.001 HFCH51888  (cdb),12
1057421-232-CC26,"CC-Arriendo Fotocopiadoras Mes Marzo 2026, Folio N°54.191 Req-9- Ítem 2209005001 (cfg)",12
1057421-310-SE26,CS Insumos y Reactivos para Laboratorio Clínico HFC Laja - REQ. 9 - 2204003002 - Folio 54.666 (sma),6
1057422-329-CC26,CC-Retiros Resid. REAS Marzo -2208001-HFCY65.676-hvsm,6
1057422-330-CC26,CC-Retiros Resid. REAS Abril -2208001-HFCY65.677-hsm,6
1057422-332-SE26,"CS-Frutas, Verduras y Lácteos-2201001001-HFCY65838-(rgh)",6
1057430-1357-AG26,Mobiliario Altillo,6
1057430-1359-AG26,Mobiliario Altillo,6
1057430-1360-SE26,Insumos FACO (Insumos Vitrectomía),6
1057430-1362-AG26,Reposición Insumos Pabellón (Tubo Otico tipo donaldson),6
1057430-1369-SE26,Reposición Insumo Esterilización,6
1057431-1460-SE26,ORDEN DE COMPRA DESDE 2157-10-LE25,6
1057431-1539-SE26,OC DESDE 2157-75-LQ25,4
1057431-1549-SE26,DESDE(2157-30-LE25),6
1057431-1564-SE26,ORDEN DE COMPRA DESDE 2157-68-LQ25,6
1057434-538-AG26,COMPRA ARTICULOS DE ASEO SAR MAYO 2026,6
1057434-541-AG26,COMPOSITE FOTOCURADO PARA BRACKET DE REPOCICION UNIDAD DENTAL CVMF 2026.,12
1057438-72-SE26,OC Gabriel Urrutia abril Ex.H,6
1057439-3386-TD26,Orden de Compra generada por Trato Directo ID 1057439-550-FTD26,6
1057439-3419-AG26,Secadores de Pelo a compra ágil: 1057439-3011-COT26,6
1057439-3472-AG26, Cable ECG Para equipo Siemens Axiom Sensis: 1057439-2978-COT26,6
1057439-3498-AG26,Carbapenemasas Orden de Compra generada por invitación a compra ágil: 1057439-3038-COT26,4
1057439-3500-AG26,APA Orden de Compra generada por invitación a compra ágil: 1057439-2887-COT26,6
1057440-275-CM26,RECARGA DE GAS LICUADO,12
1057440-58-SE26,DESDE ID: 2126-162-LR24 SERVICIO DE ALIMENTACION FEBRERO 2026,12
1057461-739-CM26,BE/ BOLSAS DE BASURA ASEO MAYO 2026,12
1057461-751-CM26,BE/ TOALLAS DE PAPEL 250/ SERVILLETAS ARTICULOS DE ASEO MAYO 2026,12
1057461-759-AG26,670/6701/25/2026 Solicitud N°2182 Mantenimiento correctivo Endoscopio,6
1057472-7166-SE26,ORDEN DE COMPRA DESDE 1057472-219-LR25,4
1057472-8142-SE26,MANT. CORRECTIVO ECÓGRAFO VOLUSON E8,12
1057472-8355-SE26,MANT. EQUIPOS CRÍTICOS,12
1057472-8360-SE26,INSUMOS CLINICOS MES DE MAYO,12
1057472-8421-SE26,INSUMOS CLINICOS MAYO ,12
1057472-8480-SE26,MANT. CORRECTIVO MOTORES QUIRÚRGICOS,12
1057472-8482-SE26,INSUMOS CLINICOS MAYO ,12
1057472-8538-TD26,Orden de Compra generada por Trato Directo ID 1057472-6-FTD26,12
1057472-8770-SE26,INSUMOS CLINICOS MAYO ,6
1057472-8848-SE26,Kit Sistema Ablación de Arritmias con Mapeo,12
1057472-8959-SE26,ORDEN DE COMPRA DESDE 1057472-4-LQ25,6
1057472-8961-SE26,INSUMOS CLINICOS JUNIO,6
1057472-8964-AG26,Orden de Compra generada por invitación a compra ágil: 1057472-212-COT26,4
1057472-8965-AG26,INSUMOS CLINICOS ,4
1057472-8972-SE26,ORDEN DE COMPRA DESDE 1057472-217-LR25,4
1057473-169-AG26,CURSO MANEJO DEL TRAUMA EN PACIENTES PRE-HOSPITALARIO PHTLS,6
1057473-172-AG26,"CURSO ""ADVANCED MEDICAL LIFE SUPPORT"" – AMLS",6
1057476-473-SE26,BATA QUIRÚRGICA DESECHABLE,6
1057476-474-SE26,ELECTRODO ECG REDONDO TIPO BROCHE DESECHABLE UNIDA,6
1057480-1024-SE26,VENTIA SPA,12
1057480-1094-SE26,VENTIA SPA,12
1057480-1220-SE26,VENTIA SPA,12
1057480-1239-SE26,ORDEN DE COMPRA DESDE 1057480-44-LQ24,12
1057480-1298-AG26,Orden de Compra generada por invitación a compra ágil: 1057480-295-COT26,12
1057480-1372-SE26,ECO PLÁSTICOS CHILE SPA,6
1057480-1384-SE26,ORDEN DE COMPRA DESDE 1057480-39-LE25,12
1057480-1388-SE26,PROCESADORA DE ALIMENTOS TRES EFE LIMITADA,12
1057480-1411-SE26,SERVICIOS Y ASESORIAS HEALTHSTORE SPA,6
1057480-1414-SE26,ORDEN DE COMPRA DESDE 1057480-10-LE25,4
1057480-1415-SE26,ORDEN DE COMPRA DESDE 1057480-36-LQ25,4
1057480-1416-AG26,Orden de Compra generada por invitación a compra ágil: 1057480-321-COT26,6
1057480-1417-AG26,Orden de Compra generada por invitación a compra ágil: 1057480-322-COT26,6
1057480-1418-AG26,Orden de Compra generada por invitación a compra ágil: 1057480-325-COT26,4
1057489-6407-AG26,SERVICIO DE ASEO DEPENDENCIAS COMPIN,6
1057489-6426-SE26,2002220077 SONDA FOLEY 20FR 5CC 2 VIAS 100% SILICO,6
1057489-6448-SE26,SUMINISTRO DE SONDAS URINARIAS ,6
1057489-6461-SE26,O.Q 2002450103 MASTER MIX PCR TIEMPO REAL CON SONDA TAQMAN,6
1057489-6482-SE26,SERVICIOS DE MANTENCIÓN ARCO C CUOTA N°22 ABRIL 2026,6
1057489-6493-CM26,GUANTES ,6
1057489-6495-CM26,"KIT APOSITO S,  KIT DE LACERACION Y SUTURACION Y CANISTER 800ML",4
1057490-875-SE26,"SS MANT GRUPOS ELECTRÓGENOS, FEB 2026 RC-10575",6
1057490-876-SE26,"SS MANT GRUPOS ELECTRÓGENOS, MAR 2026 RC-10577",6
1057491-14220-AG25,MPO/SERVICIOS RELOJ CONTROL BIOMETRICO CASINO/AGOSTO 2025,12
1057491-2128-AG26,JCO/ECONOMATO/OFICINA/MARZO 2026,12
1057491-2281-SE26,MPO/MANTENCION CORRECTIVA ASCENSORES OTIS/ABRIL 2026,12
1057491-2573-SE26,CMM/PROGRAMA DE COMPRAS IMG/ MAYO 2026,12
1057491-2581-CM26,JCO/ALIMENTOS/ABARROTES/FUNCIONARIOS/MAYO 2026,12
1057491-2637-CM26,JCO/ALIMENTOS/PERECIBLES/FUNCIONARIOS/MAYO 2026,12
1057491-2651-CM26,JCO/ALIMENTOS/PERECIBLES/PACIENTES/MAYO 2026,12
1057491-2795-SE26,MPO/MANTENCIÓN CORRECTIVA CENTRAL TERMICA Y/O SST/MAYO  2026,12
1057491-2895-AG26,SSA/PROGRAMA ECONOMATO-OFCINA/MAYO 2026,12
1057491-2900-SE26,MPO/SERVICIO ARRIENDO IMPRESORAS TERMICAS EN RED/MAYO 2026,12
1057491-2901-SE26,"MPO/SERV. HRS.PROFESIONALES, TEC., ADMIN. Y AUXILIARES PARA CR. PACIENTE CRÍTICO ( UPC PEDIATRICA) - A-PARTTIME/MAYO 2026",12
1057491-2904-SE26,"MPO/SERV. HRS.PROFESIONALES, TEC., ADMIN. Y AUXILIARES PARA CR. PACIENTE CRÍTICO ( UPC PEDIATRICA) - A-PARTTIME/MAYO 2026",12
1057491-2916-AG26,MPO/PROGRAMA IMG(DESPACHO PARCIALIZADO/MAYO 2026,6
1057491-2945-SE26,SSA/PROGRAMA QUIMICOS/JUNIO 2026,4
1057491-2947-SE26,SSA/PROGRAMA QUIMICOS/JUNIO 2026,6
1057491-2951-AG26,MPO/PROGRAMA IMG/MAYO 2026,6
1057491-2954-AG26,CMM/PROGRAMA DE COMPRAS IMG/ ABRIL + MAYO 2026,6
1057491-2957-SE26,SSA/PROGRAMA QUIMICOS/JUNIO 2026,6
1057491-2958-SE26,SSA/PROGRAMA QUIMICOS/JUNIO 2026,6
1057491-2962-AG26,MPO/PROGRAMA IMG/MAYO 2026,6
1057491-2980-AG26,MPO/PROGRAMA IMG/MAYO 2026,6
1057491-342-AG26,CMM/PROGRAMA DE COMPRAS IMG/ ENERO 2026 (DESPACHO PARCIAL),12
1057491-530-AG26,SSA/REGULARIZACION SERVICIO DE ALIMENTOS /ENERO 2026,12
1057492-1427-SE26,SERVICIO MANTENCION PREVENTIVA EQUIPO RAYOS X ARCO EN C,12
1057492-1862-AG26,A03N0031 - DESPACHO A LA BREVEDAD  1057492-513-COT26,6
1057492-1875-SE26,SERVICIO GESTION AMBULANCIAS CON TENS,6
1057492-1897-SE26,CONFECCION DE IMPRESOS - DESPACHAR A LA BREVEDAD,6
1057494-1464-SE26,S-COM-26564 Convenio General Electric,9
1057494-1897-AG26, Pilas CR2025 3V y bateria 9 volt compra ágil: 1057494-296-COT26,6
1057494-1900-SE26,2220075 CANULA INTRAVENA G 26 X 19 MM BRANULA,6
1057495-589-CM26,ADQUISICIÓN DE ALIMENTOS PARA EL HOSPITAL DR. LUCIO CÓRDOVA,6
1057496-891-AG26, Adquisición de XPER C DIFF EPI (compatible con equipo genexpert) para Unidad de Laboratorio del Hospital San Luis de Buin-Paine desde compra ágil: 1057496-537-COT26,12
1057498-1317-AG26,INSUMOS UCM compra ágil: 1057498-860-COT26,12
1057498-1733-SE26,PR ELABORACION DE DISPOSITIVOS INTEROCLUSALES,4
1057498-1793-AG26,LN INSUMOS CLINICOS 1057498-1222-COT26,12
1057498-1798-AG26,LN INSUMOS ESTERILIZACION 1057498-1229-COT26,12
1057498-1860-AG26, OA AGUJA LARGA PARA JERINGA CARPULE 27 G X 40MM LARGO Orden de Compra generada por invitación a compra ágil: 1057498-1312-COT26,6
1057498-1873-SE26,AL SERVICIOS MEDICOS OFTALMOLOGICOS CEOLA S.A. ABRIL 2026,12
1057498-1874-SE26,AL DAVITA CHILE S.A. MARZO 2026,12
1057498-1886-SE26,AL DAVITA CHILE S.A. ABRIL 2026,12
1057498-1915-SE26,"CC MANTENCION CORRECTIVA DE ASCENSORES, MONTACAMIL",6
1057498-1924-TD26,Orden de Compra generada por Trato Directo ID 1057498-380-FTD26,4
1057498-1925-TD26,Orden de Compra generada por Trato Directo ID 1057498-381-FTD26,4
1057498-1930-AG22,Orden de Compra generada por invitación a compra ágil: 1057498-947-COT22,12
1057499-206-SE26,ORDEN DE COMPRA DESDE 1057499-11-LE26,12
1057499-97-SE26,ORDEN DE COMPRA DESDE 1057499-90-LE25,12
1057500-186-CM26,PAÑALES ADULTO TALLA G ,6
1057500-195-SE26,MEDICAMENTOS ASOCIADOS AL PROGRAMA DE CUIDADOS PALIATIVOS UNIVERSALES EN APS 1057500-24-LE26,4
1057500-196-SE26,MEDICAMENTOS ASOCIADOS AL PROGRAMA DE CUIDADOS PALIATIVOS UNIVERSALES EN APS 1057500-24-LE26,5
1057500-197-SE26,MEDICAMENTOS ASOCIADOS AL PROGRAMA DE CUIDADOS PALIATIVOS UNIVERSALES EN APS 1057500-24-LE26,4
1057500-198-SE26,MEDICAMENTOS ASOCIADOS AL PROGRAMA DE CUIDADOS PALIATIVOS UNIVERSALES EN APS 1057500-24-LE26,4
1057500-325-SE25,MANTENCION EQUIPOS DE CLIMATIZACION SSMSO,12
1057501-3958-TD26,Orden de Compra generada por Trato Directo ID 1057501-55-FTD26,6
1057501-3985-SE26,"MANTENCION CORRECTIVA EQUIPOS ELECTRÓGENOS, MARZO 2026, MEMO N°607",6
1057501-4842-SE26,"MANTENCION PREVENTIVO EQUIPOS ELECTRÓGENOS, ABRIL 2026, MEMO N°617",6
1057501-5292-SE26,PROGRAMACIÓN REACTIVOS HASTA MAYO 2026,6
1057501-5305-SE26,INSUMOS RPCA HASTA MAYO,6
1057501-5422-SE26,CLAVE 20-222 INSUMOS HASTA MAYO,6
1057501-5510-SE26,PROGRAMACIÓN CENTRO NEFROLOGICO MES DE JUNIO SEMANA 03/06/2026,4
1057501-5511-SE26,PROGRAMACIÓN CENTRO NEFROLOGICO MES DE JUNIO SEMANA 10/06/2026,4
1057501-5512-SE26,PROGRAMACIÓN CENTRO NEFROLOGICO MES DE JUNIO SEMANA 17/06/2026,4
1057501-5513-SE26,PROGRAMACIÓN CENTRO NEFROLOGICO MES DE JUNIO SEMANA 24/06/2026,4
1057501-5514-SE26,PROGRAMACIÓN CENTRO NEFROLOGICO MES DE JUNIO SEMANA 01/07/2026,4
1057501-5515-SE26,PROGRAMACIÓN CENTRO NEFROLOGICO MES DE JUNIO SEMANA 03/06/2026,4
1057501-5516-SE26,PROGRAMACIÓN CENTRO NEFROLOGICO MES DE JUNIO SEMANA 10/06/2026,4
1057501-5520-SE26,PROGRAMACIÓN CENTRO NEFROLOGICO MES DE JUNIO SEMANA 17/06/2026,4
1057501-5521-SE26,PROGRAMACIÓN CENTRO NEFROLOGICO MES DE JUNIO SEMANA 24/06/2026,4
1057501-5525-SE26,PROGRAMACIÓN CENTRO NEFROLOGICO MES DE JUNIO SEMANA 01/07/2026,4
1057501-5543-AG26,COMPRA ÁGIL DESDE 1057501-1681-COT26  PROGRAMACIÓN CENTRO NEFROLOGICO MES DE MAYO SEMANA 20/05/2026,4
1057501-5545-AG26,COMPRA ÁGIL DESDE 1057501-1683-COT26  PROGRAMACIÓN CENTRO NEFROLOGICO MES DE MAYO SEMANA 27/05/2026,4
1057501-5546-AG26,COMPRA ÁGIL DESDE 1057501-1684-COT26   PROGRAMACIÓN CENTRO NEFROLOGICO MES DE MAYO SEMANA 13/05/2026,4
1057503-2462-CM26,AYUDAS TECNICAS ,12
1057506-3964-SE26,ORDEN DE COMPRA DESDE 1057506-11-LE26,4
1057508-1715-SE26,CONVENIO PACIENTES PRAIS (LEY VALECH) MEMO N°24,6
1057509-4258-TD26,Orden de Compra generada por Trato Directo ID 1057509-1093-FTD26,6
1057509-4298-TD26,Orden de Compra generada por Trato Directo ID 1057509-1107-FTD26,12
1057509-5659-SE26,ADQ. DE INSUMOS VENTILACION (LIC-EQUIPOS-CCA),4
1057509-5734-SE26,MC CAMBIO DE IMPRESORA TERMICA GEBE PARA AC MATACHANA 1008 (CONV-CRASI-CCA),6
1057509-5750-TD26,Orden de Compra generada por Trato Directo ID 1057509-996-FTD26,6
1057509-5754-SE26,MC . FABRICACION DE RED LINEAL AGUA DE CALEFACCION SECTOR TOMA DE MUESTRAS (CONV-CRASI-CCA),4
1057509-5755-SE26,MC SPLIT MURO ID 1-59395.SOME OFICINA JEFA SICME 92857 (CONV-CRASI-CCA),4
1057509-5759-SE26,MC CAMARA DE CONGELADO ID 1-19783. ALIMENTACION SICME 34603 (CONV-CRASI-CCA) ,4
1057509-5760-CM26,"Alimentos No perecibles Junio 2026 (CM, PRM)",4
1057509-5764-SE26,"MC FANCOIL RESIDENCIA MEDICOS, PEDIATRIA 5TO.PISO SICME 92136 (CONV-CRASI-CCA)",4
1057509-5765-TD26,Orden de Compra generada por Trato Directo ID 1057509-1404-FTD26,4
1057510-1855-SE26,INSUMOS MEDICOS MAYO 2026 (CONV. - FNB),6
1057510-1856-CC26,INSUMOS MEDICOS MAYO 2026 (CONV. - FNB),6
1057510-1857-CC26,INSUMOS MEDICOS MAYO 2026 (CONV. - FNB),6
1057510-1870-CC26,INSUMOS MEDICOS MAYO 2026 (CONV. - FNB),4
1057510-1871-CC26,INSUMOS MEDICOS MAYO 2026 (CONV. - FNB),4
1057510-1872-CC26,INSUMOS MEDICOS MAYO 2026 (CONV. - FNB),4
1057510-1873-CC26,INSUMOS MEDICOS MAYO 2026 (CONV. - FNB),4
1057510-1874-CC26,INSUMOS MEDICOS MAYO 2026 (CONV. - FNB),4
1057510-1875-SE26,INSUMOS MEDICOS MAYO 2026 (CONV. - FNB),4
1057512-379-CC26,OXIGENO MEDICO 05/05/2026,12
1057512-394-CC26,INSUMOS LABORATORIO MAYO 2026.,12
1057512-395-CC26,INSUMOS LABORATORIO MAYO 2026.,12
1057512-396-CC26,INSUMOS LABORATORIO MAYO 2026.,12
1057512-397-CC26,INSUMOS LABORATORIO MAYO 2026.,12
1057512-398-CC26,INSUMOS LABORATORIO MAYO 2026.	,12
1057512-421-SE26,SERVICIO DE SEGURIDAD MES DE ABRIL 2026,12
1057512-425-CM26,PEDIDO COMBUSTIBLE MES DE MAYO 2026,12
1057512-426-CC26,OXIGENO MEDICO 12/05/2026,12
1057514-182-CM26,Materiales de oficina,4
1057532-506-SE26,F2-9-RUA/Base SAMU Osorno,12
1057532-649-SE26,CC-DCR/CONV. AYUDAS TECNICAS 2026/GRAN COMPRA N°78315,12
1057532-658-AG26,F2-61-26-IVO/ADQUISICION DE IMPLEMENTOS LACTANCIA MATERNA/ DEPTO. ATENCION PRIMARIA,12
1057532-683-AG26,F2-61-26-IVO/ADQUISICION DE INSUMOS DE LACTANCIA MATERNA/ DEPTO. ATENCION PRIMARIA,12
1057532-688-SE26,F2-26-26-JOA/Adquisición insumos clinicos/COSAM RAHUE/ID 1057532-36-L126,12
1057532-723-SE26,CC-JOA/Conv. Suministro de medicamentos/COSAM RAHUE.,6
1057532-730-AG26,F2-085-26-JOA/Adquisición de insumos dentales//compra ágil: 1057532-177-COT26.,6
1057532-735-AG26,F1-210-26-IVO/ADQUISICION CARRO DE CARGA MANUAL PLEGABLE 3 EN 1 / OFICINA DE PARTES,4
1057534-599-AG26,Insumos varios Diálisis,4
1057534-601-AG26,Cajas plásticas Maternidad,4
1057534-602-AG26,Mudador para baño,4
1057534-603-AG26,Paquete de parto,6
1057534-606-AG26,Compresas radiopaca 45x45,6
1057534-609-AG26,Brazaletes de presión,6
1057534-611-AG26,Checker de Cl Diálisis,4
1057534-612-AG26,Lampara de cabeza C.A.E,4
1057534-613-AG26,Mantenimiento correctivo para bomba de alimentación de planta de esterilización,4
1057534-614-CC26,Servicio de Guardias Abril,4
1057534-615-CC26,Servicio de Guardias Diálisis Abril,4
1057534-616-AG26,Instalación de aire acondicionado Diálisis,4
1057534-618-AG26,Indicadores biologicos esterilización,4
1057534-621-CC26,Pedido Oxígeno 19-05,4
1057534-622-AG26,Etiquetas adhesivas,4
1057535-201-AG26,Compra Compra de elementos de protección personal Abril 2026,12
1057535-223-CC26,SUMINISTRO DE OXIGENO MAYO 2026,12
1057535-227-CC26,COMPRA AYUDAS TECNICAS MAYO 2026,12
1057535-231-CM26,Compra Insumos de Aseo Mayo 2026,12
1057536-1197-AG26," Adquisición de materiales de intervención, manualidades y estimulación terapéutica para centro de demencia",12
1057536-1249-AG26,ESTUDIO RADIOMETRICO PARA EQUIPO MAMOGRAFO HOSPITAL DE MAULLIN,6
1057536-1325-SE26,RESERVA  AJSFPY TRAMO PUERTO MONTT-CHAITEN,12
1057536-1421-AG26,ADQUISICION DE DIAPASÓN (SENSIBILIDAD) PARA IMPLEMENTACION CENTRO DE SALUD CONTAO,6
1057536-1434-SE26,SEGUROS DE VEHICULOS MOTORIZADOS NUEVAS AMBULANCIAS SAMU,6
1057536-936-AG26,SERVICIOS COMPLEMENTARIOS SIMPOSIO,12
1057536-988-AG26,SERVICIOS COMPLEMENTARIOS PARA POST OPERATORIO OFTALMOLOGICO,12
1057539-1566-SE26,COMPRA SUPLEMENTO ORALES-SEDILE/MARZO 2026,6
1057539-3311-TD26,Orden de Compra generada por Trato Directo ID 1057539-21-FTD26,6
1057539-3564-SE26,1057539-134-LR25 SOPORTE MANTENCIÓN Y DESARROLLO DE SERV. ERP/MES ABRIL 2026,6
1057539-3589-SE26,1057539-187-LR24 TRASLADO DE PACIENTE EN AVION AMBULANCIA AEREA_MEMO 96,6
1057539-3590-SE26,1057539-187-LR24 TRASLADO DE PACIENTE EN AVION AMBULANCIA AEREA_MEMO 97,6
1057539-3593-SE26,1057539-187-LR24 TRASLADO DE PACIENTE EN AVION AMBULANCIA AEREA_MEMO 98,6
1057539-3628-SE26,"Memo 70, Eq Industriales, Arriendo Container	",6
1057539-3657-AG26,"Sol 32, Eq Industriales, Tabletas para Análisis de Agua",6
1057539-3679-SE26,LICENCIAS MEDICAS ELECTRONICAS HPM/ ABRIL2026,6
1057539-3723-AG26,COMPRA DE FRESUBIN HP 1000 ML/ sedile,6
1057539-3732-SE26,INSUMOS MEDICOS ALMACEN MAYO/2026,6
1057539-3740-SE26,INSUMOS MEDICOS ALMACEN MAYO/2026,6
1057539-3741-SE26,"Servicio de Jardín infantil para ""The Green Valley/ ABRIL 2026",6
1057539-3787-CM26,INSUMOS MEDICOS ALMACEN MAYO/2026,6
1057539-3807-CM26,INSUMOS MEDICOS MAYO/2026,6
1057539-3813-SE26,INSUMOS MEDICOS MAYO/2026,6
1057539-3817-AG26,INSUMOS MEDICOS MAYO/2026,4
1057539-3819-AG26,INSUMOS ESTERILIZACION PEDIDO 400287,4
1057539-3820-SE26,INSUMOS MEDICOS MAYO/2026,4
1057540-323-SE26,HLR ACCESORIOS EQ. CRITICOS S/211,12
1057541-426-SE26,"OGB, OC DE 1057541-55-LE25 Mant. Correctiva 1 Vent",12
1057543-835-CM26,Orden de Compra: 1057543-835-CM26,4
1057543-853-SE26,ORDEN DE COMPRA DESDE 1057543-25-L126,6
1057544-14062-TD25,Orden de Compra generada por Trato Directo ID 1057544-139-FTD25,12
1057544-9463-SE26,ORDEN DE COMPRA DESDE 1057544-317-LE24 (CORRECTIVO,4
1057544-9485-TD26,Orden de Compra generada por Trato Directo ID 1057544-87-FTD26,6
1057544-9487-TD26,Orden de Compra generada por Trato Directo ID 1057544-88-FTD26,6
1057545-503-SE26,Serv. Mantención Hogar Protegido Enero 26,12
1057545-504-SE26,Serv. Mantención Hogar Protegido Febrero 26,12
1057545-505-SE26,Serv. Mantención Hogar Protegido Marzo 26,12
1057545-531-AG26,Orden de Compra generada por invitación a compra ágil: 1057545-91-COT26  COMPRA CAJA PAPEL CONTINUO - CAJAS DE ARCHIVO BIENESTAR DEL PERSONAL,6
1057547-4401-AG26,Orden de Compra generada por invitación a compra ágil: 1057547-637-COT26,12
1057547-6435-SE26,ORDEN DE COMPRA DESDE 1057547-377-LE24 ABRIL 2026,6
1057547-6630-SE26,ORDEN DE COMPRA DESDE 1057547-472-LE25,12
1057547-6704-SE26,ORDEN DE COMPRA DESDE 1057547-377-LE24 MARZO 2026,6
1057547-6721-TD26,Orden de Compra generada por Trato Directo ID 1057547-152-FTD25,12
1057547-6735-TD26,Orden de Compra generada por Trato Directo ID 1057547-152-FTD25,12
1057547-6738-TD26,Orden de Compra generada por Trato Directo ID 1057547-152-FTD25,12
1057547-6742-TD26,Orden de Compra generada por Trato Directo ID 1057547-152-FTD25,12
1057547-6748-TD26,Orden de Compra generada por Trato Directo ID 1057547-152-FTD25,12
1057547-6752-TD26,Orden de Compra generada por Trato Directo ID 1057547-152-FTD25,12
1057547-6755-TD26,Orden de Compra generada por Trato Directo ID 1057547-152-FTD25,12
1057547-6762-SE26,ORDEN DE COMPRA DESDE 1057547-104-LP25 MAYO 2026,12
1057547-6877-AG26,Orden de Compra generada por invitación a compra ágil: 1057547-1050-COT26,4
1057547-6879-AG26,Orden de Compra generada por invitación a compra ágil: 1057547-1061-COT26,4
1057547-7323-AG26,Orden de Compra generada por invitación a compra ágil: 1057547-1110-COT26,4
1057547-7326-SE26,ORDEN DE COMPRA DESDE 1057547-399-LP25,4
1057547-7331-SE26,ORDEN DE COMPRA DESDE 1057547-399-LP25	,4
1057547-7333-SE26,ORDEN DE COMPRA DESDE 1057547-399-LP25,4
1057547-7335-SE26,ORDEN DE COMPRA DESDE 1057547-399-LP25,4
1057547-7336-SE26,ORDEN DE COMPRA DESDE 1057547-399-LP25,4
1057547-7337-SE26,ORDEN DE COMPRA DESDE 1057547-399-LP25,4
1057547-7339-SE26,ORDEN DE COMPRA DESDE 1057547-399-LP25,4
1057547-7368-SE26,ORDEN DE COMPRA DESDE 1057547-529-LQ24,6
1057547-7394-SE26,ORDEN DE COMPRA DESDE 1057547-546-LQ23,6
1057547-7395-SE26,ORDEN DE COMPRA DESDE 1057547-469-LE24,6
1057547-7402-SE26,ORDEN DE COMPRA DESDE 1057547-503-LP24,6
1057547-7435-SE26,ORDEN DE COMPRA DESDE 1057547-50-LQ25,6
1057547-7436-SE26,ORDEN DE COMPRA DESDE 1057547-86-LP24,6
1057547-7437-SE26,ORDEN DE COMPRA DESDE 1057547-50-LQ25,6
1057547-7439-SE26,"RES. N° 2267, TRAUMATOLOGÍA STRYKER",4
1057547-7444-SE26,ORDEN DE COMPRA DESDE 1057547-49-LR24,6
1057547-7446-SE26,ORDEN DE COMPRA DESDE 1057547-546-LQ23,6
1057547-7447-SE26,ORDEN DE COMPRA DESDE 1057547-568-LQ24,6
1057547-7450-AG26,Orden de Compra generada por invitación a compra ágil: 1057547-1068-COT26,4
1057547-7451-AG26,Orden de Compra generada por invitación a compra ágil: 1057547-1069-COT26,4
1057547-7452-SE26,ORDEN DE COMPRA DESDE 1057547-120-LR25,4
1057548-506-AG26,compra ágil: Insumos Pabellón 1057548-296-COT26,6
1057548-510-AG26,compra ágil: Guantes neopreno quirúrgicos 1057548-294-COT26,4
1057550-158-AG26,Filtro Espirometro y Boquillas Flujometro,6
1057550-82-SE26,CS LEÑA PARA CALEFACCION,12
1057551-215-AG26,ALGODON HIDROFILO PRENSADO a compra ágil: 1057551-120-COT26,6
1057552-379-SE26,ORDEN DE COMPRA DESDE 1057552-7-LE24,6
1057552-395-CM26,Orden de Compra: 1057552-395-CM26,6
1057552-398-AG26,Orden de Compra generada por invitación a compra ágil: 1057552-237-COT26,6
1058001-230-AG26,Metilfenidato 20 mg liberacion prolongada,12
1058001-260-SE26,Ketorolaco am 30 mg 1 ml,12
1058012-1133-SE26,(FAR) MEDICAMENTO ONCOLOGÍA MAYO / OBINUTUZUMAB 1000 MG FA,4
1058012-1134-SE26,(FAR) URGENTE MEDICAMENTO ONCOLOGÍA MAYO  / IBRUTINIB 140 MG CP,4
1058024-837-SE26,FA CPS LP 1058024-25-LP24 SA 424259,6
1058024-860-AG26,FA CIA AG PEDIDO JUNIO 2026,5
1058035-124-AG26, FARMACOS: 1058035-130-COT26,6
1058035-140-AG26,GLUCOSA ANHIDRA EN SOBRE 75GRS,5
1058036-339-SE26,Medicamentos Risperidona,12
1058036-343-SE26,Bevacizumab,12
1058036-344-SE26,Medicamentos Atropina 0.05% 5 ML,12
1058036-346-SE26,"Medicamentos Atropina 0,01% 5 ML",12
1058036-348-SE26,Medicamentos Controlados Metadona Comprimido,12
1058037-61-SE26,DESDE(2157-168-LE25),6
1058037-63-SE26,DESDE(2157-103-LP25),6
1058043-1043-AG26,ISOSORBIDE DINITRATO CM 10 MG,5
1058044-735-AG26,Fármacos Stock Mayo 2026,4
1058044-736-AG26,Fármacos Stock Mayo 2026,4
1058045-443-AG26,Orden de Compra generada por invitación a compra ágil: 1058045-281-COT26,12
1058045-455-AG26,Orden de Compra generada por invitación a compra ágil: 1058045-288-COT26,6
1058071-503-SE26,PREPARADOS OTROS,12
1058071-527-SE26,BCG 30 mg Solución para instilacion vesical	,6
1058078-1602-CM26,Orden de Compra: 1058078-1602-CM26,5
1058078-1603-CM26,Orden de Compra: 1058078-1603-CM26 (GUANTES M HOSPITAL NUEVO),5
1058078-1605-SE26,ORDEN DE COMPRA DESDE 1058078-55-LE25,4
1058078-1606-SE26,ORDEN DE COMPRA DESDE 1058078-83-LQ24,4
1058078-1607-SE26,ORDEN DE COMPRA DESDE 1058078-87-LE25	,4
1058078-1608-SE26,ORDEN DE COMPRA DESDE 1058078-2-LE25,4
1058085-1149-SE26,MED TEMOZOLOMIDA,6
1058086-2111-SE26,ORDEN DE COMPRA DESDE 1058086-23-LR24,6
1058086-2521-SE26,ORDEN DE COMPRA DESDE 1058086-21-LR24,6
1058086-2531-SE26,ORDEN DE COMPRA DESDE 1058086-21-LR24,6
1058087-286-AG26,SSA/PROGRAMA FARMACOS/MAYO 2026,12
1058087-300-AG26,SSA/RECUPERACIÓN CENABAST/MAYO 2026,6
1058090-426-SE26,UREA NOVOBASE ,12
1058090-525-AG26,CLONIDINA 100 MCG CP (RM) CLONIDINA 50 MCG CP (RM),12
1058090-526-AG26,"SIROLIMUS 0,5 MG CM SIROLIMUS 1 MG CM",12
1058090-530-SE26,AGUA DESTILADA 1 LT MATRAZ,12
1058090-535-AG26,1058090-83-COT26 NOVOBASE PREPARADO MAGISTRAL,12
1058090-538-SE26,PROPOFOL 1% 50 ML TIVA KIT,12
1058090-540-SE26,POLIETILENGLICOL 3350,12
1058090-542-SE26,IODIXANOL 270 MG I/ML 50 ML FA,12
1058090-543-AG26,VEMURAFENIB 240 MG CM,12
1058090-544-SE26,Sildenafil jarabe 10 mg / ml * 60 ml,12
1058090-549-AG26,"1058090-87-COT26 PROPARACAINA 0,5%",12
1058090-661-AG26,DIAZOXIDE PARCIALIZADA,6
1058094-793-AG26,LPR MEDICAMENTOS  compra ágil: 1058094-770-COT26,6
1058094-794-AG26,LPR MEDICAMENTOS compra ágil: 1058094-771-COT26,5
1058097-600-AG26,Orden de Compra generada por invitación a compra ágil: 1058097-415-COT26,6
1058102-435-SE26,Farmacia mes de mayo cae (Convenio-Bodega-jgl),6
1058102-439-AG26,Orden de Compra generada por invitación a compra ágil: 1058102-224-COT26,6
1058128-1033-SE26,PEDIDO hpm,4
1058128-1034-SE26,PEDIDO hpm,4
1058128-1035-SE26,PEDIDO hpm,4
1058133-63-AG26,Hidrocortisona 1% Locion Topica Ord N°14 TDM,4
1058134-582-SE26,ORDEN DE COMPRA DESDE 1058134-43-LQ24/MARZO 2026.,9
1058134-855-AG26,Orden de Compra generada por invitación a compra ágil: 1058134-201-COT26/MAYO 2026.,6
1058134-878-SE26,ORDEN DE COMPRA DESDE 1058134-47-LE25/MAYO 2026.,6
1058134-884-SE26,ORDEN DE COMPRA DESDE 1058134-91-LQ24/MAYO 2026.,4
1058141-548-AG26,(APM) PEDIDO CONCENTRADOS FARMACIA SOLUCION CONCENTRADO ACIDO (K2.0mEq/l y Ca 3.5mEq/l) ID : 1058141-494-COT26,12
1058141-549-AG26,(APM) PEDIDO CONCENTRADOS FARMACIA SOLUCIÓN CONCENTRADO ACIDO (K2.0mEq/l y Ca 2.5mEq/l) BI 5 LT ID: 1058141-495-COT26,12
1058141-658-AG26,(APM) PEDIDO FARMACIA MAYO FLUORESCEINA 10% 5 ML ID: 1058141-558-COT26,12
1058141-714-AG26,(APM) INCUMPLIMIENTO CENABAST ABRIL ID: 1058141-639-COT26,12
1058141-718-AG26,(APM) PEDIDO EXTRA FARMACIA PNH 17544 GOLIMUMAB UD 50 MG/05 ML AUTOINY ID: 1058141-645-COT26,12
1058141-724-SE26,(JBR) PEDIDO FARMACIA MAYO,12
1058141-727-AG26,(APM) INCUMPLIMIENTO CENABAST ABRIL CAPECITABINA CM 500 MG ID: 1058141-630-COT26,12
1058141-739-SE26,(JBR) PEDIDO FARMACIA JUNIO CALCIO CARBONATO CON V,6
1058758-105-CM26,Orden de Compra: 1058758-105-CM26,5
1059082-4-SE26,"SERVICIO RADIAL EMISIONES  RADIALES PARA PROGRAMA  EDUCATIVO PARA LA FAMILIA  MODALIDAD COMUNICACIONAL  JUNJI REGION DE ÑUBLE, SC 59.856",12
1059109-53-AG26,SUBT 22/ADM Y FINANZAS/TIMBRES/REQ N° 51,4
1060500-12-CM26,MATERIALES DE OFICINA ,6
1062448-1521-CC26,COMPRA DE INSUMOS MEDICOS,6
1062448-1523-CC26,COMPRA DE INSUMOS MEDICOS,6
1062448-1526-CM26,COMPRA DE INSUMOS MEDICOS,6
1063535-6217-SE26,FARMACOS MAYO,12
1063535-6261-SE26,FARMACOS MAYO,12
1063535-6276-SE26,FARMACOS MAYO,12
1063535-6285-SE26,FARMACOS MAYO,12
1063535-6311-SE26,FARMACOS MAYO,12
1063535-6313-SE26,FARMACOS MAYO,12
1063535-6319-SE26,FARMACOS MAYO,12
1063535-6323-AG26,Orden de Compra generada por invitación a compra ágil: 1063535-212-COT26,12
1063535-6329-SE26,FARMACOS MAYO,12
1063535-6330-SE26,FARMACOS MAYO,6
1063535-6331-AG26,Orden de Compra generada por invitación a compra ágil: 1063535-215-COT26,12
1063535-6332-SE26,FARMACOS MAYO,12
1063535-6334-SE26,FARMACOS MAYO,12
1063535-6337-SE26,FARMACOS MAYO,12
1063535-6338-SE26,FARMACOS MAYO,12
1063535-6346-SE26,FARMACOS MAYO,12
1063535-6354-SE26,FARMACOS MAYO,12
1063535-6369-SE26,FARMACOS MAYO,6
1063535-6370-SE26,FARMACOS MAYO,4
1063535-6371-SE26,FARMACOS MAYO,4
1063538-3357-SE26,ORDEN DE COMPRA DESDE 1063538-129-LQ24,12
1063538-3589-AG26,Orden de Compra generada por invitación a compra ágil: 1063538-927-COT26,12
1063538-3811-SE26,ORDEN DE COMPRA DESDE 1063538-180-LR24,6
1063538-3821-AG26,Orden de Compra generada por invitación a compra ágil: 1063538-1035-COT26,6
1063538-3830-SE26,ORDEN DE COMPRA DESDE 1063538-171-LP25	,9
1063538-3832-AG26,Orden de Compra generada por invitación a compra ágil: 1063538-1065-COT26,4
1063538-3833-SE26,SOCIEDAD DE SERVICIOS ANDINOS SPA,4
1063538-3835-SE26,ORDEN DE COMPRA DESDE 1063538-70-LR25,4
1063538-3836-CM26,PEDIDO DISPOSITIVOS MEDICOS JUNIO 2026,4
1063538-3837-CM26,PEDIDO DISPOSITIVOS MEDICOS JUNIO 2026,4
1063538-3838-SE26,ORDEN DE COMPRA DESDE 1063538-210-LQ24	,4
1063538-3839-AG26,Orden de Compra generada por invitación a compra ágil: 1063538-1080-COT26,4
1063538-3840-SE26,ORDEN DE COMPRA DESDE 1063538-135-LE25,4
1063538-3841-SE26,ORDEN DE COMPRA DESDE 1063538-210-LQ24	,4
1063538-3842-CM26,PEDIDO DISPOSITIVOS MEDICOS JUNIO 2026,4
1063538-3843-SE26,ORDEN DE COMPRA DESDE 1063538-210-LQ24	,4
1063538-3845-SE26,ORDEN DE COMPRA DESDE 1063538-324-LP24,4
1063538-3846-CM26,PEDIDO DISPOSITIVOS MEDICOS JUNIO 2026,4
1064617-1-TD26,Orden de Compra generada por Trato Directo ID 1064617-1-FTD26,4
1067355-182-SE26,"Recarga Tarjetas Funcionarios, mayo 2026",12
1067355-228-CM26,combustible diesel,12
1069417-499-AG26,COMPRA DE MEDICAMENTOS PARA SAR ULTRAESTACIÓN DISAMU CHILLAN,6
1069417-512-AG26,TINTAS PARA IMPRESORAS DEL CESFAM ISABEL RIQUELME compra ágil: 1069417-390-COT26,6
1070620-1067-SE26,VCT. REPOSICIÓN BALÓN - BOSTON 28/01/26,12
1070620-1763-SE26,XAR. REPOSICION CAJA DE IMPLANTES TRAUMATOLOGIA,12
1070620-29595-SE25,"YJF- COMPRA PROGRAMA ALIMENTACIÓN, DESINFECTANTES DICIEMBRE 2025",12
1070620-3105-SE26,vct REPOSICIÓN STENT - TERUMO31/03/2026,12
1070620-3655-AG26, CSC COMPLEJO B (TOL 12 O NEUROBIONTA ADVANCE) COMPRIMIDOS a compra ágil: 1070620-1248-COT26,12
1070620-4089-SE26,VCT. Reposición HMG Stent Angiolite 04/05/2026,12
1070620-4156-AG26,MRC INSUMOS GENERALES: 1070620-1428-COT26,12
1070620-4226-SE26,YHC. Compra de Lentes Ópticos Formulario N°29,12
1070620-4231-AG26,RVC INSUMOS GENERALES - 1070620-1436-COT26,12
1070620-4242-AG26,MRC INSUMOS GENERALES: 1070620-1448-COT26,12
1070620-4291-SE26,YHC. Compra de Lentes Ópticos Formulario N°30,12
1070620-4342-SE26,VCT. REPOSICIÓN ARQUIMED BALONES 11/05/26,12
1070620-4370-SE26,SBZ - Programa Laboratorio MAYO,12
1070620-4439-SE26,VCT. REPOSICION ABBOTT.CATÉTER OCT.13.05.26,12
1070620-4441-SE26,VCT. REPOSICIÓN BALÓN - CARDIOTEC 13/5/26,12
1070620-4445-SE26,VCT. REPOSICION CENCOMEX 13/05/2026,12
1070620-4447-SE26,VCT. Reposición HMG Stent Angiolite 13/05/2026,12
1070620-4460-AG26,XAR. PROGRAMA ESTERILIZACION Cinta Etiquetas Rojas,12
1070620-4493-SE26,VCT. Reposición TERUMO 14/05/2026,12
1070620-4494-SE26,vct. REPOSICIÓN BALON TERUMO 14/5/26,12
1070620-4636-CM26,"YJF- COMPRA PROGRAMA FARMACIA, MAYO 2026",6
1070620-4641-AG26, YHC. HOLTER DE PRESION ARTERIAL (PACIENTES PEDIATRICOS ),6
1070620-4652-AG26,"YJF- COMPRA PROGRAMA FARMACIA, MAYO 2026 compra ágil: 1070620-1538-COT26",6
1070620-4653-AG26,"YJF- COMPRA PROGRAMA FARMACIA, MAYO 2026 compra ágil: 1070620-1540-COT26",6
1071-5-AG26,OC CA:1071-7-COT26,4
1074548-33-CM26,CM-4681 Compra de Gasolina,12
1075337-7910-AG26,"rvv Compra Pedido Especiales Economato (gabinete plástico, cajas pláticas) Abril 2026 compra ágil: 1075337-863-COT26",12
1075337-8058-SE26,cpt Compra de Insumos clínicos para Oftalmología (PAQUETE DE ROPA/CAPUCHON ROSADO/OTROS) Pedido de Mayo 2026 desde 1075337-20-LR24,6
1075337-8156-SE26,"cpt Compra de Insumos clínicos (MASCARILLA LARINGEA SEGUNDA GENERACION I-GEL N° 1/2/2,5/3/4/5) pedido de Mayo 2026 desde 1075337-7-lr25",6
1075337-8162-SE26,cpt Compra de Insumos clínicos (CIRCUITO DE VENTILACIÓN) Pedido de Mayo 2026 desde 1075337-7-lr25,6
1075337-8169-AG26,cpt Compra de Insumos clínicos (MANTA TERMICA) Pedido de Mayo 2026 desde compra ágil: 1075337-986-COT26,6
1075337-8179-SE26,rvv Compra Examen PET CT (G.M.Z) desde 1075337-115-LQ23,6
1075337-8190-SE26,rvv Compra Informes de Teleradiología mes de Abril 2026 desde 1075337-13-R124,6
1075337-8202-SE26,ycc Compra Procesamiento e Información de Exámenes de Inmunohistoquímica mes de Marzo de 2026 desde 1075337-35-LR25,6
1075337-8205-SE26,cpt Compra de Insumos clínicos (TEJIDO TUBULAR EN POSICION DE DESCANSO) pedido de Mayo 2026 desde 1075337-3-LR24,6
1075337-8212-SE26,rvv Compra Examen PET CT (M.H.T) desde 1075337-115-LQ23,6
1075339-406-AG26, khr Compra de Fármacos (DEXAMETASONA AMP 4 MG/ML/HIERRO DEXTRAN AMP 100 MG / 5ML FA) Faltante Cenabast Mayo 2026 desde compra ágil: 1075339-313-COT26,6
1075339-424-AG26," khr Compra de Fármacos (CARBACOL 0,01% SOL. OFTALMICA) Faltante Cenabast Mayo 2026 desde  compra ágil: 1075339-311-COT26",6
1075952-33-SE24,Mantenimiento y Soporte Sistemas PyR e Inventario,12
1075952-7-SE24,MONITOREO Y SEGUIMIENTO DE PRENSA ,12
1075963-5380-SE26,ORDEN DE COMPRA DESDE 1075963-603-LQ24 SR-REORDEN,12
1075963-5425-SE26,ORDEN DE COMPRA DESDE 1075963-552-LR24 REORDEN,12
1075963-5954-SE26,ORDEN DE COMPRA DESDE 1075963-118-LR25 R311811,12
1075963-5979-SE26,ORDEN DE COMPRA DESDE 1075963-603-LQ24 SR 231624,12
1075963-6006-SE26,ORDEN DE COMPRA DESDE 1075963-552-LR24 R312222,12
1075963-6341-AG26,Orden de Compra generada por invitación a compra ágil: 1075963-669-COT26,12
1075963-6366-SE26,ORDEN DE COMPRA DESDE 1075963-515-LR22 R313470,12
1075963-6370-SE26,ORDEN DE COMPRA DESDE 1075963-299-LE25 SR232630,12
1075963-6391-SE26,ORDEN DE COMPRA DESDE 1075963-603-LQ24 R313306,12
1075963-6410-SE26,OC DESDE 1075963-30-LE25 SR: 232606,12
1075963-6445-SE26,OC DESDE 1075963-167-LQ24 R: 313722,12
1075963-6447-SE26,OC DESDE 1075963-180-LE25 R: 312715,12
1075963-6721-AG26,Orden de Compra generada por invitación a compra ágil: 1075963-718-COT26,4
1075963-6723-AG26,Orden de Compra generada por invitación a compra ágil: 1075963-721-COT26,4
1075963-6724-CM26,Orden de Compra: 1075963-6724-CM26,6
1075963-6725-CM26,Orden de Compra: 1075963-6725-CM26,6
1075963-6726-CM26,Orden de Compra: 1075963-6726-CM26,6
1077920-202-SE26,"SC N°309 ADQUISICIÓN DE INSUMOS DE CURACION, APOSITOS Y DESINFECTANTES PARA EL CENTRO ONCOLÓGICO DEL NORTE.",6
1078078-1366-CM26,"SC 24111 - DIFERENTES KIT - COMUNA DE TEMUCO, REGION DE LA ARAUCANIA",6
1078078-1367-CM26,"SC 24138 - DIFERENTES KIT - COMUNA DE REQUINOA, REGION DE OHIGGINS",6
1078078-1370-CM26,"SC 24146 - DIFERENTES KIT - COMUNA DE LOS ALAMOS, REGION DEL BIOBIO",6
1078078-1374-CM26,"SC 24144 - DIFERENTES KIT - COMUNA DE COBQUECURA, REGION DE ÑUBLE",6
1078078-1376-CM26,"SC 24137 - DIFERENTES KIT - COMUNA DE TEODORO SCHMIDT, REGION DE LA ARAUCANIA",6
1078078-1377-CM26,"SC 24134 - DIFERENTES KIT - COMUNA DE PICHIDEGUA, REGION DE OHIGGINS",6
1078078-1380-CM26,"SC 24133 - DIFERENTES KIT - COMUNA DE LONCOCHE, REGION DE LA ARAUCANIA",6
1078078-1381-CM26,"SC 24155 - DIFERENTES KIT - COMUNA DE RANCAGUA, REGION DE OHIGGINS",6
1078078-1382-CM26,"SC 24158 - DIFERENTES KIT - COMUNA DE TEMUCO, REGION DE LA ARAUCANIA",6
1078078-1384-CM26,"SC 24157 - DIFERENTES ELEMENTOS - COMUNA DE LOS SAUCES, REGION DE LA ARAUCANIA",6
1078078-1385-CM26,"SC 24156 - DIFERENTES KIT - COMUNA DE TEMUCO, REGION DE LA ARAUCANIA",6
1078078-1387-CM26,"SC 24169 - DIFERENTES KIT - COMUNA DE VILLARRICA, REGION DE LA ARAUCANIA",6
1078078-1390-CM26,"SC 24167 - DIFERENTES KIT - COMUNA DE TEMUCO, REGION DE LA ARAUCANIA",6
1078078-1392-CM26,"SC 24165 - DIFERENTES KIT - COMUNA DE RANCAGUA, REGION DE OHIGGINS",6
1078078-1393-CM26,"SC 24164 - VIVIENDA DE EMERGENCIA - COMUNA DE LUMACO, REGION DE LA ARAUCANIA",6
1078078-1394-CM26,"SC 24164 - KIT ASEO HOMBRE, HABITABILIDAD - COMUNA DE LUMACO, REGION DE LA ARAUCANIA",6
1078078-1396-CM26,"SC 24163 - DIFENTES KIT - COMUNA DE RANCAGUA, REGION DE OHIGGINS",6
1078078-1398-CM26,"SC 24171 - DIFERENTES KIT - COMUNA DE COELEMU, REGION DE ÑUBLE",6
1078078-1403-TD26,Orden de Compra generada por Trato Directo ID 1078078-161-FTD26,4
1078078-1404-TD26,Orden de Compra generada por Trato Directo ID 1078078-162-FTD26,4
1078078-1405-TD26,Orden de Compra generada por Trato Directo ID 1078078-163-FTD26,4
1078078-197-TD26,Orden de Compra generada por Trato Directo ID 1078078-8-FTD26,12
1078-7-AG26,Orden de Compra generada por invitación a compra ágil: 1078-11-COT26,6
1079445-295-AG26,ADQ. CUPULA VEHICULO FISCAL TGPC-78 SECCION OP. RPAS 5TA. COM. C.O.P.,4
1079445-296-AG26,ADQ. SERVICIO TRASLADO CONTAINERS EN LA ZONA MAGALLANES,6
1079445-297-AG26,ADQ. SERV. MANTENCION Y REPARACION SALAS CUSTORIA DE EVIDENCIAS SECCION CRIMINALISTICA,4
1079445-298-AG26,ADQ. SERVICIO CAMBIO DE RED ELECTRICA COMISION POBLACIONES PUNTA ARENAS,4
1079445-299-AG26,ADQ. EQUIPOS TECNOLOGICOS PARA MEDIR LA TRANSMISION DE LA LUZ DE LOS VIDRIOS POLARIZADOS,4
1079454-154-AG26,"ADQUISICIÓN DE ARTICULOS COMPUTACIONALES DE LA SECCIÓN SAICAR AFTA, D/E 252344720, Orden de Compra generada por invitación a compra ágil: 1079454-223-COT26",6
1079454-164-AG26, ADQUISICIÓN DEL SERVICIO DE DETECCIÓN DE FUGA DE AGUA EN CASA HUÉSPEDES PNS PREF. ANTOFAGASTA SEGÚN N.C.U.:251197410. - Orden de Compra generada por invitación a compra ágil: 1079454-199-COT26,6
1079454-167-AG26,"ADQUISICIÓN DE TRITURADORA DE PAPEL DESTINADAS A LAS UNIDADES POLICIALES DEPENDIENTES DE LA II ZONA AFTA, D/E 252512805Orden de Compra generada por invitación a compra ágil: 1079454-243-COT26",6
1079486-75-AG26,SERVICIO MANTENCIÓN ANUAL MICROSCOPIO COMPARACIÓN BALÍSTICO VISION X,6
1079505-199-CM26,CARGA DE GAS LICUADO PARA LA SUBCOMISARÍA MONTE PATRIA,6
1079516-361-AG26,"SERVICIO DE ADQUISICIÓN E INSTALACIÓN DE PARABRISAS Y OTROS REPUESTOS PARA VEHICULOS FISCALES BUSES FORD, AÑO 2020. B-659 Y B-693 DE 7MA. COM. COP. VALPARAISO // Orden de Compra generada por invitación a compra ágil: 1079516-95-COT26",6
1079516-369-AG26,"SERVICIO DE MANTENCION Y/O REPARACIÓN MOTO TRANSITO MARCA BMW R1200 RT AÑO 2014, DE LA 1RA. COMISARÍA VIÑA DEL MAR.  // compra ágil: 1079516-90-COT26",4
1079563-167-CM26,"ADUQUISICIÓN MATERIALES DE OFICINA PARA DETERMINADOS SERVICIOS ESPECIALIZADOS, UNIDADES Y DESTACAMENTOS DEPENDIENTES DE LA PREFECTURA CARABINEROS CACHAPOAL N° 11",6
1079563-185-CM26,"ADQUISICIÓN DE ABARROTES PARA LA COMISIÓN RANCHO DE LA 1RA. COMISARÍA RANCAGUA, DEPENDIENTE DE LA PREFECTURA DE CARABINEROS CACHAPOAL N°11.",6
1079563-191-AG26,ADQUISICIÓN DE TRITURADORA DE PAPEL PARA LA PREFECTURA DE CARABINEROS COLCHAGUA N° 12.,6
1079576-309-CM26,ADQUISICIÓN  UTILES DE ASEO  PARA EL CASINO DE LA 2DA. COMISARÍA CONCEPCION SEGUN D/E 251820020.,12
1079576-399-CM26,"ADQUISICION DE ABARROTES, PARA LA COMISION RANCHO DE LA 3RA. COMISARIA DE LOTA, SEGUN D/E 253750233",12
1079576-400-CM26,"ADQUISICION DE FRUTAS Y VERDURAS, PARA LA COMISION RANCHO DE LA 3RA. COMISARIA DE LOTA, SEGUN D/E 253728833",12
1079576-437-CM26,ADQUISICIÓN DE ABARROTES PARA EL CASINO DE LA 5TA. COMISARÍA COP CONCEPCION SEGUN D/E 253717985,6
1079659-178-AG26,ADQUISICIÓN Y DESPACHO DE FUNDA PARA HELICÓPTERO PARA LA SECCIÓN AEROPOLICIAL DE LA ZONA COP E INTERVENCIÓN SUR.,6
1079659-183-AG26,ADQUISICIÓN Y DESPACHO DE EQUIPAMIENTO DE EMERGENCIA Y RESCATE TÁCTICO A FAVOR DEL PERSONAL DE LA 2DA.COM COP PAILAHUEQUE S.O.M. FRANCISCO BENAVIDES GARCIA. ,6
1079689-134-SE26,ADQUISICIÓN DE LEÑA AÑO 2026 PARA RETEN VILLA LA TAPERA,12
1079689-159-AG26,ADQUISICION DE REPUESTOS GENUINOS PARA VEHICULOS DEPENDIENTES DE LA ZONA AYSEN ,12
1079689-16-AG26,ACQUISICIÓN DE ABARROTES PARA LA COMISIÓN RANCHO DE LA 2DA. COM. PTO. AYSÉN,12
1079689-177-AG26, ADQUISICION DE REPUESTOS PARA CAMIONETA AP-3025 DE CARGO RETEN LAGO CASTOR,12
1079689-51-AG26, ADQUISICION DE HUEVOS PARA COMISION RANCHO 1RA COM COYHAIQUE,12
1079866-195-CM26,"ADQUISICION DE 550 LITROS DE GAS A GRANEL PATA TENENCIA LO SIERRA  1079866-195-CM26, DOE: 253999542 .",6
1079866-196-CM26,"ADQUISICION DE 700 LITROS DE GAS A GRANEL PARA 45° COM. CERRO NAVIA  1079866-196-CM26, DOE: 253999648",6
1079967-226-CM26,Orden de Compra: 1079967-226-CM26/ADQUISICIÓN DE MERCADERÍA PARA EL CASINO DE LA 2DA. COMISARIA POZO ALMONTTE,12
1079967-234-AG26,Orden de Compra generada por invitación a compra ágil: 1079967-297-COT26/ADQUISICIÓN DE MERCADERÍA (POLLO Y CARNE) PARA EL CASINO DE LA 2DA. COMISARIA POZO ALMONTE,12
1079967-237-AG26,Orden de Compra generada por invitación a compra ágil: 1079967-301-COT26/ADQUISICIÓN DE MERCADERÍA PARA EL CASINO DE LA 2DA. COMISARIA POZO ALMONTE,12
1080089-332-AG26,Solicitud 10647 RRFF. Orden de Compra generada por invitación a compra ágil: 1080089-87-COT26,4
1080095-245-AG26,Orden de Compra generada por invitación a compra ágil: 1080095-75-COT26,4
1080157-68-CM26,"Orden de Compra: 1080157-68-CM26, Adquisición de Carnes y otros alimentos para los alumnos del Grupo de Formación Los Andes",6
1080157-69-CM26,"Orden de Compra: 1080157-69-CM26, adquisición de congelados y otros alimento, para alumnos del Grupo de Formación Los Andes",6
1080157-70-CM26,"Orden de Compra: 1080157-70-CM26, Adquisición de colaciones y otros alimentos para alumnos del Grupo de Formación Los Andes",12
1080157-75-CM26,"Orden de Compra: 1080157-75-CM26, ADQUISICIÓN DE FRUTAS Y COLACIONES PARA LOS CARABINEROS ALUMNOS Y COMISIÓN RANCHO DEL GRUPO DE FORMACIÓN LOS ANDES",6
1080286-167-AG26,"ADQUISICION DE 1 ASPIRADORA Y 4 DISPENSADORES DE AGUA, PARA EL DEPARTAMENTO DE APOYO A LAS OPERACIONES POLICIALES Z.M. (1080286-19-COT26)",6
1080286-68-CM26,INSUMOS COMISIÓN RANCHO 42° COMISARIA R.P,9
1080286-88-CM26,"ADQUISICION INSUMOS COMISION RANCHO, PARA LA 30° COMISARIA",12
1084148-45-SE26,PTG - PUNTUAL - INT-2026-0059 - RESTO - COFFE PARA REUNIÓN DE TRABAJO DE DIRECCIÓN EJECUTIVA CON LOS GREMIOS DE ASISTENTES DE LA EDUCACIÓN Y ENCARGADAS VTF PARA PRESENTAR PRESUPUESTO Y LEY DE 40 HORAS - DESDE CONTRATO DE SUMINISTRO LICITACIÓN 1110404-188-,6
1084156-353-SE26,PJ P02 GENERAL SERVICIO DE TRANSPORTE EVENTUAL MES DE ABRIL,12
1084156-363-SE26,PJ 22 P02 SERVICIO DE TRANSPORTE ESCOLAR MES DE ABRIL,12
1084156-372-SE26,PJ 22 P02 SERVICIO DE TRANSPORTE ESCOLAR MES DE ABRIL,12
1091793-110-AG26,Orden de Compra generada por invitación a compra ágil: 1091793-68-COT26,6
1092-37-SE26,Elaboración chocos y ordenamiento de leña,4
1098-17-AG26,Orden de Compra generada por invitación a compra ágil: 1098-8-COT26,6
1099402-232-SE26,OC DESDE 1099402-8-LE25 SERV. VIG MY-26,6
1100719-444-SE26,MAM OC DESDE 619133-141-LE24 SOL.26000930,6
1100719-451-SE26,MAM OC DESDE 619133-177-LE24 SOL.26000930,6
1107281-87-AG26,Orden de Compra generada por invitación a compra ágil: 1107281-91-COT26,6
1107283-58-TD26,Orden de Compra generada por Trato Directo ID 1107283-4-FTD26,12
1110404-127-AG26,"HBP, PUNTUAL, SOL-2026-121, SEP, LIBROS LECTURA PARA ALUMNOS DE ESCUELA CARLOS CONDELL, Orden de Compra generada por invitación a compra ágil: 1110404-86-COT26",12
1110404-403-SE26,MRA-PUNTUAL-SOL-2026-0218-SUBV SEP- INSUMOS PARA LAS ESPECIALIDADES DE LA EDUCACIÓN MEDIA TÉCNICO-PROFESIONAL DEL LICEO POLITÉCNICO ARICA SUBVENCIÓN SEP DESDE 1110404-71-LE26,6
1110404-407-AG26,"CAP-PUNTUAL-SOL.2026-0699-SUBV.GENERAL-SERVICIO TRANSPORTE ESCOLAR, DESFILE GLORIAS NAVALES.-Orden de Compra generada por invitación a compra ágil: 1110404-222-COT26",12
1110404-417-SE26,CAP-PUNTUAL-SOL-2026-0726-SUBV. GENERAL-ADQUISICIÓN SERVICIO DE COFFE ESC. ESMERALDA - DESDE CONTRATO DE SUMINISTRO LICITACIÓN 1110404-188-LE24,6
1111432-277-AG26,ADQUISICION DE MODELO ANATOMICO PARA TALLER O.C.I 144 1111432-170-COT26,12
1111432-302-AG26,"Adquisición insumos esterilización O.C.I. 137, según compra ágil: 1111432-188-COT26",12
1111432-317-SE26,ORDEN DE COMPRA DESDE 1111432-33-CO26,4
1111432-319-AG26,Orden de Compra generada por invitación a compra ágil: 1111432-194-COT26,4
1113144-12-SE26,Servicio Extensionista Año 2026,12
1113403-78-SE26,SUMINISTRO DE ARTICULOS DE OFICINA JJII ,6
1116006-16-AG26,Adquisición materiales de aseo para el Aeródromo Chile-Chico.Orden de Compra generada por invitación a compra ágil: 1116006-46-COT26,6
1116007-65-CM26,Orden de Compra: 1116007-65-CM26,6
1117880-4-AG26,"Producción de eventos ""Fortalecimiento y buen trato laboral""-125-Juridico compra ágil: 1117880-2-COT26",12
1121-45-SE26,Servicio de publicación en Diario Oficial,4
1124-1-SE26,Mantenciones Vehículos D.R. LS Ovalle M.P. 2026,12
1126920-10-AG26," servicio de aseo, desinfección para el JARDIN INFANTIL RAYITO DE LUNA",12
1126920-192-AG26,INSUMOS COMPUTACIONALES CECH,6
1126922-598-AG26,"RBD 7725 SEP PG02 SERVICIO DE INTERNET PARA LA ESCUELA RURAL COLONIA RIO SUR, COMUNA DE PUERTO VARAS.",6
1126922-616-SE26,RBD 7959 MANT PG02 REPARACIONES VARIAS MENORES EN EL ESCUELA GABRIELA MISTRAL DE LA COMUNA DE LLANQUIHUE.,4
1127-119-SE23,Servicio de administracion Casas de huespedez Cent,12
1127-120-SE23,Servicio de administracion casa huespedes Pto Mont,12
1127-121-SE23,Servicio de administración Casas de huespedes Acha,12
1127-122-SE23,Servicio de administracion Casas de Ancud	,12
1137833-93-AG26,Orden de Compra generada por invitación a compra ágil: 1137833-75-COT26,4
1137833-94-AG26,Orden de Compra generada por invitación a compra ágil: 1137833-72-COT26,4
1147293-88-TD26,Orden de Compra generada por Trato Directo ID 1147293-6-FTD26,6
1148-27-AG26,Orden de Compra generada por invitación a compra ágil: 1148-8-COT26,6
1151549-2-SE26,Servicio de Vigilancia y Guardias de Seguridad 1151549-5-LP25,4
1153624-50-SE26,ORDEN DE COMPRA DESDE 1153624-6-L126,12
1155-127-SE26,ELLIOT RECETARIO MAGISTRAL 1155-24-LE23 ,12
1160-137-CM26,"8100,compra combustible Regional. SAG Biobío.",6
1161-214-AG26,ECC 2839/2026  EXP PROTECTORES AUDITIVOS MATADERO SAG PUERTO VARAS,12
1161-238-AG26,JGN-EXP 2879/2026-COMPRA PAC REF- N°210 (17) MANTENCION DE EXTINTORES PARA OFICINA SAG RIO NEGRO,6
1161266-303-AG26,ADQUISICIÓN DE CAJAS DE LAPICES PARA ADMINISTRACIÓN MUNICIPAL,4
1171142-1872-SE26,"ADQUISICION DE HORAS DE RRHH PROFESINALES TRABAJADOR SOCIAL, PSICOLOGO, TERAPEUTA OCUPACIONAL DEL MES DE MARZO 2026 DESDE 1171142-73-LP25",6
1171177-20-CM26,C.E.T. CERRADO DEL C.C.P. DE IQUIQUE SOLICITA COMPRA DE GAS LICUADO PARA SUS TALLERES. Orden de Compra: 1171177-20-CM26,12
1172239-34-SE26,IGA-P02-LP-PLAGAS,12
1172445-111-AG26,P02-SEP-MFG - MATERIALES DE ENSEÑANZA PARA ESCUELA JAIME PROHENS  F. S. ,6
1172445-50-AG26,P02 SEP/EVA/LICEO MERCEDES FRITIS / RBD 400/ ORD 15/ FOLIO 44298/ ARTICULOS COMPUTACIONALES,6
1173431-19-CM26,Cemento y otros para Bodega Central Concepcion,12
1173463-50-AG26,"503/Orden de Compra generada por invitación a compra ágil: 1173463-20-COT26,Productos de embalajes para el taller de reposteria del CET Camino la Polvora",6
1173463-54-AG26,"503/Orden de Compra generada por invitación a compra ágil: 1173463-23-COT26,Articulos de aseo para dependencias del CET Camino la Polvora",4
1174300-18-SE26,ARRIENDO DE IMPRESORA,4
1175-363-SE26,"CDP N°4/25 Mantención Correctiva ambulancia, ID 11",4
1176812-59-AG26,P02/JUNJI/FCG/INS. DE OFICINA/JARDIN AGUAS BLANCAS,6
1177296-178-AG26,ID 151//Servicio de Monitoreo y análisis de prensa y medios online_compra ágil: 1177296-40-COT26.AIS,6
1178-27-SE26,ORDEN DE COMPRA DESDE 1178-5-LP26,6
1180740-79-AG26, SILLA APILABLES EQUIPAMIENTO PSR QUINQUÉN ,6
1180885-17-SE26,SILLA PORTABACINICA - COLCHONETA REPOSO - COJIN AMAMANTAMIENTO - CALENTADOR MAMADERAS - SALA CUNA HOSP COM DGO ALMAGRO,4
1180885-18-SE26,CUNA ALTA Y BAJA CON COLCHON -  HOSP COM DIEGO DE ALMAGRO,4
1180885-19-SE26,COLCHONETA GRANDE - SET ESTIMULACIÓN TEMPRANA,4
1183926-98-AG26,Orden de Compra generada por invitación a compra ágil: 1183926-117-COT26,6
1194436-8-TD26,Orden de Compra generada por Trato Directo ID 1194436-1-FTD26,6
1195-225-AG26,Orden de Compra generada por invitación a compra ágil: 1195-234-COT26,12
1195-238-AG26,Orden de Compra generada por invitación a compra ágil: 1195-249-COT26,12
1195-296-CM26,Orden de Compra: 1195-296-CM26,6
1197-47-SE26,READJUDICACIÓN LÍNEA N°1 y 5 OC DESDE 1197-9-R126,12
1199-120-AG26,Orden de Compra generada por invitación a compra ágil: 1199-16-COT26,4
1201-102-CM26,"Orden de Compra: 1201-102-CM26, RECINTO ESTADIO REGIONAL",12
1201-125-AG26,Orden de Compra generada por invitación a compra ágil: 1201-80-COT26,6
1201-126-AG26,Orden de Compra generada por invitación a compra ágil: 1201-86-COT26,6
1201-95-CM26,balmacde a Stgo Esgrima 2,12
1201-98-CM26,Judo a pto Mott 21 de mayo,12
1208089-14-AG26,Compra Snacks y Bebidas para reuniones del consejo asesor. Orden de Compra generada por invitación a compra ágil: 1208089-11-COT26,12
1208093-38-SE26,"SERV. TRANSPORTE Y TRASLADO PARA SPE DR-ATACAMA P01, DESDE 1208093-10-LE26",4
1208094-37-AG26,Adquisición de materiales de oficina para la Unidad de Evaluación Formativa para la Adopción y Acogimiento (UEFAA). Orden de Compra generada por invitación a compra ágil: 1208094-28-COT26,6
1208129-329-SE25,ARRULLO SERVICIO DE SEGURIDAD Y VIGILANCIA ,12
1209403-27-AG25,Servicio de Lavandería RFA Compra ágil: 1209403-6-COT25,12
1209403-42-AG25,"Servicio de Suministro de Peluqueria, Barberia y Depilación NNA RFA Compra ágil: 1209403-13-COT25",12
1209403-43-SE26,sca ampliación contrato del servicio de aseo ,12
1210674-105-AG26,adquisición de coffe aniversarios ,12
1210674-120-AG26,"CCD_ Servicio de limpieza, higienización y desinfección en interiores",6
1210674-205-SE25,Servicio de aseo para centros de administración directa ,12
1210674-21-CM25,Adquisición de gas para residencia familiar macul,12
1210674-23-SE26,aumento de contrato para el servicio de aseo para RF Suarez Mujica ,12
1210674-62-SE26,aumento de contrato para el servicio de aseo para FAE Casa Nacional  ,12
1210674-63-AG26,Uniformes escolares FAE 1 y 2,12
1210674-66-CM26,"Adquisición de gas para Casa nacional, RF Hortensias, RAE y Campos de Deportes (SOG)",12
1210674-88-SE26,CCD_Servicio de lavanderia para RF,12
1211839-303-AG26,"RACK/ESTANTE METÁLICO 200X150X50 CM, 400 KG.OC por compra ágil: 1211839-181-COT26",4
1212413-54-AG26,ELEMENTOS DE PROTECCIÓN PERSONAL  1212413-40-COT26,4
1212413-55-AG26,SILLONES RECLINABLES 1212413-39-COT26,4
1213002-212-AG26,Orden de Compra generada por invitación a compra ágil: 1213002-131-COT26,6
1214102-1000-AG26,RML/SP16 CAPA - MATERIALES FERRETERIA 1214102-577-COT26,4
1214102-1001-SE26,SP N°55 CESFAM GUSTAVO MOLINA ,6
1214102-927-CM26,DGC/SILLAS/DIRECCION DE SALUD: 1214102-927-CM26,6
1214102-936-AG26,"RML/SP19, 13 CEMENTERIO, GESTION DE ASEO E INNOVACION Y PROYECTOS - MATERIALES DE ASEO 1214102-549-COT26",6
1214102-980-TD26,Orden de Compra generada por Trato Directo ID 1214102-78-FTD25,6
1214102-991-TD26,Orden de Compra generada por Trato Directo ID 1214102-69-FTD25,6
1214102-992-TD26,Orden de Compra generada por Trato Directo ID 1214102-69-FTD25,6
1214102-998-AG26,RML/SP03 CAPA - CALZADOS DE SEGURIDAD 1214102-572-COT26,4
1214102-999-AG26,RML/SP15 CAPA - GRASA LUBRICANTE 1214102-576-COT26,4
1218393-177-AG26,Cerraduras para cajón niqueladas CEV 1218393-72-COT26,6
1219241-61-AG26,Orden de Compra generada por invitación a compra ágil: 1219241-54-COT26,6
1220203-45-SE26,Adquisición de libros BRA III,6
1220203-47-SE26,Adquisicion de libros BRA V,6
1221016-488-CM25,Orden de Compra: 1221016-488-CM25,12
1223542-94-AG26,Orden de Compra generada por invitación a compra ágil: 1223542-108-COT26,4
1224957-336-AG26,Orden de Compra generada por invitación a compra ágil: 1224957-319-COT26,4
1227-131-SE26,INST. Y SUMIN. ESTRUC. MET. Y I. VIALES - QUILLAGU,6
1227-96-SE26,"SERV. ASEO DRAI, LOA, ALMACEN Y OTROS -  DRAI",12
1230684-18-AG26,Servicio de Limpieza de Fosa. Compra ágil: 1230684-15-COT26,6
1232837-128-AG26,Orden de Compra generada por invitación a compra ágil: 1232837-74-COT26,4
1232837-129-AG26,Orden de Compra generada por invitación a compra ágil: 1232837-75-COT26,4
1233-58-SE26,Servicio de destrucción de mercancías Aduana Metro 2026,12
1233613-314-SE26,VALORACIONES MÉDICAS LICEO RSH,12
1233613-642-SE26, TONER Y TINTAS ESC PADRE ALBERTO HURTADO CRUCHAGA,12
1233615-440-SE26,RMG-E.E.-Insumos deportivos,12
1233615-695-AG26, PHA/SOL 724/FUSORA BROTHER/LICEO JOSEFINA AGUIRRE MONTENEGRO compra ágil: 1233615-184-COT26,12
1233615-757-AG26, PHA/SOL 856/COLACIONES TALLER ECUESTRE/ESC. NIEVES DEL SUR compra ágil: 1233615-219-COT26,12
1233615-771-SE26,DMH/SOL 00888 JARDIN INFANTIL AYSEN CHIQUITO/MATERIALES DE ASEO/CONVENIO DE SUMINSITRO 1233615-11-LP26,6
1233615-775-SE26,PHA/SOL 911/INSUMOS ASEO/ESC. NIEVES DEL SUR/CONVENIO SUMINISTRO 1233615-11-LP26,6
1233615-776-SE26,PHA/SOL INT 103/INSUMOS ASEO/SERVICIO LOCAL DE EDUCACIÓN PÚBLICA/CONVENIO SUMINISTRO 1233615-11-LP26,6
1233616-964-SE26,ADQ. INSUMOS DE IMPRESIÓN LICEO CLAUDIO ARRAU SCI N°1431 PROGRAMA 02,6
1233619-460-AG26,RECURSOS DE APRENDIZAJE LICEO PELLUHUE P02,12
1233619-4-SE26,ARRIENDO PLATAFORMA GESTION ADM. RR.HH Y TECNICO PEDAGOHGICA SLEP MAULE COSTA,12
1233619-63-AG26,"SOPORTE, ASISTENCIA TÉCNICA Y MANTENIMIENTO DE GESTOR DOCUMENTAL SLEP MAULE COSTA P01",12
1233623-186-AG26,"Orden de Compra generada por invitación a compra ágil: 1233623-121-COT26.  Escuela Básica 21 de Mayo, RBD 239",12
1237328-246-SE26,ORDEN DE COMPRA DESDE 1237328-9-R126 / SUMINISTRO DE MEDICAMENTOS BODEGA 2026 / CGR N° 10420260001,4
1237328-247-SE26,ORDEN DE COMPRA DESDE 1237328-9-R126 / SUMINISTRO DE MEDICAMENTOS BODEGA 2026 / CGR N° 10420260001,4
1237328-248-CM26,Orden de Compra: 1237328-248-CM26 / PAÑALES ADULTO XG / CGR 10420260056,4
1237328-739-SE25,Orden de compra desde 1237328-117-LE25,12
1238132-46-AG26,Materiales varios ,9
1238177-86-AG26,CAJAS PLASTICAS : 1238177-47-COT26,4
1239966-183-AG26,NEUMATICOS CON ESPIGAS,6
1244643-32-AG26,ADQUISICIÓN IMPLEMENTOS DE GIMNASIO RECINTO INSTITUCIONAL Orden de Compra generada por invitación a compra ágil: 1244643-31-COT26,6
1244643-33-AG26,ADQUISICIÓN RADIOS DE COMUNICACIÓN PORTÁTIL Orden de Compra generada por invitación a compra ágil: 1244643-32-COT26,6
1247197-53-SE26,REGULARIZA AUMENTO DE SERVICIO DE TRANSPORTE APS DESDE 1247197-86-LE25 RES.74,12
1249-7-AG26,Orden de Compra generada por invitación a compra ágil: 1249-7-COT26,6
1250349-63-CM26,"CDP DE ANGOL, ADQUIERE ABARROTES Y CONFITES ECONOMATO DE LA UNIDAD.",6
1250349-64-AG26,"CDP VILLARRICA, ADQUISICIÓN DE  HOJAS DE OFICIO PARA EL ECONOMATO DE LA UNIDAD,  GENDARMERIA DE CHILE, REGION DE LA ARAUCANIA. (E1O2RT9) Orden de Compra generada por invitación a compra ágil: 1250349-9-COT26",6
1251183-60-AG26,MANTENCION VEHICULOS DE SALUD Orden de Compra generada por invitación a compra ágil: 1251183-62-COT26,4
1260057-559-AG26,BOTA DE DESCARGA,6
1260057-560-AG26,KITS DE MANGA ESTÉRIL PARA ECÓGRAFO 18X22,6
1261592-360-AG26,Orden de Compra generada por invitación a compra ágil: 1261592-36-COT26,6
1261592-448-SE26,ORDEN DE COMPRA DESDE 1261592-50-LE24,12
1261592-469-SE26,ORDEN DE COMPRA DESDE 1261592-50-LE24,6
1261592-476-AG26,Orden de Compra generada por invitación a compra ágil: 1261592-44-COT26,6
1267885-460-AG26,SALUD-ADQUISICION DE BATERIA Y AMPOLLETA PARA OFTALMOSCOPIO PROG. UAPO-Orden de Compra generada por invitación a compra ágil: 1267885-129-COT26,6
1267885-468-SE26,SALUD - ADQUISICIÓN DE NEUMÁTICOS PARA EL ÁREA DE SALUD - ORDEN DE COMPRA DESDE 1267885-13-LE26,6
1271356-50-CM26,MEMO 17-18/ DROGERIA INSUMOS MEDICOS ,12
1272219-16-AG26,ECOONOMATO REPARACION Y MANTECION DE MAQUINAS ,12
1272220-19-AG26,"Economato CPF San Miguel, Adq, de shampoo y otros productos.Orden de Compra generada por invitación a compra ágil: 1272220-4-COT26",6
1272-8-AG26,Orden de Compra generada por invitación a compra ágil: 1272-6-COT26,6
1274907-200-AG26,Orden de Compra generada por invitación a compra ágil: 1274907-42-COT26,12
1274907-220-AG26,Orden de Compra generada por invitación a compra ágil: 1274907-47-COT26,12
1274907-71-TD26,Orden de Compra generada por Trato Directo ID 1274907-34-FTD26,12
1288505-66-AG26,“SERVICIO DE APOYO TÉCNICO PARA ACONDICIONAMIENTO Y EMBALAJE DE COLECCIONES DEL MUSEO REGIONAL DE MAGALLANES” MRM1288505-55-COT26,4
1289422-61-AG26,OC compra ágil ( UNIFORME CORPORATIVO): 1289422-66-COT26,12
1292-21-AG26,Orden de Compra generada por invitación a compra ágil: 1292-9-COT26,4
1293138-108-AG26,CARRO TRANSPORTE BANDEJA (MDN),6
1298355-347-AG26,Orden de Compra generada por invitación a compra ágil: 1298355-493-COT26,6
1298355-356-AG26,Orden de Compra generada por invitación a compra ágil: 1298355-475-COT26,12
1298632-19-AG26,Orden de Compra generada por invitación a compra ágil: 1298632-23-COT26,4
1305504-55-AG26,201 P02 JQ CARPA ,12
1305504-81-AG26,165 NF P01 Adquisición de Maquinas de Cortar Pasto - SSGG (165-60),12
1305552-61-AG26,Adq. de talonarios y libros de registros Orden de Compra generada por invitación a compra ágil: 1305552-44-COT26,6
1315764-10-AG26,ADQUISICIÓN DE PARCHES Y BATERÍA PARA DEA DE LA UNIDAD 1315764-10-COT26,4
1335445-26-AG26,"ADQUISICION DE CLORURO DE CALCIO Y ALCOHOL DESNATURALIZADO, PARA ARCHIVO ENACAR LOTA, SERPAT BIOBIO 1335445-25-COT26",4
1336-45-SE26,LAVADO Y LIMPIEZA  CAMIONETAS - DVLL,6
1336-75-SE26,REPARACIÓN CAMIONETA MAXUS - DVLL,6
1338462-181-CC26,CINTA HEMOGLUCOTEST,4
1340-207-AG26,Orden de Compra generada por invitación a compra ágil: 1340-27-COT26,6
1344158-9-AG26,Obras menores CF Coyhaique Alto - a compra ágil: 1344158-4-COT26,12
1344402-7-AG26,Orden de Compra generada por invitación a compra ágil: 1344402-5-COT26,6
1350296-852-SE26,"CON/SERVICIO DE ARRIENDO DE EQUIPOS ÁREA UROANÁLISIS, VHS Y GASES (DIARGO); ID 1350296-33-LR24; FR 2024-1496-66; ARRIENDO; MES ABRIL 2026; DIARGO.",6
1350296-853-SE26,"CON/SERVICIO DE ARRIENDO DE EQUIPOS ÁREA UROANÁLISIS, VHS Y GASES (VALTEK); ID 1350296-33-LR24; FR 2024-1496-66; ARRIENDO; MES ABRIL 2026.",6
1359575-115-SE26,PAQUETE DE PARTO X 8 UNIDADES CS 1359575-6-LP24,6
1359575-118-SE26,"GAS NITRÓGENO CS 4895-11-LQ23, CRH",6
1366597-1131-TD26,Orden de Compra generada por Trato Directo ID 1366597-405-FTD26,12
1366597-1145-TD26,Orden de Compra generada por Trato Directo ID 1366597-403-FTD26,12
1375757-241-AG26,DCR P02 CDP 228 SUBV. SEP RBD 17790 - 18037 - 4353 INSUMOS PARA ESPECIALIDAD TP DE GASTRONOMÍA  EE SLEP PUELCHE,4
1375761-620-SE26,SOFTWARE REMUNERACIONES MODULO LICENCIAS MÉDICAS,4
1375761-794-SE26,SERVICIO DE INTERNET P02-ABRIL BULNES Y CHILLÁN,4
1376-313-AG26,SERVICIOS DE PUBLICIDAD PARA LLAMADO A LICITACIÓN NORMALIZACIÓN RED ELÉCTRICA DE VALLENAR  compra ágil: 1376-71-COT26,6
1380-21818-AG25,Orden de Compra generada por invitación a compra ágil: 1380-4184-COT25,12
1380-3218-AG26,"RESOLUCION N°7493, EXTENSION HOSPEDAJE EN REÑACA POR 3 NOCHES DEL 01-03 AL 03-03 PARA ACOMPAÑANTE PACIENTE GES, REF. LILY RUBILAR  Orden de Compra generada por invitación a compra ágil: 1380-1224-COT26",4
1380-3219-AG26,"RESOLUCION N°7494, EXTENSION HOSPEDAJE EN REÑACA POR DOS NOCHES DEL 01-03 AL 03-03 PARA ACOMPAÑANTE PACIENTE GES, REF. LILY RUBILAR  Orden de Compra generada por invitación a compra ágil: 1380-1225-COT26",4
1380-3220-AG26,"RESOLUCION N°7496, HOSPEDAJE EN LA CIUDAD DE CONCEPCION POR 6 NOCHES DEL 03-03 AL 09-03 PARA PACIENTE GES Y ACOMPAÑANTE, REF. LILY RUBILAR  Orden de Compra generada por invitación a compra ágil: 1380-1226-COT26",4
1380-3221-AG26,"RESOLUCION N°7497, EXTENSION HOSPEDAJE EN REÑACA POR 2 NOCHES DEL 04-03 AL 06-03 PARA ACOMPAÑANTE PACIENTE GES, REF. LILY RUBILAR Orden de Compra generada por invitación a compra ágil: 1380-1227-COT26",4
1380-3222-AG26,"RESOLUCION N°7499,HOSPEDAJE EN LA CIUDAD DE CONCEPCION POR 6 NOCHES DEL 04-03 AL 10-03 PARA ACOMPAÑANTE PACIENTE GES, REF. LILY RUBILAR  Orden de Compra generada por invitación a compra ágil: 1380-1228-COT26",4
1380371-29-AG26, ADQUISICIÓN DE VALVULAS HIDROSTATICAS.,4
1380371-30-AG26,ADQUISICIÓN DE EQUIPAMIENTO PARA MANTENIMIENTO COMPRESORES DE BUCEO,4
1380-5196-CM26,Orden de Compra: 1380-5196-CM26,12
1380-5628-SE26,ORDEN DE COMPRA DESDE 1380-123-LQ25,12
1380-6238-SE26,RESOLUCIÓN EXENTA DE COMPRA : N°7124.- RENOVACION AUTORIZACIÓN ESPECIAL DE OPERADOR,9
1380-6446-TD26,Orden de Compra generada por Trato Directo ID 1380-1045-FTD26,6
1380-6486-AG26,Orden de Compra generada por invitación a compra ágil: 1380-2414-COT26,6
1380-6509-CM26,Orden de Compra: 1380-6509-CM26,6
1380-6511-TD26,Orden de Compra generada por Trato Directo ID 1380-1055-FTD26,6
1380-6512-CM26,Orden de Compra: 1380-6512-CM26,5
1380-6513-TD26,Orden de Compra generada por Trato Directo ID 1380-1056-FTD26,6
1380-6516-TD26,Orden de Compra generada por Trato Directo ID 1380-1058-FTD26,6
1380-6519-TD26,Orden de Compra generada por Trato Directo ID 1380-1060-FTD26,4
1380-6520-CM26,RESOL EXENTA N°7498 BATA ESTERIL,4
1381-379-SE26,ORDEN DE COMPRA DESDE 1950-69-LR24,4
1385462-207-CM25,Adquisición del Servicio de Nube Privada para el SBAP,12
1385462-269-CM25,Servicio de arriendo laptop HP para la Dirección Nacional del SBAP,12
1385462-274-CM25,Adquisición Servicio de Arriendo de Laptop para el SBAP,12
1385462-279-CM25,Servicio de Arriendo de AIO HP PROONE para la Dirección Nacional del SBAP,12
1385462-309-CC25,MOD CONTRATO SERVICIO DE ARRIENDO DE COMPUTADORAS,12
1389584-72-AG26,PIE - DIRECCION DE EDUCACION - CDP 88/2026 - Orden de Compra generada por invitación a compra ágil: 1389584-49-COT26,12
1391-724-CM26,"CRS LINARES, FOSOAD N° 10, MATERIALES DE OFICINA P02",12
1391-876-CM26,"C.P.F Talca FOSOAD  Nº82,  Compra frutas, verduras y abarrotes  para el servicio de alimentación.",12
1391-890-CM26,CCP MOLINA FOSOAD N°54 COMPRA CARNE Y PESCADO  PARA SS. DE ALIMENTACIÓN,6
1393093-379-SE26,P02-SEP-SUMINISTRO MATERIALES DE ENSEÑANZA EE- DESDE 1393093-40-LP26,12
1393495-155-AG26,SC-47825/35479-1/JUNJI/ADQ. MATERIAL DIDACTICO/ESF,12
1393495-197-AG26, SC-47653/9891-4/SEP/ADQ. ARTICULOS DE LIBRERÍA/ESF,12
1393495-198-AG26, SC-47654/9891-4/SEP/ADQ. LIBROS COMPLEMENTARIOS/ESF,12
1393495-199-AG26, SC-47657/9891-4/SEP/ADQ. INSUMOS SALUD E HIGENE/ESF,12
1393495-308-AG26,SC-49993/31065-4/SEP/ADQ. TONER Y TINTAS/ESF,12
1393495-341-AG26,SC-50579/9878-7/SEP/ADQ. RESMAS/DMG,6
1393495-345-AG26,SC-50422/9885-7/SEP/ADQ. TONER Y TINTAS/ESF,6
1393575-62-SE26,SERVICIO LOGÍSTICA ALOJAMIENTO Y TRANSPORTE.,4
1398-441-TD26,Orden de Compra generada por Trato Directo ID 1398-8-FTD26,6
1398-467-CM26,Orden de Compra: 1398-467-CM26,12
1398-523-AG26,Orden de Compra generada por invitación a compra ágil: 1398-173-COT26,12
1401-16-AG26,INSUMOS CASINO PARA CALAMA 1401-9-COT26 SIRE 87-132 FOLIO 8-3 (E1O2RT9),6
1401-20-AG26,MATERIAL DE ASE0 1401-8-COT26 (E1O2RT9) SIRE 84 SIC 122-125 ENTREGA EN CALAMA FOLIO 12-4 Y FOLIO 8-3,4
1402-182-CM26,"Adquisición de Arroz Pre-graneado  para carcel de Santa Cruz, Mayo 2026",12
1402-225-CM26,COMPRA COMBUSTIBLE PARA VEHICULOS FISCALES REGION DE O'HIGGINS,12
1402-911-SE25,Servicio de mantención Redes contra incendio año 2026 Unidades Penales de Gendarmeria Región de O´Higgins,12
1403-186-AG26,Orden de Compra generada por invitación a compra ágil: 1403-71-COT26,12
1403-346-TD26,Orden de Compra generada por Trato Directo ID 1403-14-FTD25,12
1403-347-TD26,Orden de Compra generada por Trato Directo ID 1403-15-FTD25,12
1407-162-SE26,Dirreg/Serv. sala cuna Arlett Guerra Flores,12
1407-1-SE26,Dirreg/Serv.sala cuna yerall fajardo y Gabriela Ma,12
1410-398-SE26,CP AFTA REQUIERE SERVICIO TRANSPORTE PERSONAL ABRIL,4
1410-412-AG26,CP AFTA ADQUISICION UTILES DE LIMPIEZA PARA LA UNIDAD,6
1411-1103-CM26," CDP STGO SUR Alimentos mes de mayo 2026 (entrega parcializada, personal y reos)",12
1413007-34-TD26,Orden de Compra generada por Trato Directo ID 1413007-12-FTD26,6
1413-432-AG26,Orden de Compra generada por invitación a compra ágil: 1413-159-COT26,6
1420-17-AG26,Insumos para Capacitaciones y Reuniones Programa PEE Conaf Linares,6
1422039-160-AG26,Orden de Compra generada por invitación a compra ágil: 1422039-167-COT26,6
1422824-1483-TD26,Orden de Compra generada por Trato Directo ID 1422824-9-FTD26,12
1422824-1564-CM26,(FCR) 1422824-1564-CM26 PROTECTOR CUTANEO TRANSPARENTE EN SPRAY,5
1422824-1567-AG26,(FCR) 1422824-1022-COT26 TUBO E/T ANILLADO C/BALON Nº6.5 ,4
1422824-1569-AG26,(FCR) 1422824-1023-COT26 VENDA DE GASA ELASTICADA 4 CM X 4 MTS.,4
1422824-1570-AG26,(FCR)1422824-1024-COT26 VENDA GASA ELASTICADA 12CM X 4MT,4
1422825-628-AG26,(GGD)COMPRA DE MARTILLO QUIRURGICO ,12
1422825-904-SE26,(LGM) SUMINISTRO DE SAL PARA EL TRATAMIENTO DE AGUAS DE LAS CALDERAS MAYO-JUNIO 2026.,6
1422825-958-AG26,(LGM) CAJA PLASTICA CON TAPA- BASUREROS PNH N°17562.,6
1422825-972-AG26,EPP Y HERRAMIENTAS PARA SOLDAR - HCVB - 1422825-683-COT26,6
1426037-94-AG26,Orden de Compra generada por invitación a compra ágil: 1426037-31-COT26,5
1426098-123-CM26,"P.02 IP-IRC CORONEL, REQ. N° 6// COMPRA TRIMESTRAL DE CARNES BLANCAS, ROJAS Y EMBUTIDOS",4
1426098-124-CM26,"P.02 IP-IRC CORONEL, REQ. N° 6// COMPRA TRIMESTRAL DE CARNES BLANCAS, ROJAS Y EMBUTIDOS",4
1426098-125-CM26,"P.02 IP-IRC CORONEL, REQ. N° 6// COMPRA TRIMESTRAL DE CARNES BLANCAS, ROJAS Y EMBUTIDOS",4
1426099-45-CM26,FRUTAS Y VERDURAS IP IRC CHOL-CHOL,12
1426099-87-AG26,ADQUISICION DE JUEGOS COGNITIVOS PARA EL CENTRO IP IRC CHOL CHOL DEPENDIENTE DE LA DIRECCION REGIONAL DE LA ARAUCANIA DEL SNRSJ,5
1426103-33-SE26,SUMINISTRO DE PAN FRESCO 1426103-1-LE25,12
1426103-39-CM26,Suministro combustible vehículo centro IP IRC,4
1426104-48-AG26,Sillas de Escritorio para la Dirección Regional de Punta Arenas compra ágil: 1426104-32-COT26,4
1426104-49-AG26,Adquisición de Camilla Clínica de Examen para el IP IRC Punta Arenas compra ágil: 1426104-33-COT26,4
1426104-52-CM26,Carnes Blancas Mayo 2026,4
1426394-35-SE26,1426397-34-LP25 - CAC - Colaciones para estudiantes de la escuela Profesor Manuel Castro Ramos,6
1430710-324-AG26,COMPRA A02 MAYO,6
1430710-351-AG26,PAPEL CELOFAN AMBAR - COMPRA MENSUAL MAYO ,6
1430710-354-AG26,HOJAS DE TERMOLAMINAR - COMPRA MENSUAL A01,6
1431841-361-AG26,"EDUCACION - ESCUELA CAPITAN DANIEL REBOLLEDO, MATERIALES PARA PUNTOS DE RED. 1431841-372-COT26",12
1432083-1023-AG26,"YM, RBD 6953 - ESCUELA RURAL EL SALTO DE LOS LAGOS, SOL 1589, VISITA DE PLANETARIO, SEP, 2204002001 Orden de Compra generada por invitación a compra ágil: 1432083-554-COT26",6
1432083-1030-AG26,"YM, RBD 6953 - ESCUELA RURAL EL SALTO DE LOS LAGOS, SOL 1832, ADQ. MATERIAL DEPORTIVO, SEP, 2204002001 Orden de Compra generada por invitación a compra ágil: 1432083-566-COT26",4
1432083-1035-AG26,ML-GENERAL-SCSOL-2026-1965-RBD6898-ADQUISICIÓN DE BATERÍA UPS PARA ESCUELA FELIPE BARTHOU CORBEAUX DE LANCO-2905999,4
1432083-104-CM26,"YM, RBD', SC', SUBVENCIÓN GENERAL, MATERIAL DE ASEO, 2204007 Orden de Compra: 1432083-104-CM26",12
1432083-1060-AG26,"YM, RBD [6944] ESCUELA RURAL USTARITZ DE LOS LAGOS, SOL 2116, SERVICIO SALIDA PEDAGOGICA, SEP, 2208999 Orden de Compra generada por invitación a compra ágil: 1432083-597-COT26",4
1432083-1061-AG26,"YM, RBD [6933] ESCUELA RURAL FOLILCO DE LOS LAGOS, SOL 2065, SERVICIO SALIDA PEDAGOGICA, SEP 2208999 Orden de Compra generada por invitación a compra ágil: 1432083-598-COT26",4
1432083-1075-AG26," CSF, RBD 7217-6946, SC 1658-2056, SUBGENERAL, TINTAS, 22-04-009, ESCUELA RURAL ESTRELLA DE CHILE DE PAILLACO Y ESCUELA RURAL COMUNIDAD SANTA CARLA DE LOS LAGOS, COT compra ágil: 1432083-604-COT26",6
1432083-1079-AG26, MC- RBD 6899 - SC 1972 ADQUISICIÓN DE MATERIALES DE ENSEÑANZA PARA EL TALLER DE MANUALIDADES LRB SEP 2204002001 Orden de Compra generada por invitación a compra ágil: 1432083-593-COT26,4
1432083-1082-CM26,"DC, RBD 6876-7036 SC 2188-2141, ADQ LEÑA: 1432083-1082-CM26",4
1432083-1090-AG26,"YM, RBD 22558, SOL 1924, ESC NUEVA COLLILELFU, SERVICIO SALIDA PEDAGOGICA, SEP, 2208999 Orden de Compra generada por invitación a compra ágil: 1432083-605-COT26",4
1432083-1097-SE26,"YM, RBD 7202, SOL 2084, ESC. PROYECTO DE FUTURO, MANTENCIÓN DE COMBUSTIÓN LENTA, SUB GENERAL, 2206999",4
1432083-1098-SE26,"YM, RBD 7204, SOL 2112, ESC. NUEVA AURORA DE PAILLACO, MANTENCIÓN DE COMBUSTIONES, MANTENIMIENTO, 2206999",4
1432083-1099-SE26,"YM, RBD YM, RBD [7225] ESCUELA RURAL EDUVIGIS SCHULZ, SOL 2113, MANTENCIÓN DE COMBUSTIONES, MANTENIMIENTO, 2206999",4
1432083-1100-SE26,"YM, RBD 22558 - ESCUELA NUEVA COLLILELFU, SOL 2038, MANTENCIÓN DE COMBUSTIÓN LENTA, MANTENIMIENTO, 2206999",4
1432083-1101-SE26,"YM, RBD [7205] ESCUELA RURAL ROBERTO OJEDA TORRES, SOL 2063, MANTENCIÓN DE COMBUSTIONES LENTAS, MANTENIMIENTO, 2206999",4
1432083-116-CM26,"DC,MULTI RBD, SUB GRAL, SC 16-67-98-99-251-289-371-539-548, MATERIAL ASEO 1432083-116-CM26",12
1432083-83-CM26,"CC,RBD´S,SOL´S,GENERAL,MATERIAL DE OFICINA,2204001001, Orden de Compra: 1432083-83-CM26",12
1432-16-AG26,Orden de Compra generada por invitación a compra ágil: 1432-8-COT26,6
1432-4-AG26,SERVICIOS DE MANTENCION Y REPARACION DE LA FLOTA DE CAMIONETAS MARCAS TOYOTA DE LA DR COQUIMBO SERNAGEOMIN,12
1446-5-SE26,PRORROGA- SERVICIO DE ASEO OFICINA LOS ANGELES ,4
1450520-19-CM26,PNCO- Adquisición de monitores para la unidad de coordinación estratégica norte - to,4
1450520-20-AG26,PNCO – Adquisición de artículos de oficina para unidad de coordinación macrozonal de norte -to,4
1455288-144-AG26,(CCOQ)ADQ. DE ARTICULOS DE OFICINA.(278/2026),6
1457281-32-TD26,Orden de Compra generada por Trato Directo ID 1457281-4-FTD26,6
1460278-136-AG26,Orden de Compra generada por invitación a compra ágil: 1460278-141-COT26,12
1460278-5-AG26,"transporte de personas con chofer, para el día 12 de enero de 2026 - 460278-8-COT26",12
1460278-76-CM25,"Orden de Compra: 1460278-76-CM25_Equipo clima Edificio 604, of 330",12
1460278-83-CM25,Orden de Compra: 1460278-83-CM25,12
1461054-169-AG26,ADQUISICIÓN DE MEDIDOR DE CLORO LIBRE Y REACTIVOS PARA DIFERENTES ESTABLECIMEINTOS EDUCACIONALES  Orden de Compra generada por invitación a compra ágil: 1461054-157-COT26,12
1461054-179-AG26,REPARACION PREVENTIVA/CORRECTIVA BUS TRANSPORTE ESCOLAR PUNTA DE TEATINOS invitación a compra ágil: 1461054-172-COT26,4
1463-175-SE26,SUMINISTRO DE OXIGENO MES DE ABRIL,12
1463-186-AG26,MEDICAMENTOS FARMACIA,12
1463-188-AG26, LABORATORIO INSUMOS Y REACTIVOS,12
1463-189-AG26,INSUMOS CLINICOS FARMACIA,12
1463-66-AG26,INSUMOS DENTAL,12
1463-74-AG26,INSUMOS DENTAL,12
1464-708-SE26,"CONVENIO DE SUMINISTRO IMPRESIÓN DE FORMULARIOS STOCK BODEGA, HOSPITAL DE PARRAL 2026",6
1465-188-CM26,CM GAS GRANEL CENTRAL ALIMENTOS 500 LTS,12
1469-1283-AG26,2000041381 Orden de Compra generada por invitación a compra ágil: 1469-1390-COT26,6
1469-1292-AG26,20-41508 Orden de Compra generada por invitación a compra ágil: 1469-1391-COT26,6
1469-1298-AG26,2-41449 Orden de Compra generada por invitación a compra ágil: 1469-1417-COT26,6
1469-1302-CM26,SOLPED 20-41571 | Orden de Compra: 1469-1302-CM26,4
1469-1309-AG26,Orden de Compra generada por invitación a compra ágil: 1469-1359-COT26,5
1469-1310-AG26,SOLPED 20-41529 | Orden de Compra generada por invitación a compra ágil: 1469-1400-COT26,4
1475842-6-AG26,Orden de Compra generada por invitación a compra ágil: 1475842-9-COT26,6
1480-10-AG26,CONSTATACION EXTRAORDINARIA DE SABERES ANCESTRALES ,6
1484-14-AG26,CONFECCION GALVANOS SAAT PAUL HARRISde Compra generada por invitación a compra ágil: 1484-9-COT26,12
1488-128-TD26,Orden de Compra generada por Trato Directo ID 1488-32-FTD26,12
1488-275-TD26,Orden de Compra generada por Trato Directo ID 1488-60-FTD26,12
1488-445-TD26,Orden de Compra generada por Trato Directo ID 1488-90-FTD26,12
1488-465-TD26,Orden de Compra generada por Trato Directo ID 1488-92-FTD26,12
1488-687-SE26,Contratación de servicios de mantención de grupos electrógenos mes de abril 2026.,4
1497-80-AG26,"Compra ágil: 1497-73-COT26 ADQUISICIÓN DE CARPETAS CORPORATIVAS, SECCIÓN SALUD OCUPACIONAL",6
1499-1241-AG26,MCP INSUMO PARA VMI DE UPC ,12
1499-1933-CM26,RSS INSUMOS CLÍNICOS 1499-1933-CM26,12
1499-2292-SE26,AOH Insumos Clinicos,12
1499-2368-SE26,RSS PAQUETE CARDIOVASCULAR (PABELLON),12
1499-2486-CM26,Orden de Compra: 1499-2486-CM26,12
1499-2511-SE26,AOH Medicamentos,12
1499-2560-AG26,RSS TACROLUMUS 5MG EV (FARMACIA) X compra ágil: 1499-242-COT26,12
1499-262-CM26,INSUMOS CLÍNICOS 1499-262-CM26,12
1499-2650-CM26,RSS PROGRAMACIÓN MAYO ALIMENTACIÓN 1499-2650-CM26,12
1499-2659-SE26,RSS INSUMOS PABELLÓN,12
1499-2664-SE26,JGS PROGRAMACION HEMODINAMIA,12
1499-2667-CM26,JGS INSUMO PABELLÓN,12
1499-2670-SE26,JGS PROGRAMACION HEMODINAMIA,12
1499-2674-SE26,JGS PROGRAMACION HEMODINAMIA,12
1499-2680-SE26,EML INSUMOS,12
1499-2681-CM26,EML TRAMPA AGUA DOBLE,12
1499-2684-AG26,JGS CLORURO DE SODIO ,12
1499-2691-CM26,RSS INSUMOS CLÍNICOS 1499-2691-CM26,12
1499-2698-SE26,JGS PROGRAMACION HEMODINAMIA,12
1499-2709-SE26,AOH REGULARIZACION FARMACIA,6
1499-2720-SE26,EML INSUMOS DE BODEGA,6
1499-388-SE26,ELECTROFISIOLOGÍA,12
1499-789-SE26,TACROLIMUS 1 mg/ml en 50 mL Jarabe (FARMACIA),12
1499887-381-AG26,Tiltil - Baterías Para Radios Portátiles ,6
1499899-102-CM26,"Congelados, minuta de Mayo 2026, centros IP-IRC Y LAE-IP SRJ Limache ",12
1499899-105-CM26,"Lácteos, minuta de Mayo 2026, centros IP-IRC Y LAE-IP SRJ Limache ",12
1499899-109-CM26,"Abarrotes minuta de Mayo 2026,centros IP-IRC Y LAE-IP SRJ Limache ",12
1499899-116-CM26,"Lácteos - Conmemoraciones Mayo - congelados, minuta de Mayo 2026 centros IP-IRC Y LAE-IP",12
1499899-98-AG26,"Materiales e insumos, para taller de Bisuterìa IP-IRC de Limache SRJ Valparaiso",12
1499900-59-CM26,"ADQUISICIÓN DE ALIMENTACIÓN PARA LOS CENTROS IP-IRC GRANEROS Y LAE-IP PARA 5 MESES, PARA EL SNRSJ",12
1501468-134-AG26,P02/14697/SUBV.GENERAL/NPI/MAYO/2026Orden de Compra generada por invitación a compra ágil: 1501468-11-COT26,12
1501721-44-AG26,Orden de Compra generada por invitación a compra ágil: 1501721-29-COT26(junji),6
1510-128-AG26,Orden de Compra generada por invitación a compra ágil: 1510-35-COT26,12
1511-611-SE26,OC.10 SACOS DE SAL COTASAL SACO DE 25 KL PARA BODEGA DE FARMACIA  DEDSDE 1511-19-LQ24,5
1514-2011-AG26,Orden de Compra generada por invitación a compra ágil: 1514-262-COT26,6
1514-2045-SE26,ORDEN DE COMPRA DESDE 1514-40-LQ24,6
1514-2065-SE26,ORDEN DE COMPRA DESDE 1514-203-LQ24,4
1514-2066-SE26,ORDEN DE COMPRA DESDE 1514-12-LQ24,6
1514-2074-SE26,ORDEN DE COMPRA DESDE 1514-99-LP25,6
1514-2080-SE26,ORDEN DE COMPRA DESDE 1514-14-LQ24,4
1514-2083-SE26,ORDEN DE COMPRA DESDE 1514-12-LQ24,5
1514-2084-SE26,ORDEN DE COMPRA DESDE 1514-188-LQ24,4
1514-2085-SE26,ORDEN DE COMPRA DESDE 1514-109-LQ24,4
1514-2086-SE26,ORDEN DE COMPRA DESDE 1514-66-LQ25,4
1514-2087-SE26,ORDEN DE COMPRA DESDE 1514-102-LQ23,6
1514-2092-SE26,ORDEN DE COMPRA DESDE 1514-177-LP25,4
1515304-129-AG26,SERV. RENOV. SUSCRIPCIONES TEC. ONLINE PARA EL SIST. CHARTIEW PANTALLA G-500 HELICOP. MOD. AS350 B3 DE LA PREF. AÉREA DE CARABINEROS DE CHILE,6
1526410-25-AG26,VESTUARIO PARA PERSONAL T.T,12
1532-276-SE26,REQ 204 - ORDEN DE COMPRA DESDE 1532-3-LP25,12
1536-87-CM26,Orden de Compra: 1536-87-CM26,12
1540-1170-SE26,"1540-29-LE26 SERVICIO DE LAVADO CON Y SIN DESECHOS, ABRIL 2026, SERVICIOS GENERALES",12
1540-900-SE26,"1540-13-LE26 SERVICIO DE MANO DE OBRA TALLER MECANICO PARA VEHICULOS INSTITUCIONALES, ABRIL 2026, MANTENIMIENTO ",12
1540-978-SE26,"1540-188-LE25 SERVICIO DE MANTENCION POR LLAMADA DE URGENCIA EQUIPO CENTROL DE AIRE MEDICINAL, ABRIL 2026, MANTENIMIENTO",12
1549-2134-SE26,PAC 1549-175-LR24 ADQ NPT,6
1549-2140-AG26, 237-9910 SISTEMA DE MODELO DE CIERRE POR PLANOS CON SOTURAS ANTIBACTERIALES MAS DERMABOND PRINEO: 1549-1887-COT26,6
1549-2149-SE26,PAC SEMANA DEL 9 AL 15 MARZO 2026 1549-1496-SE26 REGULARIZACIÓN ,6
1549-2162-AG26,PAC  (225-6310) 42312006 KIT CIRUGIA TIROIDE (CABEZA-CUELLO),6
1549-2164-AG26,PAC PAC  (225-2485) 53102508 BRAZALETE TERMICO ADULTO CARTRIDGE (IMPRESORA HC100),4
1549-2166-AG26,PAC (225-0022) TALONERA ESPUMA 22X23 CM . ADHESIVO,4
1549-2167-AG26,EXT (224-10004) CYSTOFIX 5fr,4
1549-2169-AG26,PAC: ANTICUERPOS ANATOMIA PATOLOGICA  1549-1849-COT26,4
1549-2170-AG26,PAC: ANTICUERPOS ANATOMIA PATOLOGICA 1549-1851-COT26,4
1549-2171-AG26,"EXT./ MENOR A 100 UTM, SOLICITUD EXTRAORDINARIA SEGÚN MEMORÁNDUM N° 110-B/26 UNIDAD DE EQUIPOS MEDICOS, COMPRA UNIFORME INSTITUCIONAL,1549-2066-COT26",6
1549-2177-SE26,1549-198-LR25ADQ. REAC. PRUEBAS QUÍMICAS HEMOGLOBI,4
1549-2183-AG26,PAC  (225-5298) GUANTE ESTERIL 8.5 LIBRE LATEX,4
1549-2212-AG26,PAC: 241-3500 CAPSULA DE GELATINA Nº0 1549-2056-COT26,6
1552-128-SE26,DETECTOR LATIDOS-DIAPASON-MONITOR -PODOSCOPIO-ANALIZADOR GLUCOSA,12
1552-171-SE26,CAMILLA EXAMEN -  MESA MAYO,4
1552-172-SE26,SILLA DE RUEDAS - SOPORTE UNIVERSAL,4
1552-173-SE26,CAMILLA CLINICA - CUNA - PISO CLINICO,4
1552-174-SE26,CAMILLAS - CARRO CURACIONES-TRANSPORTE - SILLON - CARTABON,4
1552-175-SE26,SET DE INMOVILIZACIÓN,4
1552-176-SE26,ESCABEL 02 PELDAÑOS,4
1552-203-AG26,PIJAMA MATERNO Y BATAS HOSPITALARIAS compra ágil: 1552-69-COT26,4
1552-204-AG26,AGENDA DE SALUD MATERNA compra ágil: 1552-70-COT26,4
1552-205-AG26,"EXTRACTOR, MAMADERA Y BOLSAS PARA ALMACENAMIENTO DE LECHE compra ágil: 1552-73-COT26",4
1552-206-AG26,MAQUINA DE RUIDO BLANCO PORTATIL compra ágil: 1552-71-COT26,4
1554-897-SE26,LAV-009-26 REQUERIMIENTO DE DETERGENTES PARA LAVANDERIA,4
1555-1088-SE26,TEJIDO TUBULAR 20 CM ANCHO RO 25 M,12
1555-1723-AG26,SONDAS,12
1555-1750-AG26,KIT DE MONITORIZACION DE LA TENSION ARTERIAL COMBITRANS 5202620-1,12
1555-1751-AG26,SONDA PROSTATICA SILICON,12
1555-1801-AG26, MICOFENOLATO SODICO 360 MG CM,12
1555-1805-AG26,GASA 5 X 100 CM X 1 UD SIN HILO RADIOPACO,12
1555-1811-AG26,PECHERA PLASTICA S/MANGAS,12
1555-1820-AG26,PROBNP G2 ELECSYS COBAS E 100 V2 (8836736190) [REF: 9315268190],6
1555-1822-AG26, REACTIVOS DE HEMATOLOGIA,12
1555-1831-CM26,SUTURA,12
1555-1837-AG26,OCTREOTIDA INY. 0.1 MG/ 1 ML,12
1555-1847-AG26,CONTROL ESR LINEAR VHS,12
1555-1848-AG26,DEXAMETASONA 4 MG AMPOLLA,12
1555-1856-SE26,AGUJA CORTA PARA JERINGA TIPO CARPULE 30G X 21MM LARGO (V583),12
1555-1876-AG26, SALBUTAMOL 5 MG/ML SOL. P/NEBULIZAR,6
1555-1887-AG26, RECETARIO MAGISTRAL CANTARIDINA 1%,6
1555-1888-AG26,GUIA HIDROFILICA PUNTA RECTA 0.35 X 150 CM,4
1558-146-AG26,Compra de pilas,12
1558-163-AG26,Compra de etiquetas adhesivas,6
1559-277-SE26,"RECETARIOS MAGISTRALES ID 1559-21-LQ25 (LC,FARM,220400400102,JRT)	",12
1559-384-AG26," RECETARIO MAGISTRAL (1559-275-COT26) (AG,FARM,220400400102,JRT)",12
1559-413-AG26," HALOPERIDOL DECANOATO 50 MG/ML SOL INY AM 1 ML  (1559-288-COT26) (AG,FARM,220400400102,JRT)",6
1559-414-AG26,"PALIPERIDONA 150 MG SUSPENSION INYECTABLE DE LIBERACION PROLONGADA ENVASADO EN JERINGA PRELLENADA (1559-292-COT26) (AG,FARM,22040040.0102,JRT)",6
1562-380-SE25,ORDEN DE COMPRA DESDE 1562-56-LE25,12
1572-41-SE26,ORDEN DE COMPRA DESDE 1572-14-LE26,4
1574-65-SE26,SCHEE - CONTRATO SUMINISTRO MANTENCION ELAVADORES P.01- 2206001005 - SC 60503,6
1576-78-CM26,RRFF - RECARGA BOMBONA JI ABASTIBLE,12
1605-109-SE26,MC-4723 Mod. N° 1 ctto 50821 Licencia Power Automa,4
1605-182-SE25,LP-3208 Mantención preventiva Climatización ,12
1605-86-SE26,LP-4389 “Servicio de Taxi RM ,12
1606-180-AG26,SIC 15/53/2026 – Adquisición de Estaciones de Trabajo y Cajoneras Móviles MMA - proyecto PMI.,6
1608-50-AG26,INSUMOS DE ASEO  - DPR a compra ágil: 1608-36-COT26,6
1608-5-SE26,SERVICIO ASEO COMPLEJO HUEMULES,12
1609-138-CM26,Orden de Compra: 1609-138-CM26 Pasaje  CVG 26 al 29.05 SCL,6
1621-136-AG26,Celulares ,6
162-175-CM26,Pasajes aéreos para Funcionarios del Programa Residuos,6
162-194-CM26,Orden de Compra: 162-194-CM26,4
1622-547-AG26, MANTENCION ESTUFAS A GAS DEL HOSPITAL SAN VICENTE compra ágil: 1622-271-COT26,12
1622-667-AG26,REGULADOR DE OXIGENO CON FLUJOMETRO PARA VALVULA H. Compra ágil: 1622-359-COT26,6
1623-211-AG26,"Productos de aseo, compra ágil: 1623-160-COT26",6
1624-109-AG26, Tintas y Toner original para Impresora Según Solicitud de Compra N° 10 compra ágil: 1624-44-COT26,6
1627-393-SE26,Servicio de courier desde enero a diciembre 2026,12
1641-10394-TD26,Orden de Compra generada por Trato Directo ID 1641-137-FTD26,12
1641-13662-SE26,avm/ PROGRAMA ALIMENTO MES MAYO ORDEN DE COMPRA DE,12
1641-13735-AG26,MOC/PROGR. MAYO 2026Orden de Compra generada por invitación a compra ágil: 1641-2372-COT26,12
1641-13740-AG26,MOC/PROG MARZO 2026 Orden de Compra generada por invitación a compra ágil: 1641-2363-COT26,12
1641-13745-AG26,MVU/2026 - ágil: 1641-2330-COT26 - MASCARILLA TRAQUEOSTOMIA ADULTO ADMINISTRACION OXIGENO,12
1641-14041-AG26,MOC/PROGR MAYO 2026 Orden de Compra generada por invitación a compra ágil: 1641-2520-COT26,12
1641-14136-SE26,MGM LENTES INTRAOCULAR CORRESPONDIENTE A ABRIL 2026 1641-140-LE25,6
1641-14263-SE26,MOC/PROG MAYO 2026BALON DE DILATACION ESOFAGICA ID 1641-192-lr22,12
1641-14364-AG26,MGM CNP N°127321 BALON EXTRACCION BILIAR 15 MM  a compra ágil: 1641-2691-COT26,12
1641-14393-AG26,MOC/PROGR MAYO 2026 Orden de Compra generada por invitación a compra ágil: 1641-2624-COT26,12
1641-14469-SE26,MGM CNP N°127321  SET DE MONITOREO PRESION ARTERIAL GRAN COMPRA N°78868,4
1641-14505-AG26,MGM CP 05/2026 COLLERA TIPO DONALDSON PESTANA SILICONA a compra ágil: 1641-2618-COT26,6
1641-14511-AG26,MGM CNP N°127321  TAPON NASAL 4.5 Y 8 CM a compra ágil: 1641-2750-COT26,6
1641-14581-AG26,MGM CP 05/2026  a compra ágil: 1641-2660-COT26,6
1641-14680-SE26,amv/SAL REFINADA P/TTO. DE AGUA (SUPERCOTASAL) ORD,6
1641-14776-SE26,"ODP-CP 06-2026/ALCOHOL ANHIDRO FARMACOPEA 99% ,ALCOHOL ETILICO 95 FC 1 LT Y XILOL TECNICO FC 1 LT /LIC. 1641-333-LP25",6
1641-14784-AG26,MJA CP 05/2026 LIDOCAINA 2 % Y EPINEFRINA 1:100.000 (MEPIVACAINA 2 % CON VASOCONT.) COMPRA AGIL: 1641-2719-COT26,6
1641-14796-SE26,MGM CP 06/2026 CASSETTE FACOEMULSIFICADOR 1641-215-LR23,6
1641-14840-AG26," amv/ SOBRES PAPEL IMPRESO, BOLSA PAPEL CAPACIDAD 1 KG Orden de Compra generada por invitación a compra ágil: 1641-2865-COT26",6
1641-14861-SE26,MGM CP 06/2026 INSUMOS DE TERAPIA PRESION NEGATIVA  1641-74-LE26,6
1641-14862-AG26,MGM CNP N°127321 SUTURA MECANICA a compra ágil: 1641-2796-COT26,4
1641-14874-SE26,MGM CP 06/2026 HOJA SIERRA GIGLI ID 1641-234-LP25,4
1641-9278-SE26,MOC/FEBRERO 2026 LIC 1288-43-LR24/ PLACAS AGAR LABORATORIO MICROBIO,12
1643-1148-SE26,Adquisición Bolsa Receptal con Válvula/ MAYO Lic. N°1643-73-LE25,4
1643-1150-SE26,"Adquisición de Bajada Suero Adulto Bomba Fresenius MAYO, Lic. 1643-114-LR25",4
1643-1151-SE26,"Adquisición de Medias Anti Embólicas MAYO, Lic. 1643-18-LP26",4
1643-1153-SE26,"Adquisición Trocar Laparoscópico Atraumático Desechable Medidas MAYO, Lic. 1643-1-LP26",6
1643-1154-SE26,"Suministro Anual de Guantes Quirúrgicos Libre de Látex Talla 7 para HTA MAYO, Lic. 1643-21-L126",4
1643-1158-SE26,"Adquisición Sensor Medidor Glicemia MAYO, Lic. 1643-131-LE24",6
1643-1159-CM26,Adquisición de Bata Quirúrgica Talla L: 1643-1159-CM26,4
1643-1160-CM26,Adquisición de Paquete Endoscopía General LAPAROSCOPÍA: 1643-1160-CM26,4
1643-1162-AG26, CLORPROMAZINA 25 MG/2 ML SOL INY AM 2 ML: 1643-609-COT26,9
1643-1174-SE26,KIT ORINAS ORDEN DE COMPRA DESDE 1643-106-LP25 MAY,4
1643-1180-CM26,"Adquisición de Cinta Microporosa, Kit de Curación y Paquete de Cabeza y Cuello Estéril: 1643-1180-CM26",6
1643-1183-SE26,LIC 1643-90-LE24 TEST CLOSTRIDIUM DIFFICILE,4
1643-1184-SE26,LIC 1643-90-LE24 TEST HEMOGLOBINA HUM EN DEPO/HCG,4
1643-1185-SE26,LIC 1643-90-LE24 6 DROGAS MAYO 2026,4
1643-1186-SE26,LIC 1643-90-LE24 TEST HANTA EN PLASMA O SANGRE TOT,6
1643-1187-AG26,Adquisición de Asas esdteriles para Laboratorio Orden de Compra generada por invitación a compra ágil: 1643-617-COT26,4
1643-1189-AG26, Servicio de Mantenimiento Preventivo para Incubadora compra ágil: 1643-614-COT26,6
1650-206-AG26, Baterías Test Educación TEPSI /EEDP (MAIS),6
1650-211-AG26,Mantencion Preventiva de Ambulancia y furgon ,4
1656-13-CM26,COMBUSTIBLE GASOLINA/DIESEL,12
1658-1173-SE26,ORDEN DE COMPRA 1658-234-LQ24,6
1658-19-SE26,ORDEN DE COMPRA DESDE 1658-215-LR25,6
1660-164-SE26,2 CURSOS RCP BÁSICO SEMI PRESENCIAL PARA 25 FUNCIONARIOS/AS,12
1660-309-SE26,CONVENIO SUMINISTRO DE MEDICAMENTOS,12
1660-311-SE26,CONVENIO SUMINISTRO DE MEDICAMENTOS AÑO 2026,6
1662-1013-AG26,Compra de pasta de apósito alveolar hemostatico,6
1662-1021-AG26,COMPRA FRASCO NEGRO S/TAPA ROSCA PARA DEPOSICION,4
1662-1022-TD26,Orden de Compra generada por Trato Directo ID 1662-57-FTD26,6
1663-496-SE26,PEDIDO 12/05/2026 - PPTO OP 21.01.001.001,12
1663-511-SE26,PEDIDO 15/05/2026 - PPTO 21.01.001.001,12
1664-254-SE26,SERVICOS DE DIGITALIZACION DE IMAGENES,4
1664-384-AG26,MANTENCION DE EXTINTORES,6
1667-222-SE26,TRASLADO AMBULANCIA TODO EVENTO MARZO 2026,12
1671-83-AG26,Material de Aseo / Aedes- Hidatidosis -M. Roja y UPMF,6
1671-91-AG26,Marea Roja / Refrigerador.,4
1673-125-AG26,OC compra ágil: 1673-152-COT26 Art. Escritorio,6
1681-331-AG26,Master Riso Negro FII Type 30UA - A4 Legal S-8188UA compatible con SF5130. Desde 1681-79-COT26,12
1681-370-SE26,FORMULARIOS MES DE MAYO ,6
1691-1050-AG26,JMSS - REPOSICIÓN DE INSUMOS CLÍNICOS,4
1691-501-AG26,JMSS - REPOSICIÓN DE INSUMOS CLÍNICOS DEL HRC ,6
1691-671-AG26,TRM-SOL.COMPRA N°1296 REP BODEGA STENT URETERAL 5FR,12
1691-704-CM26,TRM-SOL.COMPRA N°1897 REP BODEGA GUANTES LATEX Y NITRILO,5
1691-796-CM26,JMSS - REPOSICIÓN DE INSUMOS CLÍNICOS.,12
1691-808-CM26,TRM-SOL.COMPRA N°1730 REP.BODEGA BAJADA BOMBA SPACELINE,12
1691-871-AG26,"JBCP-DELANTALES PARA COMPRA DE BIENES Y SERVICIOS, itación a compra ágil: 1691-631-COT26",4
1691-880-SE26,AMM-SOL. COMPRA LABORATORIO N°2477/4-7,12
1691-895-AG26,JMSS - REPOSICIÓN DE INSUMOS CLÍNICOS,12
1691-924-AG26,"JBCP-TORULAS ALGODON U.COMPRAS BIENES Y SERVICIOS,  compra ágil: 1691-607-COT26",12
1691-939-AG26,JMSS - REPOSICIÓN DE INSUMOS CLÍNICOS,12
1691-946-AG26,JMSS - REPOSICIÓN DE INSUMOS CLÍNICOS,12
1691-952-AG26,TAPP - REPOSICIÓN INSUMOS CLINICOS DEL HOSPITAL REGIONAL COYHAIQUE.,6
1692-303-AG26,ADQUISICIÓN DE NEUMÁTICOS TEMPORADA DE INVIERNO,12
1692-305-CM26,ADQUISICIÓN DE 20000 LITROS DE GAS LICUADO A GRANEL PARA CALEFACCIÓN DEL HOSPITAL DE COCHRANE ,12
1692-330-AG26,"ADQUISICION DE FICHAS CLINICAS Y FORMULARIOS DE EGRESOS PARA EL HOSPITAL DE COCHRANE, Orden de Compra generada por invitación a compra ágil: 1692-286-COT26",6
1692-332-AG26,SERVICIO DE CAFETERÍA PARA CURSO REHABILITACIÓN ORAL MEDIANTE PRÓTESIS REMOVIBLE,6
1692-336-AG26," INSUMOS DE LABORATORIOS PARA HOSPITAL COCHRANE, Orden de Compra generada por invitación a compra ágil: 1692-289-COT26",4
1692-337-AG26,"SERVICIO DE PROFESIONAL MATRON/A POR 30 HORAS SEMANALES, PARA LA EJECUCIÓN DEL PROGRAMA ESPACIOS AMIGABLES PARA ADOLESCENTES EN EL HOSPITAL COCHRANE, Orden de Compra generada por invitación a compra ágil: 1692-292-COT26",4
1692-343-AG26,"ADQUISICION CORTINAS ROLLER PARA EL HOSPITAL DE COCHRANE, Orden de Compra generada por invitación a compra ágil: 1692-37-COT26",6
1697-122-AG26,COMPRA TIMBRES PARA USO DE LA 2° FISCALIA JUDICIAL DE LA I. CORTE DE APELACIONES DE ANTOFAGASTAOrden de Compra generada por invitación a compra ágil: 1697-54-COT26,6
1702-257-AG26,INSUMOS PARA ESTERILIZACION,6
1702-274-AG26,MEDICINA FISICA Y REHABILITACION. Compresas frías,6
1703-240-CM26,Adquisición de productos cárneos  para pacientes  del Hospital Dr. Mario Sanchez Vergara ,12
1704-1084-TD26,Orden de Compra generada por Trato Directo ID 1704-200-FTD26,12
1704-1879-TD26,Orden de Compra generada por Trato Directo ID 1704-373-FTD26,12
1704-1897-TD26,Orden de Compra generada por Trato Directo ID 1704-378-FTD26,12
1704-2318-AG26,SILLA ACOMPAÑAMIENTO 1704-1440-COT26,6
1704-2548-AG26,BASUREROS PALSTICOS 1100 Y 660 LITROS 1704-1613-COT26,6
1704-2638-AG26,TRANSPALETA 1704-1682-COT26,6
1704-2650-AG26,ESCALERA TIPO TIJERA TELESCOPICA 1704-1680-COT26,6
1704-2672-AG26,CARNITINA Orden de Compra generada por invitación a compra ágil: 1704-1685-COT26,6
1704-2680-AG26,METFORMINA 750 Orden de Compra generada por invitación a compra ágil: 1704-1707-COT26,6
1704-2706-AG26,CAFTRIAXONA Orden de Compra generada por invitación a compra ágil: 1704-1699-COT26,5
1704-2724-AG26,FLUPENTIXOL Orden de Compra generada por invitación a compra ágil: 1704-1735-COT26,6
1704-2730-AG26,ZIPRASIDONA Orden de Compra generada por invitación a compra ágil: 1704-1737-COT26,4
1704-344-TD25,Orden de Compra generada por Trato Directo ID 1704-20-FTD25,12
1704-478-TD25,Orden de Compra generada por Trato Directo ID 1704-64-FTD25,12
1704-486-TD25,Orden de Compra generada por Trato Directo ID 1704-67-FTD25,12
1704-6022-TD25,Orden de Compra generada por Trato Directo ID 1704-1335-FTD25,12
1705-323-CM26,COMPRA DE BIDONES DE AGUA FUNCIONARIO MES DE MAYO: 1705-323-CM26,6
1705-326-CM26,Orden de Compra: 1705-326-CM26,6
1705-332-AG26,COMPRA MATERIAL DE ESCRITORIO MEMO N°21: 1705-194-COT26,6
1705-333-AG26,COMPRA DE INSUMOS DE ESTERILIZACION MEMO N°11: 1705-196-COT26,6
1709-164-SE26,"2°ESTADO DE PAGO- TOALLA DE PAPEL PARA DISPENSADOR, JABÓN LÍQUIDO Y PAPEL HIGIENICO - UNIDAD DE ABASTECIMIENTO / PARA LOS ESTABLECIMIENTOS DE NUESTRO DEPARTAMENTO DE SALUD MUNICIPAL - Orden de Compra: 1709-49-CM26",6
1718-480-CM26,Orden de Compra: 1718-480-CM26,4
1718-481-CM26,Orden de Compra: 1718-481-CM26,4
1723-255-SE26,Nota de Pedido N° 344- Unidad de Bienes y servicio,6
1723-256-SE26,Nota de Pedido N° 345- Unidad de Bienes y Servicio,4
1723-257-SE26,Nota de Pedido N° 348- Unidad de Bienes y Servicio,4
1723-258-SE26,Nota de Pedido N° 349- Unidad de Bienes y servicio,4
1723-259-SE26,Nota de Pedido N° 350- Reparacion de Vehiculo stat,4
1729-201-AG26,SERVICIO DE IMPRESION PROGRAMA INAUGURACIONES,6
1729-209-AG26,TINTAS UNIDAD DE CONTROL ,6
1736-449-AG26,Orden de Compra generada por invitación a compra ágil: 1736-233-COT26,6
1736-481-AG26,FUSC 255 DIR. SEGURIDAD YCONVIV. CIUDADANA,6
1736-488-AG26,FUSC N°246 SSGG,4
1741-187-AG26,SERVICIOS COMPAÑÍA DE TEATRO - SEG. PUBLICA N° 50...compra ágil: 1741-295-COT26,6
1754-376-SE26,ORDEN DE COMPRA DESDE 1754-36-LR25,6
1754-379-SE26,ORDEN DE COMPRA DESDE 1754-36-LR25,6
1754-387-SE26,ORDEN DE COMPRA DESDE 1754-36-LR25,6
1755-142-SE26,SERVICIO DE CATERING. I JORNADA REGIONAL CON COORDINADORES/AS DE MICROCENTROS RURALES DEL MAULE 2026. SOL053_EDUC26_JCC,4
1755-143-AG26,20 GIFT CARD DE $15 MIL. IMPLEMENTAR PROYECTOS A.T.P A E.E EPJA SAAT 2026.   LICEO ANTONIO VARAS. SOL028_EDUC26_JCC,4
1755-149-AG26,Artículos de aseo. SOL28_ADM26_JMC,4
1774-58-CM26,ADQ. PASAJE AEREO  FUNC RODRIGO BRAVO ,6
1801-49-SE26,ATENCIONES OFTALMOLÓGICAS PROV. CONCEPCIÓN,6
1803-17-SE26,ORDEN DE COMPRA DESDE 1803-11-LP24,6
1803-45-AG26,Orden de Compra generada por invitación a compra ágil: 1803-16-COT26,6
1803-46-AG26,Orden de Compra generada por invitación a compra ágil: 1803-19-COT26,4
1803-47-AG26,Orden de Compra generada por invitación a compra ágil: 1803-17-COT26,5
1849-6-AG26,ADQUISICIÓN DE MATERIALES Y UTILES DE ASEO SEREMI DE AGRICULTURA,6
1878-20-SE25,VACACIONES TERCERA EDAD 2025-2026 1878-1-LQ25,12
188-359-AG26,Orden de Compra generada por invitación a compra ágil: 188-252-COT26,6
188-360-CM26,Orden de Compra: 188-360-CM26,4
1906-28-AG26,ADQUISICION CARPETAS SRCEI ARAUCANIA ,6
1937-12-TD26,Orden de Compra generada por Trato Directo ID 1937-2-FTD26,4
1943-165-AG26,Orden de Compra generada por invitación a compra ágil: 1943-58-COT26,4
1943-166-AG26,Orden de Compra generada por invitación a compra ágil: 1943-55-COT26,4
1943-167-AG26,Orden de Compra generada por invitación a compra ágil: 1943-54-COT26,4
1947-1529-CM26,310_ ADQ DE PRODUCTOS VARIOS DE ESCRITORIO- VARIAS UNIDADES - (JVA),12
1947-1722-AG26,310-730-630 - ADQUISICIÓN DE HERRAMIENTAS MANUALES PARA EL TALLER DE MANTENIMIENTO - AUT.SDA - Unidad: Infraestructura y Mantenimiento - DESDE 1947-374-COT26 (BCZ),4
1947-2367-SE26,221- ADQUISICIÓN POR KIT COMPLETO DE RECUPERADOR DE SANGRE - MAYO - UNIDAD DE PABELLÓN CARDIOLOGÍA - JVC,6
1947-2448-SE26,820 Arriendo Torres de Laparoscopía - (02/24) - Mayo 2026 - Equipos Médicos (GRS),6
1950-1090-SE26,(MIM) ORDEN DE COMPRA DESDE 1950-89-LP25	,6
1950-1091-CM26,(FMC) CONSOLIDADO DE ASEO MES DE MAYO,5
1950-1092-AG26,(MIM) Orden de Compra generada por invitación a compra ágil: 1950-413-COT26,4
1950-1093-SE26,(MIM) orden de compra desde 1950-62-lq24,9
1950-995-AG26,(MIM) Orden de Compra generada por invitación a compra ágil: 1950-357-COT26,6
1952-1357-AG26,1952-598-COT26 - FERULA NASAL DE SILICONA CON VIA AEREA (IM),6
1953-844-AG26,"510/ ADQUISICIÓN DE MAT. DE USO Y CONSUMO, PROGRAMA DRAC DEL CDP QUILLOTA (1953-141-COT26)",6
1953-871-TD26,Orden de Compra generada por Trato Directo ID 1953-57-FTD26,6
1953-877-CM26,507/COMPRA DE ALIMENTOS PARA EL CCP SAN ANTONIO,6
1960-13-SE24,ORDEN DE COMPRA DESDE 1960-2-LE24,12
1965-189-AG26,CP COMPRA GUANTES PROTECTORES 1965-89-COT26,12
1965-197-CM26,CP PTA ARENAS COMPRA ALIMENTOS MES ABRIL,12
1965-224-SE26,D.R - MANTENCIÓN CALEFACCIÓN CDP PORVENIR,4
1968-1086-CM26,"C.C.P TEMUCO COMPRA PULPA DE CERDO, CHULETA DE CERDO Y PATE PARA CENTRAL ALIMENTACION",12
1968-1183-CM26,C.C.P TEMUCO ADQUISICION DE UTILES DE ASEO,6
1968-1187-AG26,"ADQUISICION DE ELEMENTOS DE SEGURIDAD PARA PENADOS DE P.S.B.C. DEL C.R.S. DE TEMUCO, PROVIENE DE  1968-159-COT26",6
1968-1190-AG26,"CDP VILLARRICA, ADQUISICIÓN DE UTILES Y MATERIALES DE OFICINA PARA PROGRAMA BIBLIOREDES FOMENTO LECTOR - AREA TECNICA DE LA UNIDAD,  GENDARMERIA DE CHILE, REGION DE LA ARAUCANIA. (E1O2RT9) Orden de Compra generada por invitación a compra ágil: 1968-163-CO",6
1969-517-AG26,TONNER PARA IMPRESORA CAIS LOS ANGELES Orden de Compra generada por invitación a compra ágil: 1969-229-COT26,6
1973-1644-AG26,Orden de Compra generada por invitación a compra ágil: 1973-396-COT26,4
1973-1659-SE26,(MFC) SERVICIO DERIVADO DESDE 1973-71-LQ23,4
1973-1668-SE26,(MFC) OC SUMINISTRO DERIVADO DESDE 1973-79-LR25,4
1978-436-CM26,1978-436-CM26// APÓSITO TEGADERM FILM TRANSPARENTE ADHESIVO 6 X 7 CM Y ELECTRODO RED DOT,5
1978-437-CM26,1978-437-CM26 // CINTA ADHESIVA MEDICA TRANSPORE MICROPOROSA 2.5 CM X 9.1 M ,6
1978-440-SE26,LP 1978-163-LE23 / ARRIENDO DE PC´S PARA LA DIRECCION,6
1978-442-SE26,LP 1978-126-LP22 / ARRIENDO DE 97 COMPUTADOR (38 de 48)),6
1978-452-SE26,L.P. 1978-70-LE25 / ARRIENDO DE PC CSMC CAUQUENES	,6
1979-2150-SE26,RECARGA Y MANTECIÓN DE EXTINTORES DESDE ID 1979-43-LE25,4
1979-2327-SE26,INSUMOS CLINICOS DESDE ID 1979-128-LQ24,6
1979-2362-SE26,"INSUMOS DENTALES DESDE ID 1979-91-LQ24, 1979-94-LQ24",4
1979-2363-SE26,INSUMOS DENTALES DESDE ID 1979-89-LQ24,4
1979-2364-SE26,INSUMOS DENTALES DESDE ID 1979-89-LQ24,4
1979-2365-SE26,INSUMOS DENTALES DESDE ID 1979-90-LQ24,4
1979-2366-SE26,INSUMOS DENTALES DESDE ID 1979-89-LQ24,4
1979-2367-SE26,INSUMOS DENTALES DESDE ID 1979-17-LP26,4
1979-2370-SE26,INSUMOS DENTALES DESDE ID 1979-17-LP26,4
1979-2371-SE26,INSUMOS DENTALES DESDE ID 1979-156-LQ25,4
1979-2372-SE26,INSUMOS DENTALES DESDE ID 1979-90-LQ24,4
1979-2373-SE26,INSUMOS DENTALES DESDE ID 1979-17-LP26,4
1979-2374-SE26,INSUMOS DENTALES DESDE ID 1979-17-LP26,4
1979-2375-SE26,INSUMOS DENTALES DESDE ID 1979-89-LQ24,4
1979-2376-SE26,INSUMOS DENTALES DESDE ID 1979-156-LQ25,4
1979-2377-SE26,INSUMOS DENTALES DESDE ID 1979-17-LP26,4
1979-2378-SE26,INSUMOS DENTALES DESDE ID 1979-156-LQ25,4
1979-2383-CM26,INSUMOS LABORATORIO CM,5
1979-2386-SE26,INSUMOS DENTALES DESDE ID 1979-17-LP26,4
1979-2393-SE26,CONVENIO SUMINISTRO DE OXIGENO MEDIANTE ID 1175-260-LR23,4
1999-30-AG26,Orden de Compra generada por invitación a compra ágil: 1999-15-COT26,12
2013-579-AG26,Orden de Compra generada por invitación a compra ágil: 2013-384-COT26,6
2013-781-AG26,Orden de Compra generada por invitación a compra ágil: 2013-674-COT26,4
2013-811-AG26,Orden de Compra generada por invitación a compra ágil: 2013-717-COT26,6
2015-994-SE26,MEDICAMENTOS SISTEMA NERVIOSO,6
2021-1-SE26,SUMINISTRO DE PASAJES AEREOS EMCO 2021-18-LR25,12
2021-22-AG26,CECOPAC N°10000/160 REPARACION DEPARLANTES ,12
2021-25-AG26,DAG N° 10000/25 CAMBIO DE GRÁFICA AUTADHESIVA IMPRESA EN DIGITAL,12
2021-362-TD25,Orden de Compra generada por Trato Directo ID 2021-2-FTD25,12
2021-369-SE25,DIPRO 100000/606. SERV. ENLACE PUESTO DE MANDO 2021-17-LE25,12
2021-393-SE25,"DIPRO N° 10000/607, TELEFONIA FIJA INTERNET Y TV. 2021-19-LE25",12
2021-39-CM26,"DID N°10000/767 ADQUISICIÓN DE PASAJES, COMISIÓN DEL SERVICIO SANTIAGO - IQUIQUE - SANTIAGO",12
2021-403-SE25,"DAG N°1000/66, SERV. DE ASEO Y ORNATO, 2021-16-LR25",12
2021-41-AG26,CECOPAC N°10000/210 ELEMENTOS DE ESCRITORIO CURSO INTROPAZ,12
2021-42-CM26,DID N° 10000/805 PASAJE AÉREO COMISIÓN SANTIAGO - PUNTA ARENAS - SANTIAGO.,12
2021-43-AG26,CECOPAC N° 10000/209 ADQUISICIÓN DE ELEMENTOS PARA COFEE BREAK PARA EL CURSO INTROPAZ,12
2021-48-AG26,DAG N° 10000/17 CALZADO DE SEGURIDAD PARA PERSONAL DE LA SECCIÓN INVENTARIO DE LA DAG,12
2021-49-AG26,DAG N° 10000/23 ADQUISICION DE MATERIALES DE CMOPUTACION PARA EL EMCO,12
2021-77-AG25,DAG N°10000/04 CONTRATACION DEL SERVICIO DE ARRIENDO DE EQUIPOS PURIFICADORES DE AGUA POR 12 MESES,12
2026-640-AG26,SET ROLLOS TERAPEUTICOS HPMM,6
2026-649-AG26,"SET DE PELOTAS Y JUEGOS INFANTILES, HPMM",6
2026-650-AG26,"SET DE RODILLOS Y BALONES TERAPEUTICOS, HPMM",6
2026-651-AG26,"SET MEDICINA FISICA TIPO 2, HPMM",6
2026-672-CM26,Orden de Compra: 2026-672-CM26,5
2026-673-CM26,Orden de Compra: 2026-673-CM26,5
2026-674-CM26,Orden de Compra: 2026-674-CM26,5
2026-675-CM26,Orden de Compra: 2026-675-CM26,5
2026-676-CM26,Orden de Compra: 2026-676-CM26,5
2026-677-CM26,Orden de Compra: 2026-677-CM26,5
2026-678-CM26,Orden de Compra: 2026-678-CM26,5
2026-679-CM26,Orden de Compra: 2026-679-CM26,5
2026-680-CM26,Orden de Compra: 2026-680-CM26,5
2026-681-CM26,Orden de Compra: 2026-681-CM26,5
2026-682-CM26,Orden de Compra: 2026-682-CM26,5
2026-683-CM26,Orden de Compra: 2026-683-CM26,5
2026-684-CM26,Orden de Compra: 2026-684-CM26,5
2026-685-SE26,ORDEN DE COMPRA DESDE 2026-66-LP25 MARZO-ABRIL 2026,4
2026-687-SE26,ORDEN DE COMPRA DESDE 2026-66-LP25 MARZO-ABRIL 2026,4
2026-689-SE26,ORDEN DE COMPRA DESDE 2026-66-LP 25 MARZO-ABRIL 2026,4
2048-1431-SE26,ORDEN DE COMPRA DESDE 2048-79-LP25,6
2048-1444-AG26,Orden de Compra generada por invitación a compra ágil: 2048-250-COT26,6
2048-1445-SE26,ORDEN DE COMPRA DESDE 2048-9-LE25,6
2048-1448-SE26,ORDEN DE COMPRA DESDE 2048-31-LQ25,6
2065-318-SE26,LIC 2065-3-L125: Suministro de alimentos. Stock mes de junio 2026,6
2069-3857-SE26,LSO-CG-042026-ANGIOGRAFIA-LR,4
2069-3966-SE26,MVP-CX-052026-CAMPAÑA INVIERNO-LQ,6
2080-2427-SE26,BATERIAS DE USO CLINICO,12
2080-29546-AG25,CARGA CLIPS Y LIGADURA,12
2080-3060-SE26,AUDIFONOS,12
2080-3081-SE26,SONDA NELATON,12
2080-3795-CM26,"ABARROTES, CONGELADO, CARNE Y LACTEOS, PROGRAMACION MAYO",12
2080-3849-CM26,"FRUTA FRESCA Y HUEVOS, MES DE MAYO",12
2080-3855-CM26,SERVILLETA PARA CENTRAL DE ALIMENTACION,12
2080-3859-SE26,"TOALLA DE PAPEL, MES DE MAYO",12
2080-3891-SE26,SISTEMA BIOPSIA AL VACIO,12
2080-3919-SE26,"JABON NEUTRO, PMM MAYO",12
2080-3950-SE26,CATETER CDL YUGULAR,12
2080-3989-SE26,"JABON NEUTRO, COMPRA PARA TRES MESES",12
2080-4070-CM26,ALCOHOL PAD - HOJA DE BISTURI 23.,12
2080-4080-SE26,Pinza de biopsia y canastillo,12
2080-4127-CM26,PAPEL CARTA Y OFICIO,12
2080-4197-CM26,CARGA CLIPS TITATIUM VERDE,12
2080-4204-SE26,PARCHE VASCULAR,12
2080-4207-CM26,CATETER DOBLE LUMEN TUNELIZADO,12
2080-4265-SE26,TEST DE DROGAS,12
2080-4270-SE26,KIT TRAQUEOSTOMIA ,12
2080-4276-SE26,TROCAR RAQ PTA LAPIZ ,12
2080-4283-SE26,RETRACTOR ABDOMINAL FLEXIBLE,12
2080-4284-CM26,CARGA LIGADURA HEMOLOK DORADA,12
2080-4285-SE26,VICRYL 0 12 C 35-37MM,12
2080-4298-SE26,KIT SENSOR PIC INTRAPARENQUI,12
2080-4305-SE26,BAJADA ARTROSCOPIA CPTO EN Y,12
2080-4309-SE26,Ureteroscopio Flexible 6 A 7 Fr,12
2080-4310-SE26,CATéTER RESERVORIO QUIMI,12
2080-4321-SE26,SONDAS,12
2080-4335-SE26,HEMOGLOBINA  MES JUNIO 2026,12
2080-4337-SE26,TEST DEL SUDOR JUNIO 2026,12
2080-4342-SE26,HIDRO CLIP,12
2080-4380-AG26,LDH: 2080-428-COT26,12
2080-4386-AG26,CALCIO EN SUERO : 2080-434-COT26,12
2080-4429-SE26,EXTENSIóN PARA CASETTE DE BOMBA,12
2080-4434-SE26,INSUMOS PARA TERAPIA OCUPACIONAL,6
2080-4516-SE26,KIT DE AGUJA DE BIOPSIA 11G X 10 CM,6
2080-4517-SE26,VENDA ACOLCHADO ,4
2080-4518-SE26,VENDA TUBULAR 5X250 CM,4
2080-4524-SE26,EQUIPO ASP CONT 10FR (HEMOSUC),4
2080-4526-SE26,CATETER EMBOLEC ,6
2080-4533-SE26,BAJADA ENTERAL PARA MAMADERA,4
2080-4534-SE26,PAPEL TERMICO PARA ELECTROCARDIOGRAMA,6
2080-4536-SE26,AUDIFONOS,4
2080-4547-SE26,AUDIFONOS,4
2080-4549-AG26,BALÓN ESOFÁGICO,4
2080-4561-SE26,EQUIPO ASP CONT 14FR (HEMOSUC),6
2080-4562-SE26,CATETER EMBOLEC ARTERIAL 4,4
2080-4575-SE26,SONDA FUJI,6
2080-4580-SE26,TUBO DE AGUA Y SONDA,6
2080-4582-CM26,REGULADOR DE FLUJO Y ALARGADORES,4
2080-4585-CM26,CATETER DOBLE LUMEN TUNELIZADO,6
2080-4588-AG26,ACICLOVIR 200 MG  compra ágil: 2080-462-COT26,5
2080-4590-SE26,BAJADA DE INFUSION ,6
2080-56200-AG25,ETANOL: 2080-1585-COT25,12
2080-56637-SE25,HEMODINAMIA ENERO,12
2080-56767-AG25,SET PARA MICROPUNCION,12
2082-34-CM25,CM-4054  COMPRA COMBUSTIBLE REGIONAL ORIENTE,12
2085-404-AG26,Orden de Compra generada por invitación a compra ágil: 2085-197-COT26,6
2085-405-AG26,compra programa temulemu hospital traiguen 2085-184-COT26,6
2090-290-CM26,Orden de Compra: 2090-290-CM26,6
2098-1127-SE26,BAUL MEGAFORTE PARA SERVICIO DE ESTERILIZACIÓN/AMD,6
2098-716-AG26,AG-AGUJAS DE VERESS PARA UNIDAD DE PABELLÓN/AMD,6
2101-811-CM26,Suministro de alimentos Sidapt Orden de Compra: 2101-811-CM26,12
2101-814-SE26,INSULINA GLARGINA,6
2101-815-CM26,INSUMOS DE HIGIENE Y ASEO,5
2101-823-SE26,INSUMOS CLINICOS BODEGA 3	,6
2101-847-SE26,MANTENCIÓN PREVENTIVA OSTROPULMONAR,6
2102-247-AG26,Orden de Compra generada por invitación a compra ágil: 2102-111-COT26,12
2103-289-SE26,ADQUISICION DE REPUESTOS DE EQUIPOS DE CLIMATIZACION UNIDAD DE MANTENIMIENTO. HOSPITAL DE LONQUIMAY,4
2103-292-AG26," ADQUISICION DE CURSO PAC 2026, MAIS. HOSPITAL DE LONQUIMAY",4
2103-293-AG26," ADQUISICION DE CURSO PAC 2026, (TRATO AL USUARIO EN SALUD CON ENFOQUE DE HUMANIZACION, INTERCULTURALIDAD Y ATENCION A PERSONAS MIGRANTES). HOSPITAL DE LONQUIMAY",4
2103-294-AG26,"ADQUISICION DE CURSO PAC 2026, ( DERECHO A TRATO DIGNO EN SALUD PARA NIÑOS, NIÑAS Y ADOLESCENTES (NNA). HOSPITAL DE LONQUIMAY",4
2103-295-CM26,"ADQUISICION DE ABARROTES UNIDAD UCP , HOSPITAL LONQUIMAY",5
2103-296-CM26,"ADQUISICION DE SUPLEMENTO ALIMENTICIO, UNIDAD UCP, HOSPITAL LONQUIMAY",4
2107-41-SE26,MANTENCION PREVENTIVA ANUAL 2026,12
2107-913-SE26,SUMINISTRO Y MANTENCIÓN DE OBRAS CIVILES MENORES EN EL RECINTO ASISTENCIAL HOSPITAL DE SANTA CRUZ DESDE 2107-163-LP25,4
2107-914-SE26,ORDEN DE COMPRA DESDE 2107-120-LP25,4
2109-436-CM26,KIT DE CURACION.,12
2109-559-SE26,SILLAS DE RUEDAS (2109-16-R124).,12
2109-643-SE26,SABANA SESCHABLE ESTERIL.,12
2109-653-AG26,INSUMOS GRAFICOS Y/O DE OFICINA,12
2109-780-SE26,BOLSA POLIETILINO 120 x 200CM.,12
2109-804-CM26,Aposito Cutimed Espuma de Poliuretano para Sacro.(2239-21-LR23),12
2109-866-SE26,SUTURA MULTIFILAMENTO 4/0 c/a 1/2 CIRCULAR VIOLETA,12
2109-890-AG26,Sutura Quirurgica (2109-285-COT26).,12
2109-976-AG26,MOUSE Y TECLADO COMPUTADOR (2109-262-COT26),12
2111-9050-SE26,2192190050 BOLSA DE DRENAJE ASPIRATIVA DE 500 ML 2111-160-LQ24 LINEA 1,6
2111-9052-SE26,"ANGIOGRAFÍA ID 2111-156-LR25, LÍNEA 2, GUÍAS 75372 - 74571",12
2111-9056-SE26,"ANGIOGRAFÍA ID 2111-281-LP25, LÍNEA 2, GUÍA 8642",12
2111-9057-SE26,"ANGIOGRAFÍA ID 2111-364-LP25, LÍNEA 3, GUÍAS 46965 - 46822",12
2111-9064-SE26,"ANGIOGRAFÍA ID 2111-155-LP25, LÍNEA 3, GUÍA 60737",12
2111-9071-SE26,"ANGIOGRAFÍA ID 2111-216-LE25, LÍNEA 1, GUÍA 60738",12
2111-9077-SE26,"TRAUMATOLOGÍA ID 2111-105-LR25, LÍNEA 4, GUÍAS 652284 - 652285 - 652287 - 652296 - 654873",4
2111-9078-SE26,"SERVICIO DE SUMINISTRO E INSTALACION DE VIDRIOS, ALUMINIOS Y ACCESORIOS LIC 2111-385-LP24 Cot 213	",4
2111-9079-SE26,"SERVICIO DE SUMINISTRO E INSTALACION DE VIDRIOS, ALUMINIOS Y ACCESORIOS LIC 2111-385-LP24 Cot 214",4
2111-9080-SE26,"TRAUMATOLOGÍA ID 2111-105-LR25, LÍNEA 9, GUÍAS 649885 - 649886",4
2111-9081-SE26,"ANGIOGRAFÍA ID 2111-263-LQ24, LÍNEA 2, GUÍAS 13345 - 13445 - 13496",4
2111-9082-SE26,"TRAUMATOLOGÍA ID 2111-105-LR25, LÍNEA 2, GUÍA 652590",4
2115-321-CM26,GAS LICUADO,12
2115-383-AG26,ROPA DE TRABAJO / 2115-135-COT26,6
2125-1002-AG26,Compra de insumos clinicos - tapon nasal,6
2125-1014-AG26,Compra de farmacos ,12
2125-5-AG26,"Compra de mitomicina Fc 2,5 Ml",12
2125-941-SE26,Insumos desechables,12
2125-995-SE26,Insumos computacionales,12
2133-1056-SE26,CONVENIO INTA,6
2133-1145-SE26,ORDEN DE COMPRA DESDE 2133-38-LP25,4
2133-1158-TD26,Orden de Compra generada por Trato Directo ID 2133-26-FTD26,4
2133-1169-SE26,ORDEN DE COMPRA DESDE 2133-85-LE25,4
2133-1176-SE26,ORDEN DE COMPRA DESDE 2133-87-LP25,4
2134-15-AG26,Coffee Break DEPRIF desde compra ágil: 2134-9-COT26,12
2136-27-AG26,CONVENIO RECARGA NITROGENO MATRONAS SOLICITUD 1035 ,12
2136-332-TD26,Orden de Compra generada por Trato Directo ID 2136-12-FTD26,12
2136-351-AG26,MEJORAMIENTO TERRENO GALPON SOLICITUD 1212,12
2136-352-SE26,MANTENCION AREAS VERDES ABRIL,12
2139-440-TD26,Orden de Compra generada por Trato Directo ID 2139-1-FTD26,6
2139-441-TD26,Orden de Compra generada por Trato Directo ID 2139-1-FTD26,6
2139-442-TD26,Orden de Compra generada por Trato Directo ID 2139-1-FTD26,6
2139-443-TD26,Orden de Compra generada por Trato Directo ID 2139-1-FTD26,6
2139-444-TD26,Orden de Compra generada por Trato Directo ID 2139-1-FTD26,6
2139-445-TD26,Orden de Compra generada por Trato Directo ID 2139-1-FTD26,6
2146-221-AG26,Orden de Compra generada por invitación a compra ágil: 2146-93-COT26,6
2146-226-SE26,ORDEN DE COMPRA DESDE 2146-15-LE25,6
2146-228-SE26,ORDEN DE COMPRA DESDE 2146-15-LE25 SOL. 52,6
2151-124-CM26,Orden de Compra: 2151-124-CM26,12
2151-156-TD26,Orden de Compra generada por Trato Directo ID 2151-1-FTD26,12
2151-2-SE24,Habilitación de internet satelital ,12
2170-499-SE26,BAJADAS PARA ALIMENTACION ENTERAL,6
2170-500-SE26,ABARROTES PARA PACIENTES,4
2170-501-SE26,ABARROTES PARA FUNCIONARIOS,4
2170-502-SE26,FORMULAS ALIMENTICIAS PARA PACIENTES,6
2176-234-AG26,Adquisición de cámaras web y discos duros internos solicitud del Depto. de Informática de la Capj Zonal Valparaíso,6
2178-120-AG26,Micrófono Omnidireccional para salas de acuerdo Ica,12
2179-101-AG26,"Desarme, Retiro Enseres Bodega Lautaro, compra ágil: 2179-80-COT26",12
2181-116-AG26,Orden de Compra generada por invitación a compra ágil: 2181-81-COT26,6
2182-92-AG26,LAVADO DE VEHICULO FISCAL,4
2182-94-CM26,PASAJE AEREO ROSALIA MANSILLA,6
2196-435-SE26,3° MANTENCIONES CORRECTIVA DE CALDERAS 2026 desde ID 2196-6-le24 ,6
2199-288-SE26,Colchón Antiescaras,6
2200-167-AG26,MASCARA NASAL PEDIATRICA PARA PROGRAMA ASISTENCIA VENTILATORIA EN DOMICILIO – DAP Orden de Compra generada por invitación a compra ágil: 2200-103-COT26,6
2200-170-TD26,Orden de Compra generada por Trato Directo ID 2200-15-FTD26,4
2200-221-SE24,ARRIENDO DE 7 IMPRESORAS MULTIFUNCIONALES PARA LA DIRECCIÓN DEL SERVICIO DE SALUD ACONCAGUA - UST,12
2200-37-AG26, SERVICIO DE DESINSTALACION E INSTALACION DE VIDRIOS PARA COSAM RINCONADA - RRFF Orden de Compra generada por invitación a compra ágil: 2200-17-COT26,12
2200-92-AG26,SERVICIO DE HOSTING – UST Orden de Compra generada por invitación a compra ágil: 2200-63-COT26,12
2202-558-SE26,ORDEN DE COMPRA DESDE 2202-8-L126,6
2202-559-SE26,ORDEN DE COMPRA DESDE 2202-52-LE24,6
2207-391-AG26,Orden de Compra generada por invitación a compra ágil: 2207-409-COT26,6
2207-402-AG26,Orden de Compra generada por invitación a compra ágil: 2207-404-COT26,6
2211-485-AG26,Sol. 35 SERVICIO DE DIAGNÓSTICO Y PROYECCIÓN DE RECAUDACIÓN POR INGRESOS NO PERCIBIDOS EN CONCEPTO PAGO DE PANTENTES POR CAPITALES ADMINISTRADOR MUNICIPAL,6
2216-229-CM26,Orden de Compra: 2216-229-CM26,6
2258-3795-SE26,ORDEN DE COMPRA DESDE 2258-224-LQ24,12
2258-3873-SE26,PURISTERIL,12
2258-3920-SE26,ORDEN DE COMPRA DESDE 2258-207-CO25,6
2258-4268-CM26,Pasajes aereos: 2258-4268-CM26,6
2258-4270-CM26,Pasajes aereos: 2258-4270-CM26,6
2258-4272-CM26,Pasajes aereos: 2258-4272-CM26,6
2258-4274-CM26,Pasajes aereos: 2258-4274-CM26,6
2258-4277-CM26,Pasajes aereos: 2258-4277-CM26,6
2258-4279-CM26,Pasajes aereos: 2258-4279-CM26,6
2258-4281-CM26,Pasajes aereos: 2258-4281-CM26,6
2258-4284-CM26,Pasajes aereos: 2258-4284-CM26,6
2269-7-AG26,Compra materiales de oficina,5
2270-47-AG26,Orden de Compra generada por invitación a compra ágil: 2270-47-COT26,6
2273-158-AG26,"SISTEMA DE VOCEO IP, EXP 3929 MEMORANDUM 7879 2273-131-COT26ea",12
2273-297-AG26,ART. DE ASEO EXP 6923 MEMORANDUM 10773 2273-248-COT26ear.,6
2273-304-AG26,EX. 3250  GUANTES ANTIVIBRACION Y JOCKEY PESCADOR a compra ágil: 2273-221-COT26   MEMORANDUM  10489  SGL.,6
2274-75-TD26,Orden de Compra generada por Trato Directo ID 2274-1-FTD26,4
2279-260-AG26,SP 310 VIVIENDA DIDECO Orden de Compra generada por invitación a compra ágil: 2279-193-COT26,6
2281-148-AG26,Orden de Compra generada por invitación a compra ágil: 2281-156-COT26  ADQUISICION DE CEMENTO DE 25 KG - DPTO TERRITORIAL DE LA COSTA,12
2291-359-SE26,ART. 108 DTO. 1273 SERVICIOS HONORARIOS,12
2291-360-SE26,ART 108 SERV.  HONORARIOS DECRETO 1273,12
2291-364-SE26,ART 108 SERV.  HONORARIOS DECRETO 1273,12
2291-366-SE26,ART 108 SERV.  HONORARIOS DECRETO 1273,12
2291-860-SE26,ART 108 SERV.  HONORARIOS DECRETO 2764,6
2291-861-SE26,ART. 108 DTO. 2763 SERVICIOS HONORARIOS,4
2291-862-SE26,ART 108 SERV.  HONORARIOS DECRETO 2763,4
2291-863-SE26,ART 108 SERV.  HONORARIOS DECRETO 2763,4
2291-864-AG26,NP/16 - MOVILIZACIÓN - SERVICIO DE REPARACIÓN MECANICA BÁSICA  PARA UNA CAMIONETA PERTENECIENTE A LA MUNICIPALIDAD DE TALCA 2291-445-COT26,4
2292-6522-SE26,INSUMOS DE ENFERMERIA - OP 646 (NMC) - G. INTERN,6
2292-6529-SE26,INSUMOS REACTIVOS PARA LABORATORIO OP 1626 (NMC) DESDE ID 2295-206-LR23,6
2292-6532-AG26, METFORMINA 1000MG COMP. RECUBIERTO L/P - OP 3426 (NMC) - CONV. FOFAR Orden de Compra generada por invitación a compra ágil: 2292-282-COT26,6
229-314-SE26,"Servicio de elaboración de proyectos de pavimentación, comuna de coihueco.",4
2294-438-AG26, INSUMOS MANTENCION CAMARAS DE SEGURIDAD ESCUELA BASICA TALCA // SUBV. REGULAR NP 39,6
2294-454-AG26,ÚTILES ESCOLARES INSUCO // SEP // NP 7 //  compra ágil: 2294-402-COT26,6
2294-509-AG26,INSTRUMENTOS MUSICALES ESCUELA VILLA CULENAR // SEP // NP 19 //  compra ágil: 2294-499-COT26,4
2294-511-AG26,MOBILIARIO ESCUELA JUAN LUIS SANFUENTES FONDOS SEP NP 21,6
2294-526-AG26, INSUMOS COMPUTACIONALES LICEO MARTA DONOSO ESPEJO FONDOS SEP NP 30,6
2294-539-AG26,LIBROS LICEO MARTA DONOSO ESPEJO FONDOS SEP NP 43,4
2294-546-AG26,NP3 Y CONT. LICEO HECTOR PEREZ BIOTT - ÚTILES . LEY SEP,6
2294-548-AG26,Compra ágil: 2294-464-COT26 - NP 15 - ESC. LAS AMERICAS - SEP,4
2294-549-AG26,Compra ágil: 2294-467-COT26 - NP 6 - ESC. LAS AMERICAS - SEP,5
2294-550-AG26,Compra ágil: 2294-468-COT26 - NP 7 - ESC. LAS AMERICAS - SEP,4
2294-551-AG26,Compra ágil: 2294-469-COT26 - NP 14 - ESC. LAS AMERICAS - SEP,4
2294-552-AG26,Compra ágil: 2294-471-COT26 -NP 11 - ESC. LAS AMERICAS - SEP,4
2294-554-AG26,Compra ágil: 2294-474-COT26 - NP 12 - ESC. LAS AMERICAS - SEP,4
2294-555-AG26,Compra ágil: 2294-478-COT26 - NP 13 - ESC. LAS AMERICAS - SEP,4
2294-556-AG26,Compra ágil: 2294-482-COT26 - NP 8 - ESC. LAS AMERICAS - SEP,4
2294-557-AG26,Compra ágil: 2294-483-COT26 - NP 10 - ESC. LAS AMERICAS - SEP,4
2294-558-AG26,Compra ágil: 2294-486-COT26 - NP 9 - ESC. LAS AMERICAS - SEP,4
2294-559-AG26,MATERIALES DE OFICINA. EDUCACION. SUBDEPARTAMENTO JURIDICO. NP 2,6
2294-560-CM26,PAPEL DE IMPRESION ESCUELA JOSE ABELARDO NUÑEZ FONDOS SEP NP 11,4
2294-562-CM26,UTILES ESCOLARES ESCUELA JOSE ABELARDO NUÑEZ FONDOS SEP NP 11,4
2294-563-AG26,MATERIAL DE ENSEÑANZA LICEO MARTA DONOSO ESPEJO FONDOS SEP NP 26 27 28,4
2297-640-AG26,Orden de Compra generada por invitación a compra ágil: 2297-644-COT26,6
2297-641-AG26,"ADQUISICION DE PAPELERIA INSTITUCIONAL,2297-683-COT26",4
2306-337-CM26,"ADQUISICIÓN DE MATERIALES ESCOLARES, ESCUELA EFRAIN CAMPANA SILVA, FONDOS SEP",6
2306-339-AG26,"SERVICIO DE CAPACITACION PARA DOCENTES,ESC.LEONILA FOLCH LOPEZ,FONDOS SEP, 2306-310-COT26",4
2306-348-AG26,"ADQUISICION DE SERVICIO DE MANTENCION , RECARGA Y/O MANTENCION DE EXTINTORES PARA ESTABLECIMIENTOS EDUCACIONALES DEL DAEM , FONDOS DAEM ",4
2306-350-AG26,"ADQUISICION DE ELECTRODOMESTICOS PARA LICEO CARMELA CARVAJAL , FONDOS DAEM",4
2307-497-SE26,Mantención Preventiva Autoclave REQ. 1474 (JDG),6
2307-510-SE26,Reparaciones SAPU - CESFAM Pedro Jáuregui - Cotización N°478 (JDG),6
2310-320-SE26,SUMINISTRO DE LIMPIA FOSAS DAEM- ORD N° 0004 ESC. EL PROGRESO,6
2311-120-CM26,COMBUSTIBLE MES DE ABRIL MEMO N°775 / Orden de Compra: 2311-120-CM26,12
2311-53-TD26,Orden de Compra generada por Trato Directo ID 2311-4-FTD26,12
2318-318-SE26,ORDEN DE COMPRA DESDE 2318-18-LE26,12
2318-351-SE26,MATERIALES DE FERRETERIA,12
2318-391-AG26,Orden de Compra generada por invitación a compra ágil: 2318-284-COT26,4
2318-392-SE26,PRODUCTOS CEFETERIA,4
2318-393-AG26,Orden de Compra generada por invitación a compra ágil: 2318-261-COT26,4
2322-346-SE26,"OC MES DE MARZO DEL 2026 ""Adquisición de Créditos GCP o Similar""  DESDE 2322-208-LE24",6
2324-2617-SE20,SERVICIO DE EXTENSIÓN RED DE BAJA TENSION ALUMBRAD,6
2324-469-AG26,Orden de Compra generada por invitación a compra ágil: 2324-275-COT26,12
2324-657-SE26,AYUDA SOCIAL FINANCIAMIENTO SERVICIO FUNERARIO SECTOR URBANO MAS TRASLADO POR TIERRA/ DIDECO- SUBDIRECCION DE PROTECCION SOCIAL.,6
2328-520-AG26,"ADQUISICION DE SERVICIO DE ARRIENDO MULTIFUNCIONAL PARA EL LICEO LAS QUEMAS, FONDO SEP, FICHA Nº20898, Orden de Compra generada por invitación a compra ágil: 2328-409-COT26",6
2328-525-SE26,ADQ. DE PETROLEO PARA CALDERAS COLEGIO DARIO SALAS/23541,6
2332-490-CM26,ADQUISICIÓN DE FLUOR BARNIZ S-7181,6
2332-529-CM26,N° 7238 ADQUISICIÓN DE PILAS AA Y AAA PARA DEPENDENCIAS DEL DESAM PUERTO MONTT,5
2332-559-AG26,N° 7150 SE REQUIERE LA ADQUISICIÓN DE BICICLETA ESTÁTICA PARA EL PROGRAMA MÁS AMA DEL CESFAM CARMELA CARVAJAL DE LA COMUNA DE PUERTO MONTT,6
2335-265-CM26,INSUMOS DENTALES,6
2335-266-AG26,CLORURO DE SODIO 500ML OP.115 ID 2335-75-COT26,6
2335-268-AG26,FORMATOS DE IMPRENTA,6
2335-269-AG26,FORMATO DE IMPRENTA ,6
2341-208-AG26,Orden de Compra generada por invitación a compra ágil: 2341-174-COT26,6
2343-189-CM26,Orden de Compra: 2343-189-CM26/ Pedido N°647/ IDOC: 4261578/ CTF 19,6
2345-194-SE26,ARRIENDO DE SOLUCIONES MODULARES PARA DEPENDENCIAS DE LA MUNICIPALIDAD DE LAS CONDES ID 2345-49-LE26,6
2345-212-AG26,ADQUISICION DE CAMARAS TIPO GOPRO 2345-86-COT26,4
2358-127-AG26, ?SC 16 DSP-CASA VAIS-ADQUISICIÓN DE INSTRUMENTOS MEDICIÓN MEDICA- compra ágil: 2358-165-COT26,6
2358-138-AG26,"S/C N°116 DEL 11-05-2026, COMPRA DE ALIMENTOS, DEPTO. DE LA FAMILIA; compra ágil: 2358-176-COT26",6
2359-32-TD26,Orden de Compra generada por Trato Directo ID 2359-3-FTD26,12
2359-78-TD26,Orden de Compra generada por Trato Directo ID 2359-11-FTD26,4
2359-79-AG26,Servicio de extracción de aguas servidas en cámaras rebalsadas y anegamientos menores en Población Leonor Mascayano. - compra ágil: 2359-59-COT26,4
2366-277-SE26,PLACAS FOSFORO Y BOLSAS HIGENICAS DENTALES SC 334 DESDE 2366-93-R126,6
2374-78-AG26,INSECTICIDAS Y HERBICIDAS PARA EL CONTROL DE INSECTOS EN ARBOLADO: 2374-64-COT26,4
2374-79-AG26,1000 TALONARIOS DERECHO MUNICIPAL PEAJE: 2374-62-COT26,4
2378-161-SE26,ORDEN DE COMPRA DESDE 2378-35-CO26,4
2378-162-SE26,ORDEN DE COMPRA DESDE 2378-35-CO26,4
2380-858-AG26," ADQUISICIÓN DE SILLA DE RUEDAS ELECTRICA PARA CASO SOCIAL, DIDECO SEGÚN OS N°152149",6
2380-859-AG26," ADQUISICIÓN DE SILLA DE RUEDAS ELECTRICA PARA CASO SOCIAL, DIDECO SEGÚN OS N°151150",6
2380-876-AG26," ADQUISICIÓN DE MOBILIARIO PARA OFICINA CONTROL DE GESTIÓN, ABASTECIMIENTO, PREVENCIÓN DE RIESGO Y RECURSOS HUMANOS DOPER SEGÚN OS N°148264",6
2380-879-AG26,"ADQUISICIÓN DE INSUMOS PARA REALIZACIÓN DE TALLER, USO PISTA ATLÉTICA, SEGÚN OS N°151003, (R.M.M.).",6
2380-889-AG26," ADQUISICIÓN DE MATERIALES DE CONSTRUCCIÓN PARA CASO SOCIAL, DIDECO SEGÚN OS N°152377",6
2380-902-AG26," ADQUISICIÓN DE MATERIALES DE CONSTRUCCIÓN PARA CASO SOCIAL, DIDECO SEGÚN OS N°152375",6
2381-577-AG26,ADQUISICION EQUIPAMIENTO PARA EL LABORATORIO CLINICO MUNICIPAL,12
2381-584-AG26, ADQUISICION DETECTOR DE LATIDOS FETALES PARA EL CESFAM ROSARIO,12
2389-287-AG26,Orden de Compra generada por invitación a compra ágil: 2389-227-COT26,6
2393-612-AG26,5 BOTOTOS DE SEGURIDAD - SP. 796 - Orden de Compra generada por invitación a compra ágil: 2393-678-COT26,6
2393-618-AG26,Orden de Compra generada por invitación a compra ágil: 2393-685-COT26,4
2393-622-AG26,16 PARES DE BOTAS DE AGUA - SP. 803 - Orden de Compra generada por invitación a compra ágil: 2393-659-COT26,4
2401-490-SE26,SERVICIOS VETERINARIOS DE ESTERILIZACIÓN QUIRÚRGICA MASIVA PARA CANINOS Y FELINOS,6
2402-99-SE26,AD.DE TARJ.GIFT CARD PARA SOCIOS DE BIENESTAR 2026 ,6
2416-103-AG26,"ADQUISICION DE GALVANOS CA: 2416-102-COT26 MEMO N°284, OO.SS",12
2416-110-AG26,"ADQUISICION DE INSIGNIAS CA: 2416-105-COT26/ MEMO N°256, OO.SS- DIDECO",4
2421-138-SE26,TELEFONIA CELULAR Y BAM (ENERO A DICIEMBRE 2026),12
2421-141-SE26,SERVICIO MENSUAL ENLACE DATOS Y VOZ CIAM LZO. ARENAS (ENERO A DICIEMBRE 2026),12
2421-580-SE26,ARTICULOS ESCRITORIO CESFAM LZO ARENAS (MAY. 2026),4
2422-324-CM26,Orden de Compra: 2422-324-CM26,6
2423-827-AG26,Orden de Compra generada por invitación a compra ágil: 2423-29-COT26,6
2424-616-AG26,1883/P.20 DESARROLLO SOCIAL (JFO) PROTEÍNA DE SOYA GRANO MEDIO EN SACO (OLLAS COMUNES) // Orden de Compra generada por invitación a compra ágil: 2424-810-COT26,12
2424-627-AG26,KIT COLACIONES (MJZM) / PED 92 / 1941 / ID 2424-828-COT26,12
2426-27-TD26,Orden de Compra generada por Trato Directo ID 2426-1-FTD26,6
2427-427-AG26,Adquisición de materiales para micro proyectos - DSC -Programa somos barrio Joaquín Edwards Bello.,6
2428-479-AG26,GUILLOTINA PARA CULTURA por invitación a compra ágil: 2428-561-COT26,6
2429-533-AG26,Orden de Compra generada por invitación a compra ágil: 2429-384-COT26,6
2440-548-AG26, Material sensorial para Escuela El Maitén de Curicó: 2440-520-COT26,5
2440-577-AG26,Orden de Compra generada por invitación a compra ágil: 2440-582-COT26,4
2440-585-AG26, Equipamiento deportivo para Colegio Deportivo Luis Cruz Martínez de Curicó: 2440-556-COT26,6
2440-617-AG26,Orden de Compra generada por invitación a compra ágil: 2440-531-COT26,4
2440-623-AG26,Orden de Compra generada por invitación a compra ágil: 2440-593-COT26,4
2440-649-AG26,Orden de Compra generada por invitación a compra ágil: 2440-636-COT26,4
2440-650-AG26,Orden de Compra generada por invitación a compra ágil: 2440-637-COT26,4
2445-1992-AG26,Orden de Compra generada por invitación a compra ágil: 2445-133-COT26,12
2445-2001-AG26,Orden de Compra generada por invitación a compra ágil: 2445-130-COT26,6
2445-2003-CM26,Orden de Compra: 2445-2003-CM26,6
2445-2005-CM26,Orden de Compra: 2445-2005-CM26,5
2446-2298-AG25,Orden de Compra generada por invitación a compra ágil: 2446-1782-COT25,6
2446-449-AG26,Orden de Compra generada por invitación a compra ágil: 2446-373-COT26,12
2446-481-AG26,Orden de Compra generada por invitación a compra ágil: 2446-363-COT26,12
2446-533-AG26,Orden de Compra generada por invitación a compra ágil: 2446-486-COT26,12
2446-977-AG25,Orden de Compra generada por invitación a compra ágil: 2446-877-COT25,6
2448-424-AG26,ADQ. COFFE BREAK MAYO- JUNIO 2026,12
2452-82-CM26,Orden de Compra: 2452-82-CM26,5
2458-124-SE26,EQUIPAMIENTO URBANO PARA AREAS VERDES,6
2458-129-SE26,SERV. DE MANTENCION Y MEJORAMIENTO DE AREAS VERDES,6
2460-421-AG26,ADQUISICIÓN DE SACOS DE ASERRÍN PARA DAOM.,12
2460-427-AG26,Adquisición de accesorios para distintas unidades municipales,6
2460-442-SE26,Servicio de Aseo Eventual para Dependencias Municipales,6
2460-443-SE26,Servicio de Aseo Eventual para Dependencias Municipales,6
2460-444-SE26,Servicio de Aseo Eventual para Dependencias Municipales	,6
2464-499-AG26,OP. 5060 PROGRAMA LAZOS - compra ágil: 2464-657-COT26,12
2464-522-CM26,OP. 5068 - SOCIAL DIDECO,6
2467-493-AG26,Orden de Compra generada por invitación a compra ágil: 2467-208-COT26,6
2467-509-SE26,ADQUISICIÓN DE VESTUARIO ORDEN DE COMPRA DESDE 2467-183-LE25,6
2467-510-SE26,ADQUISICIÓN DE VESTUARIO ORDEN DE COMPRA DESDE 246,6
2467-511-SE26,ADQUISICIÓN DE VESTUARIO ORDEN DE COMPRA DESDE 246,6
2467-512-SE26,ADQUISICIÓN DE VESTUARIO ORDEN DE COMPRA DESDE 246,6
2467-513-SE26,ADQUISICIÓN DE VESTUARIO ORDEN DE COMPRA DESDE 246,6
2467-514-SE26,ADQUISICIÓN DE VESTUARIO ORDEN DE COMPRA DESDE 246,6
2467-515-SE26,ADQUISICIÓN DE VESTUARIO ORDEN DE COMPRA DESDE 246,6
2467-516-SE26,ADQUISICIÓN DE VESTUARIO ORDEN DE COMPRA DESDE 246,6
2467-517-SE26,ADQUISICIÓN DE VESTUARIO ORDEN DE COMPRA DESDE 246,6
2467-518-SE26,ADQUISICIÓN DE VESTUARIO ORDEN DE COMPRA DESDE 246,6
2481-43-AG26,CCAPACITACIÓN ,4
2490-219-SE23,ORDEN DE COMPRA DESDE 2490-40-LR23,12
2490-251-SE24,"AUMENTO DE CONTRATO N°1, DESDE 2490-40-LE23",12
2490-288-SE25,"AUMENTO DE CONTRATO N°3, DESDE 2490-40-LE23",12
2490-31-SE25,"AUMENTO DE CONTRATO N°2, DESDE 2490-40-LE23	",12
2490-43-SE26,"AUMENTO DE CONTRATO N°4, DESDE 2490-40-LE23	",12
2490-9-SE24,ORDEN DE COMPRA DESDE 2490-97-LR23,12
2495-201-AG26,Orden de Compra generada por invitación a compra ágil: 2495-262-COT26,5
2500-153-AG25,Orden de Compra generada por invitación a compra ágil: 2500-102-COT25,12
2546-478-AG26,ADQUISICIÓN DE BANDERAS DE EXTERIOR Y MANTELES INSTITUCIONALES. ADM. MUNICIPAL compra ágil: 2546-448-COT26,6
2547-114-CM26,ADQ. MATERIAL DE OFICINA Y ENSEÑANZA PARA ESTABLECIMIENTOS EDUCACIONALES (FDOS. SEP),6
2547-119-CM26,ADQ. MATERIALES DE ASEO E HIGIENE PARA EL DAEM Y SALA CUNA PULMAHUE (FDOS. EDUC Y FDOS. JUNJI),4
2552-9-CM26,GUANTES DE NITRILO PARA ACTIVIDADES PROY VIVERO REGIONAL ILLAPEL SIC 84,4
2563-15-SE23,ORDEN DE COMPRA DESDE 2563-7-LR23,12
2564-105-AG26,Orden de Compra generada por invitación a compra ágil: 2564-54-COT26,12
2568-114-SE26,ORDEN DE COMPRA DESDE 1035-31-LE23,4
2582-3886-SE25,ORDEN DE COMPRA DESDE 2582-96-LR24,12
2583-300-AG26,SOPE 179/ADQUISICIÓN DE MATERIALES DE CONSERVACIÓN PARA ARCHIVOS Y DOCUMENTOS PATRIMONIALES/DIRECCIÓN DE DESARROLLO COMUNITARIO/CFM./Orden de Compra generada por invitación a compra ágil: 2583-292-COT26,12
2583-72-AG26,"SP 71/ DAF - ADMINISTRACION/ ALIMENTOS, CARNE Y VERDURAS/ CFM/Orden de Compra generada por invitación a compra ágil: 2583-81-COT26",12
2585-206-AG26,"ADQ DE CATERING Y BOLSAS CON CONTENIDO,DIDECO,ORD N°1127,OFF, DE CENTROS COMUNITARIOS DE CUIDADOS, REC, IMA, Orden de Compra generada por invitación a compra ágil: 2585-194-COT26",6
2585-211-AG26,"ADQ. IMPLEMENTOS DEPORTIVOS, ORD N° 368, DIDECO, NNR, IMA. COMPRA AGIL  2585-140-COT26",6
2585-435-AG26,"ADQ. MATERIAL DE CONSTRUCCION, DIMAO, ORD N° 438/2026, LSV, IMA, compra ágil: 2585-446-COT26",4
2591-398-AG26,SERVICIO DE RECARGA DE EXTINTORES ELEAM POZO ALMONTE,6
2591-399-TD26,Orden de Compra generada por Trato Directo ID 2591-109-FTD26,4
2591-412-TD26,Orden de Compra generada por Trato Directo ID 2591-112-FTD26,4
2594-427-CM26,COMBUSTIBLES CAMIONETAS MUNICIPALES Orden de Compra: 2594-427-CM26,6
2594-431-AG26,SILLA ERGOHUMAN. Orden de Compra generada por invitación a compra ágil: 2594-344-COT26,6
2600-12-AG26,Orden de Compra generada por invitación a compra ágil: 2600-9-COT26,12
2605-36-AG26,COMPRA DE MATERIALES PARA EL MEJORAMIENTO DE LA BODEGA DEL C.G.A. ( 2605-28-COT26),6
2619-6-AG26,Orden de Compra generada por invitación a compra ágil: 2619-7-COT26,6
2658-585-AG26,Orden de Compra generada por invitación a compra ágil: 2658-590-COT26,4
2658-600-AG26,Orden de Compra generada por invitación a compra ágil: 2658-609-COT26,4
2658-607-AG26,Orden de Compra generada por invitación a compra ágil: 2658-612-COT26,4
2658-619-AG26,Orden de Compra generada por invitación a compra ágil: 2658-626-COT26,4
2658-637-AG26,Orden de Compra generada por invitación a compra ágil: 2658-643-COT26,4
2658-638-AG26,Orden de Compra generada por invitación a compra ágil: 2658-651-COT26,4
2658-640-AG26,Orden de Compra generada por invitación a compra ágil: 2658-644-COT26,4
2658-641-AG26,Orden de Compra generada por invitación a compra ágil: 2658-639-COT26,4
2661-20-AG26,Orden de Compra generada por invitación a compra ágil: 2661-3-COT26,4
2663-280-SE26,Contrato materiales de ferreteria y construcción,6
2663-282-SE26,Contrato materiales de ferreteria y construcción,6
2663-285-SE26,Contrato de suministro materiales de aseo,6
2663-286-SE26,Contrato materiales de ferreteria,4
2664-387-AG26,MANTELES CONVENIO PESPI mcp,6
2664-393-AG26, INSUMOS CLINICOS-HABILITACIÓN SUR-BTA/SP-06/05 (2)-JSV-2664-314-COT26,4
2664-394-AG26, INSUMOS CLINICOS-HABILITACIÓN SUR-BTA/SP-06/05 /JSV//2664-313-COT26,4
2676-296-AG26,"MATERIAL DIDÁCTICO PARA MANUALIDADES, PROGRAMA FIADI, MEMO 563, ENTREGAR EN PASAJE NUEVA COLÓN 1095, C.ÁGIL2676-330-COT26, VFV",5
2676-297-AG26,"ARTICULOS DE ASEO, PRALC 10, MEMO 665, 2676-334-COT26, EBR ",6
2676-298-AG26,"SERVICIO DE CAPACITACIÓN PARA ASISTENTES, PRLAC 10, MEMO 535, C.ÁGIL2676-316-COT26, VFV",6
2682-146-AG26,"Servicio de reparación ambulancia, cambio de embrague",4
2687-39-SE26,CONTRATO DE SUMINISTRO MATERIAL DE FERRETERIA AÑO 2026,12
2688-141-SE26,MANTENCION CORRECTIVA MOVIL 9,4
2696-42-CM26,Orden de Compra: 2696-42-CM26,5
2701-301-AG26,ADQUISICION DE KARDEX a compra ágil: 2701-291-COT26_SOLICITADO POR ASESORIA JURIDICA,6
2703-372-SE26,SC 11911 Fármacos TALAFARMACIA DESDE 2703-55-L126,4
2703-373-SE26,SC 11911 Fármacos TALAFARMACIA DESDE 2703-55-L126,4
2703-374-SE26,SC 11911 Fármacos TALAFARMACIA. ORDEN DE COMPRA DESDE 2703-55-L126,4
2703-375-SE26,SC 11912 Suplementos alimenticios TALAFARMACIA DESDE 2703-72-L126,4
2703-376-SE26,SC 11913 Insumos clínicos. Talafarmacia DESDE 2703-73-L126,4
2703-377-SE26,SC 11915 Pañales de adulto. Talafarmacia.  ORDEN DE COMPRA DESDE 2703-74-L126,4
2703-378-SE26,SC 11917 Fármacos TALAFARMACIA. ORDEN DE COMPRA DESDE 2703-76-L126,4
2703-379-SE26,SC 11918 Suplementos alimenticios TALAFARMACIA . ORDEN DE COMPRA DESDE 2703-77-L126,4
2703-380-SE26,SC 11919 Fármacos TALAFARMACIA. ORDEN DE COMPRA DESDE 2703-78-L126,4
2703-381-SE26,SC 11919 Fármacos TALAFARMACIA. ORDEN DE COMPRA DESDE 2703-78-L126,4
2703-382-SE26,SC 11919 Fármacos TALAFARMACIA. ORDEN DE COMPRA DESDE 2703-78-L126,4
2703-383-SE26,SC 11919 Fármacos TALAFARMACIA DESDE 2703-78-L126,4
2703-384-SE26,SC 11919 Fármacos TALAFARMACIA. ORDEN DE COMPRA DESDE 2703-78-L126,4
2703-385-SE26,SC 11919 Fármacos TALAFARMACIA. ORDEN DE COMPRA DESDE 2703-78-L126,4
2703-386-SE26,SC 11919 Fármacos TALAFARMACIA. ORDEN DE COMPRA DESDE 2703-78-L126,4
2704-926-SE26,COMPRA DE PASAJES NACIONALES (S/C 2864),12
2704-928-SE26,COMPRA DE PASAJES INTERNACIONALES (S/C 2918),12
2704-930-AG26, (S/C 1940) Orden de Compra generada por invitación a compra ágil: 2704-835-COT26,6
2704-952-AG26,Orden de Compra generada por invitación a compra ágil: 2704-850-COT26,6
2705-690-AG26,Orden de Compra generada por invitación a compra ágil: 2705-675-COT26,6
2705-700-AG26,Orden de Compra generada por invitación a compra ágil: 2705-668-COT26,4
2708-284-AG26,ADQUISICION DE MATERIALES PARA TALLERES PREVENTIVOS DEL PROGRAMA HPV I,6
2708-285-AG26,"ADQUISICION DE MATERIALES DE LIBRERIA PARA PROGRAMA DE PREVENCIÓN, SAYEN",6
2708-286-AG26,INSUMOS DESECHABLES PARA SER UTILIZADOS EN DIFERENTES ACTIVIDADES MUNICIPALES,6
2708-289-AG26,ADQUISICION DE BOMBA SUMERGIBLE PARA EXTRACCION DE AGUAS LLUVIAS PERIODO INVIERNO 2026,4
2713-553-AG26,"DIDECO - Turismo - 593 - ""Encuentro de Kayak y Buceo Islas las Huichas"" ID 2713-604-COT26 OC 2713-553-AG26 dirigida a AGUAHIELO SPA",4
2719-261-SE26,Insumos Gráficos Hito Inaugural PPL,12
2719-270-AG26,AQUISICIÓN 2 COMPUTADORES Y UNA IMPRESORA PPL,12
2719-286-AG26,SEGURO OBLIGATORIO BUS MUNICIPAL,6
2723-132-SE26,Servicio de Mantención Reparación y Provisión de Repuestos para Vehículos Municipales Comuna de Buin,4
2724-360-AG26,DIDECO-PROGRAMA VIVIENDA,4
2727-366-AG26,IMPLEMENTOS DE REHABILITACION PARA CONVENIO REHABILITACION CCR CESFAM DR. JOSE DURAN TRUJILLO,4
2727-367-SE26,MANTENCIÓN MÓVIL HGRJ-71,4
2733-151-SE26,SERV.DE EXTENSIÓN DE MULTICANCHA E674 DESDE 2733-8-LE26,4
2735-517-AG26,ADQUISICIÓN DE ELEMENTOS DE PROTECCIÓN PERSONAL  PARA EL USO DE FAENAS DE SOLDADURA,6
2735-532-CM26,TUBO PARA TOMA DE MUESTRAS VACUTAINER SANGRE AL VACÍO 4 ML 50 UNIDADES,5
2735-539-AG26,LICENCIAMIENTO ZOOM 2026-2027.,6
2736-157-AG26,Material oficina OMIL,5
2737-272-AG26,Orden de Compra generada por invitación a compra ágil: 2737-242-COT26,12
2744-141-SE26,ORDEN DE COMPRA DESDE 2744-4-L126,6
2745-51-AG26,"BGI-606-Adquisición de Leña Seca para los Establecimientos Educacionales Rurales de la comuna de Angol, con cargo a Subvención General. ",12
2750-1-SE26,"PCF (5723) TRANSPORTE ESCOLAR DE ACERCAMIENTO PARA ESCUELA NAHUELBUTA RURAL, SUBVENCION GENERAL",12
2757-211-AG26,Adquisición de muebles y kardex para dirección de salud y CESFAM San Antonio dependiente de la red de salud de San Antonio.Orden de Compra generada por invitación a compra ágil: 2757-203-COT26,4
2778-278-AG26,Orden de Compra generada por invitación a compra ágil: 2778-207-COT26,6
2778-288-SE26,ORDEN DE COMPRA DESDE 2778-11-LE26,6
2778-289-SE26,ORDEN DE COMPRA DESDE 2778-11-LE26,6
2783-430-AG26,Orden de Compra generada por invitación a compra ágil: 2783-125-COT26,6
2785-336-AG26, SDA 5834/ ALIMENTOS VARIOS PARA EJECUCION ACTIVIDADES SENDA a compra ágil: 2785-352-COT26,4
2785-338-AG26,SDA 5873/ MATERIALES DE OFICINA PARA PROGRAMA SENDAón a compra ágil: 2785-350-COT26,4
2785-339-AG26,SDA 5821/ PAPEL FILM EMPAVONADO CON INSTALACIÓN OFICINA INSPECCION MUNICIPAL a compra ágil: 2785-344-COT26,4
2791-76-AG26,MATERIAL DE ENSEÑANZA PARA EL DESARROLLO DEL PROGRAMA AFTER SCHOOL,6
2792-318-AG26,Orden de Compra generada por invitación a compra ágil: 2792-366-COT26,6
2792-319-AG26,Orden de Compra generada por invitación a compra ágil: 2792-367-COT26,5
2792-325-AG26,Orden de Compra generada por invitación a compra ágil: 2792-374-COT26,6
2793-433-AG26,Orden de Compra generada por invitación a compra ágil: 2793-353-COT26,6
2803-301-AG26,ADQUISICION DE PARCHES DEA POWERHEART AED3 ,6
2817-279-AG26,MATERIALES DE LIBRERIA PARA DEPTO DE CULTURA Compra ágil: 2817-268-COT26,6
2832-431-AG26,REQ 307 - MANT. PANENDOSCOPIO,4
2852-370-AG26,compra ágil: 2852-94-COT26 Scanner-Dpto.Operaciones,6
2852-416-SE26,"Materiales de Oficina, Bodega",6
2852-431-AG26,compra ágil: 2852-109-COT26 Micro-Documenta  ,6
2852-435-SE26,POSTERAS- SEGURIDAD PÚBLICA,4
2854-570-AG26,COMPRA INSUMOS DE ASEO CENTRO DE DIAGNOSTICO ,6
2864-103-AG26,Hojas de papel Esc. Alberto Hurtado 2864-119-COT26,6
2864-71-AG26, Accesorios para impresora y proyector LICEO BMG Orden de Compra generada por invitación a compra ágil: 2864-79-COT26,6
2864-94-AG26,Utiles de aseo Esc. Islote Rupanco 2864-110-COT26,6
2887-120-SE26,PRORROGA CONTRATO SUMINISTRO ARRIENDO DE VEHICULOS,4
2887-42-SE26,PRORROGA CONTRATO ARRIENDO VEHICULOS,4
2904-531-SE26,CONSTRUCCIÓN MULTICANCHA PICHICOLO COMUNA DE HUALAIHUÉ DESDE 2904-34-LP25,9
2909-221-AG26,"adquisición de insumos higiénicos, Orden de Compra generada por invitación a compra ágil: 2909-240-COT26",6
2912-235-AG26,CATETER INTRAVENOSO compra ágil: 2912-192-COT26,6
29-1334-SE26,ORDEN DE COMPRA DESDE 29-61-LQ25,12
29-1421-CM26,Orden de Compra: 29-1421-CM26,12
29-1472-SE26,AFL-SERVICIO DE ASESORIAS DE ASUNTOS PUBLICOS,12
29-1492-SE26,GTM 99-004-26,12
29-1493-SE26,GTM 99-09-26 / 99-010-26 SEGUROS,12
29-1525-AG26,ALR - AFL MN - 68-001-2026 ADQ. KIT SOAP,12
29-1528-AG26,ALR - AFL MN - SVC. DE ASEO Y ORNATO PARA EL CEN,12
29-1552-AG26,ALR - AFL ME - ADQ. ACCESORIOS ESCUELAS MATRICES 2026,12
29-1554-AG26, ALR - AFL ME - ADQ. POLO BLANCA ESCUELAS MATRICES 2026,12
2916-7-SE26,Servicio de Conectividad VI Etapa,12
2923-368-AG26,Orden de Compra generada por invitación a compra ágil: 2923-363-COT26,6
2923-379-AG26,Orden de Compra generada por invitación a compra ágil: 2923-371-COT26,6
2923-382-AG26,Orden de Compra generada por invitación a compra ágil: 2923-374-COT26,6
2934-50-TD26,Orden de Compra generada por Trato Directo ID 2934-4-FTD26,6
2935-124-AG26,ADQUISICION DE TINTAS Y CAJAS DE MANTENIMIENTO PARA LOS DISTINTOS ESTABLECIMIENTOS EDUCACIONALES - Orden de Compra generada por invitación a compra ágil: 2935-57-COT26,6
2942-185-AG26,Orden de Compra generada por invitación a compra ágil: 2942-153-COT26,6
2942-187-AG26,Orden de Compra generada por invitación a compra ágil: 2942-143-COT26,4
2945-316-CM26,"VÍVERES PARA CONCÓN, AL260251",6
2945-322-CM26,"VÍVERES PARA PUNTA ARENAS , AL260266",6
2945-327-CM26,"VÍVERES PARA TALCAHUANO, AL260257",6
2945-328-CM26,"VÍVERES PARA TALCAHUANO, AL260255",6
2945-332-CM26,"VÍVERES PARA VALPARAÍSO, AL260246",6
2961-355-AG26,Orden de Compra generada por invitación a compra ágil: 2961-395-COT26,6
2961-359-AG26,Orden de Compra generada por invitación a compra ágil: 2961-394-COT26,6
2980-221-AG26,FOSSAP 2 SA. N° 163/2026 NINTEDANIB 100 MG.,6
2983-96-SE26,MANTTO.Y REP.CALEF. PDI NATALES Y FRONTERAS,4
2989-209-AG26,Orden de Compra generada por invitación a compra ágil: 2989-122-COT26,12
2989-271-AG26,Orden de Compra generada por invitación a compra ágil: 2989-167-COT26,4
2989-272-AG26,Orden de Compra generada por invitación a compra ágil: 2989-172-COT26,4
2989-273-CM26,Orden de Compra: 2989-273-CM26,4
2989-274-AG26,Orden de Compra generada por invitación a compra ágil: 2989-168-COT26,4
2992-89-CM26,Orden de Compra: 2992-89-CM26,12
3000-578-AG26,EQUIPOS VETERINARIOS - UNIDAD TENENCIA RESPONSABLE DE MASCOTA  Y ZOONOSIS,6
3013-354-AG26,Orden de Compra generada por invitación a compra ágil: 3013-314-COT26,12
3016-236-SE26,Servicio de Aseo Ornato y Peonetas para Camión Rec,4
3016-239-TD26,Orden de Compra generada por Trato Directo ID 3016-22-FTD26,4
3016-240-TD26,Orden de Compra generada por Trato Directo ID 3016-23-FTD26,4
3016-242-SE26,"Servicio de Colaciones para Niños, Niñas y Adolesc",4
3016-243-SE26,Papel para Plotter de Oficina de Secretaría Comuna,4
3016-245-AG26,Orden de Compra generada por invitación a compra ágil: 3016-82-COT26,4
3017-368-AG26,Orden de Compra generada por invitación a compra ágil: 3017-357-COT26,6
3017-377-AG26,Orden de Compra generada por invitación a compra ágil: 3017-373-COT26,4
3030-223-AG26,DETERGENTE ENZIMATICO MULTIENZIMATICO PARA ESTERILIZACION,6
3035-172-AG26,FOLIO N°05-06_ MATERIALES DE CONSTRUCCION Y MEJORAMIENTO DEPENDENCIAS MUNICIPALES a compra ágil: 3035-187-COT26,12
3047-229-AG26,Orden de Compra generada por invitación a compra ágil: 3047-124-COT26,6
3047-239-AG26,SERVICIO INSTALACIÓN BAÑOS QUÍMICOS (Compra Ágil: 3047-137-COT26),6
3053-7-TD26,Orden de Compra generada por Trato Directo ID 3053-5-FTD26,12
3053-8-AG26,ASESORIA CONTABLE - 71 - DAF compra ágil: 3053-5-COT26,12
3061-135-AG26,ADQUIRIR ZAPATOS DE SEGURIDAD 3061-111-COT26,4
3061-142-CM26,Adquisición de Víveres para Base Naval Iquique,4
3067-46-AG26, ADQUISICIÓN DE PEGAMENTO,6
3086-627-SE26,MANTENCIÓN CORRECTIVA FP-353,4
3086-628-AG26,MANTENIMIENTOS PREVENTIVO VEHICULOS FISCALES,4
3087-57-SE26,REAS ABRIL 2026,6
3090-109-AG26,"CYPERKILL,ANASECT, BUZOS Y CUCARACHIDA",6
3091-28-AG26,"COMPRA DE PRODUCTOS FARMACEUTICOS PARA JARDIN VALLE DE ALBERTO, GASTO JUNJI.- desde 3091-38-COT26",12
3091-55-AG26,"COMPRA DE MOBILIARIO PARA LICEO MANUEL DE SALAS, FAEP 2025 desde 3091-50-COT26",4
3091-59-AG26, SERVICIO DE DESAYUNO Y RECEPCIÓN PARA EL DESFILE 21 DE MAYO.-,6
3109-135-CM26,Adquisición de pasajes aéreos ,12
3109-140-CM26,Adquisición de pasajes aéreos,12
3109-141-CM26,Adquisición de pasajes aéreos,12
3109-142-CM26,Adquisición de pasajes aéreos,12
3109-144-CM26,Adquisción de pasajes aéreos,12
3109-146-CM26,Adquisición de pasajes aéreos,12
3109-147-TD26,Orden de Compra generada por Trato Directo ID 3109-1-FTD26,12
3109-174-AG26, INSUMOS PARA GABINETE DE IDENTIFICACION ARMADA DE CHILE.,6
3130-5885-CM26,PASAJE AEREO PUQ - SCL - PUQ (PCTE. L.C.L.),12
3130-5892-AG26,Funda protectora desechable por invitación a compra ágil: 3130-184-COT26 (Req. 31718),4
3130-5898-AG26,Adquisición de esponja gelatina por invitación a compra ágil: 3130-194-COT26 (Req.31718),4
3134-100-CM26,"MINIBÚS MARCA HYUNDAI STARIA 11 PASAJEROS, VERSIÓN US4 MB 2.2 CRDI MT, COLOR BLANCO",6
3140-4574-AG26,"ADQUISICION E INSTALACION DE CALDERA, Orden de Compra generada por invitación a compra ágil: 3140-126-COT26",12
3145-275-AG26,144//001// SA 11 ALCOHOL ISOPROPILICO,6
3151-275-AG26,Orden de Compra generada por invitación a compra ágil: 3151-280-COT26,6
3152-175-AG26, MEDICAMENTOS PARA FARMACIA DEL CESFAM SALUD MACHALI,12
3152-183-SE26,SERVICIO TRANSPORTE PROGRAMA CUIDADOS PALIATIVOS U,12
3154-42-AG26,PASAJES COMISIÓN DEL SERVICIO UBD,12
3154-43-AG26,MATERIALES MANTENIMIENTO CALDERA RAESNAWILL,6
316-307-AG26,Orden de Compra generada por invitación a compra ágil: 316-242-COT26,4
3166-233-AG26,ADQUISICION FILTROS PSH CABRALES por invitación a compra ágil: 3166-150-COT26,6
3166-41-CM26,"ADQUISICION DE ASEO PLAN CONSUMO, Orden de Compra: 3166-41-CM26",12
3170-83-AG26,Dimlynch recarga y mantención de extintores  ágil: 3170-39-COT26,4
3171-77-CM26,ADQUISICION DE PASAJE AEREO PERSONAL EN COMISION DEL SERVICIO PARA PARA LEVANTAMIENTO TOPOGRAFICO POR ESPECIALISTA GEOMENSOR,12
3172-115-AG26,MANT. PREV. Y DIAGNÓSTICO  EQUIPOS AIRE ACOND. FISCALÍA ALTA COMPLEJIDAD,6
3172-123-AG26,MANT. PREV. Y DIAGNÓSTICO EQUIPOS AIRE ACOND. DEPTO. TRANSPORTES L.3,5
3178-1384-AG26,ADQ. DIALIZADOR ALTO FLUJO 2.2 a compra ágil: 3178-379-COT26,6
3178-1424-TD26,Orden de Compra generada por Trato Directo ID 3178-110-FTD26,6
3178-1426-TD26,Orden de Compra generada por Trato Directo ID 3178-110-FTD26,6
3178-1538-TD26,Orden de Compra generada por Trato Directo ID 3178-122-FTD26,6
3178-1547-SE26,ADQ. DESDE LICITACIÓN ID- 5839-14-LR23 F.A.,6
3178-1553-SE26,REGULARIZA EXÁMENES DE LABORATORIO,6
3178-6166-SE25,SERV. DE ARRIENDO CENTRAL DE MONITOREO MES DE ABRIL,6
3184-34-AG26, MANTENIMIENTO PREVENTIVO VEHÍCULO FISCAL L-1370 DE LA CAPITANÍA DE PUERTO DE HANGA ROA,6
3186-35-AG26,ADQUISICION DE ARTICULSO DE PINTADO,6
3187-104-AG26,"MANTENIMIENTO Y DIAGNOSTICO DE ECOSONDA DE LA LSR ARCANGEL 4431, Orden de Compra generada por invitación a compra ágil: 3187-101-COT26",12
3187-132-AG26,Orden de Compra generada por invitación a compra ágil: 3187-96-COT26 (BATERÍAS PARA GRUPOS ELECTRÓGENOS MARITGOBPAR Y REPARTICIONES DEPENDIENTES),12
3191-2385-SE26,CS (INS2) ORDEN DE COMPRA DESDE 3191-86-LQ24.,6
3191-2389-SE26,CS (INS3) PROVIENE DE LA LICITACIÓN N°5839-15-LR24,6
3191-2392-SE26,CS (INS3) PROVIENE DE LA LICITACIÓN N°5839-15-LR24,6
3191-2395-SE26,CS (INS3) PROVIENE DE LA LICITACIÓN N°5839-15-LR24,6
3191-2399-SE26,CS (INS2) ORDEN DE COMPRA DESDE 5839-15-LR24.,6
3191-4046-AG25,AG (FAR2) ADQUISICION DE FARMACOS: 3191-1133-COT25,12
3191-4515-AG25,AG (FAR2) ADQUISICION DE FARMACOS: 3191-1241-COT25,12
3191-4888-AG25,AG (FAR2) ADQUISICION DE FARMACOS: 3191-1343-COT25,12
3191-6171-AG25,AG (FAR2) ADQUISICION DE FARMACOS: 3191-1557-COT25,12
3201-141-AG26,"INSUMOS DE LIMPIEZA E HIGIENE,JARDIN COLOR ESPERANZA",6
3201-147-AG26,"5 PACK DE TINTAS, DE 4 COLORES BOTELLAS DE 1 LITRO,  PARA IMPRESORA EPSON L6490",4
3206-183-SE26,SERVICIOS PROFESIONALES,4
3213-97-AG26,ADQUISICION DE LEÑA SECA,6
3240-56-AG26,ELÁSTICOS Y CADENAS INTRAORALES PARA ORTODONCIA.Orden de Compra generada por invitación a compra ágil: 3240-17-COT26,12
3240-94-AG26,"SAL INDUSTRIAL TIPO GRANO DE MAIZ (0,10) PARA ABLANDADOR DE AGUA. SACOS 25 KILOS CADA UN. Orden de Compra generada por invitación a compra ágil: 3240-39-COT26",12
324-164-CM26,Orden de Compra: 324-164-CM26,12
3245-102-AG26,Orden de Compra generada por invitación a compra ágil: 3245-88-COT26,4
3250-254-AG26,MICALVI | 3250-257-COT26 | ADQ. DE TEXTILES CARGO SEÑALES,6
3250-298-AG26,"MARITGOBPMO - ADQUISICIÓN DE ELEMENTOS DE PROTECCIÓN PERSONAL PARA EL CENTRO ZONAL, SEGÚN COT. N° 3250-288-COT26",6
3250-311-AG26,CAPUERTOCAB-ADQUISICION DE VIVERES ESPECIALES,6
3250-314-AG26,"MARITGOBPMO - ADQUISICIÓN MATERIALES ELÉCTRICOS PARA MANTENCIÓN Y REPARACIÓN INMUEBLES DE LA LSG PUERTO MONTT, SEGÚN COT. N°3250-301-COT26",6
3253-131-SE26,ORDEN DE COMPRA DESDE 3253-45-L126,12
3268-308-CM26,001 001 001 GBA 060/2026 ADQUISICIÓN DE FRUTAS Y VERDURAS,4
3268-309-CM26,001 001 001 GBA 060/2026 ADQUISICIÓN DE FRUTAS Y VERDURAS,4
3268-311-CM26,001 001 001 GBA 060/2026 ADQUISICIÓN DE FRUTAS Y VERDURAS,6
3268-312-CM26,001 001 001 GBA 060/2026 ADQUISICIÓN DE FRUTAS Y VERDURAS,4
3284-531-AG26,TIMBRES/TESORERIA,6
3285-224-AG26,33 RELOJES DE PARED GRANDE,4
3285-225-AG26,MOVILIZACION PMJDH,4
3287-258-AG26,Indumentaria Deportiva. Orden de Compra generada por invitación a compra ágil: 3287-174-COT26,6
3309-149-AG26,MATERIALES DE ASEO DS TUCAPEL  por invitación a compra ágil: 3309-149-COT26,6
3309-150-AG26,ESTANTE CON LLAVE PARA JUNAEB TUCAPEL  por invitación a compra ágil: 3309-152-COT26,4
3310-122-SE26,Pasaje Aéreo AEP-SCL,12
3310-123-SE26,Servicio de Agencia Pasaje Aéreo,12
3310-147-SE26,Pasaje Aéreo ROMA-SCL,12
3310-164-SE26,Pasaje Aéreo LPB-SCL,12
3310-165-SE26,Servicio de Agencia Pasaje Aéreo,12
3310-170-SE26,Pasaje Aéreo  Asunción (Paraguay-SCL),12
3310-171-SE26,Servicio de Agencia Pasaje Aéreo,12
3310-172-SE26,Pasaje Aéreo Asunción (PARAGUAY-SCL),12
3310-173-SE26,Servicio de Agencia Pasaje Aéreo,12
3310-185-SE26,Servicio de Agencia Pasaje Aéreo,12
3310-229-SE26,Pasaje Aéreo  Portugal-SCL/SCL-Portugal,12
3310-231-SE26,Pasaje Aéreo  Portugal-SCL/SCL-Portugal,12
3310-234-SE26,Pasaje Aéreo  Montevideo-SCL/SCL-Portugal,12
3310-235-SE26,Servicio de Agencia Pasaje Aéreo,12
3310-236-SE26,Pasaje Aéreo  Montevideo-SCL/SCL-Portugal,12
3310-238-SE26,Pasaje Aéreo  Montevideo-SCL/SCL-Montevideo,12
3310-240-SE26,Pasaje Aéreo  Montevideo-SCL/SCL-Montevideo,12
3310-248-SE26,Pasaje Aéreo  Santo domingo-SCL/SCL- Santo domingo,12
3310-250-SE26,Pasaje Aéreo  Santo domingo-SCL/SCL- Santo domingo,12
3310-252-SE26,Pasaje Aéreo  Santo domingo-SCL/SCL- Santo domingo,12
3310-285-SE26,Pasaje Aéreo KRAKOW- SCL/GYE-KRAKOW,12
3320-157-SE26,002_79819/2026_BSAC1 y BESAC 2,6
3323-53-CM26,Orden de Compra: 3323-53-CM26,6
3323-59-AG26,Orden de Compra generada por invitación a compra ágil: 3323-32-COT26 SUSCRIPCIÓN DE SERVICIOS WEB PARA LA ACIPOL,4
3323-60-AG26,Orden de Compra generada por invitación a compra ágil: 3323-31-COT26 ADQUISICIÓN DE VASOS Y BOLSAS DE BASURA PARA LA ACIPOL,4
3325-104-SE26,NEUMATICOS CON ESPIGA RUNNER ,12
3326-263-AG26,"ADQUISICIÓN DE REPUESTOS PARA VEHÍCULOS FISCALES MARCA CHEVROLET, MODELO TRAVERSE, AÑO 2021.: 3326-258-COT26",5
3326-271-CM25,ADQUISICIÓN DE ALIMENTOS PARA EL CASINO DEL DEPARTAMENTO DE TRANSPORTES (L.3),12
3326-273-CM24,ADQUSICIÓN DE ALIMENTOS PARA EL CASINO DEPENDIENTE DEL DEPARTAMENTO DE TRANSPORTES L.3.,12
3326-300-AG26,SERVICIO DE ESTAMPADO PARA BUZOS BIODEGRADABLES PARA LA PREF.INVEST. DE ACCTE. EN EL TRANSITO.: 3326-263-COT26,6
3326-301-SE26,ARRIENDO DE 03 GABINETES PSICOSENSOMETRICOS PARA LA SECCIÓN MEDICIONES PSICOMETRICAS DEL CENTRO DE FORMACIÓN Y CAPACITACIÓN DE CONDUCTORES SEGÚN BASES ADMINISTRATIVAS Y TÉCNICAS DESDE 3326-13-LE26,6
3326-402-CM25,ADQUISICIÓN DE FRUTAS Y VERDURAS PARA EL CASINO DEL DEPARTAMENTO DE TRANSPORTES (L.3),12
3326-420-CM25,ADQUISICIÓN DE EMPANADAS PARA EL CASINO DEL DEPARTAMENTO DE TRANSPORTES (L.3),12
3328-1119-AG26,RAM/COFACH/REQ. N°62831/BLOQUES DENTALES/compra ágil: 3328-609-COT26,12
3328-1174-AG26,DNF/SDAO/REQ. INSUMOS  Nº  64282 (19)/FUNDA MICROSCOPIO (ágil: 3328-597-COT26),6
3328-1226-AG26,ASB/SOLICITUD DE ADQUISICIÓN DAG DEPTO. TRANSPORTE  N°71626/2026 ADQUISICIÓN DE HERRAMIENTA TALLER TRANSPORTE compra ágil: 3328-683-COT26,6
3328-554-AG26,DNF/SDAO/REQ. INSUMOS Nº 9388/PC/PAPEL TERMOSENSIBLE (ágil: 3328-205-COT26),12
3332-66-AG26,ADQUISICIÓN MATERIALES PROG E.S.B. 2026 - SEMBRANDO SONRISAS,6
3335-536-CM26,RESMAS OFICIO Y CARTAS PARA ESCUELA PRESIDENTE J.A.R. ORD. N°95 LEY S.E.P. Orden de Compra: 3335-536-CM26,6
3335-538-AG26,"SERVICIO DE TRASLADO PARA 22 PERSONAS DESDE ESCUELA RURAL CATAMUTÚN A ESCUELA RURAL HUILLINCO, IDA Y REGRESO ORD. N°08 FONDOS LEY SEP.  Orden de Compra generada por invitación a compra ágil: 3335-508-COT26",6
3335-539-AG26,"SERVICIO DESRATIZACIÓN Y RETIRO DE CEBADERAS PARA ESTABLECIMIENTOS EDUCACIONALES (TOTAL 27 DEPENDENCIAS) - ORD. N°337 SUBV. REGULAR, PROVENIENTE DE COTIZACIÓN ÁGIL 3335-512-COT26",4
3343-71-SE26,SERVICIOS DE MANTENCIÓN Y REPARACIÓN ,12
3349-124-CM26,Adquisición de mercadería para existencia del rancho del casino militar de suboficiales F/I,6
3363-23-AG26,Orden de Compra generada por invitación a compra ágil: 3363-3-COT26,12
3363-26-AG26,Orden de Compra generada por invitación a compra ágil: 3363-6-COT26,12
3365-79-AG26,"Orden de Compra generada por invitación a compra ágil: 3365-62-COT26, adquisición de elementos para la lavandería de slc",6
3378-2552-AG26,Adquisición de guillete y blazer corporativa para Departamento Comercial del HMS.,12
3378-2611-AG26,Compra ágil: 3378-497-COT26,12
3378-3346-AG26,Compra ágil: 3378-592-COT26,12
3378-3412-SE26,ADQUISICION DE INSUMOS LIC. 3378-16-LP25,12
3378-3560-AG26,Compra ágil: 3378-630-COT26,12
3378-3990-CM26,Orden de Compra: 3378-3990-CM26,12
3378-3994-CM26,Orden de Compra: 3378-3994-CM26,12
3378-4019-SE26,3378-20-LP25,12
3378-4069-SE26,ADQUISICION DE INSUMOS LIC. 3378-28-LP25,12
3378-4072-SE26,ADQUISICION DE INSUMOS LIC. 3378-38-LQ23,12
3378-4171-SE26,ADQUISICION DE INSUMOS LIC. 3378-41-LP25,12
3378-4201-AG26,ADQUISICION FARMACO Compra ágil: 3378-719-COT26,12
3378-4260-CM26,Orden de Compra: 3378-4260-CM26,12
3378-4262-SE26,LICITACION 3378-38-LP25,12
3378-4263-SE26,LICITACION 3378-17-LR23,12
3378-4266-SE26,LICITACION  3378-52-LQ24,12
3378-4269-SE26,LICITACION 3378-104-LP24,12
3378-4271-AG26,OC Generada desde Compra Ágil N°3378-665-COT26,6
3378-4300-SE26,Adq. Mat.de Implante P/Pabellón del HMS,6
3378-4304-SE26,Adq. Mat.de Implante P/Pabellón del HMS,6
3378-4334-TD26,Orden de Compra generada por Trato Directo ID 3378-73-FTD26,4
3378-4344-TD26,Orden de Compra generada por Trato Directo ID 3378-75-FTD26,4
3381-99-CM26,ADQ DE GAS LICUADO A GRANEL PARA RANCHO DE TROPA,6
3383-187-SE25,ORDEN DE COMPRA DESDE 3383-12-LE25,12
3387-55-AG26,Adquisición de elementos de aseo para la UR desde compra ágil: 3387-51-COT26,6
3391-312-SE26,COMPRA INSUMOS DE ESTERILIZACION 3391-29-LQ25,4
3391-313-SE26,COMPRA INSUMOS DE ESTERILIZAICON 3391-29-LQ25,4
3391-314-SE26,COMPRA INSUMOS DE ESTERILIZACION 3391-29-LQ25,4
3391-315-SE26,COMPRA INSUMOS DE ESTERILIZACION 3391-29-LQ25,6
3407-102-CM26,GAS (FUNC),6
3412-78-AG26,ELEMENTOS DE ASEO CASINO DE SOF,6
3415-71-AG26,Orden de Compra generada por invitación a compra ágil: 3415-55-COT26,6
3416-252-AG26,F2. MATERIALES Y ÚTILES QUIRÚRGICOS,6
3436-239-SE26,AJUAR INGRESO - CALZADO ITEM 22.02.003,12
3436-356-SE26,Elementos de ferreteria Item 22.04.010,4
3439-61-SE26,ARTÍCULOS PARA CANES AÑO 2026,6
3442-204-TD26,Orden de Compra generada por Trato Directo ID 3442-129-FTD26,4
3443-401-SE26,"ADQUISICIÓN DE MATERIALES DE CONSTRUCCIÓN, ESPECIFICAMENTE MADERAS POR AYUDA SOCIAL",6
3443-403-SE26,"""SERVICIO DE ARRIENDO Y MANTENCIÓN DE EQUIPO PSICOTÉCNICO PARA LA DIRECCIÓN DE TRÁNSITO Y TRANSPORTE PÚBLICO"" DE LA LICITACIÓN PÚBLICA ID N° 3443-56-LE24, POR REAJUSTE DE PRECIOS",6
3447-1042-SE26,MEMO N°2554 MANTENCIÓN EQUIPOS DENTALES CORRESPONDIENTE A LOS MESES DE ENERO Y FEBRERO 2026,12
3447-1212-SE26,"Suministro Baños Químicos y Otros para la MAHO DESDE 3447-228-LP25; Servicios Mensuales, Mes de Abril/2026",6
3447-1326-AG26,Orden de Compra generada por invitación a compra ágil: 3447-202-COT26,6
3447-1353-SE26,MEMO N°3290 adquisición de materiales de librería para CECOSF La Tortuga.,5
3447-1359-SE26,MEMO N°3291 adquisición de materiales de librería para CECOSF La Tortuga.,5
3447-1361-SE26,MEMO N°3293 Adquisición de materiales de librería para CECOSF La Tortuga.,4
3447-1363-SE26,"MEMO N°3299 Adquisición de Switch de presión, ¼ BSP, SET 0.2 Bar para CESFAM Dr. Pedro Pulgar M.",4
3447-1364-SE26,MEMO N°3294 Adquisición de timbres para la unidad de jurídico DEPSA.,4
3447-1368-SE26,MEMO N°3296 Servicios de exámenes laboratorio correspondientes al mes de marzo de 2026 del CESFAM DR. PEDRO PULGAR M.,4
3447-1369-SE26,"Servicio de Cantantes para Actividades y Eventos DESDE 3447-103-LE25; para “Apoyo Actividades, Organizaciones Territoriales y Funcionales, Primer Semestre, Alto Hospicio 2026”, Club Deportivo Amancay",4
3447-1370-SE26,"Servicio de Cantantes para Actividades y Eventos DESDE 3447-103-LE25; para “Apoyo Actividades, Organizaciones Territoriales y Funcionales, Alto Hospicio 2026"" Primer Semestre, en Comité de Vivienda los Álamos II.",4
3447-1371-SE26,MEMO N°3297 Adquisición de vestuario institucional para personal de recinto de salud municipal.,4
3447-1372-SE26,"SUMINISTRO PAPELERÍA ID 3447-44-LR24; Adquisición de Talonarios para Centro Alto Rendimiento Deportivo ""CAR""",4
3447-1374-SE26,Suministro de Vestimenta Institucional DESDE 3447-221-LR24 ; para Funcionarios de Dirección Medio Ambiente Aseo y Ornato.,4
3447-1375-SE26,"Suministro Baños Químicos y Otros para la MAHO DESDE 3447-228-LP25; para Actividad ""Wetripantu, llegada del Solsticio de Invierno y Evento Astronómico""",4
3449-63-CM26,Orden de Compra: 3449-63-CM26,6
3453-166-AG26,SUMINISTRO E INSTALACIÓN DE GIGANTOGRAFIA PARA FACHADA DEL GRUPO DE FORMACIÓN SEDE QUIRIHUEOrden de Compra generada por invitación a compra ágil: 3453-64-COT26,12
3459-121-AG26,F/P_ADQ DE SERVICIO DE RECARGA DE EXTINTORES DE POLVO QUIMICO SECO (PQS) DE LA BRIGADA,4
3459-124-AG26,F/P_ADQ DE LUCES QUIMICAS (CYALUM) PARA EJECUCIÓN DEL EETTI 2026,4
3460-138-AG26,ADQUISICIÓN DE EQUIPAMIENTO PARA EL GIMNASIO DE LA UNIDAD,6
3471-1682-SE26,MEDICAMENTOS 2605825,6
3471-1690-SE26,MEDICAMENTOS 2605825,6
3471-1691-SE26,MEDICAMENTOS 2605825,6
3471-1692-TD26,Orden de Compra generada por Trato Directo ID 3471-169-FTD26,6
3471-1707-TD26,Orden de Compra generada por Trato Directo ID 3471-172-FTD26,6
3474-232-CM26,ALIMENTACION ASPIRANTES A OFICIALES COHORTE 2024-2027,12
3474-249-CM26,RECARGA TARJETA DE ALIMENTACION ASPOF COHORTE 2024-2027,12
3479-807-AG26,Insumos de Aseo Programa PRLAC,6
3479-822-AG26,Tintas Pro. Pequeñas Localidades Pargua,6
3483-172-AG26,FP_SERV. MANT. EXTINTORES AGRINT,6
3486-246-AG26,Orden de Compra generada por invitación a compra ágil: 3486-160-COT26,4
3496-90-AG26,Orden de Compra generada por invitación a compra ágil: 3496-59-COT26,6
3496-91-AG26,Orden de Compra generada por invitación a compra ágil: 3496-58-COT26,6
3496-92-AG26,Orden de Compra generada por invitación a compra ágil: 3496-56-COT26,4
3500-106-AG26,LIBROS DE LECTURA /SEP/JFM a compra ágil: 3500-73-COT26,4
3502-206-AG26,"SC 217 ADQUISICION DE COMBUSTION LENTA, DIDECOOrden de Compra generada por invitación a compra ágil: 3502-161-COT26",6
3504-1261-SE26,POLIN PARA CONFECCION Y REPARACION DE CERQUILLOS,12
3504-1295-SE26,AYUDA SOCIAL A SRA YAKELIN AGUILAR RODRIGUEZ,12
3504-1297-SE26,AYUDA SOCIAL A SRA GLADYS DEL CARMEN ULLOA BAHAMON,12
3504-1469-SE26,"PRODUCTOS DE ALIMENTACIÓN, ACTIVIDAD TERCER ENCUENTRO RED TERRITORIAL OMIL CHILOÉ""",4
3504-1475-SE26,MANTENCION CAMIONETA KSGD-81,4
3504-1476-SE26,"MATERILAES DE FERRETERIA, PARA RECICLAJE DE TEXTILES",4
3507-309-AG26,Orden de Compra generada por invitación a compra ágil: 3507-229-COT26,6
3508-457-SE26,INFORMA PAGO DE FACTURAS ,6
3508-458-SE26,INFORMA PAGO DE FACTURA,6
3508-459-SE26,INFORMA PAGO DE FACTURAS ,6
3508-460-SE26,INFORMA PAGO DE FACTURA,6
3508-462-SE26,INFORMA PAGO DE FACTURAS ,6
3508-463-SE26,INFORMA PAGO DE FACTURA,6
3512-510-SE26,ALIMENTOS CENTRO DIURNO,4
3512-511-AG26,SERVICIOS DESFILE GLORIAS NAVALES- O.C compra ágil: 3512-72-COT26,4
3515-233-AG26,Orden de Compra generada por invitación a compra ágil: 3515-229-COT26,4
3516-282-AG26,Orden de Compra generada por invitación a compra ágil: 3516-243-COT26,12
3516-294-AG26,Orden de Compra generada por invitación a compra ágil: 3516-251-COT26,12
3523-42-AG26,(MHM) CAP 01 ADQ DE INSUMOS COMPUTACIONALES,12
3523-47-CM26,(PROYECTO) ADQ DE PASAJES AEREOS IDA VUELTA SANTIAGO -PUNTA ARENAS DEL 26MAY AL 28 MAY2026,12
3523-91-TD25,Orden de Compra generada por Trato Directo ID 3523-5-FTD25,12
3526-254-SE26,SERVICIO CONTROL DE FLOTA,12
3526-325-SE26,TRASLADO DE CARGA,12
3527-77-AG26,ADQUISICIÓN PARABRISAS DELANTERO CAMIÓN IVECO TECTOR SEGÚN MEDIDAS CON INSTALACIÓN EN LA CIUDAD DE CALAMA compra ágil: 3527-65-COT26,4
3540-302-SE26,Insumos para taller  Tapera 3540-63-LE25 (pm.1905),6
3540-305-SE26,"Arriendo oxígeno/Acetileno, C.Base, Sum.3540-15-LE",6
3540-306-SE26,"Arriendo oxígeno/Acetileno, Tapera,Sum.3540-15-LE25(pm.1907)",6
3542-135-AG26,Orden de Compra generada por invitación a compra ágil: 3542-65-COT26,6
3544-74-AG26,ADQUISICION DE INSUMOS COMPUTACIONALES PARA LA UNIDAD (SALA SICE) (3544-66-COT26),6
3544-98-AG26,ADQUISICION DE ELEMENTOS DE ASEO PARA EL CASINO DE OFICIALES (3544-103-COT26),5
355-319-SE26,Repuestos para mantención autoclave Matachana 80LR,6
3558-108-SE26,Insumos De Urgencia ,6
3561-191-SE26,ORDEN DE COMPRA DESDE 3561-12-LE26,6
3561-193-SE26,ORDEN DE COMPRA DESDE 3561-12-LE26,6
3563-185-SE26,SERVICIOS SOFWARE PROGRAMAS DSM,6
3567-274-SE26,ORDEN DE COMPRA DESDE 3567-18-R126,6
3567-276-AG26,BANDERAS CHILENAS Y BANDERAS INSTITUCIONALES,4
3568-354-SE26,ADQUISICIÓN DE ARTÍCULOS DE LIBRERÍA PARA PROGRAMA 4 A 7,5
3568-358-AG26,"ADQUISICIÓN DE ARTÍCULOS DE FERRETERÍA PARA IMPLEMENTACIÓN PROGRAMA 4 A 7, COMPRA ÁGIL: 3568-203-COT26",4
3588-196-AG26,Adq 02 Impresoras ofic Rentas y Control Interno ,6
3588-197-AG26,Curso de capacitación Concejal René Cabezas Vallejos,4
359-1385-SE26,ORDEN DE COMPRA DESDE 359-126-LP25	,6
359-1388-SE26,ORDEN DE COMPRA DESDE 359-158-LP25 JUNIO 2026,6
359-1395-SE26,ORDEN DE COMPRA DESDE 359-81-LE25,6
359-1399-SE26,ORDEN DE COMPRA DESDE 359-158-LP25 JUNIO 2026,4
359-1400-SE26,ORDEN DE COMPRA DESDE 359-128-LP25,4
359-1402-SE26,ORDEN DE COMPRA DESDE 359-33-LP26 MAYO Y JUNIO 202,4
3593-185-AG26,Orden de Compra generada por invitación a compra ágil: 3593-179-COT26,6
3594-244-SE26,FIESTA DE LA VENDIMIA PORTEZUELO 2026 DESDE 3594-8-LE26,12
3594-246-AG26,PAÑALES E INSUMOS ELEAM,12
3595-208-AG26, ADQUISICIÓN DE NEUMÁTICOS CON ESPIGAS PARA VEHÍCULO VFVB-673595-133-COT26,6
3595-211-TD26,Orden de Compra generada por Trato Directo ID 3595-82-FTD26,6
3596-380-SE26,OVEROLES PARA PERSONAL MUNICIPAL,6
3596-382-AG26, Servicio de Amplificación Desfile e Inauguración compra ágil: 3596-322-COT26,6
3596-385-SE26,PROYECTORES LED PARA ACCESO GYM MUNICIPAL,6
3599-137-SE26,SEP - Transporte Escolar Rural Especial Abril DAEM,6
3599-142-SE26,DAPS - Transporte Escolar Rural Especial Abril programa DAPS,6
3603-223-AG26,Orden de Compra generada por invitación a compra ágil: 3603-229-COT26,6
3603-229-SE26,CONV ADQUISICION E INSTALACION DE MEDIAGUAS-SP867 ,6
3608-277-AG26,Serv de publicidad radial/Didepro- Centro de Negocios (desde 3608-276-COT26),6
3608-280-AG26,Adq de insumos veterinarios/Didepro-PDTI Norte (desde 3608-272-COT26),6
3614-113-SE26,ADQ DE INSUMOS DENTALES (7) DESDE 3614-12-LE26,6
362-267-AG26,Orden de Compra generada por invitación a compra ágil: 362-181-COT26,12
362-269-SE26,compra de gas,6
362-274-CM26,Orden de Compra: 362-274-CM26,4
3634-209-AG26,COMPRA SEÑALETICAS DE TRÁNSITO PARA STOCK MUNICIPAL,6
3635-79-CM26,Compra Alimentos Establecimientos Recursos Sep -Subvención Normal -Pro-Retención ,6
3638-219-AG26,ADQUISICIÓN DE MOBILIARIO PARA LA RADIO DE LA CASA DE LA CULTURA.,6
3638-249-AG26,ADQUISICIÓN DE PAPEL FOTOGRAFICO + TINTA PARA IMPRESORA PORTATIL,6
3638-250-AG26,ADQUISICIÓN PLANCHAS DE RECUBRIMIENTO PARA PISO DEL GIMANSIO,6
3649-188-AG26,"ADQ. DE FORMULARIOS PARA OFICINA DAF, MUNICIPALIDAD DE QUILLECO",6
3649-192-SE26,Minibus para traslado Actividad: Encuentro de Futbol con las escuelas  Municipales,4
3649-193-SE26,Alimentos para taller Programa Apoyo a la Seguridad Alimentaria,4
3649-194-SE26,Alimentos para Actividad Encuentro deportivo Escuelas de Futbol en Quilaco,4
3649-195-SE26,Traslado en bus por Servicio Funerario,4
3654-123-CM26,Orden de Compra: 3654-123-CM26,12
3654-94-AG26,Orden de Compra generada por invitación a compra ágil: 3654-57-COT26,12
3656-58-TD26,Orden de Compra generada por Trato Directo ID 3656-7-FTD26,6
3658-268-AG26,"COMPRA DE BOMBA CENTRIFUGA, Orden de Compra generada por invitación a compra ágil: 3658-204-COT26",6
3658-270-AG26,COMPRA DE PODIUM PARA CEREMONIAS Orden de Compra generada por invitación a compra ágil: 3658-208-COT26,6
3661-279-AG26,"Orden de Compra generada por invitación a compra ágil: 3661-222-COT26 Orden de Compra codigo: 3661-279-AG26 dirigida a SSC LIMITADA, COMPRA ESCALERA MODELO TIJERA PARA USO OPERACIONES SEGUN SOLICITUD MEMORANDUM N°156 SEG. PUBLICA, 05.05.2026",6
3664-114-AG26,Orden de Compra generada por invitación a compra ágil: 3664-77-COT26,4
3665-273-AG26, TIMBRES. CONTROL,12
3682-323-TD26,Orden de Compra generada por Trato Directo ID 3682-236-FTD26,12
3682-402-TD26,Orden de Compra generada por Trato Directo ID 3682-288-FTD26,4
3682-496-TD26,Orden de Compra generada por Trato Directo ID 3682-352-FTD26,12
3682-516-TD26,Orden de Compra generada por Trato Directo ID 3682-366-FTD26,6
3682-520-AG26,Insumos Juzgado Policia Local ,6
3688-214-AG26, REPUESTOS Y MATERIALES DE ASEO CESFAM CHILLEPIN  compra ágil: 3688-125-COT26,6
3688-238-AG26, PILAS AA Y AAA CESFAM CHILLEPIN compra ágil: 3688-134-COT26,6
3693-107-SE25,ADQUISICIÓN DE MATERIALES SALA DE PROCESOS,12
3693-67-SE25,ADQUISICIÓN DE VEHÍCULO PARA LA MUNICIPALIDAD DE EL QUISCO,12
3693-73-SE25,SUMINISTRO DE ALIMENTACIÓN PARA OFICINA DESARROLLO TERRITORIAL,12
3693-84-SE25,CUENTA PÚBLICA GESTIÓN AÑO 2024,12
3693-85-SE26,"SERVICIO DE INSTALACIÓN, CONTROL, MONITOREO Y VIGILANCIA DE FLOTA POR SISTEMA GLOBAL DE NAVEGACIÓN POR SATÉLITE",4
3693-87-SE26,AUMENTO DE CONTRATO DISEÑOS DE PAVIMENTACIÓN,6
3693-90-SE25,AUMENTO DE CONTRATO CUENTA PÚBLICA,12
3693-90-SE26,PRÓRROGA SERVICIO DE SOPORTE Y MANTENIMIENTO DE SI,4
3694-132-AG26,"ADQUISICION DE MATERIALES SEDE EL TRIANGULO, COMUNA DE EL QUISCO, SECPLA compra ágil: 3694-186-COT26",6
3694-142-AG26,"ADQUISICION DE ALIMENTACION Y PRODUCTOS DE HIDRATACION, PARA EJECUCION DEL CONVENIO SENAMA CENTRO DIURNO COMUNITARIO PARA EL ADULTO MAYOR compra ágil: 3694-183-COT26",6
3695-186-SE26,CONVENIO DE CONTRATACIÓN DE SERVICIO DE TRANSPORTE,6
3696-89-AG26,Orden de Compra generada por invitación a compra ágil: 3696-22-COT26 Adquisición de pastillas aromatizantes de baño,6
3705-236-AG26, compra ágil: 3705-218-COT26  DIDECO,6
3708-173-AG26," Servicio de cambio de amortiguación, alineación y balanceo SA-79 DIDECO",4
3708-174-CM26,Adquisición combustible DIDECO SA-122,4
3708-175-SE26,CONSERVACION CAMINOS RURALES SECTOR CHANCO SA-09 SECPLAN,4
3709-440-SE26,"3709-51-LP25 COMPRA VESTUARIO DEPORTIVO PARA TALLER DE VIDA SANA Y RECREACION ESCUELA TRANGOL, SEP",4
3709-453-SE26,"3709-49-LP25 COMPRA DE MATERIAL DE REPARACION Y ELEMENTOS DE SEGURIDAD ESC. TRANGOL, MANTENIMIENTO",4
3709-456-SE26,3709-49-LP25 MATERIAL FERRETERIA - COLEGIO MARCELA PAZ - MANTENIMIENTO,4
3709-459-SE26,3709-41-LP25 COPIAS ARRIENDO IMPRESORA - COLEGIO MARCELA PAZ - SEP,4
3710-280-AG26,MANTENCION PREVENTIVA Y CORRECTIVA DE EQUIPOS MEDICOS SAR VICTORIA,6
3712-680-TD25,Orden de Compra generada por Trato Directo ID 3712-24-FTD25,12
3718-81-AG26,Computadores para el Departamento de Salud,6
3730-245-AG26,CURSO DE FORMACION DE EXAMINADOR PRACTICO: 3730-108-COT26,6
3730-249-AG26,SERVICIOS DE PUBLICIDAD COMUNICACIONAL: 3730-113-COT26,6
3730-252-AG26,MEDALLAS Y GALVANOS: 3730-111-COT26,6
3730-262-AG26,ESTUFAS A GAS PARA ESTABLECIMIENTOS EDUCACIONALES: 3730-120-COT26,6
3730-284-SE26,SERVICIO DE SUMINISTRO PARA LAVADO Y PLANCHADO DE MANTELES 3730-41-L126,4
3736-80-SE26,SERVICIO DE TRANSPORTE ESCOLAR PARA ESTABLECIMIENTOS EDUCACIONALES URBANOS Y RURALES DE LA COMUNA DE LAJA AÑO 2025 Y 2026,6
3743-148-AG26,SERVICIO DE MECANICA Y REPUESTOS PARA SPRINTER CDI 515 DEM LOS SAUCES,4
3751-177-SE26,"Arriendo fotocopiadora, mes de abril - LBCYH",6
3759-494-AG26,Orden de Compra generada por invitación a compra ágil: 3759-108-COT26,6
3764-230-AG26,"SERVICIO DE REPARACION CAMIONETA MODELO NISSAN NP 300, PATENTE JVDX-83,  compra ágil: 3764-193-COT26",12
3764-285-AG26,SERVICIO CATERING ENCUENTRO EMPRESARIAL OMIL - DIDECO Orden de Compra generada por invitación a compra ágil: 3764-239-COT26,12
3764-310-AG26,"COMPRA DE MEDALLAS Y COPAS PARA CAMPEONATOS MUNICIPALES DE FUTBOL, OFICINA DE DEPORTEScompra ágil: 3764-258-COT26",4
3765-446-AG26, compra ágil: 3765-83-COT26-  URGENCIAS TERMOMETROS - BOLSOS ,4
3776-274-AG26,"Adquisición de implementos deportivos Programa De 4 a 7 escuela Adriana Riquelme, 3776-101-COT26.-",4
3776-275-AG26,"Adquisición de implementos deportivos para Programa De 4 a 7 Liceo Luis Laborda, 3776-102-COT26.-",4
3776-276-TD26,Orden de Compra generada por Trato Directo ID 3776-162-FTD26,4
3776-277-TD26,Orden de Compra generada por Trato Directo ID 3776-163-FTD26,4
3776-278-TD26,Orden de Compra generada por Trato Directo ID 3776-164-FTD26,4
3776-279-TD26,Orden de Compra generada por Trato Directo ID 3776-165-FTD26,4
3776-280-TD26,Orden de Compra generada por Trato Directo ID 3776-166-FTD26,4
3778-148-AG26,Mantencion correctivas Vehiculos DESAM ,6
3784-273-AG26,Orden de Compra generada por invitación a compra ágil: 3784-179-COT26,6
3786-33-AG26,Orden de Compra generada por invitación a compra ágil: 3786-25-COT26,9
3789-252-AG26,Adquisición de Sillas para unidad de Esterilización compra ágil: 3789-106-COT26,6
3789-253-SE26,ADQUISICION DE MEDICAMENTO FOFAR ,6
3789-254-SE26,ADQUISICION DE MEDICAMENTO SAPU ,5
3789-256-AG26,ADQUISICION DE CAPACITACION DE ECICEP Y TOMA DE DECISIONES compra ágil: 3789-88-COT26,4
3791-422-AG26,Orden de Compra generada por invitación a compra ágil: 3791-377-COT26,9
3791-523-SE26,ORDEN DE COMPRA DESDE 3791-28-LE26,6
3791-576-AG26,Orden de Compra generada por invitación a compra ágil: 3791-496-COT26,6
3791-577-SE26,ORDEN DE COMPRA DESDE 3791-22-LP26,4
3793-109-CM26,Orden de Compra: 3793-109-CM26,4
3793-82-AG26,Orden de Compra generada por invitación a compra ágil: 3793-72-COT26,12
3794-3355-CM26,JUICIO ORAL,6
3794-3356-CM26,COMISION DE SERVICIO,6
3797-342-SE26,ALIMENTOS FERIA CALIDAD DEL AIRE,6
3799-162-AG26,Servicio Reposición Cañones Biblioteca Municipal,4
3799-165-AG26,COLACIONES PROGRAMA  CRECER EN COMUNIDAD,4
3799-166-AG26,TRASLADO PROGRAMA ACOMPAÑAMIENTO FAMILIAR,4
3799-167-AG26,SUPLEMENTOS PROGRAMA RLAC,4
3799-168-AG26,TRASLADO DE USUARIOS PROGRAMA QUIERO MI BARRIO,4
3806-59-CM26,"INSUMOS DE ASEO Y PAPELERIA, PRESUPUESTO 2026",6
3820-413-AG26,compra de perfiles cuadrados,9
3820-414-AG26,compra de plancha de fierro,9
3820-422-AG26,Compra de aceite para mantenimiento Vehículos Mun,4
3820-423-CM26,RECARGA DE COMBUSTIBLE VEHICULOS MUNICIPALES,4
3820-424-CM26,RECARGA DE COMBUSTIBLE EQUIPOS MENORES MUNICIPALES,4
3820-425-AG26,Compra de neumáticos ,4
3825-120-AG26,Orden de Compra generada por invitación a compra ágil: 3825-117-COT26,6
3825-140-AG26,Orden de Compra generada por invitación a compra ágil: 3825-129-COT26,6
3825-141-AG26,Orden de Compra generada por invitación a compra ágil: 3825-131-COT26,6
3826-170-AG26,Orden de Compra generada por invitación a compra ágil: 3826-238-COT26,6
3836-318-SE26,GESTION,6
3838-148-AG26,"Adquisición servicio Calculo Estructural proyectos PPL Apalta, Santa Cruz - Contratación Ingeniero Civil / Orden de Compra generada por invitación a compra ágil: 3838-93-COT26",6
3841-56-AG26,Orden de Compra generada por invitación a compra ágil: 3841-24-COT26,6
3843-122-AG26, ESTUFA A GAS - ESCUELA LA ALBORADA,4
3853-279-AG26,"Adquisición de ""Chaquetas Térmicas Impermeable"" con ""Logos Corporativos Estampados a Color"" para el Programa Más Ama",4
3853-282-AG26,ADQUISICIÓN DE CONTENEDOR DE BASURA 240 LITROS,4
3858-165-CM26,"Gift Card de Vestuario y Calzado, Funcionarios DAEM Y EE.EE.",9
3858-166-CM26,"Gift Card de Vestuario y Calzado, Funcionarias Jardines VTF JUNJI",9
3863-124-AG26," ADQUISICIÓN DE TARJETAS PARA CREDENCIALES ESTUDIANTILES, LICEO SANTA CRUZ compra ágil: 3863-41-COT26",12
3863-131-AG26, ADQUISICIÓN DE MATERIAL DIDÁCTICO ESPECIALIDAD SERVICIO DE TURISMO DEL LICEO BICENTENARIO INSTITUTO POLITÉCNICO SANTA CRUZcompra ágil: 3863-44-COT26,12
3863-133-AG26,ADQUISICIÓN DE MATERIAL DIDÁCTICO ESPECIALIDAD DE CONTABILIDAD DEL LICEO BICENTENARIO INSTITUTO POLITÉCNICO SANTA CRUZ  compra ágil: 3863-43-COT26,12
3863-24-CM26,Artículos de Aseo e Higiene para Escuelas y Jardines dependientes del DAEM Orden de Compra: 3863-24-CM26,12
3863-65-SE26,ORDEN DE COMPRA DESDE 3863-67-LR25 - LÍNEA N° 20,12
3863-85-SE26,ORDEN DE COMPRA DESDE 3863-67-LR25 - LÍNEA N° 12,12
3864-110-SE26,ORDEN DE COMPRA DESDE 3864-8-LE26,6
3869-262-AG26,Orden de Compra generada por invitación a compra ágil: 3869-331-COT26,6
3872-160-AG26,"sol. n°93, ORD.N°26, kit de radios walkie talkie para escuela Teresita de Los Andes, con cargo SEP, compra ágil: 3872-111-COT26",6
3877-176-AG26,Orden de Compra generada por invitación a compra ágil: 3877-214-COT26,4
3877-205-AG26,Orden de Compra generada por invitación a compra ágil: 3877-242-COT26,5
3878-67-TD26,Orden de Compra generada por Trato Directo ID 3878-24-FTD26,4
3880-203-SE26,ORDEN DE COMPRA DESDE 3880-29-LE26,4
3881-410-SE26,"ADQUISICIÓN INSUMOS ALIMENTACIÓN, GREMIO PERSA  PINTO",4
3892-222-AG26,JUEGOS DIDACTICOS - LICEO FRESIA GRACIELA MULLER RUIZ. ,5
3899-106-SE26,HERRAMIENTAS,4
3899-107-SE26,MATERIALES CTI,4
3904-391-AG26,Orden de Compra generada por invitación a compra ágil: 3904-429-COT26 Servicio catering conmemoración Día Glorias Navales 2026,6
3904-392-AG26,Orden de Compra generada por invitación a compra ágil: 3904-426-COT26 Servicio de Catering para Día del Patrimonio Cultural 2026,6
3904-393-AG26,Orden de Compra generada por invitación a compra ágil: 3904-428-COT26 Atención en Alimentos Participantes Día del Patrimonio Cultural 2026,6
3921-262-AG26,"Contratación de servicio de limpieza, preparación de superficies y pintura interior para el CESFAM LICAN RAY3921-163-COT26",4
3921-263-AG26,CONVENIO SAR,6
3921-264-AG26,CONVENIO FOFAR ,4
3922-401-AG26,"Adquisición de Parches para equipo DEA del Liceo Politécnico Villarrica, Fondos PRORETENCIÓN",12
3922-402-AG26,"Parches para desfibrilador del Liceo Bicentenario Alexander Graham Bell, fondos Pro-retención",12
3922-432-AG26,"Adquisición de juegos de mesa para estudiantes de la escuela Voipir de Ñancul, Fondos SEP.",5
3933-24-SE26,"MATERIALES VARIOS PARA REPARACIONES EN ESCUELA DE ALLIPEN, FONDOS MANTENCION",4
3933-25-SE26,"MATERIALES VARIOS PARA ESCUELA JUAN SEGUEL, FONDOS MANTENCION",4
3933-26-CM26,"MATERIAL DE LIBRERIA PARA ESCUELA DE ALLIPEN, FONDOS SEP",4
3935-92-SE26,"OC Linea 1, desde licitación  3935-37-LE26 denominada ADQUISICIÓN DE PRODUCTOS PODOLOGICOS Y FONOAUDIOLOGICOS PARA PROGRAMA ADULTO MAYOR ",6
3942-131-AG26,Orden de Compra generada por invitación a compra ágil: 3942-138-COT26,6
3947-376-CM26,PETROLEO PRIMERA QUINCENA DEL MES DE MAYO DE 2026,6
3947-377-CM26,PETROLEO PRIMERA QUINCENA DEL MES DE MAYO DE 2026,6
3947-378-SE26,GASOLINA PRIMERA QUINCENA DEL MES DE MAYO DE 2026,6
3947-379-SE26,GASOLINA PRIMERA QUINCENA DEL MES DE MAYO DE 2026,6
3948-125-AG26,PUERTA PARA REPARACION MAMPARA DE INGRESO,6
3949-198-TD26,Orden de Compra generada por Trato Directo ID 3949-62-FTD26,6
3950-539-AG26,suministro de agua para dsr Orden de Compra generada por invitación a compra ágil: 3950-226-COT26,12
3950-595-AG26,repuesto autoclave Orden de Compra generada por invitación a compra ágil: 3950-214-COT26,12
3950-653-AG26,silla de escritorios para caleta andrade y amengual Orden de Compra generada por invitación a compra ágil: 3950-260-COT26,6
3950-656-CM26,GAS PARA BODEGA DSR: 3950-656-CM26,12
3950-683-SE26,SERVICIO DE HOSPEDAJE A USUARIOS DSR 01 AL 28 DE FEBRERO 2026,6
3950-685-AG26,TONER PARA PSR Orden de Compra generada por invitación a compra ágil: 3950-274-COT26,6
3950-730-SE26,GAS PARA BODEGA DSR,6
3953-155-AG26,Orden de Compra generada por invitación a compra ágil: 3953-101-COT26 - Elementos de Protección Personal,4
3960-133-AG26,MATERIALES DE OFICINA,6
3960-148-AG26,ADQUISICIÓN PÁGINA WEB,6
3960-150-SE26,SUMINISTRO SERVICIO DISPOSICIÓN FINAL ABRIL 2026,5
3962-221-AG26,Orden de Compra generada por invitación a compra ágil: 3962-161-COT26,4
3964-40-AG26,ADQUISICION DE MATERIALES Y UTILES DE ASEO ,6
3969-23-CM26,Compra de pañales para adultos,4
3983-120-AG26,MEDICAMENTOS PARA CESFAM PAREDONES,5
3997-195-SE26,ORDEN DE COMPRA DESDE 3997-26-LE26,6
4017-22-AG26,Orden de Compra generada por invitación a compra ágil: 4017-30-COT26,6
4019-171-AG26,COMPRA E INSTALACION DE UNA ANTENA INTERNET PARA LA OFICINA LOCAL DE LA NIÑEZ,4
4019-172-AG26,"COMPRA DE CEMENTO Y CALAMINAS PARA USUARIOS DE LA COMUNA DE CAMIÑA, POR CONCEPTO DE AYUDA SOCIAL.",4
4030-68-AG26,Orden de Compra generada por invitación a compra ágil: 4030-60-COT26,12
4037-227-AG26, POLIETILENO Y MALLA ANTIMALEZA USUARIOS PRODESAL,6
4037-245-SE26,ALIMENTOS MESA DE COORDINACION OF. CULTURA DIDECO,6
4037-254-AG26,SACO LEÑA AYUDA SOCIAL compra ágil: 4037-146-COT26,6
4042-107-SE26,ORDEN DE COMPRA DESDE 4042-10-LE25,12
4042-2-SE26,Convenio Suministro Control de Plaga año 2026,12
4042-7-SE26,ORDEN DE COMPRA DESDE 4042-16-LE25,12
4042-93-AG26,Orden de Compra generada por invitación a compra ágil: 4042-36-COT26,12
4042-99-AG26,Orden de Compra generada por invitación a compra ágil: 4042-48-COT26,12
4051-95-AG26,Libretas programa Promoción de la Salud,6
4051-96-AG26,Art. Sensoriales y Antiestres para Promción de la Salud,4
4051-97-AG26,Pendones Programa Viaje Adulto Mayor,4
4051-98-CM26,TAE 7 MIL LITROS DE COMBUSTIBLE DIESEL,4
4053-193-AG26,Orden de Compra generada por invitación a compra ágil: 4053-37-COT26,12
4055-202-AG26,ADQUISICIÓN DE MATERIALES DE CONSTRUCCIÓN  4055-171-COT26,6
4062-346-AG26,Orden de Compra generada por invitación a compra ágil: 4062-402-COT26,6
4062-363-AG26,Orden de Compra generada por invitación a compra ágil: 4062-424-COT26,6
4066-130-AG26,SERV. ALIMENTACIÓN PARA PARTICIPANTES EN LA JORNADA DE CAPACITACIÓN PROGRAMA DESARROLLO INCLUSIVO TERRITORIAL EN PUERTO IBÁÑEZ,6
407-194-AG26, MODULO INSPIRATORIO PARA VENTILADOR MECANICO: 407-32-COT26,12
407-492-SE26,ARRIENDO CENTRAL DE AIRE MEDICINAL CUOTA 24,5
407-5273-AG25, Accesorios para equipo electrobisturí Martin ME 411 407-171-COT25,12
4077-62-AG26,Adquisición kit personal femenino y masculino,6
4079-142-SE26,MATERIAL OFICINA DIFERENTES UNIDADES MUNICIPALES,12
4079-174-SE26,MATERIALES DE OFICINA - SENDA PREVIENE,12
4079-195-CM26,VALES DE GAS - DEPENDENCIAS MUNICIPALES,12
4079-416-SE25,AUMENTO CS ARRIENDO DE FOTOCOPIADORA,12
4081-180-CM26,ALL IN ONE DAEM/SEP,5
4081-181-CM26,ALL IN ONE DAEM/EDUC,5
4091-192-AG26,"TELAS, LICEO CARELMAPU - SEP",6
4099-205-SE26,Reparación baño y techo plantas de tratamiento,12
4099-224-CM26,Orden de Compra: 4099-224-CM26,12
4100-72-AG26,ADQ. DE CARPETAS PARA LA SECC. PROTOCOLO RELCAR DOE 253276013 compra ágil: 4100-75-COT26,6
4105-311-AG26,COMPRA E INSTALACION DE PARABRISAS MINIBUS IVECO,12
411-220-AG26,SERVICIO DE TRANSPORTE  a compra ágil: 411-170-COT26,4
4113-381-SE26,ADQUISICION MATERIAL DE OFICINA PROGRAMA HABITABILIDAD,12
4113-430-CM26,ADQUISICION DE PETROLEO PARA UNIDAD MEDIO AMBIENTE,4
4115-76-AG26,ESTUFA A GAS PARA PSR SANTA ANA,6
4117-65-AG26,Orden de Compra generada por invitación a compra ágil: 4117-66-COT26,12
4117-76-AG26,Orden de Compra generada por invitación a compra ágil: 4117-86-COT26,12
4123-210-AG26,Orden de Compra generada por invitación a compra ágil: 4123-127-COT26,6
4134-328-AG26,"COMPRA DE MATERIALES DE CONSTRUCCIÓN, AYUDAS SOCIALES",4
4152-347-AG26,ROMPECABEZAS Y OTROS ARTICULOS DIDACTICOS  4152-346-COT26,5
4157-390-AG26,"CONTRATACIÓN TRANSPORTE GIRA PEDAGÓGICA, A TEATRO REGIONAL DEL BIOBÍO, CONCEPCIÓN, LICEO BICENTENARIO DE EXCELENCIA POLIVALENTE JUVENAL HERNÁNDEZ JAQUE REQ960201-76(330)",6
4157-394-AG26,"Colaciones Comunal de Voleibol Damas y Varones Sub 14 2026 Esc. V del Carmen, Elise Mottart, Liceo BEP JHJ Req. N° 960101-20(370)",6
4162-215-AG26,Orden de Compra generada por invitación a compra ágil: 4162-195-COT26,4
4162-216-AG26,Orden de Compra generada por invitación a compra ágil: 4162-168-COT26,5
4162-217-AG26,Orden de Compra generada por invitación a compra ágil: 4162-204-COT26,4
4162-218-AG26,Orden de Compra generada por invitación a compra ágil: 4162-197-COT26,4
4164-201-AG26,Insumos Clinicos para Pabellón,4
4164-221-AG26,Insumos para pabellón Veterinaria,4
4164-228-AG26,Mobiliario e Insumos para Veterinaria,4
4164-244-AG26,Maquinas para lavado de Vehiculos ,6
4170-145-AG26,Orden de Compra generada por invitación a compra ágil: 4170-121-COT26,6
4176-121-AG26,ALMOHADILLAS PARA IMPRESORAS ESC. LA PIEDRA,4
4176-122-AG26,SOAP BUSES DEPARTAMENTO DE EDUCACION,4
4177-62-AG26,INSUMOS DE IMPRENTA Orden de Compra generada por invitación a compra ágil: 4177-63-COT26,6
4179-552-AG26,CONTRATACIÓN DE SERVICIO DE LIMPIEZA DE CAÑONES PARA ADULTOS MAYORES,4
418-1052-AG26,LPC-R-3-2204005003-PRIMER OPTIBOND- compra ágil: 418-523-COT26,12
418-1075-AG26,LPC-R-16-2204005003-JERINGA IRRIGACION ENDODONCIA-a compra ágil: 418-516-COT26,12
418-1566-AG26,LCM-CAMPO DE ARTROSCOPIA ,6
4189-247-CM26,Orden de Compra: 4189-247-CM26,4
4195-543-SE26,SUMINISTRO MOTONIVELADORA 2026,12
4195-563-AG26,Orden de Compra generada por invitación a compra ágil: 4195-416-COT26,12
4195-598-SE26,ORDEN DE COMPRA DESDE 4195-14-LE26,4
4212-1-AG26," Adquisición de Mobiliario para Aeródromo La Florida, La Serena, DGAC",6
4229-15-CM26,ADQUISICION DE CARNES Y PESCADOS,12
4229-37-CM26,ADQUISICIÓN DE MERCADERIA,12
4229-38-CM26,ADQUISICIÓN DE CARNES Y PESCADOS,12
4229-64-CM26,ADQUISICIÓN DE FRUTAS Y VERDURAS,12
4229-66-CM26,ADQUISICÓN DE CARNES Y PESCADOS,12
4229-67-CM26,ADQUISICIÓN DE ABARROTES,12
4229-91-CM26,ADQUISICIÓN DE LACTEO,12
4229-92-CM26,ADQUISICION DE ABARROTES,12
4229-93-CM26,ADQUISICION DE CARNES Y PESCADOS,12
4239-224-AG26,4239-202-COT26  MANTENCION Y FABRICACION DE CANALES DE AGUA LLUVIA Y RENOVACION DE ANCLAJES SEGUN ANEXOS PARA LICEO B-51 MARIANO LATORRE CON FONDOS MANTENIMIENTO.,6
4239-225-AG26,4239-203-COT26 REPARACION GIMNASIO DE LICEO B-51 MARIANO LATORRE SEGUN ANEXO CON FONDOS SUBVENCION GENERAL.,6
425-312-AG26,Orden de Compra generada por invitación a compra ágil: 425-144-COT26,9
425-321-AG26,Orden de Compra generada por invitación a compra ágil: 425-145-COT26,6
425-346-AG26,Orden de Compra generada por invitación a compra ágil: 425-167-COT26,6
4280-230-AG26,ARREGLO FLORAL POR HOMENAJE A GLORIAS NAVALES,4
4281-103-AG26,PUERTA ABATIBLE PARA EL CESFAM LOS LAURELES. ,4
4284-234-AG26,Orden de Compra generada por invitación a compra ágil: 4284-62-COT26,6
4285-130-AG26,Telescopio para taller de astronomía Liceo Atenea ,6
4294-1104-SE22,"ORDEN DE COMPRA DERIVADO DEL CONTRATO DE SERVICIO DE EXÁMENES DE LABORATORIO CLÍNICO Y TOMA DE MUESTRAS DE LA LICITACIÓN ID N° 4294-3-LR17, POR UN MONTO DE $351.000.000.- (TRESCIENTOS CINCUENTA Y UN MILLONES DE PESOS) ",12
4295-49-CM26,Orden de Compra: 4295-49-CM26,6
4295-50-CM26,Orden de Compra: 4295-50-CM26,6
4309-1589-SE26,ORDEN DE COMPRA DESDE 4309-247-LQ23,12
4309-1959-SE26,ORDEN DE COMPRA DESDE 4309-7-LP25,12
4309-2039-SE26,ORDEN DE COMPRA DESDE 4309-188-LP25,12
4309-2096-SE26,ORDEN DE COMPRA DESDE 4309-299-LP25,12
4309-2097-SE26,ORDEN DE COMPRA DESDE 4309-235-LQ24,12
4309-2098-SE26,ORDEN DE COMPRA DESDE 4309-295-LQ24,12
4309-2135-SE26,ORDEN DE COMPRA DESDE 4309-263-LQ23,12
4309-2137-SE26,ORDEN DE COMPRA DESDE 4309-241-LE25	,12
4309-2142-SE26,ORDEN DE COMPRA DESDE 4309-63-LP25,12
4309-2148-SE26,ORDEN DE COMPRA DESDE 4309-170-LE24,12
4309-2157-SE26,ORDEN DE COMPRA DESDE 4309-334-LE25,12
4309-2159-SE26,ORDEN DE COMPRA DESDE 4309-88-LE25,12
4326-29-SE23,Servicio Defensa Penal General Zona 2 La Florida,12
4342-15-AG26,Orden de Compra generada por invitación a compra ágil: 4342-8-COT26,12
434-388-TD26,Orden de Compra generada por Trato Directo ID 434-22-FTD26,6
4355-1-AG26,PASAJES /4355-1-COT26/DECRETO 03,12
4355-227-AG26,"Orden de Compra generada por invitación a compra ágil: 4355-268-COT26, MEMO N°91 OPERACIONES BIDONES ADBLUE PARA VEHICULOS",12
4355-3-AG26,Orden de Compra generada por invitación a compra ágil: 4355-1425-COT25 / PROTECTOR SOLAR ,12
4355-480-AG26,"Orden de Compra generada por invitación a compra ágil: 4355-517-COT26, MEMO N°547, PROGRAMA MUJERAS JEFAS DE HOGAR, CEDIAM MATERIAL DE OFICINA, ",6
4357-138-TD26,Orden de Compra generada por Trato Directo ID 4357-37-FTD26,4
4364-265-AG26," Adquisición de Estandarte Institucionales y Banderas, Escuela Amanda Chavez Navarrete",6
4367-212-AG26,Acticoat flex 3 para unidad de manejo avanzado de heridas del CESFAM Dr. Alberto Gyhra Soto,6
4367-222-SE26,"Arriendo Cilindros de oxígenos CESFAM, Marzo 2026",6
4367-223-SE26,Requerimiento Oxigeno medicinal Abril 2026,6
4374-22-AG26,Compra de  grabador de video digital para el Servicio. Orden de Compra generada por invitación a compra ágil: 4374-8-COT26,12
4374-25-TD25,Orden de Compra generada por Trato Directo ID 4374-4-FTD25,12
4374-9-SE25,Servicio Web Hosting 24 meses 4374-1-LE25,12
4375-1037-CM26,POSTA CENTRAL ABRIL,12
4375-1083-AG26,MANGO DE ISQUEMIA - PABELLON//OC de 4375-278-COT26,6
4375-1183-AG26,ORDEN CITACIÓN OFTALMOLOGÍA: 4375-311-COT26,12
4375-1189-SE26,BATAS PABELLON MAYO,12
4375-1208-SE26,CIDEX OPA MAYO 2026,12
4375-1210-SE26,FILTRO DE PARTICULAS MAYO PAC 2026,12
4375-1211-SE26,DETERGENTE ENZIMATICO MAYO 4375-101-LP25	,12
4375-1220-SE26,CASETTE ESTERILIZACION MAYO / 4375-251-LP24,12
4375-1250-CM26,PREELABORADOS PSIQUIATRIA MAYO,12
4375-1265-CM26,PESCADO Y CERDO CENTRAL MAYO,12
4375-1266-CM26,POLLO CENTRAL MAYO,12
4375-1268-CM26,POSTA Y JAMON CENTRAL MAYO,12
4375-1269-CM26,POSTRES PARA PREPARAR CENTRAL Y PSIQUIATRIA MAYO,12
4375-1286-AG26,CALZADO POLIETILENO MED NUCLEAR: 4375-304-COT26,6
4375-1292-SE26,JUGO INDIVIDUAL PSIQUIATRIA MAYO / 4375-99-LP25,12
4375-1359-CM26,ANDADORES PLEGABLE Y 4 RUEDAS MAYO-JUNIO: 4375-1359-CM26,12
4375-1389-SE26,suministro de impresión desde 4375-73-LE24,6
4375-1439-SE26,Con. EXTINTORES ORDEN DE COMPRA DESDE 4375-95-LP25,6
4375-1443-SE26,ORDEN DE COMPRA DESDE 4375-111-LP25,6
4375-902-CM26,PRE ELABORADOS CENTRAL ABRIL ,12
4375-937-CM26,PRE ELABORADOS PSIQUIATRIA ABRIL,12
4375-944-CM26,FRUTAS Y VERDURAS P´SIQUIATRIA ABRIL ,12
4375-960-CM26,COLACION NOCTURNA PSIQUIATRIA ABRIL,12
4377-161-AG26,ADQUISICIÓN DE IMPLEMENTACIÓN EQUIPAMIENTO PARA CENTRO MUNICIPAL ADULTO MAYOR.-,6
4401-380-AG26,Orden de Compra generada por invitación a compra ágil: 4401-36-COT26,6
4407-160-SE26,MOVILIZACIÓN EXTERNA PARA USUARIOS AL CENTRO DE DIÁLISIS DEL CESFAM LUMACO,4
4414-159-TD26,Orden de Compra generada por Trato Directo ID 4414-61-FTD26,12
4414-615-AG26,TONER OFICINA MUNICIPAL RURAL Y LARAQUETE: 4414-282-COT26,6
4414-616-AG26,COMPUTADORES E IMPRESORAS : 4414-277-COT26,4
4447-29-AG26,Adquisición de insumos de limpieza ,6
4449-24-SE26,ORDEN DE COMPRA DESDE 4449-6-LE26,6
4449-31-SE26,ERVICIOS DE PRODUCCIÓN DE ACTIVIDADES PARA EL DÍA DEL PATRIMONIO EN INSTITUTOS TELETÓN 4449-14-LE26,6
4452-371-CM26,PROG. APOYO ADM. MAYO 2026 RESMAS,6
4452-420-AG26,Orden de Compra generada por invitación a compra ágil: 4452-169-COT26,12
4463-440-SE26,PROG. MEDICAMENTOS 05-2026/ ORDEN DE COMPRA DESDE 4463-35-LQ23,6
4463-443-SE26,PROG. MEDICAMENTOS 05-2026/ ORDEN DE COMPRA DESDE 4463-37-LE25,6
4464-166-SE26,ORDEN DE COMPRA DESDE 4464-53-LP25/FEBRERO 2026,12
4464-285-CM26,CARGA COMBUSTIBLE DIESEL 04/26,4
4464-296-SE26,MARZO 2026 SERVICIO DE TRANSPORTE DE FUNCIONARIOS ,12
4464-297-SE26,ABRIL 2026 SERVICIO DE TRANSPORTE DE FUNCIONARIOS,12
4469-319-SE26,SC39743 ( CS) MATERIALES RECONOCIMIENTO DEL PATRIMONIO EDP PROYECTO,6
4469-337-AG26, SC 39848 (CS) MATERIALES PARA TALLER DE BÓTANICA PARA PROYECTO ADAIN 2593,4
4473-127-AG26,Orden de Compra generada por invitación a compra ágil: 4473-89-COT26,12
4473-163-AG26,Orden de Compra generada por invitación a compra ágil: 4473-124-COT26,12
4477-99-CM26,Orden de Compra: 4477-99-CM26,4
4491-244-SE26,"INSUMOS ALIMENTOS, Italia, 100",4
4499-58-CM26,Adquisición de All In One y Monitor (M-410/Salud),12
4499-93-AG26,"Adquisición de petróleo diesel vehicular, para ser utilizado en generadores del CESFAM, POSTAS y EMR (M-553/Salud)",12
4502-230-AG26,TORNILLOS DE COMPRESION SIN CABEZA DE GRAN FRAGMENTO,12
4525-141-AG26,Compra ágil: 4525-205-COT26 (V.A.) OPI - 5007,12
4525-1-CM26,CARGA DE COMBUSTIBLE VEHICULOS DAEM OPI-4840,12
4531-4-SE26,COMPRA COLECCIÓN BIBLIOGRÁFICA EDITORIAL ZIG ZAG S A.  4531-4-SE26,6
45-321-SE24,SERVICIO DE ATENCIÓN PARA LOS CANALES DE SENCE DESDE 45-89-LR23,12
4560-300-TD26,Orden de Compra generada por Trato Directo ID 4560-80-FTD26,4
4560-301-TD26,Orden de Compra generada por Trato Directo ID 4560-81-FTD26,4
45-639-SE24,OC DESDE 45-40-LQ24 BASES DE DATOS,12
4589-218-AG26,Orden de Compra generada por invitación a compra ágil: 4589-119-COT26,6
4589-224-SE26,CONTRATACION TENS PARA PROG. EQ. SALUD RURAL 2026,4
4594-437-SE26,SUMINSTRO OXIGENO DESAMU COIHUECO,6
4605-12-AG26,"CLARO CHILE SPA, SUMINISTRO DE 18 PLANES DE TELEFONÍA MÓVIL DE VOZ Y DATOS, CON GB Y MINUTOS MENSUALMENTE ILIMITADOS, POR UN PERIODO DE 18 MESES A CONTAR DEL 01-02-2026, GENERADA POR INVITACIÓN COMPRA ÁGIL 4605-5-COT26.",12
4605-187-AG24,"CLARO CHILE SPA, SUMINISTRO DE 36 MESES DE PLAN DE DATOS DE BANDA ANCHA MÓVIL DE 500 GB, A CONTAR DEL 19-08-2024, GENERADA POR INVITACIÓN COMPRA ÁGIL 4605-107-AG24.",12
4605-199-AG25,"CLARO CHILE SPA, SUMINISTRO DE SERVICIOS POR UN PERIODO DE 24 MESES DE 18 PLAN DE DATOS DE BANDA ANCHA MÓVIL DE 300 GB, 5G, CONECTIVIDAD PARA 18 EQUIPOS MÓVILES, A CONTAR DEL 01-10-2025, GENERADA POR INVITACIÓN COMPRA ÁGIL 4605-118-COT25.",12
4609-176-AG26,Orden de Compra generada por invitación a compra ágil: 4609-89-COT26,12
4609-185-AG26,Orden de Compra generada por invitación a compra ágil: 4609-96-COT26,12
4609-204-SE26,PASAJES MOVILIZACION USUARIOS,4
4631-36-SE26,ORDEN DE COMPRA DESDE 4631-3-LR26,6
4635-153-CM26,2604231 GUANTES NITRILO - SUBDIRECCION ODONTOLOGICA,6
4642-204-SE26,2502742 CONTRATACIÓN DEL SERVICIO DE ASEO INTEGRAL PARA EL CONSULTORIO DE CALAMA PERTENECIENTE A LA RED SALUD DE CARABINEROS DE CHILE POR UN PERIODO DE 36 MESES. ORDEN DE COMPRA DESDE 4642-183-LP25,4
4642-539-CM26,"2605476,264866,2605027, y 2605366 - MATERIALES DE CONSTRUCCION PARA HOSPITAL DE CARABINEROS, SERVICIOS Y C.MEDICOS DE LA RED DE SALUD DE CARABINEROS.",4
4649-32-SE26,Alimentos R. N. Carlota Marzo 2026,4
4649-33-SE26,Alimentos Carlota Abril 2026,4
4679-45-SE26,"Adq. Bolardos, ORDEN DE COMPRA DESDE 4679-8-LE26",6
4686-385-TD26,Orden de Compra generada por Trato Directo ID 4686-238-FTD26,6
4686-387-TD26,Orden de Compra generada por Trato Directo ID 4686-240-FTD26,6
4732-121-AG26,"Adquisición de espejo panorámico para distintos puntos de la comuna, Dirección de Seguridad Pública",4
4734-63-SE26,Materiales de Aseo Jardin Abejitas Felices,6
4755-4-TD26,Orden de Compra generada por Trato Directo ID 4755-4-FTD26,12
4766-3499-SE26,ADQUISICION CONTRATO DE SUMINISTRO ARTICULOS DE ESCRITORIO DEPARTAMENTO DE SALUD LA CRUZ 2026 SEGUN LICITACION PUBLICA ID 4766-1-LE26,4
4776-1131-AG25,Compra Ágil: 4776-774-COT25 CONTRATACIÓN DE JARDÍN INFANTIL FUNCIONARIA CAPREDENA LIMACHE,12
4776-1291-SE24,SERVICIO DE JARDÍN INFANTIL FUNCIONARIA CENTRO LIMACHE SRA. ROCIO CELIS (T.D.) 10/7/f,12
4776-146-AG26,Servicio de sala cuna funcionaria M. Hartard.  Compra ágil: 4776-116-COT26,12
4776-164-AG25,"CONTRATACIÓN DEL SERVICIO DE JARDÍN INFANTIL, FUNCIONARIA JACQUELINE TERESA GONZÁLEZ VERA , CITRIX 56.612, CA 4776-87-COT25",12
4776-219-AG26,Compra Ágil: 4776-145-COT26 Servicio de Jardín Infantil Funcionaria Centro Capredena Santiago,12
4776-33-AG26,JARDÍN INFANTIL FUNCIONARIA CRLF compra ágil: 4776-15-COT26,12
4776-36-AG26,CONTRATACIÓN DEL SERVICIO DE JARDÍN INFANTIL PARA HIJO DE FUNCIONARIA DEL CENTRO DE SALUD Y REHABILITACIÓN CAPREDENA LIMACHE (CLAUDIO APABLAZA) compra ágil: 4776-17-COT26,12
4776-569-SE25,CONTRATACIÓN DEL SERVICIO DE TRASLADO DE PACIENTES AMBULATORIOS TIXI,12
4776-742-SE24,SERVICIO DE TRASLADO DE PACIENTES AMBULATORIOS PARA EL CENTRO DE REHABILITACION CAPREDENA LA FLORIDA Y CENTRO DE SALUD CAPREDENA SANTIAGO (Licitación 4776-29-LE24),12
4776-949-SE25,SERVICIO DE SALA CUNA JORNADA COMPLETA EN LA COMUNA DE VALPARAÍSO REGIÓN DE VALPARAÍSO (Lic. 4776-36-LE25),12
4779-184-AG26,FFVV - ONDANSETRON 8 MG COMPRIMIDO - MARZO 2026,12
4779-278-AG26,FFVV - PREDNISONA 20 MG COMPRIMIDO - ABRIL 2026,12
4779-359-AG26,FFVV - ONDANSETRON 4 MG COMPRIMIDO - ABRIL 2026,12
4779-409-SE26,FFVV - MICOFENOLATO 500 MG CM - MAYO 2026,6
4817-1505-SE26,MEDIO DE DIAGNÓSTICO IOPRAMIDE,12
4817-1556-SE26,CATÉTERES,12
4817-1606-CM26,Orden de Compra: 4817-1606-CM26,12
4817-1618-SE26,CIRCUITOS Y SENSORES PARA VENTILADORES MECANICOS Y OTROS  ,12
4817-1629-SE26,INSUMOS PARA TRAQUEOSTOMÍA,12
4817-1695-AG26,Orden de Compra generada por invitación a compra ágil: 4817-247-COT26,12
4817-1696-AG26,Orden de Compra generada por invitación a compra ágil: 4817-249-COT26,12
4817-1717-SE26,SUMINISTRO DE GASES CLÍNICOS PARA HOSPITAL LINARES,12
4817-1734-SE26,SUMINISTRO DE GASES CLÍNICOS PARA HOSPITAL LINARES,12
4817-1735-SE26,SUMINISTRO DE GASES CLÍNICOS PARA HOSPITAL LINARES,12
4817-1741-CM26,Orden de Compra: 4817-1741-CM26,12
4817-1747-SE26,SUMINISTRO DE GASES CLÍNICOS PARA HOSPITAL LINARES,12
4819-63-AG26,Orden de Compra generada por invitación a compra ágil: 4819-39-COT26,6
4819-65-AG26,Orden de Compra generada por invitación a compra ágil: 4819-48-COT26,6
482-505-TD26,Orden de Compra generada por Trato Directo ID 482-131-FTD26,6
482-510-TD26,Orden de Compra generada por Trato Directo ID 482-137-FTD26,12
482-515-TD26,Orden de Compra generada por Trato Directo ID 482-144-FTD26,6
482-530-TD26,Orden de Compra generada por Trato Directo ID 482-146-FTD26,12
482-538-TD26,Orden de Compra generada por Trato Directo ID 482-163-FTD26,6
482-542-TD26,Orden de Compra generada por Trato Directo ID 482-168-FTD26,6
482-544-TD26,Orden de Compra generada por Trato Directo ID 482-170-FTD26,6
482-546-TD26,Orden de Compra generada por Trato Directo ID 482-173-FTD26,6
482-550-TD26,Orden de Compra generada por Trato Directo ID 482-180-FTD26,6
482-552-TD26,Orden de Compra generada por Trato Directo ID 482-181-FTD26,6
482-554-TD26,Orden de Compra generada por Trato Directo ID 482-183-FTD26,6
482-555-TD26,Orden de Compra generada por Trato Directo ID 482-184-FTD26,12
482-557-TD26,Orden de Compra generada por Trato Directo ID 482-186-FTD26,6
482-558-TD26,Orden de Compra generada por Trato Directo ID 482-175-FTD26,6
482-559-TD26,Orden de Compra generada por Trato Directo ID 482-177-FTD26,6
482-561-TD26,Orden de Compra generada por Trato Directo ID 482-188-FTD26,12
482-564-TD26,Orden de Compra generada por Trato Directo ID 482-189-FTD26,6
482-569-TD26,Orden de Compra generada por Trato Directo ID 482-196-FTD26,6
482-571-TD26,Orden de Compra generada por Trato Directo ID 482-197-FTD26,6
482-572-TD26,Orden de Compra generada por Trato Directo ID 482-199-FTD26,6
482-578-TD26,Orden de Compra generada por Trato Directo ID 482-206-FTD26,12
482-581-TD26,Orden de Compra generada por Trato Directo ID 482-143-FTD26,12
482-592-TD26,Orden de Compra generada por Trato Directo ID 482-220-FTD26,12
482-594-TD26,Orden de Compra generada por Trato Directo ID 482-222-FTD26,6
482-595-TD26,Orden de Compra generada por Trato Directo ID 482-223-FTD26,12
482-597-TD26,Orden de Compra generada por Trato Directo ID 482-225-FTD26,12
482-598-TD26,Orden de Compra generada por Trato Directo ID 482-226-FTD26,12
482-599-TD26,Orden de Compra generada por Trato Directo ID 482-227-FTD26,6
482-600-TD26,Orden de Compra generada por Trato Directo ID 482-228-FTD26,12
482-602-TD26,Orden de Compra generada por Trato Directo ID 482-230-FTD26,6
482-603-TD26,Orden de Compra generada por Trato Directo ID 482-231-FTD26,6
482-608-TD26,Orden de Compra generada por Trato Directo ID 482-236-FTD26,6
482-609-TD26,Orden de Compra generada por Trato Directo ID 482-166-FTD26,12
482-610-TD26,Orden de Compra generada por Trato Directo ID 482-237-FTD26,6
482-611-TD26,Orden de Compra generada por Trato Directo ID 482-238-FTD26,6
482-612-TD26,Orden de Compra generada por Trato Directo ID 482-239-FTD26,6
482-613-TD26,Orden de Compra generada por Trato Directo ID 482-240-FTD26,6
482-614-TD26,Orden de Compra generada por Trato Directo ID 482-241-FTD26,6
482-617-TD26,Orden de Compra generada por Trato Directo ID 482-235-FTD26,6
482-619-TD26,Orden de Compra generada por Trato Directo ID 482-245-FTD26,6
482-635-TD26,Orden de Compra generada por Trato Directo ID 482-224-FTD26,6
482-636-TD26,Orden de Compra generada por Trato Directo ID 482-164-FTD26,6
4829-136-AG26,"Adquisición material de oficina Proempleo, compra ágil: 4829-126-COT26",6
4832-296-AG26,Orden de Compra ágil: 4832-43-COT26,4
4832-297-AG26,Orden de Compra ágil: 4832-50-COT26,4
483-264-AG26,Compra ágil: 483-175-COT26 ESCALERA PLEGABLE 2 PELDAÑOS,4
483-265-AG26,Compra ágil: 483-192-COT26 TALONARIO PERSONALIZADO,4
4856-151-SE26,S/A N°87 Adquisición  vildagliptina para el dpto de salud ,6
4856-152-SE26,S/A N°87 ADQUISICION  TRAMADOL PARA EL DPTO DE SALUD CESFAM ,6
4856-153-SE26,S/A N°87 Adquisición Isosorbide para el dpto de salud Cesfam ,6
4856-154-SE26,S/A N°87 BOLSA DE PAPEL BLANACA PARA EL DPTO DE SALUD CESFAM ,6
4858-427-AG26,Orden de Compra generada por invitación a compra ágil: 4858-283-COT26,6
4863-21-AG26,Orden de Compra generada por invitación a compra ágil: 4863-20-COT26,5
4863-22-AG26,Orden de Compra generada por invitación a compra ágil: 4863-21-COT26,4
4880-17-CC23,Servicio de arriendo de impresoras,12
4880-17-SE26,ORDEN DE COMPRA DESDE 4880-8-LE26,12
4894-45-AG26,Insumos Servicio de Café Orden de Compra generada por invitación a compra ágil: 4894-46-COT26,6
4894-54-AG26, COMPRA DE JABON Y DISPENSADORES - CAMPUS LAS HERAS Orden de Compra generada por invitación a compra ágil: 4894-49-COT26,6
4939-187-AG26,Columpios Colegio Juan José Latorre Sep 2026,6
494-1108-AG26,"REGULARIZACION CX MAXILOFACIAL ENERO, DESDE AG: 494-527-COT26",6
494-1121-AG26,"COMPRA EXTRA DENTAL MAYO, DESDE AG: 494-531-COT26",6
4968-143-AG26,(HUB) INSUMOS REHABILITACION KINESICA SOL.3,12
4968-652-AG26,(HUB) COMPRAS ESCRITORIO REPOSICION,12
4968-653-AG26,(HUB) INSUMOS DESAYUNO ALIMENTACION SOL.32-34,12
4968-679-CM26,(HUB) ABARROTES MAYO PERSONAL,12
4968-689-CM26,(HUB) ABARROTES MAYO PACIENTES,12
4968-722-CM26,(HUB) COMPRAS ASEO MAYO REPOSICION,12
4996-36-AG25,Servicio de desratización-202-DIDECO compra ágil: 4996-31-COT25,12
4996-5-AG26,Servicio de Alimentación - 113 - Departamento de Gestión Turística  compra ágil: 4996-6-COT26,12
4996-9-AG26,Servicio de catering-124-Programa Vínculos DIDECO compra ágil: 4996-7-COT26,12
5018-11-SE26,ORDEN DE COMPRA DESDE 5018-2-L126,6
5018-12-SE26,ORDEN DE COMPRA DESDE 5018-2-L126,6
5018-15-SE26,ORDEN DE COMPRA DESDE 5018-1-L126,6
5018-17-SE26,ORDEN DE COMPRA DESDE 5018-1-L126,6
5019-91-SE26, Material Impreso,12
5020-56-SE26,Adquisición de Materiales y Útiles Quirúrgicos para el CCM P.A,4
5020-57-SE26,Adquisición de Materiales y Útiles Quirúrgicos para el CCM P.A,4
5020-58-SE26,Adquisición de Materiales y Útiles Quirúrgicos para el CCM P.A,6
5020-59-SE26,Adquisición de Materiales y Útiles Quirúrgicos para el CCM P.A,4
5020-60-SE26,Adquisición de Materiales y Útiles Quirúrgicos para el CCM P.A,4
5020-61-SE26,Adquisición de Materiales y Útiles Quirúrgicos para el CCM P.A,4
5020-62-SE26,Adquisición de Materiales y Útiles Quirúrgicos para el CCM P.A,6
5020-63-SE26,Adquisición de Materiales y Útiles Quirúrgicos para el CCM P.A,4
5020-64-SE26,Adquisición de Materiales y Útiles Quirúrgicos para el CCM P.A,4
5036-22-AG26,ARTICULOS DE ESCRITORIO - Compra ágil: 5036-14-COT26,6
5051-1022-SE26,5051-90-LP25/220400400102/NEPRO X 237 ML/MAYO,6
5051-1031-SE26,5051-76-LP25/220400400102/PREGABALINA 75 MG/MAYO,6
5051-1032-SE26,5051-41-LP25/220400400102/VASELINA LIQUIDA 250 CC/MAYO,6
5051-1040-SE26,5051-90-LP25/220400400103/FIBROSIS QUÍSTICA/ENSURE VAINILLA TARRO DE 850 GRAMOS/MAYO,6
5051-1041-SE26,5051-65-LP25/220400400103/FIBROSIS QUÍSTICA/PEDIASURE POLVO VAINILLA/MAYO,6
5051-1042-SE26,5051-65-LP25/220400400103/FIBROSIS QUÍSTICA/GLUCERNA EN POLVO TARRO DE 850 GRAMOS/MAYO,6
5051-1045-AG26,AG/220400400102/DEXAMETASONA FOSFATO SODICO 4MG/1ML/MAYO,6
5051-1046-AG26,AG/220400400102/SOLUCION PARA CONSERVACION DE ORGANOS (EQUIVALENTE A BELZER UW)/MAYO,6
5052-527-AG26,CA/2204007002/MAQUINAS DE AFEITAR TIPLE HOJA/MAYO,6
5052-543-SE26,5052-21-LE25/2204001/LIBRO CONTABILIDAD/MAYO,6
5053-715-SE26,5053-34-LP26/2206005002/MANTENCIÓN CORRECTIVA MÁQUINAS TÉRMICAS/ABRIL,12
5053-732-SE26,5053-34-LP26/2206005001/MANTENCIÓN PREVENTIVA DE MÁQUINAS TÉRMICAS DATA CENTER Y HEAVY DUTY/ABRIL,12
5053-891-SE26,5053-86-LE25/2206006004/SERVICIO DE MANTENCION CORRECTIVA A EQUIPOS RX PHILIPS GRUPO A/MAYO,4
5053-939-SE26,5053-156-LQ24/2204003001/OXIGENO/MAYO,4
5061-241-AG26,SLP 438 ADQUISICIÓN DE PLACAS DE FOSFORO PARA EQUIPOS RADIOGRAFICOS DENTALES PARA ESTABLECIMIENTOS DESPENDIENTES DEL DEPARTAMENTO DE SALUD MUNICIPAL. ID: 5061-184-COT26,6
5067-1244-AG26,Orden de Compra generada por invitación a compra ágil: 5067-1167-COT26,6
5067-1260-AG26,"Orden de Compra generada por invitación a compra ágil: 5067-1180-COT26, Sol. 90197 cc 54",6
5083-287-SE26,ERP 903020  DESDE 5083-26-LE25,6
5083-295-SE26,PROG. PABELLON: ABRIL 2026 - DESDE 5083-3-LE26,12
511505-145-AG26,DEPTO. DE COMPUTACION,6
5124-143-AG26,Monitor taller de banda,6
5147-146-CM26,Pjes. aéreos Concejales y Alcalde,6
5147-148-AG26,Capacitación actualización en transparencia,4
5147-149-CM26,Pjes aéreos funcionarios Timaukel Day,6
514847-289-SE26,Exámenes Endoscopías Digestivas del DSM DESDE 514847-7-LE26,6
514848-173-AG26,Orden de Compra generada por invitación a compra ágil: 514848-99-COT26,12
514848-248-SE26,SERVICIO FOTOCOPIADO DEPARTAMENTO DE EDUCACION,12
514848-304-AG26,Orden de Compra generada por invitación a compra ágil: 514848-175-COT26,12
514848-327-SE26,TRANSPORTE ESCOLAR ESCUELA ÑERECO,12
514848-331-SE26,TRANSPORTE ESCOLAR LICEO JORGE TEILLIER,12
514848-334-SE26,TRANSPORTE ESCOLAR  ESTABLECIMIENTOS MUNICIPALES,12
514848-336-SE26,TRANSPORTE ESCOLAR  ESTABLECIMIENTOS MUNICIPALES,12
514848-343-SE26,TRANSPORTE ESCOLAR  ESTABLECIMIENTOS MUNICIPALES,12
514848-346-SE26,TRANSPORTE ESCOLAR  ESTABLECIMIENTOS MUNICIPALES,12
514848-365-AG26,Orden de Compra generada por invitación a compra ágil: 514848-163-COT26,6
514848-368-AG26,Orden de Compra generada por invitación a compra ágil: 514848-153-COT26,6
5153-815-AG26,"MFV_TONER HP pro m454 - FOLIO 395, OCI 214730 - 5153-866-COT26",5
5153-849-AG26,ADQUISICIÓN DE CABLE DE FIBRA ÓPTICA: 5153-829-COT26,6
5158-31-AG26,"La Universidad de La Serena requiere la provisión e instalación de Cinco (5) postes metálicos cónicos de 6 metros de altura, los cuales deben contar con cinco (5) luminarias LED solares de 60 W, con panel solar móvil: 5158-26-COT26",12
5158-56-AG26,MODIFICACIÓN DEL SISTEMA DE DESCARGA A RED DE ALCANTARILLADO EN LA COCINA DEL CASINO: 5158-43-COT26,5
5178-1646-AG26,720201/B5/SP 1045951/GP/COT 5178-2203-COT26,6
5178-1704-AG26,150185/B5/SP 1046544/ID 5178-2327-COT26 JL,12
5178-1804-AG26,400111/B1/SP 1048406 MH a compra ágil: 5178-2438-COT26,12
5178-1988-AG26,67/B5/SP 1049725/5178-2619-COT26/NG,12
5178-2051-AG26,260106/91/SP 1028141 PREGRADO 91/ CANASTA 1021/5178-2665-COT26/NG,12
5178-2070-AG26,130101/B1/SP  1049529/ 5178-2694-COT26/BA ,12
5178-2091-AG26,10/B5/SP 1050405/5178-2687-COT26/NG,6
5178-2111-AG26,150185/B1/SP 1050829/ 5178-2749-COT26/NG,6
5178-2116-AG26,260106/ B91/SP 1025781/PREGRADO B91/CANASTA UNICA 725/GP,6
517873-24-SE26,SERVICIO DE IMPRESION,12
517903-39-AG26,Orden de Compra generada por invitación a compra ágil: ADQUISICION SILLAS COMANDO CONJUNTO AUSTRAL,6
517903-40-AG26,ADQUISICION DE RECARGA DE AGUA PURIFICADA,6
517903-41-CM26,Orden de Compra: PASAJE AEREO PERSONAL DEL CCA,6
5188-263-SE26,"ARRIENDO DE CILINDROS, OXIGENOTERAPIA LICITACION N° 5188-4-LR23 2204003001, KMZ",4
5188-265-AG26," CARPETAS OFICIO ID:5188-206-COT26(AG,CAPACITACION,2204001,BHN)",6
5188-275-CM26,"INSUMOS DE OFICINA (CM,TRANSVERSAL,2204001,MTM)",6
5190-149-AG26,CASA LYON - MANTENCION E INSTALACION DE SISTEMA DE RIEGO,6
5196-349-AG26,RAA GAG 125 Rollo nylon 5196-387-COT26,6
5196-373-AG26,FZAS001 CERRADURA ACCESO 5196-400-COT26,6
5215-250-AG26,Orden de Compra generada por invitación a compra ágil: 5215-270-COT26,6
5215-256-AG26,Orden de Compra generada por invitación a compra ágil: 5215-252-COT26,6
5221-14-AG26,Orden de Compra generada por invitación a compra ágil: 5221-14-COT26,4
5221-15-AG26,Orden de Compra generada por invitación a compra ágil: 5221-11-COT26,4
5225-72-SE26,ADQ. MATERIAS PRIMAS PARA PASTELERÍA NAVAL,6
5251-301-AG26,Materiales Laboratorio Fabricación_ desde compra ágil: 5251-269-COT26,6
5254-1198-CM26,Orden de Compra: 5254-1198-CM26,12
5254-1211-CM26,Orden de Compra: 5254-1211-CM26,12
5254-1212-CM26,Orden de Compra: 5254-1212-CM26,12
5254-1214-CM26,Orden de Compra: 5254-1214-CM26,12
5254-1215-CM26,Orden de Compra: 5254-1215-CM26,12
5254-1218-CM26,Orden de Compra: 5254-1218-CM26,12
5254-1219-CM26,Orden de Compra: 5254-1219-CM26,12
525512-156-AG26,Orden de Compra generada por invitación a compra ágil: 525512-120-COT26,6
525512-160-AG26,Orden de Compra generada por invitación a compra ágil: 525512-123-COT26,6
525800-143-AG26,Orden de Compra generada por invitación a compra ágil: 525800-165-COT26 NP 336,12
525800-151-AG26,Orden de Compra generada por invitación a compra ágil: 525800-174-COT26 NP 350,12
525800-166-AG25,Orden de Compra generada por invitación a compra ágil: 525800-150-COT25 NP 361,12
5326-635-SE26,SUMINISTRO DE MEDICAMENTOS COMPRIMIDOS ORALES INYECTABLES Y OTROS ABRIL 2026,6
5338-289-AG26,"ADQUISICIÓN DE ARTICULOS PARA USO EN DEPENDENCIAS DE LA FEUM, SOL. 5338-136-COT26, SOL. 157067",6
5338-291-TD26,Orden de Compra generada por Trato Directo ID 5338-49-FTD26,6
5338-292-AG26,____C.A. – ADQUISICION DE BOMBAS PARA CIRCULACIÓN DE AGUA UMAG. SOL.157408,4
5338-293-AG26,"ADQUISICIÓN DE PANELES LED PARA MEJORAR LA ILUMINACION DE LOS ESPACIOS DE TRABAJO, SOL. 156893",4
5349-1034-AG26,ADQUISICIÓN DE TERCIADO ESTRUCTURAL,4
5349-1035-AG26,ADQUISICIÓN DE TRANSDUCTOR + TOCOTRANSDUCTOR,6
5349-1036-AG26,ADQUISICIÓN DE PATOS URINARIOS ,6
5349-1037-AG26,ADQUISICIÓN DE KIT TECLADO + MOUSE ALAMBRICO ,4
5349-1038-CM26,ADQUISICIÓN DE COMBUSTIBLE DIESEL PARA VEHICULOS,4
5349-1039-AG26,ADQUISICIÓN DE ISOLADOR Y FOTOESTIMULADOR PARA EQUIPO DE ELECTROENCEFALOGRAFÍA,4
5349-1040-AG26,REPUESTO PARA MONITOR DE SIGNOS VITALES,4
5350-879-SE26,ORDEN DE COMPRA DESDE 5350-8-LE25,4
5350-935-AG26,"Compra ágil: 5350-143-COT26,  Caja para eliminación de material cortopunzante, Bodega Farmacia Central",4
5350-944-SE26,"ORDEN DE COMPRA CONVENIO SERVICIOS GASES CLINICOS, Y MEDICINALES DESDE 5350-29-LE24, Arriendo Periodo (1 al 30 de Abril 2026)",4
5350-945-CM26,Orden de Compra: 5350-945-CM26,4
5350-946-AG26,"Compra ágil: 5350-161-COT26, Celular para el manejo del Programa : ""Más Salud en Comunidad"", año 2026",4
5360-125-SE26,TALA DE ÁRBOL Y PODA DE PALMERA,4
538598-2499-TD26,Orden de Compra generada por Trato Directo ID 538598-56-FTD25,6
539119-1222-AG26,ADQUSICIÓN DE SERVICIO DE PROVISIÓN E INSTALACIÓN DE FILM EMPAVONADO EN DISTINTAS DEPEDENCIAS DEL DPTO. B.10 DE LA DIRECCIÓN DE BIENESTRA DE CARABINEROS PROVENIENTE DE LA COMPRA AGIL 539119-60-COT26 ,12
539119-1357-SE26,"SUMINISTRO DE ALIMENTOS PARA EL JARDIN INFANTÍL AYIWKULEY TAÑI PU PICHE CHE DE LA CIUDAD DE CONCEPCIÓN, SEGÚN SOLICITUD DE PEDIDO N°15 ADJUNTO, CORRESPONDIENTE AL MES DE MAYO 2026. DE LA DIRECCIÓN DE BIENESTAR DE CARABINEROS, LICITACION 539119-20-LE25.",12
539119-1365-SE26,"SUMINISTRO DE CARNES ROJAS PARA EL JARDÍN INFANTIL PASITOS VERDES SEGÚN SOLICITUD DE PEDIDO N°3 ADJUNTO, CORRESPONDIENTE AL MES DE MAYO 2026, DESDE LICITACIÓN 539119-62-LP25 DE LA DIRECCIÓN DE BIENESTAR DE CARABINEROS.",12
539119-1414-SE26,"SUMINISTRO DE ABARROTES PARA EL JARDIN INFANTIL PASITOS VERDES SEGÚN PEDIDO N°3 ADJUNTO, CORRESPONDIENTE AL MES DE MAYO 2026, DESDE LIC. 539119-58-LR25 DE LA DIRECCIÓN DE BIENESTAR DE CARABINEROS.",12
539119-1416-SE26,"SUMINISTRO DE ABARROTES PARA EL JARDIN INFANTIL PEQUEMUNDO SEGÚN PEDIDO N°3 ADJUNTO, CORRESPONDIENTE AL MES DE MAYO 2026, DESDE LIC. 539119-58-LR25 DE LA DIRECCIÓN DE BIENESTAR DE CARABINEROS.",12
539119-1474-SE26,"SUMINISTRO DE ALIMENTOS PARA EL JARDIN INFANTÍL AYIWKULEY TAÑI PU PICHE CHE DE LA CIUDAD DE CONCEPCIÓN, SEGÚN SOLICITUD DE PEDIDO N°17 ADJUNTO, CORRESPONDIENTE AL MES DE MAYO 2026. DE LA DIRECCIÓN DE BIENESTAR DE CARABINEROS, LICITACION 539119-20-LE25.",12
539119-1488-SE26,"SUMINISTRO DE CONFITERIA PARA EL JARDIN INFANTIL PEQUEMUNDO SEGÚN PEDIDO N°3 ADJUNTO, CORRESPONDIENTE AL MES DE MAYO 2026, DESDE LICITACIÓN 539119-83-LE24 DE LA DIRECCIÓN DE BIENESTAR DE CARABINEROS.",12
539119-4552-CM25,"Adquisición alimentos para el Jardín Infantil Concepción, según Orden de Compra: 539119-4552-CM25",12
5394-229-AG26,"ADQUISICIÓN DE ARTICULOS IMPRESOS DE DIFUSION PARA EL EDIFICIO CADI-UMAG CON CARGO AL PROYECTO MAG2495, SOL. 156935",6
5394-230-TD26,Orden de Compra generada por Trato Directo ID 5394-44-FTD26,6
5394-231-AG26,"ADQUISICIÓN DE SENSOR PARA MEDIR PROFUNDIDAD EN LUGAR DE ESTUDIO CON CARGO AL PROYECTO IT25I0050, SOL. 156853",4
5394-232-AG26,"ADQUISICIÓN DE MATERIALES DE FERRETERIA EN EL MARCO DEL PROYECTO INGENIERIAS 2030 UATONOMA-UMAG, SOL. 157020",4
5394-233-TD26,Orden de Compra generada por Trato Directo ID 5394-45-FTD26,4
539778-2-SE26,SERVICIO DE RETIRO BASURA NOVIEMBRE Y DICIEMBRE,12
539778-51-SE26,SERVICIO DE RETIRO DE BASURA FEBRERO,12
539778-56-AG26,ADQUISICIÓN DE KIT DE REPUESTOS PARA EQUIPOS DE BUCEO539778-80-COT26,12
5413-439-SE26,CONVENIO DE SUMINISTRO SERVICIO DE BANQUETERIA COFFE BREAK PARA LA UNIVERSIDAD DE LOS LAGOS,4
5413-440-CM26,Orden de Compra: 5413-440-CM26,4
5413-441-SE26,"CONVENIO DE SUMINISTRO SERVICIO DE BANQUETERIA COFFE BREAK PARA LA UNIVERSIDAD DE LOS LAGOS, CAMPUS PUERTO MONTT",4
5413-445-AG26,ALCOHOL ETILICO DESNATURIZADO compra ágil: 5413-155-COT26,4
5416-455-AG26,Orden de Compra generada por invitación a compra ágil: 5416-322-COT26,4
5423-200-TD26,Orden de Compra generada por Trato Directo ID 5423-77-FTD26,6
5434-127-AG26,Insumos de Cafetería - Departamento de Química,12
5441-221-TD26,Orden de Compra generada por Trato Directo ID 5441-8-FTD26,12
5441-229-AG26,Orden de Compra generada por invitación a compra ágil: 5441-217-COT26,12
5441-231-AG26,Orden de Compra generada por invitación a compra ágil: 5441-196-COT26,6
5441-234-AG26,Orden de Compra generada por invitación a compra ágil: 5441-219-COT26,12
5441-243-AG26,Orden de Compra generada por invitación a compra ágil: 5441-216-COT26,6
5441-252-AG26,Orden de Compra generada por invitación a compra ágil: 5441-230-COT26,6
5441-665-SE25,SERVICIO DE CATERING,12
545598-332-AG26,Orden de Compra generada por invitación a compra ágil: 545598-382-COT26,6
548847-26-CM26,Orden de Compra: 548847-26-CM26,6
548850-43-CM26,Pasaje PBSI Andrea Leiva,6
548854-25-SE26,Retiro y cambio  luminarias_ascensor IPS Coquimbo,12
5490-41-AG26,Manteles VM20,6
5496-10-AG26,Colaciones en la Comuna de Temuco y Galvarino,12
550574-11-AG26,Orden de Compra generada por invitación a compra ágil: 550574-13-COT26,6
550716-4-CM26,Seguro Vida-Salud Abril 2026,12
551029-13-AG26,"Adquisición pañales según Resolución N° 214 de 15.05.2026, vía compra ágil 551029-14-COT26., PROGRAMA ORASMI.-",6
5517-185-AG26,"Sol. 494, Pizarras blancas magnéticas, Operaciones",12
552010-29-AG26,Orden de Compra generada por invitación a compra ágil: 552010-26-COT26,6
5520-3104-SE26,Suministro de Maxisacos. Lic.5520-42-R125,6
5520-3123-TD26,Orden de Compra generada por Trato Directo ID 5520-42-FTD26,6
5520-3141-SE26,SERVICIO DE GESTIÓN HOTELERA A NIVEL NACIONAL. 5520-71-LR22-RENOVACION,6
5521-29-AG26,Orden de Compra generada por invitación a compra ágil: 5521-26-COT26,4
5521-30-AG26,Orden de Compra generada por invitación a compra ágil: 5521-28-COT26,4
5521-31-AG26,Orden de Compra generada por invitación a compra ágil: 5521-29-COT26,4
5521-32-AG26,Orden de Compra generada por invitación a compra ágil: 5521-30-COT26,4
5525-91-AG26,CC1618: Volante control USB,6
553153-3-AG26,"Compra ágil: 553153-5-COT26, caso N°11",12
553463-22-AG26,Compra ágil: 553463-22-COT26 PAÑALES CASO N° 45,6
553463-23-AG26,Compra ágil: 553463-23-COT26 PAÑAL CASO N° 46,6
5538-2-CM26,"SG:PAPEL IMPRESIÓN OFICIO P.04, SOL.59710",12
5538-392-SE25,CHEE:SERVICIO DE ASEO Y JARDINERÍA,12
5538-39-SE26,CE:TRANSPORTE ESCOLAR JARDÍN PURINGUE RICO,12
5538-41-SE26,CE: TRANSPORTE ESCOLAR JARDÍN ALKALITOS,12
5538-45-SE26,CE:TRANSPORTE ESCOLAR JARDÍN CULTIVANDO SUEÑOS Y ALEGRIAS,12
5538-46-SE26,CE:TRANSPORTE ESCOLAR JARDÍN KUYULKAMAN,12
5538-47-SE26,CE:TRANSPORTE ESCOLAR JARDÍN RAICES DE LA ÑUKE MAPU,12
5538-49-SE26,CE:TRANSPORTE ESCOLAR JARDÍN RELMU LAFKEN,12
5538-50-SE26,CE:TRANSPORTE ESCOLAR JARDÍN PILMAIKEN,12
5575-73-AG26,Orden de Compra generada por invitación a compra ágil: 5575-77-COT26,6
557639-627-SE26,SERVICIO DE MANTENIMIENTO PREVENTIVO Y CORRECTIVO DE EQUIPOS DENTALES,6
557974-183-AG26,eq. e ins. de podologia compra ágil: 557974-153-COT26 para S-504 pedido 11109,6
557974-189-AG26,relojes controles biométricos con conexión ethernet compra ágil: 557974-182-COT26 para S-503 y S-508 pedidos 11171 y 11172,6
5584-57-AG26,"Mantención preventiva microscopios y lupas, Orden de Compra generada por invitación a compra ágil: 5584-47-COT26",4
5586-1172-AG26,M/D  MATERIALES  DE OFICINA Orden de Compra generada por invitación a compra ágil: 5586-949-COT26,6
5586-1399-AG26,J/G Adquisición de fertilizante para campo Maquehue,6
5586-1404-AG26,J/T  KIT DE BRACKETS Orden de Compra generada por invitación a compra ágil: 5586-1120-COT26,4
5586-1405-AG26,S/C ANTIVIRUS Orden de Compra generada por invitación a compra ágil: 5586-1091-COT26,4
5590-225-CM26,Mayordomía INTA (2001) s/c 19622,4
5592-79-SE26,REPARACIÓN C-9544 BIDEMA VALDIVIA,12
5592-92-SE26,MANTENCIÓN J-10101 BICRIM VALDIVIA,12
5613-146-AG26,ARTICULOS DEPORTIVOS (1189) 5613-169-COT26,6
5615-279-AG26,"SERVICIO DE COCTELERÍA D.E N°920 MESA DE TRABAJO PARA EL DESARROLLO ESTRATÉGICO Y GESTIÓN DE AVANCES DE LA ASOCIACIÓN LAJA DIGUILLIN, REQ ADM N°135 ",12
5615-308-AG26,"ADQUISICIÓN DE LUBRICANTES PARA MANTENIMIENTO DE CAMIONES Y MAQUINARIA MUNICIPAL, SEGUN REQ ADM N°139",6
5615-318-AG26,"SERVICIO DE DESRATIZACIÓN, DESINSECTACIÓN, CONTROL DE PALOMAS PARA DEPENDENCIAS MUNICIPALES Y SANITIZACIÓN REQ. ADM N°130",6
5615-319-AG26," ALIMENTOS PARA PROGRAMA ""CONOCIENDO EMPRENDIMIENTO FEMENINO EXITOSO EN LA COMUNA"" PMJH 2026, SEGUN REQ DIDECO N°147",6
5615-320-AG26,"MATERIAL DE LIBRERIA STOCK BODEGA MATERIALES, SEGUN REQ DAF N°17",4
5615-321-AG26,"ROLLO PVC ANTIDESLIZANTE Y DISPENSADORES DE TOALLA DE PAPEL USO DISTINTAS UNIDADES MUNICIPALES, SEGÚN REQ DAF N°18",4
564162-319-AG26,11 - 90821 - trípticos,12
564162-342-AG26,11 - 90888 - notebook,4
564162-344-AG26,112 - 90858 - Homogenizador portátil,4
564162-345-AG26,101 - 90900 - Paneles y totem,4
5647-84-SE26,RE.094.24 SERVICIO DE MANTENCIÓN PREVENTIVA Y REPA,6
564845-32-AG26,ADQUISICIÓN DE ELEMENTOS DE PROTECCIÓN PERSONAL,6
564953-442-CM26,Orden de Compra: 564953-442-CM26,6
564953-472-SE26,MUEBLES EDUCACIÓN DESDE 564953-7-LP26,6
5666-12-AG26,LIBROS PARA EL CENTRO DE LENGUAS Y CULTURAS DEL MUNDO,4
5666-13-AG26,"Compra ágil: 5666-14-COT26, Monitor e Impresora con tintas adicionales",4
5667-42-CM26,Orden de Compra: 5667-42-CM26,12
5667-44-AG26," SERVICIO DE SALON Y AMPLIFICACION, S.C. N°9, CRM, EDUCACION, CVG",6
5667-46-AG26,"SERVICIO DE SALON Y CATERING, S.C. N°1, MND, EDUCACION, CVG",6
5679-7-AG26,Orden de Compra generada por invitación a compra ágil: 5679-4-COT26,6
568658-711-AG26,Orden de Compra generada por invitación a compra ágil: 568658-746-COT26,5
5702-332-AG26,CRS ARICA- COMPRA INSUMOS COMPUTACIONALES-compra ágil: 5702-103-COT26,12
5737-20-AG26,MANTENCIÓN DE ÁREAS VERDES JUNAEB LOS RÍOS,12
5737-9-SE26,"SUMINISTRO, REPOSICIÓN, REPARA.Y DIST. LENTES SSMM",12
5740-140-AG26,MANTENCIÓN EQUIPO MÉDICO Y DENTAL POLICLINICO DEL PERSONAL,6
5742-23-SE26,SERVICIO CATERING TALLER EMBARCACIONES E IMPRESION,9
5767-49-SE26,RE.139.24VP Suministro de Merchandising,5
577290-58-AG26,Compra ágil: 577290-33-COT26_ ADQUISICIÓN DE PASAJES AEREOS NACIONALES PUNTA ARENAS - PUERTO WILLIAMS- PUNTA ARENAS,6
578459-432-AG26,MEDICAMENTOS- MEMO 117-12/26-ROMINA ALMUNA-CESFAM LA ISLITA: 578459-420-COT26,5
580075-73-AG26,Orden de Compra generada por invitación a compra ágil: 580075-46-COT26,6
5840-14-AG26,Orden de Compra generada por invitación a compra ágil: 5840-16-COT26,4
587-200-AG26,Selico N°182/2026 Servicio de Transcripción,6
588809-149-AG26,Orden de Compra generada por invitación a compra ágil: 588809-141-COT26,6
5898-1-CM26,INSUMOS DE ASEO MAYO 2026,6
591-150-CM26,CM-NX-COMPRA FÓRMULA MONOMÉRICA NEOCATE REGIÓN ARAUCANÍA-MOP,6
591-151-CM26,CM-NX-COMPRA FÓRMULA MONOMÉRICA NEOCATE REGIÓN METROPOLITANA-MOP,6
592-36-SE26,ORDEN DE COMPRA ITEM 9 DE LA ID 592-60-LR25,6
5942-91-TD26,Orden de Compra generada por Trato Directo ID 5942-22-FTD26,6
5955-248-AG26,SEMILLAS DE HORTALIZAS ,6
5955-251-TD26,Orden de Compra generada por Trato Directo ID 5955-13-FTD26,9
602-101-AG26,SP17 ALIMENTOS JORNADAS ESC RIO NEGRO (602-86-COT26),4
605-198-AG26, compra ágil: 605-92-COT26 MATERIALES Y UTILES DE ASEO,4
605-199-SE26,SERVICIO DESPACHO CORRESPONDENCIA 2026,4
605-200-TD26,Orden de Compra generada por Trato Directo ID 605-55-FTD26,4
608-1510-SE26,(PBH) INSUMOS FEBRERO - FPKIT416562. KIT ALTO FLUJO AEROGEN Y CANULA OJR2 INFANTIL L ,12
608-3281-SE26,"(PBH) INSUMOS MARZO - MANGA LAPAROSCOPIA 20-25CM X 2,5 A 3MT - 608-150-LR25",12
608-4229-SE26,(NPS) INSUMOS ABRIL- ADHESIVO DE GASA 15CM X 10MTS./	608-120-LQ24,12
608-5069-SE26,(BBV) 608-56-LP25,12
608-5118-SE26,(NPS) INSUMOS MAYO- KIT DE GTM PERCUTANEA ENDOSCOPICA TIPO PULL 4FR 608-4-LQ23,12
608-5145-TD26,Orden de Compra generada por Trato Directo ID 608-69-FTD26,12
608-5198-SE26,(NPS) INSUMOS MAYO - CABESTRILLO DE BRAZO TALLA L CABESTRILLO DE BRAZO TALLA M CABESTRILLO DE BRAZO TALLA S  	608-251-LP25,12
608-5208-SE26,(NPS) INSUMOS MAYO - KIT ALTO FLUJO AEROGEN Y DUET LARGE ADULTO // 	608-86-LR25,12
608-5222-SE26,(NPS) INSUMOS MAYO - CATETER SWAN GANZ / CVC PED / INTRODUCTOR SWAN GANZ //	608-12-LR26,6
608-5240-SE26,(NPS) INSUMOS MAYO - TUBO ENDOTRAQUEAL C/BALON  //	608-45-LE26,12
608-5318-SE26,(NPS) INSUMOS MAYO - SONDA FOLEY 2 VIAS 14FR BALON 5-15 CC//	608-114-LQ24,12
608-5319-SE26,(NPS) INSUMOS MAYO - TELA DE SEDA 2.5CM X 9MT/	608-198-LR23,12
608-5320-SE26,(NPS) INSUMOS MAYO- VENDA YESO 15 CM X 3MT//	608-198-LR23,12
608-5323-SE26,(NPS) INSUMOS MAYO - SET OSTOMIA 2 PIEZAS PLANA/SET OSTOMIA 1 PIEZA CONVEXA//SET PLACA CONVEXA//	608-183-LQ24,12
608-5350-SE26,(ERR) Bolsa plástica transp. 110 X 80 (B. Economat,12
608-5382-SE26,PLC BODEGA CENTRAL - MAYO ORDEN DE COMPRA DESDE 608-260-LR24,12
608-5396-SE26,PLC BODEGA CENTRAL - MAYO ORDEN DE COMPRA DESDE 608-32-LR25,12
608-5414-SE26,PLC BODEGA CENTRAL - MAYO INSUMOS MAYO-APOSITO ADHESIVO TRANSP. + PAD OVALADO 9 X 10CM,12
608-5426-SE26,ern LABORATORIO - MAYO ORDEN DE COMPRA DESDE 608-269-LR25 RES. EXENTA N°5881 12-12-25,12
608-5467-SE26,(EAA) Sum. Accesorios equipos médicos,12
608-5468-SE26,PLC BODEGA CENTRAL - MAYO  INSUMOS JUNIO-JERINGA 3 CC ENFIT JERINGA 10,12
608-5484-SE26,PLC BODEGA CENTRAL - MAYO ORDEN DE COMPRA DESDE 608-102-LQ22 RES. EXENTA N°6150 17-08-22,12
608-5488-SE26,PLC BODEGA CENTRAL - MAYO ORDEN DE COMPRA DESDE 608-188-LP25,12
608-5489-SE26,PLC BODEGA CENTRAL - MAYO ORDEN DE COMPRA DESDE 608-188-LP25,12
608-5498-SE26,PLC BODEGA CENTRAL - MAYO ORDEN DE COMPRA DESDE 608-120-LQ24 RES. EXENTA N°62 14-01-25,12
608-5676-SE26,"(FGC) PAB PED MAY - 224P611 ASAS POLIPEPTOMIA DESECH 230CM, LAZO DE 10MM - 608-42-LP25 / Res N°3450 21.07.25",12
608-5844-SE26,(TTV) PAB PED MAYO PAPILOTOMO 608-236-LQ23 1827 / 25-03-2024,6
608-6024-CM26,(ERR) Insumos clínicos (B. Insumos),6
608-6030-AG26,Orden de Compra generada por invitación a compra ágil: 608-3133-COT26,6
608-6043-SE26,(FGC) PAB PED MAY - AGUJA NEUROESTIMULACION PLEXO22G 0.70 X 50MM - 608-182-LQ23 / Res N° 8087 24.11.23,6
608-6066-SE26,(FGC) PAB PED MAY - LINEA VENOSA 8M - 608-16-LR26 / Res N° 1891 14.05.26,6
608-6096-CM26,(CME) GUANTE NITRILO S-M,5
608-6101-CM26,(FGC) #44655 SDGC PED - COLCHONES VISCOELÁSTICOS ,4
608-6102-AG26,"(FGC) #44380 PAB PED - FRESAS ESTRIADAS Y SOFT PARA MOTOR, COMPATIBLES CON EQUIPO STRYKER - 608-3166-COT26",4
608897-87-AG26,Orden de Compra generada por invitación a compra ágil: 608897-29-COT26,6
609-108-AG26,Curso de Conducción Eficiente – Modalidad Asincrónica,6
613419-18-AG26,Orden de Compra generada por invitación a compra ágil: 613419-15-COT26,6
617807-2583-TD26,Orden de Compra generada por Trato Directo ID 617807-334-FTD26,6
617807-2815-AG26,CLP Orden de Compra generada por invitación a compra ágil: 617807-1081-COT26,6
619133-2497-SE26,MAM OC DESDE 619133-97-LE24 PEDIDO JUNIO 2026,6
619133-2523-SE26,MTG ORDEN DE COMPRA DESDE 619133-24-LE25	,6
619133-2524-SE26,MAM OC DESDE 619133-2-LQ24 PEDIOD JUNIO 2026,6
619133-2535-SE26,MAM OC DESDE 619133-84-R224 PEDIDO JUNIO ,6
619133-2540-SE26,MAM OC DESDE 619133-179-LE25 PEDIDO JUNIO 2026,6
619133-2545-SE26,MAM OC DESDE 619133-131-R125 PEDIDO JUNIO 2026,6
619133-2546-SE26,MAM OC DESDE 619133-60-LE24 PEDIDO JUNIO 2026,6
619133-2558-SE26,MPAL. PEDIDO ANATOMIA PATOLOGICA,4
619133-2572-SE26,MPAL. PEDIDO ANATOMIA PATOLOGICA,4
619133-2576-SE26,MPAL. PEDIDO ANESTESIA Y PABELLON,4
619133-2577-SE26,MAM OC DESDE 619133-25-LE25 PEDIDO JUNIO 2026,6
619133-2608-SE26,MAM OC DESDE 619133-53-R124 SOL.26000907,6
619133-2614-AG26,(JCTL ) ADQUISICIÓN DE CORSET TIPO TLSO MEMO N° 01  Orden de Compra generada por invitación a compra ágil: 619133-569-COT26,6
619133-2616-SE26,MAM OC DESDE 619133-54-LE24 SOL.26000915,5
619133-2699-TD26,Orden de Compra generada por Trato Directo ID 619133-524-FTD26,6
619284-1692-AG25,Contrato de Arriendo Dispensadores de Agua ,12
619568-67-SE26,ORDEN DE COMPRA DESDE 619568-18-CO24 NP 1028,12
619568-68-SE26,ORDEN DE COMPRA DESDE 619568-18-CO24 NP 1028,12
619568-74-TD26,Orden de Compra generada por Trato Directo ID 619568-1-FTD26,6
621-341-TD26,Orden de Compra generada por Trato Directo ID 621-66-FTD26,6
622134-78-SE26,SERVICIO DE MANTENIMEINTO DE REDES DE ALCANTARILLADO Y RECINTOS SANITARIOS DEL EEB AÑO 2026,4
623-273-AG26,SI - Suscripciones anuales de medios escritos y digital. ,4
623-275-AG26,SI - Renovación suscripciones anuales de medios escritos y digital.,4
627786-62-CM26,COM RANCHO ADQ: POSTRES Y OTROS,12
627786-84-CM26,"COM RANCHO: ADQ POSTRES, CONGELADOS Y OTROS",12
629373-119-AG26,Orden de Compra generada por invitación a compra ágil: 629373-127-COT26,4
629373-122-AG26,Orden de Compra generada por invitación a compra ágil: 629373-128-COT26,4
630424-247-SE26,SERVICIO DE INTERNET OFICINAS DAEM,12
630-85-AG26,COMPRA NEUMATICOS ATACAMA,4
630-86-AG26,COMPRA NEUMATICOS BIOBÍO,4
630-87-AG26,COMPRA NEUMATICOS ÑUBLE,4
635-510-AG26,ADQUISICIÓN DE INSTRUMENTAL MÉDICO PARA EL PROGRAMA DE SALUD DE LA MUJER. OT 157.,6
638-75-AG26,SERVICIO DE PRODUCCIÓN PARA ENTREGA DE PROYECTOS DS19 SAUCES 1 y 2. Orden de Compra generada por invitación a compra ágil: 638-44-COT26,6
643-112-AG26,ADQUISICIÓN ART. DE ESCRITORIO,12
643-115-AG26,TRASLADO FUNCIONARIOS OFICINA ISLA DE PASCUA,6
643553-206-AG26,DULOXETINA,6
643553-291-AG26,CAJAS DE MERCADERÍA,6
643553-296-AG26,HERRAMIENTA COMUNICACIONAL VISUAL,4
647694-2347-SE25,ORDEN DE COMPRA DESDE 647694-25-LE25,12
650-45-AG26,Materiales Varios compra ágil: 650-34-COT26,5
652-138-AG26,PEDALERAS a compra ágil: 652-77-COT26,6
654-175-SE26,SERVICIO DE REPARACIÓN CORRECTIVA ASCENSORES ,4
654-283-SE25,SERVICIO DE MANTENCIÓN Y REPARACIÓN DE ASCENSORES,12
654478-96-AG26,SUSCRIPCION ANUAL EL MERCURIO - LA SEGUNDA,12
673434-19-AG25,Orden de Compra generada por invitación a compra ágil: 673434-11-COT25,12
673720-2-CM26,Adquisición de Vales de Gas,12
677-9-SE26,54 TD Subt. 22 677-1-LE26,6
6-79-AG26,ADQ. DE RESMAS DE PAPEL ,6
682965-8-AG26,Orden de Compra generada por invitación a compra ágil: 682965-5-COT26,6
682965-9-AG26,Orden de Compra generada por invitación a compra ágil: 682965-6-COT26,4
685103-19-SE26,Arriendo Fotocopiadora,6
699866-6386-SE26,699866-121-LE25/2204005003/ (ASA) ELECTRODO COAGULACIÓN BOLA 5MM/MAYO,6
699866-6395-SE26,699866-156-LP25/2204005003/CAMPAÑA INVIERNO/CÁNULA DE ALTO FLUJO NASAL PEDIÁTRICA XXL/MAYO,6
699866-6406-CM26,CM/2204005003/BRANULA 20 Y 22G/MAYO,5
699866-6410-SE26,699866-41-lp26/2204005003/LISTA DE ESPERA ONCOLÓGICA/AGUJA DE INYECCION COLONOSCOPIA/MAYO,6
699866-6435-SE26,699866-14-LP25/2204005003/CATETER ARTERIAL 20 G X 80 MM /MAYO 2,6
699866-6451-SE26,699866-4-LP26/2204005003/CAMPAÑA DE INVIERNO/GUANTE ESTERIL N° 6 1/2 SIN POLVO/MAYO 2,6
699866-6454-AG26,AG/2204005003/PELICULAS/MAYO ,4
700-15-AG26,Orden de Compra generada por invitación a compra ágil: 700-4-COT26,6
701-282-SE24,LP Almacenaje de documentos físico (1098 cajas),12
701426-208-SE26,"ADQUISICIÓN DE ALIMENTOS PARA LA ATENCIÓN DE USUARIOS ASISTENTES A LA “CAPACITACIÓN EN LIDERAZGO Y RESOLUCIÓN DE CONFLICTOS”, ORGANIZADA POR EL PROGRAMA FOMENTO PRODUCTIVO.",6
701426-211-SE26,ADQUISICIÓN DE ALIMENTOS PROGRAMA PERSONAS EN SITUACIÓN DE CALLE,6
702988-270-AG26,Orden de Compra generada por invitación a compra ágil: 702988-121-COT26,6
702988-271-AG26,Orden de Compra generada por invitación a compra ágil: 702988-132-COT26,6
705290-1000-TD26,Orden de Compra generada por Trato Directo ID 705290-92-FTD26,4
705290-1001-TD26,Orden de Compra generada por Trato Directo ID 705290-101-FTD26,4
705290-1002-SE26,"COMPRA DE SERVICIOS DE CONTACTABILIDAD DE INTELIGENCIA ARTIFICIAL REMOTA BOTLAB, MES DE ABRIL 2026 (LIC 705290-8-LQ24, 2211003, SRL)",4
705290-1003-SE26,"PRESTACION DE SERVICIOS DE QUIMICOS FARMACEUTICOS PARA LA UNIDAD DE FARMACIA MES DE ABRIL 2026 ID 705290-45-LQ25(LC,EST,221299901602,SRL)	",4
705290-1004-TD26,Orden de Compra generada por Trato Directo ID 705290-272-FTD25,4
705290-1005-TD26,Orden de Compra generada por Trato Directo ID 705290-272-FTD25,4
705290-1013-SE26,"SERVICIO DE ARRIENDO IMPRESORA COSTO FIJO MAS COSTO VARIABLE, MES DE ABRIL 2026, LICITACION 705290-12-LR22 (LIC, INFORMATICA, 2209006. SRL)",6
705290-521-TD26,Orden de Compra generada por Trato Directo ID 705290-64-FTD26,12
705290-991-TD26,Orden de Compra generada por Trato Directo ID 705290-111-FTD26,4
705290-992-SE26,"PRESTACION DE SERVICIOS DE PARA LA UNIDAD DE PATOLOGIA MAMARIA, MES DE ABRIL 2026, LIC 705290-75-LQ24 (221299918-SRL)",4
705290-995-SE26,"PRESTACION DE SERVICIOS DE DIAGNOSTICOY ESTIMULACION COGNITIVA, ARANTZA FUENZALIDA,ABRIL 2026 LIC 705290-44-LE25 (22-12-999-002-SRL)",4
705290-996-SE26,"PRESTACION DE SERVICIOS DE DIAGNOSTICOY ESTIMULACION COGNITIVA ,CAROLINA ITURRIETA , ABRIL 2026 LIC 705290-44-LQ25 (22-12-999-002-SRL)",4
705290-997-SE26,"PRESTACION DE SERVICIOS MEDICOS, PARA HOSPITALIZACION DOMICILIARIA, MES DE ABRIL 2026, LIC 705290-24-LQ25 ( 2212999018-SRL)",4
705290-998-SE26,"PRESTACION DE SERVICIOS MEDICOS, PARA HOSPITALIZACION DOMICILIARIA, MES DE ABRIL 2026, LIC 705290-24-LQ25 ( 2212999018-SRL)",4
717503-131-AG26,CARPETAS ENCUENTRO NACIONAL DE ALCALDES LA SERENA 2026 / Orden de Compra generada por invitación a compra ágil: 717503-57-COT26,6
720-134-TD26,Orden de Compra generada por Trato Directo ID 720-20-FTD26,6
720-67-TD26,Orden de Compra generada por Trato Directo ID 720-117-FTD25,12
720-69-TD26,Orden de Compra generada por Trato Directo ID 720-100-FTD25,12
721-102-AG26,ATA Adq. de artículos de Aseo para Agencia Regional CAPREDENA Talcahuano vía compra ágil: 721-43-COT26,6
730103-3-AG26,Orden de Compra generada por invitación a compra ágil: 730103-1-COT26,6
734-129-AG26,Orden de Compra generada por invitación a compra ágil: 734-11-COT26,12
734-323-TD26,Orden de Compra generada por Trato Directo ID 734-166-FTD26,12
734-642-SE25,ORDEN DE COMPRA DESDE 734-26-LE25,12
741488-7-AG26,COMPRA MATERIALES COMPUTACIÓN TOP COYHAIQUE,5
742475-34-AG26,Orden de Compra generada por invitación a compra ágil: 742475-46-COT26,6
742475-35-AG26,Orden de Compra generada por invitación a compra ágil: 742475-48-COT26,4
744609-3-AG26,Orden de Compra generada por invitación a compra ágil: 744609-4-COT26,12
744835-275-AG26,ARTÍCULOS DIDÁCTICOS DE ESTIMULACIÓN FÍSICA COGNITIVA,5
744835-278-AG26,CABLES/ MICRÓFONOS/ ATRIL/ OTROS,4
745712-216-AG26,SC 462 2026 -PAC 549 - PATOLOGÍA - PORTAOBJETOS 45° PREMIUM- COMPRA ÁGIL,6
745712-220-TD26,Orden de Compra generada por Trato Directo ID 745712-26-FTD25,4
748891-24-AG26,Adquis.Art. de aseo y desinfección compra ágil: 748891-42-COT26,6
750998-192-TD25,Orden de Compra generada por Trato Directo ID 750998-25-FTD25,12
752589-6-SE24,ORDEN DE COMPRA DESDE 752589-1-LE24. Servicio Aseo Antofagasta,12
757-240-AG26,[GABMIN] SC N°1231 exp 37661 00019. Adquisición de 10 chaquetas softshell institucionales compra ágil: 757-174-COT26,6
757-241-AG26,"[DIPRECE] SC 1244 - EXP 29212 Adquisición de solución buffer de detección / chase buffer para test rápido de VIH, compra ágil: 757-162-COT26",4
757-937-SE24,[ADMIN] SC N°542 EXP. 016728/2023 COMODATO DISPENSADORES AGUA PURIFICA Y REPO DESDE 757-94-LE24,12
758004-60-AG26,"Orden de Compra generada por invitación a compra ágil: 758004-46-COT26 ""Planes satelitales de órbita baja""",6
758-337-SE25,S/C N° 19782 SERVICIO DE ASEO D.R. VALPARAISO ,12
758-372-SE26,SC 23943 PÓLIZA DE SEGURO CAMIONETA LOS RÍOS,4
758-738-SE24,SC 18534 MANTENCIÓN Y MEJORAS SIRENAS ARICA,12
758-780-SE24,SC 18996 PRÓRROGA CTTO ASEO SENAPRED LOS RÍOS,12
758-839-SE24,SC 19000 RENOVACIÓN CTTO ASEO COQUIMBO,12
758-865-SE24,SC 19072 MANTENCIÓN SIRENAS O´HIGGINS,12
766178-11-AG26,Orden de Compra generada por invitación a compra ágil: 766178-9-COT26,4
766178-12-AG26,Orden de Compra generada por invitación a compra ágil: 766178-7-COT26,4
768-145-SE26,INSUMOS PARA SSHH,12
768-468-SE25,SERVICIO DE AUDITORÍA EXTERNA,12
776-888-SE23,ACC-MANTENCIÓN PREVENTIVA DE SIETE GRUPOS ELECTRÓGENOS DESDE 776-13-LE23,12
777304-1458-SE26,Desde 777304-32-LE25 TUBOS ENDOTRAQUEALES,6
777304-1980-CM26,Orden de Compra: 777304-1980-CM26,6
777304-2000-AG26,Orden de Compra generada por invitación a compra ágil: 777304-1715-COT26,4
777304-2002-AG26,Orden de Compra generada por invitación a compra ágil: 777304-1737-COT26,4
777304-2003-AG26,Orden de Compra generada por invitación a compra ágil: 777304-1646-COT26,6
777304-2004-AG26,Orden de Compra generada por invitación a compra ágil: 777304-1726-COT26,4
777304-2007-AG26,Orden de Compra generada por invitación a compra ágil: 777304-1647-COT26,4
777304-2008-AG26,Orden de Compra generada por invitación a compra ágil: 777304-1668-COT26,4
777304-2010-AG26,Orden de Compra generada por invitación a compra ágil: 777304-1738-COT26,4
777304-2011-AG26,Orden de Compra generada por invitación a compra ágil: 777304-1749-COT26,4
777304-2012-AG26,Orden de Compra generada por invitación a compra ágil: 777304-1727-COT26,6
777304-2013-AG26,Orden de Compra generada por invitación a compra ágil: 777304-1753-COT26,4
777304-2015-AG26,Orden de Compra generada por invitación a compra ágil: 777304-1754-COT26,4
777304-2016-AG26,Orden de Compra generada por invitación a compra ágil: 777304-1729-COT26,6
777304-2045-AG26,Orden de Compra generada por invitación a compra ágil: 777304-1693-COT26,6
777304-2076-CM26,Orden de Compra: 777304-2076-CM26,6
777304-2079-CM26,Orden de Compra: 777304-2079-CM26,4
794947-51-AG26,"005-014//SA 65 GBS PAF ADQ. HORNO Y MICROONDAS, PICA   794947-53-COT26",6
794947-56-CM26,005-012//004//SA 73 ADQ. DE BEBIDAS CHAN,4
794947-60-CM26,005-012//SA 76 ADQ. DE LOMO VETADO CASINO AGULAS DEL NORTE ,4
794947-61-AG26,001-003-003//004//SA 70 SERV. DE OBRA VENDIDA PARA MANTTO. Y REPARACIÓN CASAS FISCALES_794947-58-COT26,4
794961-4-AG26,RAA EBS 91 Mantenimiento de 02 Acsensores 794961-6-COT26,12
796297-40-CM26,005 021 GBA 015/2026 ADQ. GAS LICUADO GRANEL PARA C.R. SAN JUAN Orden de Compra: 796297-40-CM26,6
799512-462-AG26,DAS COMPRA PARA PROGRAMA ARTICULOS PARA TALLERES ,6
799512-463-AG26,DAS COMPRA PARA EL PROGRAMA PRAPS MUEBLES VARIOS ,6
799512-487-AG26,DROGUERIA TIRAS Y LANCETAS: 799512-586-COT26,5
799512-498-AG26,DROGUERIA FARMACOS: 799512-599-COT26,6
800-2861-AG26,NGG_CONSUMO PABELLON_215012_800-3331-COT26,6
800-2961-AG26,DBV-190658.INTRODUCTOR ARTERIAL SUPER FLEX ARROW 6 FR X 24CM 800-3471-COT26/OCI 215165,6
800-2968-AG26,DBV-130600.DRENAJE ASPIRATIVO HEMOSUCC 12 FR 800-3480-COT26/OCI 215173,6
800-2972-AG26,DBV-130600.DRENAJE ASPIRATIVO HEMOSUCC 12 FR 800-3481-COT26/OCI 215178,6
800-2976-AG26,NGG_CONSUMO PABELLON_215184_800-3494-COT26,6
800-3000-AG26,VCC_110305 JERINGA 3 CC PUNTA LUER SLIP_800-3493-COT26_OCI 215243,4
800-3003-AG26,JSR_631659	PISTON SOFT CLIP TITANIUM 0.6 x 4.5MM: 800-3465-COT26 / OCI  215254  ,6
800-3006-TD26,Orden de Compra generada por Trato Directo ID 800-15-FTD25,4
800-3009-AG26,VCP REACTIVOS ANATOMIA PATOLOGICA Orden de Compra generada por invitación a compra ágil: 800-3290-COT26,6
800-3010-AG26,DBV-190772.SOBRE TUBO PARA ENTEROSCOPIA 800-3446-COT26/OCI 215266,4
800-3011-AG26,DBV-190772.SOBRE TUBO PARA ENTEROSCOPIA: 800-3447-COT26/OCI 215267,4
800-3013-AG26,VCP REACTIVOS EQUIPO ISED Orden de Compra generada por invitación a compra ágil: 800-2936-COT26,4
800-3017-AG26,MAV_ 91232 CATETER PICC LINE 6 FR 3 LUMEN GUIA 135 CMS /   800-3539-COT26 / 215274,4
809-39-AG26,Orden de Compra generada por invitación a compra ágil: 809-27-COT26,12
809-47-AG26,Orden de Compra generada por invitación a compra ágil: 809-28-COT26,6
810406-29-AG26,"Orden de Compra generada por invitación a compra ágil: 810406-33-COT26, FACULTAD DE CIENCIAS DE LA SALUD",12
810406-74-AG26,"Orden de Compra generada por invitación a compra ágil: 810406-72-COT26, ",12
810406-88-AG26,"Orden de Compra generada por invitación a compra ágil: 810406-99-COT26, FACULTAD DE CIENCIAS DE LA SALUD",4
812030-545-AG26,Orden de Compra generada por invitación a compra ágil: 812030-631-COT26,6
812030-553-AG26,Orden de Compra generada por invitación a compra ágil: 812030-620-COT26,6
812030-556-AG26,Orden de Compra generada por invitación a compra ágil: 812030-613-COT26,6
812030-558-AG26,Orden de Compra generada por invitación a compra ágil: 812030-611-COT26,6
812030-559-AG26,Orden de Compra generada por invitación a compra ágil: 812030-610-COT26,6
812030-560-AG26,Orden de Compra generada por invitación a compra ágil: 812030-609-COT26,6
812030-574-AG26,Orden de Compra generada por invitación a compra ágil: 812030-591-COT26,6
812261-754-SE26,DESDE 812261-123-LE23 SERVICIO ANTIVIRUS CORPORATIVO ABRIL 2026,6
812799-113-SE26,ORDEN DE COMPRA ID 812799-10-LP26,6
813-590-SE26,Servicio de Rehabilitación de Baños de Funcionarios y Manipuladores de Jardín Infantil; Orden de Comrpa desde 813-8-LE26,4
813-720-CM26,"ARRIENDO LAPTOP LENOVO THINKPAD L14 y MONITOR VIEWSONIC VS18522 24""",4
815-21-SE26,Suministro de pasajes aéreos nacionales para traslado de funcionarios(as) de la Dirección Regional Aduana de Puerto Montt para los tramos de Puerto Montt – Chaitén – Puerto Montt,6
835727-104-AG26," ADQUISICIÓN DE 15 EQUIPOS MOVILES LIBERADOS PARA CUALQUIER COMPAÑÍA, PARA LAS UNIDADES DE LA MUNICIPALIDAD DE GENERAL LAGOS, ID 835727-105-COT26",5
836578-56-SE26,T/D CAPACITACION U de CHILE,4
836-78-AG26,Orden de Compra generada por invitación a compra ágil: 836-45-COT26. Adquisición de materiales de aseo para la limpieza de los vehículos institucionales.,6
837-281-SE26,SC69 SERV.HIGIENE AMBIENTAL EDIF. SML ISABEL RIQUELME. ,6
838104-485-AG26,AG/COMPRA RESMAS DE IMPRESIÓN Orden de Compra generada por invitación a compra ágil: 838104-77-COT26,6
838108-181-CM26,COMPRA DE ABARROTES PARA LA CH CORACEROS,4
838108-182-CM26,"COMPRA DE CARNES, PESCADOS Y OTROS PARA LA CH CORACEROS",4
85-120-SE26,"PROGRAMA ALIMENTACIÓN 2026 ID 85-39-LR22 UT 902,904,905 (INTEGRA)",6
85-135-SE26,"PROGRAMA ALIMENTACIÓN 2026-2027 ID 85-53-LR23 UT 602, 603, 604, 801, 802, 803 (INTEGRA)",6
85-147-SE26,"PROGRAMA ALIMENTACIÓN 2026-2028 ID 85-43-LR24 UT 701, 702, 705, 1403 (INTEGRA)",6
85-270-SE25,OC COMPLEMENTARIA 2025 85-24-SE25 PAE 85-39-LR22,6
85-353-TD25,Orden de Compra generada por Trato Directo ID 85-31-FTD25,6
85-354-TD25,Orden de Compra generada por Trato Directo ID 85-32-FTD25,6
85-37-SE26,OC COMPLEMENTARIA PAE-PAP 85-39-LR22,6
85-48-TD26,Orden de Compra generada por Trato Directo ID 85-32-FTD25,6
85-50-TD26,Orden de Compra generada por Trato Directo ID 85-30-FTD25,6
856-136-SE26,GDP_ORDEN DE COMPRA DESDE 856-7-LP26_P01 CLASICOS_SC 59884,12
859378-252-SE26,Impresora – TIPE I Adm. Pública Campus Santiago UVA 24991,6
859378-256-SE26,"orden de compra tablet – TIPE I Auditoría Campus Santiago, UVA 24991",6
859378-259-SE26,Equipamiento computacional UVA 25991 - UVA 2495,6
859378-929-SE25,Monitores DAE. UVA 23991,12
867990-273-SE26,AUMENTO DE OBRA 18185-24-ACAC-PAVIMENTACIÓN Y ACCE,6
870-166-AG26,Orden de Compra generada por invitación a compra ágil: 870-52-COT26,6
870-167-AG26,Orden de Compra generada por invitación a compra ágil: 870-53-COT26,4
870-168-AG26,Orden de Compra generada por invitación a compra ágil: 870-44-COT26,4
872535-147-AG26,Orden de Compra generada por invitación a compra ágil: 872535-147-COT26,6
873233-121-SE26,ADQUISICIÓN DE PRESTACIÓN DE SALUD.,12
873233-148-AG26,"Compra Ágil: 873233-54-COT26, correspondiente a adquisición de Prestación de Salud.",12
873233-152-CC26,ADQUISICIÓN ARRIENDO FOTOCOPIADORA.,12
875646-1197-AG26,VQA CABLE ECG a compra ágil: 875646-740-COT26,12
875646-1476-AG26,VVH.COMPRA DE CAJAS ASIGNADO A  875646-885-COT26,12
875646-1495-AG26,Cortinas Roller a compra ágil: 875646-907-COT26,12
875646-1528-AG26,VQA timbre a compra ágil: 875646-918-COT26,6
875646-1540-AG26,CABLE CONEXION ASIGNADO A  875646-910-COT26,12
875646-1568-SE26,"(GGD) COMPRA VISIPAQUE 320 MG, LICITACION  875646-57-LQ24",12
875646-1572-SE26,(GGD) FARMAPED MAYO 2026 . LIC 875646-33-LE24,12
875646-1598-AG26,"(GGD) FARMAPED MAYO 2026,  a compra ágil: 875646-965-COT26",12
875646-1601-AG26,"(GGD)FARMAPED MAYO 2026, a compra ágil: 875646-966-COT26",12
875646-1604-AG26,"(GGD)FARMAPED MAYO 2026, por invitación a compra ágil: 875646-970-COT26",12
875646-1605-AG26,YOL FARMAPED MAYO 2026 compra ágil: 875646-971-COT26,12
875646-1635-AG26,VQA zapato seguridad a compra ágil: 875646-983-COT26,6
875646-1678-SE26,CVA INSUPED MAYO 2026 875646-44-LR25,6
875646-1700-SE26,EAA. ORDEN ABRIL 2026 875646-46-LQ25,4
875646-1709-SE26,ELLIOT INSUPED MES MAYO 2026. LIC 875646-17-LQ24,6
875646-1712-SE26,ELLIOT INSUPED MES MAYO 2026. LIC 875646-21-LQ24,6
875646-1721-CM26,YOL INSUPED MAYO 2026 Orden de Compra: 875646-1721-CM26,5
875646-1723-CM26,YOL INSUPED MAYO 2026 Orden de Compra: 875646-1723-CM26,4
875646-1724-SE26,CKB LABORATORIO MAYO 2026 875646-38-LQ24,4
882826-47-SE26,Mantención Camioneta Patente YS-7324,6
883-80-AG26,ADQ. DE ARTICULOS DE OFICINA PARA SDTP ,4
886182-163-AG26,Servicio eléctrico Edificio Errazuriz 532 y Edificio Campus Patagonia ubicado en Km. 4 Camino a Coyhaique Alto_FISABS 1639_compra ágil: 886182-96-COT26,6
886182-287-SE25,SERVICIO DE TELEVIGILANCIA Y ALARMAS DISUASIVAS PARA DEPENDENCIA CASA ORQUESTA_Licitación Privada 886182-13-CO25,12
886182-288-SE25,SERVICIO DE TELEVIGILANCIA Y ALARMAS DISUASIVAS PARA DEPENDENCIA CAMPUS ERRAZURIZ_Licitación Privada 886182-13-CO25,12
886954-2489-SE26,URETERORENOSCOPIOS	,12
886954-2533-SE26,224-395-00//JERINGA 60 ML LUER SLIP PTA AGUJA DESE,12
886954-2699-SE26,STENT AUTOEXPANDIBLE NITINOL CELDA CERRADA CORTADO,12
886954-2719-SE26,consignación desde 886954-5-LP26 paciente MMT ,12
886954-2847-CM26,Bolsas y placas colostomía 70 MM,4
886954-2885-SE26,CIRUGIA PACIENTE C.Z.R,12
886954-2886-SE26,CIRUGIA PACIENTE E.C.A,12
886954-2887-SE26,CIRUGIA PACIENTE E.C.A CANULAS,12
886954-2896-SE26,STENT CON DROGA (AR) RECUBRIMIENTO SIROLIMUS POLIM,12
886954-2930-SE26,DESFIBRILADOR BICAMERAL,6
886954-2934-SE26,suturas,4
886954-677-SE26,sutura,6
886954-719-SE26,Lentes Intraoculares Monolimpieza,12
889473-1843-SE24,SC 2026 CDP 4282 MANTENCIÓN PREVENTIVA SISTEMA DE CLIMATIZA,12
889473-2588-AG25,SC 6433 - CDP 6131 - Capacitación en Diseño Instruccional,12
889473-484-AG26, SC 7457 - Reactivos - CDP 2324,12
889473-612-AG26,SC 7669 - CDP 3896 - Servicio de limpieza profunda de pisos y butacas - Campus Rancagua y Colchagua,12
889473-627-AG26,SC 7375 - CDP 2723 - Purificadores de aire Impresora 3D,12
889473-642-AG26,"SC 7497 - CDP 2872 -  EPP de soldadura, seguridad respiratoria y herramientas de taller",12
889473-655-AG26,SC 7646 - CDP 3839 - Laptop de alto rendimiento (Arquitectura ARM / 16GB RAM),12
889473-674-CM26,sc 7727 - CDP 4068 -  gas granel,12
889473-709-TD26,Orden de Compra generada por Trato Directo ID 889473-56-FTD26,6
889473-715-AG26,SC 7525 - CDP 3763 - materiales de artes y manualidades,6
889473-726-AG26, SC 7782 - Artículos de Oficina - CDP 4269,6
889473-730-AG26,SC 7774 - CDP 4309 - Amplificación técnica para eventos artístico,6
889473-734-AG26,SC 7713 - CDP 4440 - Merchandising Institucional: 1500 libretas de notas y 1500 carpetas corporativas,4
889473-735-AG26,SC 7781 - CDP 4306 - Equipos Computacionales,4
891-12-AG26,Mantención y reparación de vehículo fiscal SLDT-82,4
894776-34-SE26,DOF - SERVICIO DE RADIO TAXI MARZO 2026,12
895072-58-AG26, Servicio de cafetería jornada provincial Atacama,4
900-430-SE26,Hogar protegido El Olivo abril,12
900-533-AG26,"HDS - COMPRA DE GALLETAS, VASOS Y CUCHARAS, UNIDAD DE CAPACITACION",4
900-540-SE26,"HDS - TRASLADO DE FUNCIONARIOS DE UPFT, ABRIL 2026",6
900-542-AG26,"HDS - JABON LIQUIDO, POLICLINICO",4
900-543-AG26,"HDS - UNIFORMES CLINICOS, ASERTIVO COMUNITARIO",4
900-544-CM26,Compra de carnes y congelados miércoles 20 de mayo,4
900-546-AG26,Compra de Lurasidona 40 y 60 mg,4
903031-16-AG26,Adquisición pasajes Claudia Prado Iquique 15 y 19 abril,12
903031-19-SE26,“SERVICIO DE SEGUIMIENTO ESPECIALIZADO A COMPONENTES DEL PROGRAMA SOCIAL SITIOS DE PATRIMONIO MUNDIAL Y ACTIVIDADES RELACIONADAS”,6
906-144-AG26,9001 JFA – Amarra cables plásticos (Programa Lobesia),9
906-147-AG26,RENARE 9001 ACC Difusión Radial ,6
907-64-AG26,MGF ADQ SS MANTENCIÓN E INSTALACIÓN AIRES ACONDICIONADO compra ágil: 907-35-COT26,6
915-48-AG26,EPP a compra ágil: 915-15-COT26,6
920802-59-SE26,(CONE) SERVICIO DE ASEO,6
928-299-SE25,ORDEN DE COMPRA DESDE 928-29-LR25,12
932-31-SE26,ORDEN DE COMPRA DESDE 932-2-LP26,6
935-183-SE26,CONTRATACION TRABAJOS OFICINA SEGUNDO PISO PISCINA,6
935934-41-SE26,REPARACION Y RECUPERACION DEL PABELLON N. 2 DE ALOJAMIENTO PARA SUBOFIACIALES SOLTEROS CASINO GUARNICIONAL HUAYQUIQUE FASE 1,12
94-64-CM26,Orden de Compra: 94-64-CM26,9
94-65-CM26,Orden de Compra: 94-65-CM26,6
948356-1098-SE26,	948356-60-LR24,12
948356-1112-SE26,948356-60-LR24,12
948356-1192-SE26,948356-60-LR24,12
948356-1433-SE26,948356-62-LR24,12
948356-1438-SE26,948356-150-LQ23,12
948356-1458-SE26,PEDIDO NUTRICIÓN,12
948356-1459-SE26,PEDIDO NUTRICIÓN,12
948356-1479-SE26,PEDIDO NUTRICIÓN,12
948356-1481-SE26,PEDIDO NUTRICIÓN,12
948356-1507-SE26,948356-133-LR23,12
948356-1509-SE26,948356-133-LR23,12
948356-1517-SE26,	948356-150-LQ23,12
948356-1696-SE26,PEDIDO ANATOMIA PATOLÓGICA,6
948356-1699-SE26,PEDIDO ANATOMIA PATOLÓGICA,6
948356-494-AG26,Orden de Compra generada por invitación a compra ágil: 948356-30-COT26,12
948806-1783-SE26,"INSUMOS EN CONSIGNACIÓN, FIC 1286",6
948806-1789-SE26,"INSUMOS EN CONSIGNACIÓN, FIC 1292",6
948806-1790-SE26,"INSUMOS EN CONSIGNACIÓN, FIC 1293",6
948806-1792-SE26,"INSUMOS EN CONSIGNACIÓN, FIC 1294",6
956-304-AG26,"Cotización 956-191-COT26, Aps, O/C Int: 113",4
957865-178-AG26,"CDP N°237 Servicio de baños químicos para Diligencia en Cerro Chena, desde 01/06/26 hasta 05/06/26",6
960858-13-SE26,Colaciones para delegación de futsal que participa en encuentro en la ciudad de Temuco y delegación de voleibol que participa  en  encuentro en Galvarino,6
966131-30-SE22,Traslado LMT Manuel Ojeda Etapa 1,6
966865-17-AG26,"REQ. 22636. Solicitud N° 122. Compra de porta hojas murales tipo bolsillo para registro, control y supervision de rutinas de limpieza, area SSGG. CC 6-01-002. Publicación CA 966865-16-COT26",4
968521-135-SE26,TROCAR 25X5 PUNTA QUINQUE,9
969221-4-AG26,LIMPIEZA Y MANTENCIÓN DE CANALETAS PARA LAS ESCUELAS BENJAMÍN FRANKLIN Y EL AMANECER,4
971364-14-SE26,SERVICIO MANTENCION CEMENTERIOS HORAS EXTRAS MES MARZO 2026,4
972817-2-CM26,Orden de Compra: 972817-2-CM26,12
976-85-SE26,OC DESDE LIC. 976-5-L126 / ADQUISICIÓN SOFTWARE DJI TERRA,6
979-620-AG26,Servicio de limpieza de fosas. SC-2026476,6
979-621-AG26,Mantenimiento preventivo anual del generador eléctrico de la Plaza de Peaje Cristo  Redentor. SC-2026477,6
